Date,Open,High,Low,Close,Volume,Log_Return,Volatility,Asset,News_Sentiment,News_Volume,Social_Sentiment,Social_Volume,Attention_Index,Sentiment_Disagreement,Market_FearGreed,FinBERT_Polarity,Active_Addresses,Tx_Count,Transfer_Volume_USD,Hash_Rate,Network_Cap_USD
2020-01-15,8825.34375,8890.1171875,8657.1875,8807.0107421875,40102834650,-0.0023537488141357,0.033363229605448,BTC-USD,0.0,0,0.0,0,0.0,0.0,0.08,0.0,759192,328833,,,160039732750.46997
2020-01-16,8812.4814453125,8846.4609375,8612.095703125,8723.7861328125,31313981931,-0.0094947463248592,0.0316413592457019,BTC-USD,0.0,0,0.0,0,0.0,0.0,0.1,0.0,739283,326587,,,158372266764.6234
2020-01-17,8725.2099609375,8958.1220703125,8677.31640625,8929.0380859375,36372139320,0.0232553387156401,0.0301810239628028,BTC-USD,0.0,0,0.0,0,0.0,0.0,0.08,0.0,756728,323884,,,161911295166.55798
2020-01-18,8927.2119140625,9012.1982421875,8827.33203125,8942.80859375,32337772627,0.0015410282758632,0.0303395870397878,BTC-USD,0.0,0,0.0,0,0.0,0.0,0.02,0.0,649187,290970,,,162210132689.5925
2020-01-19,8941.4453125,9164.3623046875,8620.080078125,8706.2451171875,34217320471,-0.026809102516198,0.0320523140809652,BTC-USD,0.0,0,0.0,0,0.0,0.0,0.06,0.0,622774,282105,,,157851016737.10883
2020-01-20,8704.6318359375,8745.5908203125,8560.4736328125,8657.642578125,26422375678,-0.0055981318060998,0.0306061633774271,BTC-USD,0.0,0,0.0,0,0.0,0.0,-0.04,0.0,741539,312967,,,156938999926.55887
2020-01-21,8658.9912109375,8755.7060546875,8544.5205078125,8745.89453125,24097418512,0.0101419279340569,0.0281833561239442,BTC-USD,0.0,0,0.0,0,0.0,0.0,-0.02,0.0,756250,311835,,,158674938268.75873
2020-01-22,8744.2109375,8792.994140625,8636.7470703125,8680.8759765625,22600204051,-0.007461951294768,0.0280745396360821,BTC-USD,0.0,0,0.0,0,0.0,0.0,0.04,0.0,771727,326380,,,157183956412.81653
2020-01-23,8680.650390625,8687.7470703125,8333.6376953125,8406.515625,25770680779,-0.0321153677231954,0.0287057403395723,BTC-USD,0.0,0,0.0,0,0.0,0.0,-0.02,0.0,789764,337280,,,152083761530.03436
2020-01-24,8405.5673828125,8514.6669921875,8266.8408203125,8445.4345703125,24397913026,0.0046189330082945,0.0272716556211539,BTC-USD,0.0,0,0.0,0,0.0,0.0,-0.1999999999999999,0.0,720051,311823,,,153136024721.92358
2020-01-25,8440.119140625,8458.453125,8296.21875,8367.84765625,19647331549,-0.0092293061824084,0.0269828168514402,BTC-USD,0.0,0,0.0,0,0.0,0.0,-0.18,0.0,665971,283292,,,151723896967.7877
2020-01-26,8364.41015625,8602.4013671875,8325.498046875,8596.830078125,22177678796,0.0269968381027708,0.0274271196650041,BTC-USD,0.0,0,0.0,0,0.0,0.0,-0.16,0.0,544915,256739,,,155904701538.4813
2020-01-27,8597.30859375,8977.7265625,8597.30859375,8909.8193359375,28647338393,0.0357604249823632,0.0285713693482063,BTC-USD,0.0,0,0.0,0,0.0,0.0,0.0,0.0,726725,285400,,,161884843101.65765
2020-01-28,8912.5244140625,9358.58984375,8908.447265625,9358.58984375,34398744403,0.049140656693548,0.0229787258479064,BTC-USD,0.0,0,0.0,0,0.0,0.0,0.08,0.0,812560,339784,,,169092343462.29312
2020-01-29,9357.470703125,9406.431640625,9269.4677734375,9316.6298828125,30682598115,-0.0044936586728142,0.0230325195653151,BTC-USD,0.0,0,0.0,0,0.0,0.0,0.1399999999999999,0.0,767507,340075,,,169375757160.80072
2020-01-30,9316.0166015625,9553.1259765625,9230.8974609375,9508.9931640625,32378792851,0.0204370369180801,0.0230708831518311,BTC-USD,0.0,0,0.0,0,0.0,0.0,0.1399999999999999,0.0,765495,332584,,,172977064840.9766
2020-01-31,9508.3134765625,9521.7060546875,9230.7763671875,9350.529296875,29432489719,-0.0168050486759412,0.0232703981362236,BTC-USD,0.0,0,0.0,0,0.0,0.0,0.1,0.0,762130,329369,,,170235489635.29547
2020-02-01,9346.357421875,9439.3232421875,9313.2392578125,9392.875,25922656496,0.0045184721516439,0.0232667446014948,BTC-USD,0.0,0,0.0,0,0.0,0.0,0.1399999999999999,0.0,743933,304884,,,170700764231.1812
2020-02-02,9389.8203125,9468.7978515625,9217.82421875,9344.365234375,30835736946,-0.0051779102365253,0.0217686547973293,BTC-USD,0.0,0,0.0,0,0.0,0.0,0.1399999999999999,0.0,706042,292383,,,169944201721.52515
2020-02-03,9344.68359375,9540.3720703125,9248.6337890625,9293.521484375,30934096509,-0.0054559700777158,0.021763337018208,BTC-USD,0.0,0,0.0,0,0.0,0.0,0.1799999999999999,0.0,879860,336226,,,168877320922.92273
2020-02-04,9292.841796875,9331.265625,9112.8115234375,9180.962890625,29893183716,-0.0121854536490776,0.0221766343786887,BTC-USD,0.0,0,0.0,0,0.0,0.0,0.1200000000000001,0.0,764885,307816,,,166741659168.92722
2020-02-05,9183.416015625,9701.2998046875,9163.7041015625,9613.423828125,35222060874,0.0460283479927525,0.0246217859229877,BTC-USD,0.0,0,0.0,0,0.0,0.0,0.06,0.0,823713,363153,,,175251271661.8097
2020-02-06,9617.8212890625,9824.619140625,9539.818359375,9729.8017578125,37628823716,0.0120330844939429,0.0218590813042992,BTC-USD,0.0,0,0.0,0,0.0,0.0,0.2199999999999999,0.0,765225,321928,,,177290742754.4812
2020-02-07,9726.0029296875,9834.716796875,9726.0029296875,9795.943359375,34522718159,0.006774835392772,0.0218224674846889,BTC-USD,0.0,0,0.0,0,0.0,0.0,0.1200000000000001,0.0,865396,333319,,,178418176338.2741
2020-02-08,9793.0703125,9876.7490234375,9678.91015625,9865.119140625,35172043762,0.00703685944746,0.0211070358877998,BTC-USD,0.0,0,0.0,0,0.0,0.0,0.1200000000000001,0.0,709380,315526,,,180456453565.47943
2020-02-09,9863.89453125,10129.435546875,9850.392578125,10116.673828125,35807884663,0.0251797202192501,0.0210114879980031,BTC-USD,0.0,0,0.0,0,0.0,0.0,0.1200000000000001,0.0,695691,318974,,,184841757420.968
2020-02-10,10115.5595703125,10165.765625,9784.5634765625,9856.611328125,39386548075,-0.0260425058699563,0.0220194550035376,BTC-USD,0.0,0,0.0,0,0.0,0.0,0.1399999999999999,0.0,703356,295461,,,179781557317.70132
2020-02-11,9855.8916015625,10210.052734375,9729.3349609375,10208.236328125,37648059389,0.0350524467462707,0.0202029617399764,BTC-USD,0.0,0,0.0,0,0.0,0.0,0.04,0.0,885934,361869,,,187082260809.49307
2020-02-12,10202.3876953125,10393.611328125,10202.3876953125,10326.0546875,43444303830,0.011475404940052,0.0200021294953495,BTC-USD,0.0,0,0.0,0,0.0,0.0,0.2199999999999999,0.0,822547,350973,,,188701754427.22528
2020-02-13,10323.9609375,10457.626953125,10116.1611328125,10214.3798828125,49356071373,-0.0108737626421834,0.0201757260844535,BTC-USD,0.0,0,0.0,0,0.0,0.0,0.3,0.0,815808,336765,,,186449612688.87488
2020-02-14,10211.55078125,10321.99609375,10125.5341796875,10312.1162109375,43338264162,0.0095230151606993,0.0191781180630283,BTC-USD,0.0,0,0.0,0,0.0,0.0,0.26,0.0,741471,329123,,,188764467553.96008
2020-02-15,10313.8564453125,10341.5556640625,9874.427734375,9889.4248046875,43865054831,-0.0418535503992422,0.0232173101420707,BTC-USD,0.0,0,0.0,0,0.0,0.0,0.28,0.0,736640,316931,,,180586089679.5512
2020-02-16,9889.1796875,10053.96875,9722.38671875,9934.43359375,43374780305,0.0045408785208573,0.0230769693492949,BTC-USD,0.0,0,0.0,0,0.0,0.0,0.1799999999999999,0.0,655188,299527,,,181338404100.2772
2020-02-17,9936.560546875,9938.8154296875,9507.6376953125,9690.142578125,45998298413,-0.0248977234415801,0.0242682193422724,BTC-USD,0.0,0,0.0,0,0.0,0.0,-0.02,0.0,773751,337935,,,176456501278.73737
2020-02-18,9691.23046875,10161.935546875,9632.3828125,10141.99609375,47271023953,0.0455756924777511,0.0263143784049543,BTC-USD,0.0,0,0.0,0,0.0,0.0,0.06,0.0,783570,327054,,,185809970500.2769
2020-02-19,10143.798828125,10191.67578125,9611.2236328125,9633.38671875,46992019710,-0.0514499840432895,0.028062978524357,BTC-USD,0.0,0,0.0,0,0.0,0.0,0.0,0.0,792783,340104,,,175633653604.36676
2020-02-20,9629.3251953125,9643.216796875,9507.900390625,9608.4755859375,44925260237,-0.0025892656683303,0.0278579777108731,BTC-USD,0.0,0,0.0,0,0.0,0.0,-0.12,0.0,766448,311982,,,175248312859.8305
2020-02-21,9611.7822265625,9723.0146484375,9589.7431640625,9686.44140625,40930547513,0.0080815320097119,0.027887829062095,BTC-USD,0.0,0,0.0,0,0.0,0.0,-0.12,0.0,768521,341390,,,176866847060.14252
2020-02-22,9687.70703125,9698.2314453125,9600.728515625,9663.181640625,35838025154,-0.0024041581349733,0.0277976726068785,BTC-USD,0.0,0,0.0,0,0.0,0.0,-0.14,0.0,660812,300166,,,176400759691.95303
2020-02-23,9663.318359375,9937.404296875,9657.791015625,9924.515625,41185185761,0.026685065475791,0.0279113956381251,BTC-USD,0.0,0,0.0,0,0.0,0.0,-0.0799999999999999,0.0,622397,289114,,,181844233521.0456
2020-02-24,9921.5830078125,9951.74609375,9537.04296875,9650.1748046875,45080496648,-0.0280319921936569,0.0280513890023205,BTC-USD,0.0,0,0.0,0,0.0,0.0,-0.0799999999999999,0.0,758122,328045,,,175938223869.06973
2020-02-25,9651.3125,9652.7373046875,9305.021484375,9341.705078125,42515259129,-0.0324872375384524,0.0270699070987688,BTC-USD,0.0,0,0.0,0,0.0,0.0,-0.12,0.0,743278,339313,,,170416481768.15714
2020-02-26,9338.2900390625,9354.7783203125,8704.4267578125,8820.5224609375,50420050762,-0.0574076879254873,0.0297143696389134,BTC-USD,0.0,0,0.0,0,0.0,0.0,-0.18,0.0,778003,328537,,,160484737731.94965
2020-02-27,8825.09375,8932.892578125,8577.19921875,8784.494140625,45470195695,-0.0040929663884492,0.0297762846424194,BTC-USD,0.0,0,0.0,0,0.0,0.0,-0.2199999999999999,0.0,777389,338194,,,160138648318.09406
2020-02-28,8788.728515625,8890.4560546875,8492.9326171875,8672.455078125,44605450443,-0.0128362177683372,0.0291980177441798,BTC-USD,0.0,0,0.0,0,0.0,0.0,-0.1999999999999999,0.0,778213,361653,,,159637227806.11615
2020-02-29,8671.212890625,8775.6318359375,8599.5087890625,8599.5087890625,35792392544,-0.0084468359641712,0.0279410816797134,BTC-USD,0.0,0,0.0,0,0.0,0.0,-0.24,0.0,679597,309086,,,156578133370.52316
2020-03-01,8599.7587890625,8726.796875,8471.212890625,8562.4541015625,35349164300,-0.0043182409048036,0.0276860065050418,BTC-USD,0.0,0,0.0,0,0.0,0.0,-0.2199999999999999,0.0,674209,312717,,,155861469107.4843
2020-03-02,8563.2646484375,8921.30859375,8532.630859375,8869.669921875,42857674409,0.0352507395901518,0.0298792871868366,BTC-USD,0.0,0,0.0,0,0.0,0.0,-0.24,0.0,829550,341655,,,162527997441.39096
2020-03-03,8865.3876953125,8901.5986328125,8704.990234375,8787.7861328125,42386715821,-0.0092747648117554,0.0258795572483869,BTC-USD,0.0,0,0.0,0,0.0,0.0,-0.24,0.0,840712,346828,,,160037302982.88947
2020-03-04,8788.5419921875,8843.3662109375,8712.431640625,8755.24609375,34746706368,-0.0037097436703969,0.0230185487803071,BTC-USD,0.0,0,0.0,0,0.0,0.0,-0.1999999999999999,0.0,857423,350503,,,159828523652.16946
2020-03-05,8760.28515625,9142.0546875,8757.25390625,9078.7626953125,39698054597,0.0362848420114212,0.0257515459456597,BTC-USD,0.0,0,0.0,0,0.0,0.0,-0.18,0.0,793221,350421,,,165436849061.72723
2020-03-06,9078.30859375,9167.6953125,9032.0791015625,9122.5458984375,40826885651,0.0048110043680747,0.025647646862112,BTC-USD,0.0,0,0.0,0,0.0,0.0,-0.2199999999999999,0.0,804945,338758,,,166996546604.07248
2020-03-07,9121.6005859375,9163.220703125,8890.744140625,8909.9541015625,36216930370,-0.0235798305303493,0.026147779250599,BTC-USD,0.0,0,0.0,0,0.0,0.0,-0.24,0.0,682432,313782,,,162472116275.45233
2020-03-08,8908.2060546875,8914.34375,8105.2529296875,8108.1162109375,39973102121,-0.0943035287692273,0.0335364171919259,BTC-USD,0.0,0,0.0,0,0.0,0.0,-0.3399999999999999,0.0,654911,304534,,,148087581459.68747
2020-03-09,8111.146484375,8177.79345703125,7690.09814453125,7923.64453125,46936995808,-0.0230142932918443,0.0334065308185341,BTC-USD,0.0,0,0.0,0,0.0,0.0,-0.6599999999999999,0.0,809850,347351,,,144208663316.8568
2020-03-10,7922.14697265625,8136.9453125,7814.76318359375,7909.7294921875,42213940994,-0.001757685080185,0.0331123210698854,BTC-USD,0.0,0,0.0,0,0.0,0.0,-0.6799999999999999,0.0,807778,329508,,,144469037207.9867
2020-03-11,7910.08984375,7950.814453125,7642.8125,7911.43017578125,38682762605,0.0002149884883273,0.0304965363530999,BTC-USD,0.0,0,0.0,0,0.0,0.0,-0.6599999999999999,0.0,728889,290284,,,145018062262.11853
2020-03-12,7913.6162109375,7929.1162109375,4860.35400390625,4970.7880859375,53980357243,-0.4647301753397729,0.1258001735638608,BTC-USD,0.0,0,0.0,0,0.0,0.0,-0.72,0.0,909601,346057,,,90594963612.14102
2020-03-13,5017.8310546875,5838.11474609375,4106.98095703125,5563.70703125,74156772075,0.1126862221975449,0.1322446486507425,BTC-USD,0.0,0,0.0,0,0.0,0.0,-0.8,0.0,786409,279662,,,102813464913.33212
2020-03-14,5573.07763671875,5625.2265625,5125.0693359375,5200.3662109375,36154506008,-0.0675355700465718,0.132388055016683,BTC-USD,0.0,0,0.0,0,0.0,0.0,-0.84,0.0,772769,276029,,,94006442635.74615
2020-03-15,5201.06689453125,5836.64501953125,5169.283203125,5392.31494140625,33997889639,0.0362457326308444,0.1335716487670834,BTC-USD,0.0,0,0.0,0,0.0,0.0,-0.76,0.0,629326,224876,,,97914100475.66948
2020-03-16,5385.2294921875,5385.2294921875,4575.35791015625,5014.47998046875,45368026430,-0.0726450577091189,0.1324368323799825,BTC-USD,0.0,0,0.0,0,0.0,0.0,-0.8200000000000001,0.0,725120,269587,,,91605131343.43858
2020-03-17,5002.578125,5371.3486328125,4981.9091796875,5225.62939453125,38622642935,0.0412455256701917,0.1340386199750732,BTC-USD,0.0,0,0.0,0,0.0,0.0,-0.84,0.0,765477,279277,,,98992911188.38045
2020-03-18,5227.11376953125,5331.833984375,5069.3359375,5238.4384765625,37878801016,0.0024482043860695,0.1341667604678467,BTC-USD,0.0,0,0.0,0,0.0,0.0,-0.78,0.0,633373,233212,,,98556166961.53716
2020-03-19,5245.41650390625,6329.73583984375,5236.96875,6191.19287109375,51000731797,0.1671043242496126,0.143846386147198,BTC-USD,0.0,0,0.0,0,0.0,0.0,-0.76,0.0,709786,265543,,,113387926283.63892
2020-03-20,6191.65380859375,6844.26171875,5865.78173828125,6198.7783203125,54442976103,0.0012244500086869,0.1437878974043925,BTC-USD,0.0,0,0.0,0,0.0,0.0,-0.8200000000000001,0.0,734614,282852,,,112858928752.33304
2020-03-21,6206.521484375,6378.13525390625,5932.8232421875,6185.06640625,42494390880,-0.0022144850761294,0.1439471376425906,BTC-USD,0.0,0,0.0,0,0.0,0.0,-0.8200000000000001,0.0,637554,238359,,,112899238722.37125
2020-03-22,6185.55810546875,6359.697265625,5823.7138671875,5830.2548828125,40099664740,-0.0590770238625289,0.1429672880950163,BTC-USD,0.0,0,0.0,0,0.0,0.0,-0.78,0.0,579901,215499,,,106596676162.61998
2020-03-23,5831.37451171875,6443.9345703125,5785.00439453125,6416.31494140625,46491916000,0.0957832376514626,0.1464842454157792,BTC-USD,0.0,0,0.0,0,0.0,0.0,-0.8,0.0,667486,256978,,,118596229879.9552
2020-03-24,6436.642578125,6789.02294921875,6411.06640625,6734.8037109375,48221910672,0.0484447085736408,0.147446553639663,BTC-USD,0.0,0,0.0,0,0.0,0.0,-0.76,0.0,736233,280363,,,123885010000.73076
2020-03-25,6738.716796875,6892.51123046875,6536.92626953125,6681.06298828125,44590107888,-0.0080115599397208,0.1474127235555316,BTC-USD,0.0,0,0.0,0,0.0,0.0,-0.74,0.0,587460,219772,,,122336819602.86874
2020-03-26,6675.1708984375,6735.4638671875,6590.962890625,6716.4404296875,35319797642,0.005281211361417,0.0691267474565852,BTC-USD,0.0,0,0.0,0,0.0,0.0,-0.72,0.0,889704,286521,,,123529655865.11256
2020-03-27,6719.38916015625,6793.83642578125,6466.70166015625,6469.79833984375,34585598367,-0.0374133766993111,0.0654374300201455,BTC-USD,0.0,0,0.0,0,0.0,0.0,-0.76,0.0,807651,273175,,,118720168235.13582
2020-03-28,6467.25390625,6467.5009765625,6117.837890625,6242.19384765625,34885225901,-0.0358132407907901,0.0630217585121196,BTC-USD,0.0,0,0.0,0,0.0,0.0,-0.84,0.0,627230,241957,,,113993881635.10356
2020-03-29,6245.62451171875,6250.46728515625,5920.0859375,5922.04296875,28373690931,-0.052650213305665,0.0649528958412821,BTC-USD,0.0,0,0.0,0,0.0,0.0,-0.76,0.0,591287,234751,,,108024157456.33168
2020-03-30,5925.53857421875,6517.19580078125,5903.234375,6429.841796875,37101651525,0.0822684486027862,0.0635781064081208,BTC-USD,0.0,0,0.0,0,0.0,0.0,-0.8,0.0,770915,278279,,,117769335877.16364
2020-03-31,6430.6064453125,6504.51513671875,6374.162109375,6438.64453125,32786468812,0.0013681074096151,0.0633377443427141,BTC-USD,0.0,0,0.0,0,0.0,0.0,-0.76,0.0,816889,288338,,,117699377550.73596
2020-04-01,6437.3193359375,6612.57373046875,6202.37353515625,6606.7763671875,40346426266,0.0257778031656759,0.0632915325523801,BTC-USD,0.0,0,0.0,0,0.0,0.0,-0.76,0.0,824108,285331,,,121567948718.78664
2020-04-02,6606.7763671875,7088.24755859375,6595.91845703125,6793.62451171875,47660646124,0.0278887559659614,0.0465424940833756,BTC-USD,0.0,0,0.0,0,0.0,0.0,-0.72,0.0,798186,300020,,,124319187619.56122
2020-04-03,6797.396484375,7003.220703125,6673.3359375,6733.38720703125,38976504903,-0.0089062838293482,0.0467114937408745,BTC-USD,0.0,0,0.0,0,0.0,0.0,-0.72,0.0,750332,276158,,,123582890115.26344
2020-04-04,6738.3828125,6878.95361328125,6696.48486328125,6867.52734375,33185988584,0.0197258038443878,0.0467859743749071,BTC-USD,0.0,0,0.0,0,0.0,0.0,-0.76,0.0,657862,255653,,,125574707299.76088
2020-04-05,6862.53759765625,6883.4140625,6715.92919921875,6791.12939453125,29510409856,-0.0111868608197057,0.0431555488658622,BTC-USD,0.0,0,0.0,0,0.0,0.0,-0.76,0.0,596364,237774,,,124323256506.53989
2020-04-06,6788.0498046875,7271.78125,6782.8896484375,7271.78125,46896904615,0.0683840155136498,0.0394741136241268,BTC-USD,0.0,0,0.0,0,0.0,0.0,-0.76,0.0,780832,282652,,,133623484237.36052
2020-04-07,7273.64404296875,7427.939453125,7136.71435546875,7176.41455078125,44243482668,-0.0132013831407586,0.0381442836552224,BTC-USD,0.0,0,0.0,0,0.0,0.0,-0.6,0.0,938358,310534,,,131613942980.88837
2020-04-08,7179.283203125,7356.2236328125,7153.3056640625,7334.0986328125,37563249549,0.0217346261162095,0.0382199516042733,BTC-USD,0.0,0,0.0,0,0.0,0.0,-0.5800000000000001,0.0,760207,283150,,,135007499015.4844
2020-04-09,7337.96630859375,7341.4482421875,7179.09423828125,7302.08935546875,34815139178,-0.0043739979839617,0.0383337112029244,BTC-USD,0.0,0,0.0,0,0.0,0.0,-0.56,0.0,730620,289249,,,133691736771.83572
2020-04-10,7303.8154296875,7303.8154296875,6802.47509765625,6865.4931640625,43622840992,-0.0616526461959833,0.0409051142961209,BTC-USD,0.0,0,0.0,0,0.0,0.0,-0.7,0.0,735297,286082,,,125651576499.1472
2020-04-11,6867.4404296875,6926.06982421875,6789.9208984375,6859.0830078125,31222085946,-0.0009341136128114,0.0393089996886506,BTC-USD,0.0,0,0.0,0,0.0,0.0,-0.7,0.0,634944,249141,,,126093134474.85796
2020-04-12,6858.06787109375,7119.947265625,6811.078125,6971.091796875,35759567632,0.016198094339308,0.0354231640927804,BTC-USD,0.0,0,0.0,0,0.0,0.0,-0.8,0.0,618062,232510,,,127855655280.20236
2020-04-13,6965.61669921875,6965.61669921875,6668.259765625,6845.03759765625,38619308647,-0.018247903368068,0.0297392605608851,BTC-USD,0.0,0,0.0,0,0.0,0.0,-0.78,0.0,764583,281944,,,125761756556.48576
2020-04-14,6843.28173828125,6958.55712890625,6793.8212890625,6842.427734375,34110434052,-0.0003813508563592,0.0297569653137943,BTC-USD,0.0,0,0.0,0,0.0,0.0,-0.7,0.0,843493,303129,,,125995393496.61522
2020-04-15,6845.5615234375,6928.66455078125,6633.40283203125,6642.10986328125,32288311031,-0.0297129370766832,0.030371787578938,BTC-USD,0.0,0,0.0,0,0.0,0.0,-0.64,0.0,926278,309402,,,121426948476.36131
2020-04-16,6640.4541015625,7134.45068359375,6555.50439453125,7116.80419921875,46783242377,0.0690291127264351,0.0348919035476401,BTC-USD,0.0,0,0.0,0,0.0,0.0,-0.74,0.0,880665,321911,,,130646764661.29408
2020-04-17,7116.552734375,7167.18310546875,7050.33203125,7096.1845703125,32513423567,-0.0029015210954838,0.0347667379982426,BTC-USD,0.0,0,0.0,0,0.0,0.0,-0.7,0.0,844316,287202,,,129807584723.91763
2020-04-18,7092.29150390625,7269.95654296875,7089.2470703125,7257.6650390625,32447188386,0.022500902000608,0.0348725891993054,BTC-USD,0.0,0,0.0,0,0.0,0.0,-0.64,0.0,847811,285552,,,133147082134.64836
2020-04-19,7260.92236328125,7280.52197265625,7167.0546875,7189.4248046875,31311210215,-0.0094469879572851,0.0348175653466679,BTC-USD,0.0,0,0.0,0,0.0,0.0,-0.6799999999999999,0.0,718815,254065,,,131097348953.0472
2020-04-20,7186.87353515625,7240.29052734375,6835.5029296875,6881.95849609375,37747113936,-0.0437078926190566,0.0316332385657037,BTC-USD,0.0,0,0.0,0,0.0,0.0,-0.7,0.0,842251,307154,,,125666280331.4737
2020-04-21,6879.7841796875,6934.5517578125,6834.4423828125,6880.3232421875,32589741511,-0.0002376428480456,0.031530715661597,BTC-USD,0.0,0,0.0,0,0.0,0.0,-0.6599999999999999,0.0,818062,311455,,,125993555759.75612
2020-04-22,6879.4404296875,7145.86572265625,6867.78173828125,7117.20751953125,33249153866,0.033849812461733,0.0324158954163139,BTC-USD,0.0,0,0.0,0,0.0,0.0,-0.62,0.0,762361,283681,,,130649148893.33508
2020-04-23,7121.30615234375,7491.78515625,7081.5947265625,7429.724609375,43500782316,0.0429733471762611,0.0345640653560208,BTC-USD,0.0,0,0.0,0,0.0,0.0,-0.62,0.0,935989,327396,,,137355657612.58064
2020-04-24,7434.181640625,7574.19580078125,7434.181640625,7550.90087890625,34636526286,0.0161780844964256,0.0295688204208023,BTC-USD,0.0,0,0.0,0,0.0,0.0,-0.6,0.0,893187,317682,,,137696355773.91336
2020-04-25,7550.48291015625,7641.36376953125,7521.67236328125,7569.93603515625,32941541447,0.0025177397803475,0.0295137349995251,BTC-USD,0.0,0,0.0,0,0.0,0.0,-0.52,0.0,813456,278517,,,138283235766.52548
2020-04-26,7570.13916015625,7700.59423828125,7561.40771484375,7679.8671875,33070154491,0.0144176360833301,0.0294750644601486,BTC-USD,0.0,0,0.0,0,0.0,0.0,-0.5800000000000001,0.0,724250,257046,,,140980890871.95996
2020-04-27,7679.4189453125,7795.60107421875,7679.4189453125,7795.60107421875,36162144725,0.0149573560480282,0.0286178900062935,BTC-USD,0.0,0,0.0,0,0.0,0.0,-0.4399999999999999,0.0,876229,311090,,,142708646056.54214
2020-04-28,7796.97021484375,7814.52734375,7730.806640625,7807.05859375,33187959921,0.0014686626299017,0.0285740433928111,BTC-USD,0.0,0,0.0,0,0.0,0.0,-0.48,0.0,926669,326468,,,142584301338.06653
2020-04-29,7806.71240234375,8871.75390625,7786.04931640625,8801.0380859375,60201052203,0.119841406444289,0.0389061585227859,BTC-USD,0.0,0,0.0,0,0.0,0.0,-0.48,0.0,911617,330308,,,160803082691.93655
2020-04-30,8797.669921875,9440.650390625,8533.255859375,8658.5537109375,66964629541,-0.0163219781859235,0.037303955320494,BTC-USD,0.0,0,0.0,0,0.0,0.0,-0.12,0.0,947585,320861,,,158809421388.64795
2020-05-01,8672.7822265625,9048.0234375,8667.763671875,8864.7666015625,44068389997,0.0235369104465703,0.0370505201395724,BTC-USD,0.0,0,0.0,0,0.0,0.0,-0.1999999999999999,0.0,955523,330551,,,162553244139.45322
2020-05-02,8869.0576171875,9007.1875,8811.3662109375,8988.5966796875,40134388683,0.013872127279034,0.0370039146571747,BTC-USD,0.0,0,0.0,0,0.0,0.0,-0.1999999999999999,0.0,970554,292646,,,164804644177.09622
2020-05-03,8983.6142578125,9167.78125,8830.9716796875,8897.46875,47101785174,-0.0101899122041704,0.0370426125682107,BTC-USD,0.0,0,0.0,0,0.0,0.0,-0.0999999999999999,0.0,909805,283545,,,163345766860.5667
2020-05-04,8895.7451171875,8956.90625,8645.0244140625,8912.654296875,45718796276,0.0017052718293899,0.0332824350833567,BTC-USD,0.0,0,0.0,0,0.0,0.0,-0.12,0.0,889636,324017,,,163090820830.57187
2020-05-05,8912.83203125,9062.4150390625,8856.8271484375,9003.0703125,43148462663,0.0100935669896452,0.0329486169706138,BTC-USD,0.0,0,0.0,0,0.0,0.0,-0.1999999999999999,0.0,970464,327645,,,165016848605.14212
2020-05-06,9007.44140625,9411.4677734375,8966.7060546875,9268.76171875,49371886931,0.0290841262398248,0.0328100271534544,BTC-USD,0.0,0,0.0,0,0.0,0.0,-0.16,0.0,972369,334650,,,170193754397.31735
2020-05-07,9261.8955078125,9992.6640625,9138.322265625,9951.5185546875,61112700562,0.0710753668546627,0.0351728434469823,BTC-USD,0.0,0,0.0,0,0.0,0.0,-0.02,0.0,1020443,343684,,,183563057935.82147
2020-05-08,9936.162109375,9996.7431640625,9767.1728515625,9842.666015625,51780748042,-0.0109985471722912,0.0361872587183367,BTC-USD,0.0,0,0.0,0,0.0,0.0,0.1,0.0,949216,324693,,,181110769243.21515
2020-05-09,9840.90625,9913.86328125,9580.64453125,9593.896484375,46566121841,-0.0255994975141935,0.0379077154174795,BTC-USD,0.0,0,0.0,0,0.0,0.0,0.1200000000000001,0.0,906900,310119,,,175947135264.4346
2020-05-10,9591.1689453125,9595.5810546875,8395.107421875,8756.4306640625,63325279337,-0.0913387499263465,0.0477144440236784,BTC-USD,0.0,0,0.0,0,0.0,0.0,-0.04,0.0,869262,283795,,,160124072157.514
2020-05-11,8755.53515625,9033.470703125,8374.3232421875,8601.7958984375,57119858802,-0.0178173566160173,0.0482205839691965,BTC-USD,0.0,0,0.0,0,0.0,0.0,-0.1999999999999999,0.0,999192,311653,,,157872468635.6263
2020-05-12,8610.3857421875,8949.8984375,8569.6435546875,8804.4775390625,42142717533,0.0232893964825246,0.0483794118164555,BTC-USD,0.0,0,0.0,0,0.0,0.0,-0.2199999999999999,0.0,954129,342304,,,162025896130.1576
2020-05-13,8805.3876953125,9317.87890625,8805.3876953125,9269.9873046875,45558144023,0.0515216067309946,0.0387893255682226,BTC-USD,0.0,0,0.0,0,0.0,0.0,-0.18,0.0,858458,299956,,,171326433776.82504
2020-05-14,9271.3291015625,9793.2685546875,9255.03515625,9733.7216796875,56426907637,0.0488143083365274,0.0400867103426191,BTC-USD,0.0,0,0.0,0,0.0,0.0,-0.1999999999999999,0.0,880861,268116,,,180122509712.8674
2020-05-15,9734.291015625,9755.828125,9261.3984375,9328.197265625,48158802327,-0.0425545413366307,0.0420076037618297,BTC-USD,0.0,0,0.0,0,0.0,0.0,-0.12,0.0,895670,311224,,,171411642923.92416
2020-05-16,9333.240234375,9564.205078125,9260.6943359375,9377.013671875,36164766408,0.0052195633871152,0.0419090145574564,BTC-USD,0.0,0,0.0,0,0.0,0.0,-0.18,0.0,880534,295280,,,172679781082.16855
2020-05-17,9374.9296875,9823.001953125,9349.5458984375,9670.7392578125,40084250663,0.0308434146689847,0.0423465385157953,BTC-USD,0.0,0,0.0,0,0.0,0.0,-0.1999999999999999,0.0,763444,236007,,,177961786342.58984
2020-05-18,9675.6953125,9906.0302734375,9570.359375,9726.5751953125,41827139896,0.0057570950715238,0.0423291189952034,BTC-USD,0.0,0,0.0,0,0.0,0.0,0.0,0.0,970423,275691,,,178784109758.02524
2020-05-19,9727.0634765625,9836.0478515625,9539.6240234375,9729.0380859375,39254288955,0.0002531804680276,0.0423419443709743,BTC-USD,0.0,0,0.0,0,0.0,0.0,0.0,0.0,890493,272964,,,179293853008.8648
2020-05-20,9725.3291015625,9804.7939453125,9447.201171875,9522.9814453125,36546239703,-0.0214070538650415,0.0423325364282503,BTC-USD,0.0,0,0.0,0,0.0,0.0,0.04,0.0,865708,276199,,,174916798054.94452
2020-05-21,9522.740234375,9555.2421875,8869.9306640625,9081.76171875,39326160532,-0.0474397811200526,0.0391743961309208,BTC-USD,0.0,0,0.0,0,0.0,0.0,-0.02,0.0,928630,302259,,,166709322797.2722
2020-05-22,9080.3349609375,9232.9365234375,9008.638671875,9182.5771484375,29810773699,0.0110397046754223,0.0394231328847209,BTC-USD,0.0,0,0.0,0,0.0,0.0,-0.16,0.0,797526,278942,,,168425526445.20764
2020-05-23,9185.0625,9302.501953125,9118.1083984375,9209.287109375,27727866812,0.0029045429371388,0.0390089984316462,BTC-USD,0.0,0,0.0,0,0.0,0.0,-0.1999999999999999,0.0,848702,267042,,,168833981124.71753
2020-05-24,9212.283203125,9288.404296875,8787.2509765625,8790.3681640625,32518803300,-0.0465558480535422,0.0324929679614397,BTC-USD,0.0,0,0.0,0,0.0,0.0,-0.14,0.0,807939,216545,,,161901602383.70032
2020-05-25,8786.107421875,8951.005859375,8719.66796875,8906.9345703125,31288157264,0.0131735433089481,0.0322199942010763,BTC-USD,0.0,0,0.0,0,0.0,0.0,-0.18,0.0,828919,267395,,,163801506583.1173
2020-05-26,8909.5859375,8991.9677734375,8757.2939453125,8835.052734375,29584186947,-0.0081030639932205,0.0317500656093959,BTC-USD,0.0,0,0.0,0,0.0,0.0,-0.2199999999999999,0.0,852839,286759,,,162446796724.567
2020-05-27,8837.380859375,9203.3203125,8834.1572265625,9181.017578125,32740536902,0.0384109712226946,0.0302807485638098,BTC-USD,0.0,0,0.0,0,0.0,0.0,-0.2199999999999999,0.0,913075,299984,,,168594311360.4419
2020-05-28,9184.9453125,9546.3193359375,9148.45703125,9525.7509765625,34367073114,0.0368607148089735,0.0289152731064999,BTC-USD,0.0,0,0.0,0,0.0,0.0,-0.18,0.0,866559,299064,,,175942441112.01053
2020-05-29,9528.35546875,9573.6669921875,9379.3388671875,9439.1240234375,32896642044,-0.0091355788641862,0.0265520032667659,BTC-USD,0.0,0,0.0,0,0.0,0.0,-0.04,0.0,852420,282773,,,173451927876.11584
2020-05-30,9438.9140625,9704.0302734375,9366.7294921875,9700.4140625,32722975141,0.0273053897295648,0.027472106485428,BTC-USD,0.0,0,0.0,0,0.0,0.0,-0.04,0.0,902498,284116,,,178229021212.69913
2020-05-31,9700.10546875,9700.34375,9432.296875,9461.05859375,27773290299,-0.0249842925629962,0.027078254688474,BTC-USD,0.0,0,0.0,0,0.0,0.0,0.02,0.0,801889,258529,,,173498114784.08786
2020-06-01,9463.60546875,10199.5654296875,9450.8994140625,10167.2685546875,35198901068,0.0719893164023377,0.0334840968967371,BTC-USD,0.0,0,0.0,0,0.0,0.0,0.0,0.0,870833,302044,,,187579162621.12012
2020-06-02,10162.9736328125,10182.3408203125,9460.5712890625,9529.8037109375,39137252109,-0.0647494748028366,0.0381066365246268,BTC-USD,0.0,0,0.0,0,0.0,0.0,0.1200000000000001,0.0,899961,308948,,,174955641656.20303
2020-06-03,9533.7607421875,9682.859375,9471.8466796875,9656.7177734375,25007459262,0.0132296949908962,0.0378366481438593,BTC-USD,0.0,0,0.0,0,0.0,0.0,-0.04,0.0,950153,311153,,,177353695666.68335
2020-06-04,9655.8544921875,9887.6103515625,9525.2470703125,9800.63671875,25921805072,0.0147935393856525,0.0352776288225977,BTC-USD,0.0,0,0.0,0,0.0,0.0,0.08,0.0,884109,315771,,,180509824980.4644
2020-06-05,9800.2158203125,9869.2373046875,9663.216796875,9665.533203125,23509628646,-0.0138810752726639,0.0356006691044498,BTC-USD,0.0,0,0.0,0,0.0,0.0,0.06,0.0,918647,331389,,,177366559896.12006
2020-06-06,9664.904296875,9773.431640625,9591.0244140625,9653.6796875,20438419222,-0.001227122158605,0.035624542201685,BTC-USD,0.0,0,0.0,0,0.0,0.0,0.08,0.0,771819,281291,,,177871013185.53003
2020-06-07,9653.0029296875,9768.498046875,9458.150390625,9758.8525390625,25015250846,0.0108356683586347,0.0326127823359004,BTC-USD,0.0,0,0.0,0,0.0,0.0,0.08,0.0,690992,254724,,,179332370530.26468
2020-06-08,9760.0634765625,9782.306640625,9675.8857421875,9771.4892578125,21486346312,0.0012940603543832,0.032607388589422,BTC-USD,0.0,0,0.0,0,0.0,0.0,0.06,0.0,986341,316297,,,179742635817.0348
2020-06-09,9774.3603515625,9836.369140625,9664.7197265625,9795.7001953125,23717842783,0.0024746476660235,0.0323616926300025,BTC-USD,0.0,0,0.0,0,0.0,0.0,0.04,0.0,910121,328115,,,179937869950.94925
2020-06-10,9794.119140625,9908.896484375,9728.291015625,9870.0947265625,25706567601,0.0075659170073052,0.0311118672749065,BTC-USD,0.0,0,0.0,0,0.0,0.0,0.08,0.0,909669,324907,,,181953971577.1867
2020-06-11,9870.078125,9938.2978515625,9263.0693359375,9321.78125,30247143440,-0.0571557191412842,0.0337776013307801,BTC-USD,0.0,0,0.0,0,0.0,0.0,0.04,0.0,1048342,336672,,,170722019602.6722
2020-06-12,9320.6904296875,9540.4658203125,9285.8515625,9480.84375,22610564515,0.016919583790144,0.0340440118503175,BTC-USD,0.0,0,0.0,0,0.0,0.0,-0.24,0.0,909615,309817,,,174020249655.49988
2020-06-13,9480.7353515625,9493.2119140625,9396.009765625,9475.27734375,17564322315,-0.0005872938226618,0.033147332680398,BTC-USD,0.0,0,0.0,0,0.0,0.0,-0.24,0.0,800767,283164,,,174124777106.15344
2020-06-14,9477.5537109375,9482.2705078125,9347.59375,9386.7880859375,18991732746,-0.00938284381857,0.0325605563960319,BTC-USD,0.0,0,0.0,0,0.0,0.0,-0.1999999999999999,0.0,698545,279097,,,171956092423.66223
2020-06-15,9386.03515625,9504.8603515625,8990.17578125,9450.7021484375,26699704768,0.0067858623376862,0.0252205128281533,BTC-USD,0.0,0,0.0,0,0.0,0.0,-0.26,0.0,867844,292792,,,173775784553.95013
2020-06-16,9454.2666015625,9579.4306640625,9400.4453125,9538.0244140625,21565537209,0.0091973393680267,0.0186929317983353,BTC-USD,0.0,0,0.0,0,0.0,0.0,-0.2199999999999999,0.0,986219,343031,,,175233403355.5358
2020-06-17,9533.7841796875,9540.4228515625,9327.33984375,9480.2548828125,20177709879,-0.0060751772572968,0.0183558314916699,BTC-USD,0.0,0,0.0,0,0.0,0.0,-0.24,0.0,918592,330975,,,173927344699.74097
2020-06-18,9481.5673828125,9482.7822265625,9328.3955078125,9411.8408203125,17770083003,-0.0072426439750119,0.0178045784091818,BTC-USD,0.0,0,0.0,0,0.0,0.0,-0.1999999999999999,0.0,854866,283106,,,172853988352.52893
2020-06-19,9410.2939453125,9440.8759765625,9274.2958984375,9288.0185546875,19632223107,-0.0132433162041455,0.0177750889664678,BTC-USD,0.0,0,0.0,0,0.0,0.0,-0.2199999999999999,0.0,947402,345029,,,170947837087.2992
2020-06-20,9290.9599609375,9394.9716796875,9247.3798828125,9332.3408203125,17130541557,0.004760633072752,0.0178887069325047,BTC-USD,0.0,0,0.0,0,0.0,0.0,-0.24,0.0,760742,281510,,,172268442692.22974
2020-06-21,9330.9267578125,9401.107421875,9300.4306640625,9303.6298828125,15324301169,-0.0030812411837964,0.017477500188026,BTC-USD,0.0,0,0.0,0,0.0,0.0,-0.26,0.0,710176,256980,,,170941759573.137
2020-06-22,9300.9150390625,9655.0732421875,9296.8720703125,9648.7177734375,21104009514,0.0364203993156313,0.0204701853765379,BTC-USD,0.0,0,0.0,0,0.0,0.0,-0.24,0.0,850006,307776,,,178312062949.33447
2020-06-23,9644.076171875,9670.541015625,9547.2470703125,9629.658203125,17006433272,-0.0019773010491619,0.0204482444210841,BTC-USD,0.0,0,0.0,0,0.0,0.0,-0.18,0.0,1034537,351192,,,176979435527.31827
2020-06-24,9632.1494140625,9680.3671875,9278.2333984375,9313.6103515625,18961716076,-0.0333709232737798,0.0219656978054039,BTC-USD,0.0,0,0.0,0,0.0,0.0,0.0,0.0,917620,311143,,,171117809729.41803
2020-06-25,9314.126953125,9340.1611328125,9095.32421875,9264.8134765625,18616048626,-0.0052530814953213,0.0158625957209014,BTC-USD,0.0,0,0.0,0,0.0,0.0,-0.14,0.0,901033,315538,,,170282202496.18005
2020-06-26,9260.9951171875,9310.5166015625,9101.73828125,9162.91796875,18341465837,-0.0110590439869026,0.0152585399865917,BTC-USD,0.0,0,0.0,0,0.0,0.0,-0.1999999999999999,0.0,929963,328405,,,168676929867.51587
2020-06-27,9167.82421875,9207.810546875,8998.216796875,9045.390625,17273093144,-0.012909378740095,0.0154971959674057,BTC-USD,0.0,0,0.0,0,0.0,0.0,-0.14,0.0,761896,272210,,,165788426484.10727
2020-06-28,9048.4609375,9197.546875,8975.525390625,9143.58203125,14560870760,0.0107969110711705,0.0158245665482098,BTC-USD,0.0,0,0.0,0,0.0,0.0,-0.1999999999999999,0.0,686270,265941,,,167747274213.1566
2020-06-29,9140.029296875,9237.5732421875,9041.8759765625,9190.8544921875,16460547078,0.005156696867222,0.0157618434101388,BTC-USD,0.0,0,0.0,0,0.0,0.0,-0.18,0.0,962232,314488,,,169158669350.11176
2020-06-30,9185.5810546875,9217.8359375,9084.837890625,9137.9931640625,15735797744,-0.0057681176339668,0.0154490260747871,BTC-USD,0.0,0,0.0,0,0.0,0.0,-0.12,0.0,926238,306323,,,168425183323.96924
2020-07-01,9145.9853515625,9309.7548828125,9104.7353515625,9228.3251953125,15971550355,0.009836784692078,0.0157916840439483,BTC-USD,0.0,0,0.0,0,0.0,0.0,-0.16,0.0,1078007,378081,,,170228061576.57693
2020-07-02,9231.1396484375,9274.962890625,9036.623046875,9123.41015625,16338916796,-0.0114339249180112,0.0159393129183369,BTC-USD,0.0,0,0.0,0,0.0,0.0,-0.16,0.0,951042,339419,,,167530480365.48853
2020-07-03,9124.8427734375,9202.3447265625,9058.794921875,9087.3037109375,13078970999,-0.0039654121072659,0.0156358709752028,BTC-USD,0.0,0,0.0,0,0.0,0.0,-0.18,0.0,944676,327948,,,167029509726.42023
2020-07-04,9084.2333984375,9183.2958984375,9053.6298828125,9132.48828125,12290528515,0.0049599537650597,0.015642158888931,BTC-USD,0.0,0,0.0,0,0.0,0.0,-0.1999999999999999,0.0,799989,292761,,,168135124719.26672
2020-07-05,9126.0908203125,9162.18359375,8977.015625,9073.9423828125,12903406143,-0.0064313649740364,0.0156929899824515,BTC-USD,0.0,0,0.0,0,0.0,0.0,-0.24,0.0,771473,273114,,,167285746564.34164
2020-07-06,9072.849609375,9375.474609375,9058.6640625,9375.474609375,17889263252,0.0326903640545286,0.0150113018563353,BTC-USD,0.0,0,0.0,0,0.0,0.0,-0.1999999999999999,0.0,989688,337284,,,172072688838.19153
2020-07-07,9349.1611328125,9360.6171875,9201.8154296875,9252.27734375,13839652595,-0.0132274750284945,0.0153052400510911,BTC-USD,0.0,0,0.0,0,0.0,0.0,-0.14,0.0,969354,349022,,,170482981402.3037
2020-07-08,9253.0205078125,9450.3359375,9249.5,9428.3330078125,19702359883,0.0188495850546219,0.0135601159065719,BTC-USD,0.0,0,0.0,0,0.0,0.0,-0.12,0.0,1024085,347004,,,173853010956.3395
2020-07-09,9427.994140625,9431.37890625,9234.9990234375,9277.9677734375,18000702524,-0.0160767727161909,0.014228431063123,BTC-USD,0.0,0,0.0,0,0.0,0.0,-0.12,0.0,1033334,360126,,,170120535332.4796
2020-07-10,9273.357421875,9287.4716796875,9118.001953125,9278.8076171875,16860035605,9.051613040455208e-05,0.0138630489845605,BTC-USD,0.0,0,0.0,0,0.0,0.0,-0.18,0.0,976205,345294,,,171119820222.7931
2020-07-11,9277.51171875,9293.5322265625,9199.4853515625,9240.3466796875,13249910444,-0.0041536446189585,0.0133813811081293,BTC-USD,0.0,0,0.0,0,0.0,0.0,-0.12,0.0,885970,310565,,,170243300036.21756
2020-07-12,9241.0546875,9319.4189453125,9197.4501953125,9276.5,14452361907,0.0039049160883403,0.0131385370378313,BTC-USD,0.0,0,0.0,0,0.0,0.0,-0.18,0.0,745665,280425,,,171209151295.98776
2020-07-13,9277.205078125,9306.4052734375,9224.29296875,9243.6142578125,17519821266,-0.0035513578688562,0.0131343145659072,BTC-USD,0.0,0,0.0,0,0.0,0.0,-0.14,0.0,909653,311275,,,170250451857.34445
2020-07-14,9238.703125,9283.841796875,9171.6611328125,9243.2138671875,18085038362,-4.331631390260929e-05,0.013015793062348,BTC-USD,0.0,0,0.0,0,0.0,0.0,-0.14,0.0,993499,357160,,,170696262854.64993
2020-07-15,9241.8974609375,9275.3251953125,9171.93359375,9192.8369140625,15844731575,-0.005465061808117,0.0128414834163884,BTC-USD,0.0,0,0.0,0,0.0,0.0,-0.12,0.0,971186,318436,,,169531276215.83417
2020-07-16,9191.98046875,9214.3125,9088.947265625,9132.2275390625,15713967523,-0.0066149394632748,0.0125813188216423,BTC-USD,0.0,0,0.0,0,0.0,0.0,-0.14,0.0,966383,347671,,,168356814754.77936
2020-07-17,9131.8125,9182.25390625,9089.2021484375,9151.392578125,13944570749,0.0020964170070042,0.0125360214273153,BTC-USD,0.0,0,0.0,0,0.0,0.0,-0.18,0.0,847984,290533,,,168803722440.9125
2020-07-18,9151.18359375,9230.9833984375,9100.82421875,9159.0400390625,12252601475,0.0008353119275824,0.0124714945122694,BTC-USD,0.0,0,0.0,0,0.0,0.0,-0.12,0.0,892684,313304,,,169169500525.0169
2020-07-19,9158.005859375,9201.3984375,9097.6328125,9185.8173828125,12939002784,0.0029193317943758,0.012338285702198,BTC-USD,0.0,0,0.0,0,0.0,0.0,-0.18,0.0,872974,274629,,,169968646771.39542
2020-07-20,9187.220703125,9214.2705078125,9137.509765625,9164.2314453125,13755604146,-0.0023526855605594,0.0082719981849023,BTC-USD,0.0,0,0.0,0,0.0,0.0,-0.12,0.0,940265,312187,,,169024417398.20532
2020-07-21,9162.5146484375,9407.2626953125,9149.3896484375,9374.8876953125,18069581956,0.0227265724190093,0.0098284712729229,BTC-USD,0.0,0,0.0,0,0.0,0.0,-0.12,0.0,927506,313100,,,173113620548.55356
2020-07-22,9375.080078125,9530.5185546875,9319.6533203125,9525.36328125,16532254884,0.0159234674311848,0.0094418321689559,BTC-USD,0.0,0,0.0,0,0.0,0.0,0.0,0.0,1017627,362798,,,175753097015.691
2020-07-23,9527.1416015625,9610.2470703125,9483.00390625,9581.072265625,18146399002,0.0058314531883772,0.0081719099203952,BTC-USD,0.0,0,0.0,0,0.0,0.0,0.1,0.0,977856,336506,,,177197885133.97803
2020-07-24,9585.5146484375,9623.3369140625,9481.4541015625,9536.892578125,16552768325,-0.0046218064009348,0.0083645276829521,BTC-USD,0.0,0,0.0,0,0.0,0.0,0.06,0.0,1083981,369218,,,176081404997.34537
2020-07-25,9539.4853515625,9704.556640625,9530.2119140625,9677.11328125,16610070933,0.0145959352300406,0.008800101571144,BTC-USD,0.0,0,0.0,0,0.0,0.0,0.1,0.0,972156,290603,,,178936500441.52332
2020-07-26,9680.234375,10023.8076171875,9652.84765625,9905.1669921875,20507998997,0.0232928973245588,0.010300438222046,BTC-USD,0.0,0,0.0,0,0.0,0.0,0.1,0.0,999311,301312,,,183214872171.02325
2020-07-27,9905.2177734375,11298.2216796875,9903.9697265625,10990.873046875,35359749590,0.1040086659850617,0.0282169413522248,BTC-USD,0.0,0,0.0,0,0.0,0.0,0.1599999999999999,0.0,1022491,325521,,,203745302795.425
2020-07-28,11017.4638671875,11204.3271484375,10632.6318359375,10912.8232421875,28766551142,-0.0071266633721213,0.028518472316115,BTC-USD,0.0,0,0.0,0,0.0,0.0,0.52,0.0,1059084,354433,,,201875831190.2685
2020-07-29,10912.953125,11304.3974609375,10856.1416015625,11100.4677734375,24617249715,0.0170487071772516,0.0280980066930497,BTC-USD,0.0,0,0.0,0,0.0,0.0,0.4199999999999999,0.0,1039672,348023,,,205043166412.04987
2020-07-30,11099.8330078125,11169.3564453125,10895.455078125,11111.2138671875,22857247901,0.0009676074745081,0.0277520487922583,BTC-USD,0.0,0,0.0,0,0.0,0.0,0.52,0.0,968423,329417,,,205414465076.5148
2020-07-31,11110.2109375,11415.8642578125,10987.0537109375,11323.466796875,23160469766,0.0189224233737268,0.0275600801201829,BTC-USD,0.0,0,0.0,0,0.0,0.0,0.5,0.0,1062923,355688,,,209166479251.11777
2020-08-01,11322.5703125,11794.775390625,11239.6826171875,11759.5927734375,26075670303,0.0377920337321468,0.0278455201382809,BTC-USD,0.0,0,0.0,0,0.0,0.0,0.5,0.0,954055,292274,,,217651287744.11752
2020-08-02,11758.7646484375,12034.14453125,11018.1298828125,11053.6142578125,27410067336,-0.0619118571228256,0.0349933141312017,BTC-USD,0.0,0,0.0,0,0.0,0.0,0.6000000000000001,0.0,950873,287133,,,204681196754.4121
2020-08-03,11043.7685546875,11453.0791015625,11012.4150390625,11246.3486328125,20271713443,0.0172860533562396,0.0347134923043211,BTC-USD,0.0,0,0.0,0,0.0,0.0,0.5,0.0,1080975,334722,,,207313812355.99893
2020-08-04,11246.203125,11385.3818359375,11094.1455078125,11205.892578125,21250197042,-0.0036037470015529,0.034953179537016,BTC-USD,0.0,0,0.0,0,0.0,0.0,0.4399999999999999,0.0,1003351,331448,,,206706903819.0301
2020-08-05,11203.8232421875,11786.6171875,11158.28515625,11747.0224609375,24411254471,0.0471600379035357,0.036148337902403,BTC-USD,0.0,0,0.0,0,0.0,0.0,0.5,0.0,957619,291603,,,216288798767.41125
2020-08-06,11749.87109375,11902.3359375,11598.7138671875,11779.7734375,23400740340,0.0027841443313858,0.0362167364162033,BTC-USD,0.0,0,0.0,0,0.0,0.0,0.5800000000000001,0.0,1120216,355285,,,217183602498.0373
2020-08-07,11778.89453125,11898.0380859375,11408.59375,11601.47265625,23132312867,-0.0152519020491876,0.0367615970715732,BTC-USD,0.0,0,0.0,0,0.0,0.0,0.54,0.0,1049182,327415,,,214051270852.34103
2020-08-08,11604.5537109375,11800.064453125,11558.431640625,11754.0458984375,17572057837,0.0130654699240469,0.0367619560369993,BTC-USD,0.0,0,0.0,0,0.0,0.0,0.54,0.0,951540,277399,,,216719847497.1544
2020-08-09,11737.3251953125,11806.056640625,11548.7841796875,11675.7392578125,17489608833,-0.0066843918261673,0.0370439750703527,BTC-USD,0.0,0,0.0,0,0.0,0.0,0.5800000000000001,0.0,911571,275199,,,215577945675.7649
2020-08-10,11662.2568359375,12045.140625,11662.2568359375,11878.111328125,26114112569,0.0171842009045903,0.0260446307787016,BTC-USD,0.0,0,0.0,0,0.0,0.0,0.56,0.0,967780,307280,,,219092059149.64685
2020-08-11,11881.6474609375,11932.7109375,11195.708984375,11410.525390625,27039782640,-0.0401611128627876,0.0286473730671665,BTC-USD,0.0,0,0.0,0,0.0,0.0,0.6799999999999999,0.0,1086328,348465,,,210285619725.4452
2020-08-12,11404.5966796875,11748.396484375,11249.60546875,11584.9345703125,25064548486,0.0151693007557726,0.0285817405888827,BTC-USD,0.0,0,0.0,0,0.0,0.0,0.5,0.0,1049344,342524,,,213672365984.7056
2020-08-13,11588.4052734375,11796.396484375,11216.8720703125,11784.1376953125,27522199497,0.0170488539554167,0.0288137578603421,BTC-USD,0.0,0,0.0,0,0.0,0.0,0.5,0.0,952528,330257,,,217336876532.05075
2020-08-14,11772.6591796875,12150.994140625,11685.455078125,11768.87109375,24237958589,-0.001296361228177,0.0285243259393423,BTC-USD,0.0,0,0.0,0,0.0,0.0,0.56,0.0,1086754,364429,,,217366890107.603
2020-08-15,11768.697265625,11963.203125,11768.697265625,11865.6982421875,23354924400,0.0081937342531237,0.0267707345725164,BTC-USD,0.0,0,0.0,0,0.0,0.0,0.5800000000000001,0.0,973628,309355,,,219086138168.21063
2020-08-16,11866.685546875,11934.9013671875,11737.1884765625,11892.8037109375,20583375490,0.002281749965852,0.0198303373580167,BTC-USD,0.0,0,0.0,0,0.0,0.0,0.6399999999999999,0.0,892624,293129,,,219701746156.3508
2020-08-17,11895.658203125,12359.056640625,11806.6962890625,12254.40234375,28227687027,0.0299517604098842,0.0206929709892781,BTC-USD,0.0,0,0.0,0,0.0,0.0,0.6599999999999999,0.0,878796,289826,,,227394137696.7252
2020-08-18,12251.8955078125,12335.70703125,11954.525390625,11991.2333984375,26043227672,-0.021709414754999,0.0218799445656697,BTC-USD,0.0,0,0.0,0,0.0,0.0,0.6399999999999999,0.0,1008612,345122,,,221439640459.05893
2020-08-19,11990.884765625,12028.923828125,11687.3330078125,11758.283203125,24502851117,-0.0196178869913663,0.0190383604670271,BTC-USD,0.0,0,0.0,0,0.0,0.0,0.6000000000000001,0.0,988648,336660,,,216725667041.4704
2020-08-20,11761.5,11900.4111328125,11710.0634765625,11878.3720703125,20175242945,0.0101613277417586,0.0192205282969185,BTC-USD,0.0,0,0.0,0,0.0,0.0,0.5,0.0,994559,331546,,,219149394201.68213
2020-08-21,11878.0263671875,11899.259765625,11564.9794921875,11592.4892578125,23762425999,-0.024361862793125,0.0199390858487074,BTC-USD,0.0,0,0.0,0,0.0,0.0,0.6200000000000001,0.0,1095556,313078,,,212829910158.46448
2020-08-22,11585.4775390625,11689.4072265625,11448.8056640625,11681.8251953125,20224191306,0.0076768212803934,0.0197170943634811,BTC-USD,0.0,0,0.0,0,0.0,0.0,0.56,0.0,950674,308966,,,215750103401.7776
2020-08-23,11679.6962890625,11713.4296875,11559.9208984375,11664.84765625,18482062658,-0.0014543864269716,0.0196390794693771,BTC-USD,0.0,0,0.0,0,0.0,0.0,0.52,0.0,906460,287940,,,215453504048.67047
2020-08-24,11663.689453125,11807.6318359375,11623.25,11774.595703125,20681511755,0.0093644586352348,0.0192173814901327,BTC-USD,0.0,0,0.0,0,0.0,0.0,0.56,0.0,944242,334304,,,217418476236.22745
2020-08-25,11773.5888671875,11778.2998046875,11189.8505859375,11366.134765625,26301509932,-0.0353060044085323,0.0184786508567066,BTC-USD,0.0,0,0.0,0,0.0,0.0,0.5,0.0,951716,301021,,,209800287564.57504
2020-08-26,11366.89453125,11530.052734375,11296.9931640625,11488.36328125,22466660958,0.0106963347639654,0.0182279815165647,BTC-USD,0.0,0,0.0,0,0.0,0.0,0.52,0.0,1030264,328396,,,211908661338.8008
2020-08-27,11485.6083984375,11570.7861328125,11185.94140625,11323.3974609375,23240415076,-0.0144634776739617,0.0178223835222579,BTC-USD,0.0,0,0.0,0,0.0,0.0,0.5,0.0,947577,324735,,,209010787351.93704
2020-08-28,11325.2958984375,11545.615234375,11316.4228515625,11542.5,19807127588,0.0191647185956032,0.0187730710952306,BTC-USD,0.0,0,0.0,0,0.0,0.0,0.48,0.0,1080096,352344,,,212961048996.4253
2020-08-29,11541.0546875,11585.640625,11466.29296875,11506.865234375,17485597759,-0.003092041247454,0.0185712326225666,BTC-USD,0.0,0,0.0,0,0.0,0.0,0.5800000000000001,0.0,972062,291205,,,212285783092.42407
2020-08-30,11508.7138671875,11715.2646484375,11492.3818359375,11711.505859375,19760127945,0.0176279312086743,0.0192945108110323,BTC-USD,0.0,0,0.0,0,0.0,0.0,0.5,0.0,821271,266126,,,216141703644.11383
2020-08-31,11713.306640625,11768.876953125,11598.318359375,11680.8203125,22285928250,-0.002623558191725,0.0171017473851566,BTC-USD,0.0,0,0.0,0,0.0,0.0,0.5,0.0,935410,310357,,,215771551563.05804
2020-09-01,11679.31640625,12067.0810546875,11601.12890625,11970.478515625,27311555343,0.0244952878450409,0.0177477040678455,BTC-USD,0.0,0,0.0,0,0.0,0.0,0.5,0.0,1074307,371778,,,221178432036.76083
2020-09-02,11964.8232421875,11964.8232421875,11290.7939453125,11414.0341796875,28037405299,-0.0475998283628147,0.0213267302403189,BTC-USD,0.0,0,0.0,0,0.0,0.0,0.6599999999999999,0.0,1029017,320017,,,210918284052.1679
2020-09-03,11407.19140625,11443.0224609375,10182.46484375,10245.296875,31927261555,-0.108024907829682,0.0350598487455572,BTC-USD,0.0,0,0.0,0,0.0,0.0,0.5800000000000001,0.0,983249,309835,,,189620855868.04956
2020-09-04,10230.365234375,10663.919921875,10207.9404296875,10511.8134765625,29965130374,0.0256809589055745,0.0360810836836005,BTC-USD,0.0,0,0.0,0,0.0,0.0,-0.1999999999999999,0.0,1004854,300021,,,193518977097.6344
2020-09-05,10512.5302734375,10581.5712890625,9946.67578125,10169.5673828125,44916565292,-0.0331000471341187,0.0364500122192913,BTC-USD,0.0,0,0.0,0,0.0,0.0,-0.18,0.0,984198,324594,,,187183394233.4417
2020-09-06,10167.216796875,10353.927734375,10056.8857421875,10280.3515625,37071460174,0.0108347875365254,0.0368152564188991,BTC-USD,0.0,0,0.0,0,0.0,0.0,-0.18,0.0,988383,258964,,,189496729938.0876
2020-09-07,10280.998046875,10399.1533203125,9916.4931640625,10369.5634765625,33703098409,0.0086404683915356,0.0367879369745813,BTC-USD,0.0,0,0.0,0,0.0,0.0,-0.18,0.0,1086059,328020,,,191625655656.81183
2020-09-08,10369.306640625,10414.775390625,9945.1103515625,10131.5166015625,33430927462,-0.0232239055901114,0.036263260105856,BTC-USD,0.0,0,0.0,0,0.0,0.0,-0.18,0.0,974053,329714,,,186843957815.11063
2020-09-09,10134.1513671875,10350.54296875,10017.2509765625,10242.34765625,24128292755,0.0108798357097584,0.0362706531117455,BTC-USD,0.0,0,0.0,0,0.0,0.0,-0.24,0.0,968245,321941,,,188969405737.1191
2020-09-10,10242.330078125,10503.912109375,10238.1357421875,10363.138671875,54406443211,0.0117242949135244,0.0365966144269843,BTC-USD,0.0,0,0.0,0,0.0,0.0,-0.24,0.0,1103924,343183,,,191040993379.8496
2020-09-11,10369.0283203125,10434.9228515625,10140.8369140625,10400.9150390625,45201121775,0.0036386352484214,0.0359949160851619,BTC-USD,0.0,0,0.0,0,0.0,0.0,-0.18,0.0,951505,308280,,,192018408644.76068
2020-09-12,10409.861328125,10578.837890625,10292.38671875,10442.1708984375,36750077324,0.0039587144990771,0.0361095541987235,BTC-USD,0.0,0,0.0,0,0.0,0.0,-0.18,0.0,890683,297027,,,192953023670.09012
2020-09-13,10452.3994140625,10577.21484375,10224.330078125,10323.755859375,36506852789,-0.0114048675959456,0.0354174315731818,BTC-USD,0.0,0,0.0,0,0.0,0.0,-0.24,0.0,803998,256977,,,190847509504.39932
2020-09-14,10328.734375,10800.0107421875,10266.0087890625,10680.837890625,35453581940,0.0340036509277638,0.0372317144504865,BTC-USD,0.0,0,0.0,0,0.0,0.0,-0.2199999999999999,0.0,1016193,353963,,,197148942307.1638
2020-09-15,10677.7548828125,10938.6318359375,10656.4599609375,10796.951171875,32509451925,0.0108125107428243,0.0365315330056522,BTC-USD,0.0,0,0.0,0,0.0,0.0,-0.06,0.0,976024,335248,,,199316464218.54663
2020-09-16,10797.76171875,11100.1240234375,10704.884765625,10974.9052734375,30769986455,0.016347532426243,0.035083611016378,BTC-USD,0.0,0,0.0,0,0.0,0.0,-0.14,0.0,1064243,340027,,,202820681601.6072
2020-09-17,10973.251953125,11037.4208984375,10774.6279296875,10948.990234375,38151810523,-0.002364091830582,0.0178285216562834,BTC-USD,0.0,0,0.0,0,0.0,0.0,-0.04,0.0,1101957,347774,,,202240606289.0171
2020-09-18,10951.8203125,11034.908203125,10829.6572265625,10944.5859375,26341903912,-0.0004023369137903,0.0168059280545643,BTC-USD,0.0,0,0.0,0,0.0,0.0,-0.02,0.0,974291,326660,,,201952658938.4508
2020-09-19,10933.7529296875,11134.0927734375,10909.6181640625,11094.3466796875,22764204008,0.0135907713828377,0.013404884560202,BTC-USD,0.0,0,0.0,0,0.0,0.0,-0.04,0.0,892685,292875,,,204804828423.612
2020-09-20,11095.8701171875,11095.8701171875,10814.4775390625,10938.271484375,24699523788,-0.0141678855300922,0.0143728968730404,BTC-USD,0.0,0,0.0,0,0.0,0.0,0.04,0.0,820833,261651,,,201992962103.4836
2020-09-21,10934.92578125,10988.3046875,10380.2607421875,10462.259765625,28884999244,-0.0444933108280508,0.01933460142469,BTC-USD,0.0,0,0.0,0,0.0,0.0,-0.04,0.0,946997,299730,,,193386546243.5811
2020-09-22,10459.6240234375,10568.0771484375,10382.7265625,10538.4599609375,23621787804,0.0072569445920738,0.0181191499699762,BTC-USD,0.0,0,0.0,0,0.0,0.0,-0.2199999999999999,0.0,968239,311008,,,194587288925.38617
2020-09-23,10535.4921875,10537.828125,10197.865234375,10246.1865234375,23788661867,-0.0281258288104678,0.0197121608033602,BTC-USD,0.0,0,0.0,0,0.0,0.0,-0.14,0.0,1013565,349540,,,189296198403.34613
2020-09-24,10248.7861328125,10771.056640625,10231.490234375,10760.06640625,47144380902,0.0489361364351195,0.0235466579648881,BTC-USD,0.0,0,0.0,0,0.0,0.0,-0.2199999999999999,0.0,943668,318555,,,198660661113.4665
2020-09-25,10761.109375,10777.6962890625,10578.9140625,10692.716796875,39348590957,-0.0062788897837297,0.0236646406829301,BTC-USD,0.0,0,0.0,0,0.0,0.0,-0.0799999999999999,0.0,1140261,345399,,,197646881316.5258
2020-09-26,10695.5751953125,10772.9990234375,10667.28125,10750.7236328125,46852525493,0.0054102304729359,0.0236771702518732,BTC-USD,0.0,0,0.0,0,0.0,0.0,-0.0999999999999999,0.0,952990,281747,,,198737347444.74127
2020-09-27,10746.892578125,10803.9765625,10622.921875,10775.26953125,53745972818,0.0022805831897412,0.0233579645279407,BTC-USD,0.0,0,0.0,0,0.0,0.0,-0.06,0.0,784428,258919,,,199058270210.58435
2020-09-28,10776.61328125,10945.34765625,10703.8935546875,10709.65234375,47762394731,-0.0061082271463503,0.0216691109460054,BTC-USD,0.0,0,0.0,0,0.0,0.0,-0.14,0.0,884124,297685,,,198485049767.5505
2020-09-29,10709.650390625,10860.0009765625,10649.4951171875,10844.640625,46582396602,0.0125255833075157,0.0217384199243176,BTC-USD,0.0,0,0.0,0,0.0,0.0,-0.0999999999999999,0.0,998051,345931,,,200599609229.0116
2020-09-30,10843.87109375,10847.2568359375,10669.3212890625,10784.4912109375,44171073700,-0.0055619032310387,0.0212792161021325,BTC-USD,0.0,0,0.0,0,0.0,0.0,-0.02,0.0,1118241,351403,,,199337235088.7272
2020-10-01,10795.2548828125,10933.6240234375,10472.3564453125,10619.4521484375,40023134100,-0.0154216754012216,0.021615304264546,BTC-USD,0.0,0,0.0,0,0.0,0.0,-0.0999999999999999,0.0,922880,304377,,,196278618504.30948
2020-10-02,10619.8212890625,10657.837890625,10416.689453125,10575.974609375,48661453918,-0.0041025453782749,0.0216144805529998,BTC-USD,0.0,0,0.0,0,0.0,0.0,-0.18,0.0,996361,315938,,,195611944028.4632
2020-10-03,10575.1005859375,10598.9404296875,10511.1298828125,10549.3291015625,44660271563,-0.0025226166977002,0.0211180931607926,BTC-USD,0.0,0,0.0,0,0.0,0.0,-0.1999999999999999,0.0,1002444,303899,,,195355412926.41483
2020-10-04,10550.4404296875,10686.0,10534.3916015625,10669.5830078125,71251776995,0.0113347181141166,0.021235806043572,BTC-USD,0.0,0,0.0,0,0.0,0.0,-0.16,0.0,923546,274508,,,197400118730.0376
2020-10-05,10676.529296875,10793.5078125,10634.6005859375,10793.33984375,47537578009,0.0115322790247333,0.0175206784926832,BTC-USD,0.0,0,0.0,0,0.0,0.0,-0.16,0.0,946902,295868,,,199390223520.6277
2020-10-06,10796.306640625,10797.578125,10528.890625,10604.40625,42623695307,-0.0176596640622518,0.0182217435398966,BTC-USD,0.0,0,0.0,0,0.0,0.0,-0.06,0.0,978521,318289,,,196136406784.5261
2020-10-07,10603.35546875,10680.5078125,10562.5068359375,10668.96875,37799458436,0.0060698124506212,0.0162863724655486,BTC-USD,0.0,0,0.0,0,0.0,0.0,-0.14,0.0,1063425,369576,,,197457351293.61536
2020-10-08,10669.37109375,10945.7373046875,10562.6064453125,10915.685546875,63314794397,0.0228613846473142,0.011361694455122,BTC-USD,0.0,0,0.0,0,0.0,0.0,-0.0799999999999999,0.0,1033122,329472,,,201824607685.06384
2020-10-09,10927.9130859375,11102.671875,10846.8505859375,11064.4580078125,22799117613,0.0135371939231902,0.0116132532322378,BTC-USD,0.0,0,0.0,0,0.0,0.0,-0.04,0.0,1006667,339374,,,205010561255.28888
2020-10-10,11059.142578125,11442.2109375,11056.9404296875,11296.361328125,22877978588,0.0207426777737271,0.0125961541812268,BTC-USD,0.0,0,0.0,0,0.0,0.0,0.06,0.0,917402,294652,,,209255428096.9055
2020-10-11,11296.08203125,11428.8134765625,11288.6279296875,11384.181640625,19968627060,0.007744148940002,0.01263882223015,BTC-USD,0.0,0,0.0,0,0.0,0.0,0.1,0.0,791020,257292,,,210661427269.1565
2020-10-12,11392.6357421875,11698.4677734375,11240.6865234375,11555.36328125,26163972642,0.014924866101628,0.0126042917178239,BTC-USD,0.0,0,0.0,0,0.0,0.0,0.04,0.0,945894,315903,,,213822180181.52505
2020-10-13,11548.7197265625,11548.984375,11321.224609375,11425.8994140625,24241420251,-0.011267025530866,0.0131653425860887,BTC-USD,0.0,0,0.0,0,0.0,0.0,0.1200000000000001,0.0,1049377,330320,,,211733795569.96
2020-10-14,11429.0478515625,11539.9775390625,11307.8310546875,11429.5068359375,24103426719,0.0003156734004635,0.0129380143421945,BTC-USD,0.0,0,0.0,0,0.0,0.0,0.06,0.0,952949,318750,,,211413713271.8805
2020-10-15,11426.6025390625,11569.9140625,11303.603515625,11495.349609375,24487233058,0.0057442413776369,0.0116474585569859,BTC-USD,0.0,0,0.0,0,0.0,0.0,0.1200000000000001,0.0,1035214,337702,,,213007298065.68048
2020-10-16,11502.828125,11540.0615234375,11223.0126953125,11322.123046875,25635480772,-0.0151839682907963,0.0126917271532988,BTC-USD,0.0,0,0.0,0,0.0,0.0,0.04,0.0,973228,319791,,,209988812323.3502
2020-10-17,11322.123046875,11386.26171875,11285.345703125,11358.1015625,19130430174,0.0031726798498982,0.0125267637555061,BTC-USD,0.0,0,0.0,0,0.0,0.0,0.1200000000000001,0.0,851147,278655,,,210440997243.65863
2020-10-18,11355.982421875,11483.359375,11347.578125,11483.359375,18283314340,0.0109676932179151,0.0125134865093733,BTC-USD,0.0,0,0.0,0,0.0,0.0,0.1,0.0,744786,234650,,,212798348506.64096
2020-10-19,11495.0380859375,11799.0927734375,11408.2900390625,11742.037109375,23860769928,0.0222763414650634,0.0132369423231941,BTC-USD,0.0,0,0.0,0,0.0,0.0,0.1,0.0,930306,303148,,,217552387640.8408
2020-10-20,11745.974609375,11999.91796875,11681.48046875,11916.3349609375,30915821592,0.0147348266052493,0.0114966141821311,BTC-USD,0.0,0,0.0,0,0.0,0.0,0.1200000000000001,0.0,1011847,331386,,,220964546714.08163
2020-10-21,11913.0771484375,13184.56640625,11900.9287109375,12823.689453125,43414712626,0.0733840543058693,0.0207944225012133,BTC-USD,0.0,0,0.0,0,0.0,0.0,0.2199999999999999,0.0,1013298,308240,,,237997872158.0872
2020-10-22,12801.6357421875,13161.59375,12717.09375,12965.8916015625,34729759598,0.0110279875667966,0.0206085278596816,BTC-USD,0.0,0,0.0,0,0.0,0.0,0.4599999999999999,0.0,1048775,341549,,,240769151101.22614
2020-10-23,12971.548828125,13015.9619140625,12752.6474609375,12931.5390625,28974975003,-0.0026529704553783,0.0209842511844319,BTC-USD,0.0,0,0.0,0,0.0,0.0,0.48,0.0,977710,321018,,,239963373092.9489
2020-10-24,12931.57421875,13145.06640625,12885.7470703125,13108.0625,24542317940,0.0135582828497852,0.0208184915719517,BTC-USD,0.0,0,0.0,0,0.0,0.0,0.4599999999999999,0.0,1098917,304224,,,242947944356.6773
2020-10-25,13108.0634765625,13329.18359375,12910.0615234375,13031.173828125,24406920575,-0.0058830252475124,0.0212770548799523,BTC-USD,0.0,0,0.0,0,0.0,0.0,0.52,0.0,851199,242596,,,241619421843.6139
2020-10-26,13031.201171875,13225.2978515625,12822.3828125,13075.248046875,29461458313,0.0033765071930938,0.0212807401616377,BTC-USD,0.0,0,0.0,0,0.0,0.0,0.5,0.0,825846,255058,,,242351238993.11288
2020-10-27,13075.2421875,13759.6689453125,13060.837890625,13654.21875,33749878156,0.0433275589626535,0.0222934656472179,BTC-USD,0.0,0,0.0,0,0.0,0.0,0.2199999999999999,0.0,827512,255102,,,253381084990.52963
2020-10-28,13654.21484375,13837.6953125,12932.2509765625,13271.28515625,35867318895,-0.0284458494184554,0.0247184252947361,BTC-USD,0.0,0,0.0,0,0.0,0.0,0.3999999999999999,0.0,817505,259212,,,246252469508.29257
2020-10-29,13271.298828125,13612.0478515625,12980.0595703125,13437.8828125,56499499598,0.0124751034586466,0.0246806417114424,BTC-USD,0.0,0,0.0,0,0.0,0.0,0.3400000000000001,0.0,887772,277836,,,249687307271.2864
2020-10-30,13437.8740234375,13651.5166015625,13136.1982421875,13546.5224609375,30581485201,0.0080520755833085,0.0235276924305416,BTC-USD,0.0,0,0.0,0,0.0,0.0,0.48,0.0,901403,267995,,,252069964041.1888
2020-10-31,13546.5322265625,14028.2138671875,13457.5302734375,13780.9951171875,30306464719,0.0171606081406304,0.0233834121859469,BTC-USD,0.0,0,0.0,0,0.0,0.0,0.4599999999999999,0.0,875335,274513,,,255858690808.36392
2020-11-01,13780.9951171875,13862.033203125,13628.3779296875,13737.109375,24453857900,-0.0031895931935236,0.0238179335984444,BTC-USD,0.0,0,0.0,0,0.0,0.0,0.4399999999999999,0.0,897445,276664,,,254566075299.392
2020-11-02,13737.0322265625,13808.3232421875,13243.16015625,13550.4892578125,30771455468,-0.0136782301231188,0.0246417234813153,BTC-USD,0.0,0,0.0,0,0.0,0.0,0.4199999999999999,0.0,777173,225214,,,251954997135.1448
2020-11-03,13550.451171875,13984.9814453125,13325.44140625,13950.30078125,29869951617,0.0290784151533746,0.0251365603133793,BTC-USD,0.0,0,0.0,0,0.0,0.0,0.4199999999999999,0.0,1029970,330051,,,259405133239.1944
2020-11-04,13950.48828125,14218.7666015625,13580.4716796875,14133.70703125,35116364962,0.0130614446957186,0.0177536893103897,BTC-USD,0.0,0,0.0,0,0.0,0.0,0.48,0.0,1175181,319925,,,261869847340.3332
2020-11-05,14133.7333984375,15706.404296875,14102.0888671875,15579.8486328125,40856321439,0.0974158108042441,0.0300413537013219,BTC-USD,0.0,0,0.0,0,0.0,0.0,0.4399999999999999,0.0,1071518,319993,,,289264831869.5576
2020-11-06,15579.7294921875,15903.4375,15226.83984375,15565.880859375,39837841971,-0.000896930308048,0.02997402924626,BTC-USD,0.0,0,0.0,0,0.0,0.0,0.8,0.0,1080743,334639,,,289511558679.5521
2020-11-07,15565.880859375,15737.095703125,14423.203125,14833.75390625,35024953706,-0.0481761412742978,0.0341713202235165,BTC-USD,0.0,0,0.0,0,0.0,0.0,0.76,0.0,1055012,273328,,,275574713602.1555
2020-11-08,14833.75390625,15637.3203125,14744.1103515625,15479.5673828125,26632075029,0.0426156675918463,0.0350125449088589,BTC-USD,0.0,0,0.0,0,0.0,0.0,0.6399999999999999,0.0,920529,243396,,,287333823623.85486
2020-11-09,15479.595703125,15785.13671875,14865.529296875,15332.3154296875,34149115566,-0.009558200327301,0.0354342035044002,BTC-USD,0.0,0,0.0,0,0.0,0.0,0.8,0.0,1188873,320528,,,284011407032.1132
2020-11-10,15332.3505859375,15450.3291015625,15124.9599609375,15290.90234375,25574938143,-0.0027046871096147,0.0343605750431314,BTC-USD,0.0,0,0.0,0,0.0,0.0,0.8,0.0,1026623,308276,,,284015391004.3896
2020-11-11,15290.9091796875,15916.2607421875,15290.0068359375,15701.33984375,29772374934,0.0264880155918153,0.0329765668072856,BTC-USD,0.0,0,0.0,0,0.0,0.0,0.72,0.0,1004339,318925,,,291667576115.5471
2020-11-12,15701.298828125,16305.00390625,15534.771484375,16276.34375,34175758344,0.0359667008912632,0.0335939316394646,BTC-USD,0.0,0,0.0,0,0.0,0.0,0.74,0.0,1064270,329630,,,302040192101.93146
2020-11-13,16276.4404296875,16463.177734375,15992.15234375,16317.80859375,31599492172,0.0025443132057155,0.0336971041652863,BTC-USD,0.0,0,0.0,0,0.0,0.0,0.78,0.0,999523,301426,,,302800641127.13446
2020-11-14,16317.80859375,16317.80859375,15749.193359375,16068.138671875,27481710135,-0.0154187164030507,0.0345243939740665,BTC-USD,0.0,0,0.0,0,0.0,0.0,0.8,0.0,915336,272079,,,298586257209.3901
2020-11-15,16068.1396484375,16123.1103515625,15793.5341796875,15955.587890625,23653867583,-0.0070292409260949,0.0346604929575361,BTC-USD,0.0,0,0.0,0,0.0,0.0,0.72,0.0,845204,248137,,,296464022985.17487
2020-11-16,15955.5771484375,16816.181640625,15880.7060546875,16716.111328125,31526766675,0.0465638986904128,0.0351382276766458,BTC-USD,0.0,0,0.0,0,0.0,0.0,0.8,0.0,1041491,312340,,,310505840495.72095
2020-11-17,16685.69140625,17782.919921875,16564.544921875,17645.40625,39006849170,0.0541024758441383,0.0365190004084328,BTC-USD,0.0,0,0.0,0,0.0,0.0,0.72,0.0,1142716,350945,,,327939414604.2494
2020-11-18,17645.19140625,18393.94921875,17352.90625,17804.005859375,49064800278,0.0089479998763616,0.0365677685158319,BTC-USD,0.0,0,0.0,0,0.0,0.0,0.8200000000000001,0.0,1197076,362407,,,330230533165.07886
2020-11-19,17803.861328125,18119.546875,17382.5546875,17817.08984375,36985055355,0.0007346200168832,0.0283049596216288,BTC-USD,0.0,0,0.0,0,0.0,0.0,0.8799999999999999,0.0,1052034,309724,,,330505057657.63434
2020-11-20,17817.083984375,18773.2265625,17765.794921875,18621.314453125,36992873940,0.0441487626981929,0.0295545538438036,BTC-USD,0.0,0,0.0,0,0.0,0.0,0.72,0.0,1177776,346562,,,346200022367.58093
2020-11-21,18621.31640625,18936.62109375,18444.359375,18642.232421875,39650210707,0.0011227042351799,0.0241782216942278,BTC-USD,0.0,0,0.0,0,0.0,0.0,0.8200000000000001,0.0,1007240,308830,,,347013829881.6223
2020-11-22,18642.232421875,18688.96875,17671.384765625,18370.001953125,41280434226,-0.0147105616597481,0.024237104924922,BTC-USD,0.0,0,0.0,0,0.0,0.0,0.8799999999999999,0.0,875364,273653,,,342880566989.43976
2020-11-23,18370.017578125,18711.42578125,18000.796875,18364.12109375,42741112308,-0.0003201850997088,0.0237185401857778,BTC-USD,0.0,0,0.0,0,0.0,0.0,0.8,0.0,1014814,301519,,,340867272937.9125
2020-11-24,18365.015625,19348.271484375,18128.65625,19107.46484375,51469565009,0.0396802677655616,0.0242736760123051,BTC-USD,0.0,0,0.0,0,0.0,0.0,0.76,0.0,1052398,330918,,,355298609040.9366
2020-11-25,19104.41015625,19390.96484375,18581.146484375,18732.12109375,43710357371,-0.019839332374638,0.0258294742868353,BTC-USD,0.0,0,0.0,0,0.0,0.0,0.8799999999999999,0.0,1127776,362628,,,347861028434.87366
2020-11-26,18729.83984375,18866.28515625,16351.03515625,17150.623046875,61396835737,-0.0882052536237857,0.0363626260637395,BTC-USD,0.0,0,0.0,0,0.0,0.0,0.8600000000000001,0.0,1115848,321713,,,317546987940.7591
2020-11-27,17153.9140625,17445.0234375,16526.423828125,17108.40234375,38886494645,-0.0024647942560283,0.036399891879583,BTC-USD,0.0,0,0.0,0,0.0,0.0,0.72,0.0,1099990,323696,,,317338674284.2633
2020-11-28,17112.93359375,17853.939453125,16910.65234375,17717.4140625,32601040734,0.0349782933002678,0.0368865960228516,BTC-USD,0.0,0,0.0,0,0.0,0.0,0.74,0.0,1038684,292638,,,329301680033.60706
2020-11-29,17719.634765625,18283.62890625,17559.1171875,18177.484375,31133957704,0.0256357047024101,0.0369653508574663,BTC-USD,0.0,0,0.0,0,0.0,0.0,0.78,0.0,875712,259705,,,337585701789.79
2020-11-30,18178.322265625,19749.263671875,18178.322265625,19625.8359375,47728480399,0.0766631523401536,0.0400455670524522,BTC-USD,0.0,0,0.0,0,0.0,0.0,0.76,0.0,903580,262264,,,364945525705.5228
2020-12-01,19633.76953125,19845.974609375,18321.921875,18802.998046875,49633658712,-0.0428305306024291,0.0404834468324908,BTC-USD,0.0,0,0.0,0,0.0,0.0,0.8999999999999999,0.0,1179012,378285,,,349303591166.3211
2020-12-02,18801.744140625,19308.330078125,18347.71875,19201.091796875,37387697139,0.0209508141373089,0.0407104690145659,BTC-USD,0.0,0,0.0,0,0.0,0.0,0.8400000000000001,0.0,1015318,327335,,,356636727016.0429
2020-12-03,19205.92578125,19566.19140625,18925.78515625,19445.3984375,31930317405,0.0126433160461806,0.0407299886207722,BTC-USD,0.0,0,0.0,0,0.0,0.0,0.8400000000000001,0.0,1165469,343706,,,361396895344.4884
2020-12-04,19446.966796875,19511.404296875,18697.193359375,18699.765625,33872388058,-0.0390994675242325,0.040847547631044,BTC-USD,0.0,0,0.0,0,0.0,0.0,0.8400000000000001,0.0,1070208,315591,,,347727590891.8358
2020-12-05,18698.384765625,19160.44921875,18590.193359375,19154.23046875,27242455064,0.0240126130758759,0.0413381559126239,BTC-USD,0.0,0,0.0,0,0.0,0.0,0.8600000000000001,0.0,1077064,283933,,,354829406548.3851
2020-12-06,19154.1796875,19390.5,18897.89453125,19345.12109375,25293775714,0.0099166443898985,0.0410986216242779,BTC-USD,0.0,0,0.0,0,0.0,0.0,0.8999999999999999,0.0,906549,256611,,,359332231927.7029
2020-12-07,19343.12890625,19411.828125,18931.142578125,19191.630859375,26896357742,-0.0079659565613177,0.0412067285064281,BTC-USD,0.0,0,0.0,0,0.0,0.0,0.8799999999999999,0.0,1017188,305857,,,356117524229.7686
2020-12-08,19191.529296875,19283.478515625,18269.9453125,18321.14453125,31692288756,-0.0464184595562448,0.0417563434459601,BTC-USD,0.0,0,0.0,0,0.0,0.0,0.8999999999999999,0.0,1057637,329557,,,340517159295.926
2020-12-09,18320.884765625,18626.29296875,17935.546875,18553.916015625,34420373071,0.0126250410295785,0.0416506573724914,BTC-USD,0.0,0,0.0,0,0.0,0.0,0.72,0.0,1059284,323845,,,344872497185.5556
2020-12-10,18553.298828125,18553.298828125,17957.064453125,18264.9921875,25547132265,-0.0156946402208056,0.0336745968955294,BTC-USD,0.0,0,0.0,0,0.0,0.0,0.8799999999999999,0.0,995137,311527,,,339691449525.13635
2020-12-11,18263.9296875,18268.453125,17619.533203125,18058.904296875,27919640985,-0.0113473565301514,0.0338987787160183,BTC-USD,0.0,0,0.0,0,0.0,0.0,0.78,0.0,1078069,304342,,,335379162360.3685
2020-12-12,18051.3203125,18919.55078125,18046.041015625,18803.65625,21752580802,0.0404124563234591,0.0343110831239519,BTC-USD,0.0,0,0.0,0,0.0,0.0,0.8,0.0,962538,296177,,,349349325775.85046
2020-12-13,18806.765625,19381.53515625,18734.33203125,19142.3828125,25450468637,0.0178535398272849,0.0339995942246032,BTC-USD,0.0,0,0.0,0,0.0,0.0,0.8200000000000001,0.0,938739,274709,,,355733532179.7954
2020-12-14,19144.4921875,19305.099609375,19012.708984375,19246.64453125,22473997681,0.0054318633379785,0.02680957874454,BTC-USD,0.0,0,0.0,0,0.0,0.0,0.8999999999999999,0.0,977389,313940,,,358177564948.9231
2020-12-15,19246.919921875,19525.0078125,19079.841796875,19417.076171875,26741982541,0.0088161584772036,0.0240839659226435,BTC-USD,0.0,0,0.0,0,0.0,0.0,0.8200000000000001,0.0,1047043,322798,,,360902935454.3275
2020-12-16,19418.818359375,21458.908203125,19298.31640625,21310.59765625,44409011479,0.0930515975767781,0.0340337121207172,BTC-USD,0.0,0,0.0,0,0.0,0.0,0.8400000000000001,0.0,1098912,313973,,,396917110350.8976
2020-12-17,21308.3515625,23642.66015625,21234.67578125,22805.162109375,71378606374,0.0677824271107488,0.037676941724188,BTC-USD,0.0,0,0.0,0,0.0,0.0,0.8400000000000001,0.0,1066159,308001,,,423282074598.6717
2020-12-18,22806.796875,23238.6015625,22399.8125,23137.9609375,40387896275,0.014487680725324,0.0347630561757379,BTC-USD,0.0,0,0.0,0,0.0,0.0,0.8999999999999999,0.0,1194851,377227,,,428124525372.75903
2020-12-19,23132.865234375,24085.85546875,22826.47265625,23869.83203125,38487546580,0.0311408041468401,0.0349535538948015,BTC-USD,0.0,0,0.0,0,0.0,0.0,0.8600000000000001,0.0,1158142,339766,,,443156630306.5704
2020-12-20,23861.765625,24209.66015625,23147.7109375,23477.294921875,37844228422,-0.0165816229456167,0.0359939829487054,BTC-USD,0.0,0,0.0,0,0.0,0.0,0.8400000000000001,0.0,1075417,282293,,,437081860159.9275
2020-12-21,23474.455078125,24059.982421875,22159.3671875,22803.08203125,45852713981,-0.0291380769323269,0.0373975131769959,BTC-USD,0.0,0,0.0,0,0.0,0.0,0.8400000000000001,0.0,1126710,274086,,,426120094395.1105
2020-12-22,22794.0390625,23789.90234375,22430.60546875,23783.029296875,44171632681,0.0420765679457784,0.0340339939881826,BTC-USD,0.0,0,0.0,0,0.0,0.0,0.76,0.0,1095221,322307,,,441365046263.01465
2020-12-23,23781.974609375,24024.490234375,22802.646484375,23241.345703125,51146161904,-0.0230394366630096,0.0358071603877091,BTC-USD,0.0,0,0.0,0,0.0,0.0,0.8600000000000001,0.0,1138302,337585,,,433034297725.0093
2020-12-24,23240.203125,23768.337890625,22777.59765625,23735.94921875,41080759713,0.0210579086503933,0.0346254268368513,BTC-USD,0.0,0,0.0,0,0.0,0.0,0.72,0.0,969168,271363,,,440491441936.2526
2020-12-25,23733.5703125,24710.1015625,23463.673828125,24664.791015625,42068395846,0.038386018170579,0.03384640990022,BTC-USD,0.0,0,0.0,0,0.0,0.0,0.8799999999999999,0.0,1021183,298020,,,458379042147.35565
2020-12-26,24677.015625,26718.0703125,24522.689453125,26437.037109375,48332647295,0.0693891860501813,0.03586706359794,BTC-USD,0.0,0,0.0,0,0.0,0.0,0.8600000000000001,0.0,957062,277615,,,492013050503.5615
2020-12-27,26439.373046875,28288.83984375,25922.76953125,26272.294921875,66479895605,-0.0062509888701238,0.0367694243755292,BTC-USD,0.0,0,0.0,0,0.0,0.0,0.8200000000000001,0.0,1049825,304240,,,491160219103.0907
2020-12-28,26280.822265625,27389.111328125,26207.640625,27084.80859375,49056742893,0.0304580432942412,0.0364769619835818,BTC-USD,0.0,0,0.0,0,0.0,0.0,0.8400000000000001,0.0,1154354,314503,,,502494772100.1416
2020-12-29,27081.810546875,27370.720703125,25987.298828125,27362.4375,45265946774,0.0101981764862759,0.0364333806258843,BTC-USD,0.0,0,0.0,0,0.0,0.0,0.8200000000000001,0.0,1146131,334580,,,506086032710.1856
2020-12-30,27360.08984375,28937.740234375,27360.08984375,28840.953125,51287442704,0.0526251818893512,0.0319026891447273,BTC-USD,0.0,0,0.0,0,0.0,0.0,0.8200000000000001,0.0,1221579,340919,,,536101921073.2669
2020-12-31,28841.57421875,29244.876953125,28201.9921875,29001.720703125,46754964848,0.0055588022290528,0.0291953813336474,BTC-USD,0.0,0,0.0,0,0.0,0.0,0.8999999999999999,0.0,1193822,338444,,,539441388030.4845
2021-01-01,28994.009765625,29600.626953125,28803.5859375,29374.15234375,40730301359,0.0127599528482266,0.0292112351226223,BTC-USD,0.0,0,0.0,0,0.0,0.0,0.8799999999999999,0.0,1001890,261318,,,546123272590.4994
2021-01-02,29376.455078125,33155.1171875,29091.181640625,32127.267578125,67865420765,0.0895900111488064,0.0349866220099464,BTC-USD,0.0,0,0.0,0,0.0,0.0,0.8799999999999999,0.0,1140633,297595,,,595262299159.9148
2021-01-03,32129.408203125,34608.55859375,32052.31640625,32782.0234375,78665235202,0.0201751724033931,0.0332686059422152,BTC-USD,0.0,0,0.0,0,0.0,0.0,0.8600000000000001,0.0,1184688,359641,,,618626936448.978
2021-01-04,32810.94921875,33440.21875,28722.755859375,31971.9140625,81163475344,-0.0250224673558166,0.0327789862041884,BTC-USD,0.0,0,0.0,0,0.0,0.0,0.8799999999999999,0.0,1270082,370865,,,591228627330.577
2021-01-05,31977.041015625,34437.58984375,30221.1875,33992.4296875,67547324782,0.0612800117132047,0.0339675393259722,BTC-USD,0.0,0,0.0,0,0.0,0.0,0.8600000000000001,0.0,1230529,355008,,,632366860903.1603
2021-01-06,34013.61328125,36879.69921875,33514.03515625,36824.36328125,75289433811,0.0800218282308806,0.0338034433043467,BTC-USD,0.0,0,0.0,0,0.0,0.0,0.8999999999999999,0.0,1344921,398455,,,681305813105.2504
2021-01-07,36833.875,40180.3671875,36491.19140625,39371.04296875,84762141031,0.0668709242585274,0.0347751683558164,BTC-USD,0.0,0,0.0,0,0.0,0.0,0.8200000000000001,0.0,1292297,402123,,,729174942657.4891
2021-01-08,39381.765625,41946.73828125,36838.63671875,40797.609375,88107519480,0.0355928898794487,0.0347693384862866,BTC-USD,0.0,0,0.0,0,0.0,0.0,0.8600000000000001,0.0,1237271,358440,,,758214680099.2676
2021-01-09,40788.640625,41436.3515625,38980.875,40254.546875,61984162837,-0.0134005226205133,0.0356725205295264,BTC-USD,0.0,0,0.0,0,0.0,0.0,0.8600000000000001,0.0,1094947,318922,,,750723981944.456
2021-01-10,40254.21875,41420.19140625,35984.62890625,38356.44140625,79980747690,-0.0483004859568667,0.0404172025888039,BTC-USD,0.0,0,0.0,0,0.0,0.0,0.8799999999999999,0.0,1177151,332604,,,712801739056.71
2021-01-11,38346.53125,38346.53125,30549.599609375,35566.65625,123320567399,-0.0755139006037258,0.0487831291179303,BTC-USD,0.0,0,0.0,0,0.0,0.0,0.8,0.0,1211948,333441,,,655932811964.7596
2021-01-12,35516.359375,36568.52734375,32697.9765625,33922.9609375,74773277909,-0.0473164778588287,0.0519425104393398,BTC-USD,0.0,0,0.0,0,0.0,0.0,0.6799999999999999,0.0,1202314,336350,,,627006493875.7682
2021-01-13,33915.12109375,37599.9609375,32584.66796875,37316.359375,69364315979,0.0953397207362558,0.0554372701344261,BTC-USD,0.0,0,0.0,0,0.0,0.0,0.56,0.0,1163164,320071,,,693700965812.7666
2021-01-14,37325.109375,39966.40625,36868.5625,39187.328125,63615990033,0.0489216127788524,0.0558741203778223,BTC-USD,0.0,0,0.0,0,0.0,0.0,0.6599999999999999,0.0,1167975,338553,,,726267001112.6581
2021-01-15,39156.70703125,39577.7109375,34659.58984375,36825.3671875,67760757881,-0.0621664989723079,0.0601968586477545,BTC-USD,0.0,0,0.0,0,0.0,0.0,0.76,0.0,1209589,345053,,,682866609536.3408
2021-01-16,36821.6484375,37864.3671875,35633.5546875,36178.140625,57706187875,-0.0177318471436198,0.0568662415628219,BTC-USD,0.0,0,0.0,0,0.0,0.0,0.6799999999999999,0.0,1115276,308421,,,672984205338.4072
2021-01-17,36163.6484375,36722.3515625,34069.3203125,35791.27734375,52359854336,-0.010750872199338,0.0569776397447116,BTC-USD,0.0,0,0.0,0,0.0,0.0,0.5800000000000001,0.0,1002014,268872,,,671017747596.7164
2021-01-18,35792.23828125,37299.28515625,34883.84375,36630.07421875,49511702429,0.0231653888592286,0.0563941758023519,BTC-USD,0.0,0,0.0,0,0.0,0.0,0.5800000000000001,0.0,1077578,313873,,,680805649185.9204
2021-01-19,36642.234375,37755.890625,36069.8046875,36069.8046875,57244195486,-0.0154135228801926,0.0546993994356726,BTC-USD,0.0,0,0.0,0,0.0,0.0,0.6000000000000001,0.0,1095890,326366,,,674436786184.2588
2021-01-20,36050.11328125,36378.328125,33570.4765625,35547.75,66834573161,-0.0145792169753381,0.0502821187593419,BTC-USD,0.0,0,0.0,0,0.0,0.0,0.56,0.0,1107233,315516,,,660799562908.8003
2021-01-21,35549.3984375,35552.6796875,30250.75,30825.69921875,75643067688,-0.1425281308183599,0.0585221088586266,BTC-USD,0.0,0,0.0,0,0.0,0.0,0.5,0.0,1059467,288464,,,577236765327.8912
2021-01-22,30817.625,33811.8515625,28953.373046875,33005.76171875,77207272511,0.0683334114753021,0.0613898940804304,BTC-USD,0.0,0,0.0,0,0.0,0.0,-0.1999999999999999,0.0,1115180,326671,,,613799933930.6252
2021-01-23,32985.7578125,33360.9765625,31493.16015625,32067.642578125,48354737975,-0.0288346413942693,0.0614947725437773,BTC-USD,0.0,0,0.0,0,0.0,0.0,0.48,0.0,1128728,303320,,,596151049200.8364
2021-01-24,32064.376953125,32944.0078125,31106.685546875,32289.37890625,48643830599,0.0068908473517431,0.061048906949882,BTC-USD,0.0,0,0.0,0,0.0,0.0,0.3999999999999999,0.0,1004162,254109,,,599525276803.4537
2021-01-25,32285.798828125,34802.7421875,32087.787109375,32366.392578125,59897054838,0.0023822686367903,0.0583336408051528,BTC-USD,0.0,0,0.0,0,0.0,0.0,0.48,0.0,1121794,312958,,,603342567061.9476
2021-01-26,32358.61328125,32794.55078125,31030.265625,32569.849609375,60255421470,0.0062663834606839,0.0572132725505489,BTC-USD,0.0,0,0.0,0,0.0,0.0,0.4199999999999999,0.0,1182517,335923,,,607487059172.2292
2021-01-27,32564.029296875,32564.029296875,29367.138671875,30432.546875,62576762015,-0.0678743452244091,0.0520495768795199,BTC-USD,0.0,0,0.0,0,0.0,0.0,0.56,0.0,1106142,323598,,,565048354264.0007
2021-01-28,30441.041015625,33858.3125,30023.20703125,33466.09765625,76517157706,0.0950202595471698,0.0575430992603187,BTC-USD,0.0,0,0.0,0,0.0,0.0,0.1,0.0,1097896,325159,,,623751131789.6173
2021-01-29,34318.671875,38406.26171875,32064.814453125,34316.38671875,117894572511,0.0250900708478179,0.0563191300848544,BTC-USD,0.0,0,0.0,0,0.0,0.0,0.54,0.0,1208741,339577,,,635972641065.8976
2021-01-30,34295.93359375,34834.70703125,32940.1875,34269.5234375,65141828798,-0.0013665573129015,0.056205165110106,BTC-USD,0.0,0,0.0,0,0.0,0.0,0.52,0.0,1087755,313065,,,639422511060.5605
2021-01-31,34270.87890625,34288.33203125,32270.17578125,33114.359375,52754542671,-0.0342894233895723,0.0567759590445355,BTC-USD,0.0,0,0.0,0,0.0,0.0,0.56,0.0,1063553,287082,,,617261741250.7816
2021-02-01,33114.578125,34638.21484375,32384.228515625,33537.17578125,61400400660,0.0126875420679964,0.0564363226700136,BTC-USD,0.0,0,0.0,0,0.0,0.0,0.54,0.0,999221,283467,,,624964623033.4149
2021-02-02,33533.19921875,35896.8828125,33489.21875,35510.2890625,63088585433,0.0571679388794204,0.0588183312381029,BTC-USD,0.0,0,0.0,0,0.0,0.0,0.52,0.0,1202183,363397,,,662713622887.4319
2021-02-03,35510.8203125,37480.1875,35443.984375,37472.08984375,61166818159,0.0537738978015389,0.0604297179995853,BTC-USD,0.0,0,0.0,0,0.0,0.0,0.56,0.0,1187019,345764,,,699653042694.9592
2021-02-04,37475.10546875,38592.17578125,36317.5,36926.06640625,68838074392,-0.0146786767038231,0.0440659831378358,BTC-USD,0.0,0,0.0,0,0.0,0.0,0.6000000000000001,0.0,1226684,367536,,,691327294031.8641
2021-02-05,36931.546875,38225.90625,36658.76171875,38144.30859375,58598066402,0.0324588533084329,0.041566573594254,BTC-USD,0.0,0,0.0,0,0.0,0.0,0.6200000000000001,0.0,1257476,360061,,,708426864829.8851
2021-02-06,38138.38671875,40846.546875,38138.38671875,39266.01171875,71326033653,0.0289827412811311,0.0402260980165673,BTC-USD,0.0,0,0.0,0,0.0,0.0,0.6799999999999999,0.0,1147256,328082,,,732604037089.1453
2021-02-07,39250.19140625,39621.8359375,37446.15234375,38903.44140625,65500641143,-0.0092765881834047,0.0406896655321065,BTC-USD,0.0,0,0.0,0,0.0,0.0,0.72,0.0,1159518,286807,,,726334667736.0048
2021-02-08,38886.828125,46203.9296875,38076.32421875,46196.46484375,101467222687,0.1718205618881232,0.0584931593062372,BTC-USD,0.0,0,0.0,0,0.0,0.0,0.6599999999999999,0.0,1249543,340919,,,858953685019.9965
2021-02-09,46184.9921875,48003.72265625,45166.9609375,46481.10546875,91809846886,0.0061426193854515,0.0584962848753117,BTC-USD,0.0,0,0.0,0,0.0,0.0,0.8999999999999999,0.0,1174227,359788,,,866933160142.6617
2021-02-10,46469.76171875,47145.56640625,43881.15234375,44918.18359375,87301089896,-0.0342032034296281,0.0549508680718217,BTC-USD,0.0,0,0.0,0,0.0,0.0,0.8400000000000001,0.0,1191329,340736,,,839594904533.2678
2021-02-11,44898.7109375,48463.46875,44187.76171875,47909.33203125,81388911810,0.0644676160583937,0.0526341619537161,BTC-USD,0.0,0,0.0,0,0.0,0.0,0.8600000000000001,0.0,1052110,301861,,,892058461589.6199
2021-02-12,47877.03515625,48745.734375,46424.9765625,47504.8515625,76555041196,-0.0084784646579245,0.0534192543302589,BTC-USD,0.0,0,0.0,0,0.0,0.0,0.8400000000000001,0.0,1157108,347247,,,885253081022.2079
2021-02-13,47491.203125,48047.74609375,46392.28125,47105.515625,70250456155,-0.0084417452518201,0.0537025565161579,BTC-USD,0.0,0,0.0,0,0.0,0.0,0.8400000000000001,0.0,1217682,333184,,,879402263106.5962
2021-02-14,47114.5078125,49487.640625,47114.5078125,48717.2890625,71248675228,0.0336438799062384,0.0511638674512998,BTC-USD,0.0,0,0.0,0,0.0,0.0,0.8999999999999999,0.0,1122976,297041,,,909647017116.4132
2021-02-15,48696.53515625,48875.5703125,46347.4765625,47945.05859375,77069903166,-0.0159782359288124,0.0523650353178221,BTC-USD,0.0,0,0.0,0,0.0,0.0,0.8600000000000001,0.0,1140491,312281,,,896287524856.9435
2021-02-16,47944.45703125,50341.1015625,47201.3046875,49199.87109375,77049582886,0.0258352607407487,0.0515723433561512,BTC-USD,0.0,0,0.0,0,0.0,0.0,0.8999999999999999,0.0,989854,293716,,,915516034419.288
2021-02-17,49207.27734375,52533.9140625,49072.37890625,52149.0078125,80820545404,0.0582141521695215,0.0517874357290765,BTC-USD,0.0,0,0.0,0,0.0,0.0,0.8999999999999999,0.0,1134666,318209,,,973028220227.9847
2021-02-18,52140.97265625,52474.10546875,51015.765625,51679.796875,52054723579,-0.0090382265893042,0.0514877409717337,BTC-USD,0.0,0,0.0,0,0.0,0.0,0.8200000000000001,0.0,1138881,317446,,,962361657680.0498
2021-02-19,51675.98046875,56113.65234375,50937.27734375,55888.1328125,63495496918,0.0782851354369316,0.0534841317350392,BTC-USD,0.0,0,0.0,0,0.0,0.0,0.8600000000000001,0.0,1248515,340244,,,1040119985987.2584
2021-02-20,55887.3359375,57505.2265625,54626.55859375,56099.51953125,68145460026,0.0037751835203801,0.0538456270953665,BTC-USD,0.0,0,0.0,0,0.0,0.0,0.8200000000000001,0.0,1187083,321732,,,1040940814716.2908
2021-02-21,56068.56640625,58330.5703125,55672.609375,57539.9453125,51897585191,0.025352159710532,0.0529133365469906,BTC-USD,0.0,0,0.0,0,0.0,0.0,0.8200000000000001,0.0,1047141,272006,,,1071530978098.8726
2021-02-22,57532.73828125,57533.390625,48967.56640625,54207.3203125,92052420332,-0.0596634472552541,0.0387802105355505,BTC-USD,0.0,0,0.0,0,0.0,0.0,0.8799999999999999,0.0,1094544,284119,,,1005448041778.174
2021-02-23,54204.9296875,54204.9296875,45290.58984375,48824.42578125,106102492824,-0.104585244501009,0.0496951344693441,BTC-USD,0.0,0,0.0,0,0.0,0.0,0.8799999999999999,0.0,1054613,288011,,,905007959206.9448
2021-02-24,48835.0859375,51290.13671875,47213.5,49705.33203125,63695521388,0.0178814957381204,0.0485917302176803,BTC-USD,0.0,0,0.0,0,0.0,0.0,0.52,0.0,1230122,354258,,,923821685553.8048
2021-02-25,49709.08203125,51948.96875,47093.8515625,47093.8515625,54506565949,-0.0539697592520517,0.0481689150373553,BTC-USD,0.0,0,0.0,0,0.0,0.0,0.5800000000000001,0.0,1217040,328850,,,886607289246.5886
2021-02-26,47180.46484375,48370.78515625,44454.84375,46339.76171875,350967941479,-0.0161420754568873,0.0483010341198079,BTC-USD,0.0,0,0.0,0,0.0,0.0,0.1,0.0,1114180,305149,,,861739395614.1508
2021-02-27,46344.7734375,48253.26953125,45269.02734375,46188.453125,45910946382,-0.003270542479989,0.048265879037103,BTC-USD,0.0,0,0.0,0,0.0,0.0,0.1200000000000001,0.0,1202477,322758,,,854379730435.3794
2021-02-28,46194.015625,46716.4296875,43241.6171875,45137.76953125,53443887451,-0.0230104765667612,0.0474697652963983,BTC-USD,0.0,0,0.0,0,0.0,0.0,0.1,0.0,1033508,252499,,,845561698558.5696
2021-03-01,45159.50390625,49784.015625,45115.09375,49631.2421875,53891300112,0.0949011603271388,0.0543319605659314,BTC-USD,0.0,0,0.0,0,0.0,0.0,-0.24,0.0,1073523,278708,,,925293484700.9192
2021-03-02,49612.10546875,50127.51171875,47228.84375,48378.98828125,47530897720,-0.0255549252084907,0.0543678461873719,BTC-USD,0.0,0,0.0,0,0.0,0.0,0.56,0.0,1119669,340722,,,900547396139.7251
2021-03-03,48415.81640625,52535.13671875,48274.3203125,50538.2421875,53220811975,0.0436647276939014,0.0532727699057251,BTC-USD,0.0,0,0.0,0,0.0,0.0,0.56,0.0,1185450,332985,,,945073444270.1716
2021-03-04,50522.3046875,51735.08984375,47656.9296875,48561.16796875,52343816680,-0.0399061221991278,0.0542063298631326,BTC-USD,0.0,0,0.0,0,0.0,0.0,0.6799999999999999,0.0,1042797,290966,,,903765934807.9712
2021-03-05,48527.03125,49396.4296875,46542.515625,48927.3046875,48625928883,0.0075114201765359,0.0489418906724474,BTC-USD,0.0,0,0.0,0,0.0,0.0,0.54,0.0,1154593,315193,,,909927285417.9524
2021-03-06,48899.23046875,49147.21875,47257.52734375,48912.3828125,34363564661,-0.0003050270395783,0.0488688440204549,BTC-USD,0.0,0,0.0,0,0.0,0.0,0.54,0.0,1147083,288073,,,913138122157.5786
2021-03-07,48918.6796875,51384.3671875,48918.6796875,51206.69140625,43137459378,0.0458396233606819,0.0502883536318171,BTC-USD,0.0,0,0.0,0,0.0,0.0,0.52,0.0,1043256,259265,,,952640081754.0468
2021-03-08,51174.1171875,52314.0703125,49506.0546875,52246.5234375,48597428048,0.0201031365155021,0.0485122179703093,BTC-USD,0.0,0,0.0,0,0.0,0.0,0.6200000000000001,0.0,1164249,294249,,,971375568436.1802
2021-03-09,52272.96875,54824.1171875,51981.83203125,54824.1171875,50912227385,0.0481568402532353,0.0402999756689568,BTC-USD,0.0,0,0.0,0,0.0,0.0,0.6200000000000001,0.0,1088598,299423,,,1020854485706.3766
2021-03-10,54824.01171875,57258.25390625,53290.890625,56008.55078125,57295577614,0.0213741797980277,0.0403747371745482,BTC-USD,0.0,0,0.0,0,0.0,0.0,0.3600000000000001,0.0,1165773,342661,,,1046585269945.1644
2021-03-11,55963.1796875,58091.0625,54484.59375,57805.12109375,56772343595,0.0315730003902977,0.0364733509445925,BTC-USD,0.0,0,0.0,0,0.0,0.0,0.4599999999999999,0.0,1084417,293471,,,1078920786628.1328
2021-03-12,57821.21875,57996.62109375,55376.6484375,57332.08984375,55689944702,-0.0082168728531155,0.0360175297019033,BTC-USD,0.0,0,0.0,0,0.0,0.0,0.3999999999999999,0.0,1186618,320069,,,1069413682211.764
2021-03-13,57343.37109375,61683.86328125,56217.97265625,61243.0859375,60669829814,0.0659904612617127,0.037987526182676,BTC-USD,0.0,0,0.0,0,0.0,0.0,0.48,0.0,1104466,276253,,,1143221861398.156
2021-03-14,61221.1328125,61597.91796875,59302.31640625,59302.31640625,43901225564,-0.0322025926592887,0.0388603391811701,BTC-USD,0.0,0,0.0,0,0.0,0.0,0.56,0.0,1155175,305716,,,1117480223465.9624
2021-03-15,59267.4296875,60540.9921875,55393.1640625,55907.19921875,66419369890,-0.0589552084168218,0.0376309205230015,BTC-USD,0.0,0,0.0,0,0.0,0.0,0.52,0.0,1167577,295380,,,1046936085343.0632
2021-03-16,55840.78515625,56833.1796875,53555.02734375,56804.90234375,59749798599,0.0159294715476091,0.0363542649951308,BTC-USD,0.0,0,0.0,0,0.0,0.0,0.4199999999999999,0.0,1161912,319854,,,1054064969221.1396
2021-03-17,56825.828125,58969.81640625,54528.62890625,58870.89453125,60258313191,0.0357241870803577,0.035872057808125,BTC-USD,0.0,0,0.0,0,0.0,0.0,0.4199999999999999,0.0,1110541,290856,,,1094833523737.9852
2021-03-18,58893.078125,60116.25,54253.578125,57858.921875,55746041000,-0.0173391519166133,0.0338642278646039,BTC-USD,0.0,0,0.0,0,0.0,0.0,0.4399999999999999,0.0,1219716,335857,,,1077134892562.373
2021-03-19,57850.44140625,59498.375,56643.703125,58346.65234375,49063873786,0.0083943190505801,0.0338550177429479,BTC-USD,0.0,0,0.0,0,0.0,0.0,0.4199999999999999,0.0,1158820,315088,,,1085335421881.5612
2021-03-20,58332.26171875,60031.28515625,58213.296875,58313.64453125,50361731222,-0.0005658791253751,0.0338627232083854,BTC-USD,0.0,0,0.0,0,0.0,0.0,0.5,0.0,1124513,281882,,,1086879746950.0336
2021-03-21,58309.9140625,58767.8984375,56005.6171875,57523.421875,51943414539,-0.0136439041398464,0.0330884310606682,BTC-USD,0.0,0,0.0,0,0.0,0.0,0.4599999999999999,0.0,1112554,240660,,,1072009014284.5457
2021-03-22,57517.890625,58471.48046875,54288.15625,54529.14453125,56521454974,-0.053456881044433,0.0367133912908318,BTC-USD,0.0,0,0.0,0,0.0,0.0,0.3999999999999999,0.0,1144113,295471,,,1016175922879.4512
2021-03-23,54511.66015625,55985.44140625,53470.6953125,54738.9453125,56435023914,0.0038401154329438,0.0343605947708866,BTC-USD,0.0,0,0.0,0,0.0,0.0,0.32,0.0,1234149,316687,,,1018292446531.0492
2021-03-24,54710.48828125,57262.3828125,52514.33203125,52774.265625,70567223787,-0.0365517577776576,0.0350550043908268,BTC-USD,0.0,0,0.0,0,0.0,0.0,0.3,0.0,1153475,301818,,,981610902742.6876
2021-03-25,52726.74609375,53392.38671875,50856.5703125,51704.16015625,67999812841,-0.0204854329155564,0.033697707817777,BTC-USD,0.0,0,0.0,0,0.0,0.0,0.1999999999999999,0.0,1218346,320449,,,962095893978.6096
2021-03-26,51683.01171875,55137.3125,51579.85546875,55137.3125,56652197978,0.0642884193198935,0.0388361996758833,BTC-USD,0.0,0,0.0,0,0.0,0.0,0.08,0.0,1085835,293636,,,1023188726799.0096
2021-03-27,55137.56640625,56568.21484375,54242.91015625,55973.51171875,47266542233,0.0150519089748232,0.0339792801634479,BTC-USD,0.0,0,0.0,0,0.0,0.0,0.3,0.0,1149403,286113,,,1045679651161.9392
2021-03-28,55974.94140625,56610.3125,55071.11328125,55950.74609375,47686580918,-0.0004068041327035,0.0331770460868315,BTC-USD,0.0,0,0.0,0,0.0,0.0,0.48,0.0,1063472,244181,,,1040008229552.0004
2021-03-29,55947.8984375,58342.09765625,55139.33984375,57750.19921875,57625587027,0.031655029393317,0.0303850290301323,BTC-USD,0.0,0,0.0,0,0.0,0.0,0.4399999999999999,0.0,1115525,307500,,,1074749924159.922
2021-03-30,57750.1328125,59447.22265625,57251.55078125,58917.69140625,54414116432,0.0200146099199841,0.0305450063822121,BTC-USD,0.0,0,0.0,0,0.0,0.0,0.4399999999999999,0.0,1154381,323613,,,1095587035147.4468
2021-03-31,58930.27734375,59930.02734375,57726.41796875,58918.83203125,65520826225,1.935944759335448e-05,0.0290198348047352,BTC-USD,0.0,0,0.0,0,0.0,0.0,0.52,0.0,1234495,330775,,,1097654385790.0288
2021-04-01,58926.5625,59586.0703125,58505.27734375,59095.80859375,61669163792,0.0029992328786879,0.0285877844071206,BTC-USD,0.0,0,0.0,0,0.0,0.0,0.48,0.0,1145125,315091,,,1098207717359.3289
2021-04-02,59098.87890625,60267.1875,58869.28125,59384.3125,58727860620,0.0048700908440883,0.0285379825724862,BTC-USD,0.0,0,0.0,0,0.0,0.0,0.48,0.0,1103476,302587,,,1102228015142.824
2021-04-03,59397.41015625,60110.26953125,57603.890625,57603.890625,59641344484,-0.0304399811679686,0.0297750163378058,BTC-USD,0.0,0,0.0,0,0.0,0.0,0.4599999999999999,0.0,1020968,278911,,,1069615151362.5052
2021-04-04,57604.83984375,58913.74609375,57168.67578125,58758.5546875,50749662970,0.0198466431323784,0.0300145832630881,BTC-USD,0.0,0,0.0,0,0.0,0.0,0.48,0.0,1032167,247000,,,1086843565004.3844
2021-04-05,58760.875,59891.296875,57694.82421875,59057.87890625,60706272115,0.0050812073262131,0.0255058576233924,BTC-USD,0.0,0,0.0,0,0.0,0.0,0.4199999999999999,0.0,1229289,289931,,,1097239539433.6884
2021-04-06,59171.93359375,59479.578125,57646.80859375,58192.359375,66058027988,-0.0147638975496215,0.0260881313328721,BTC-USD,0.0,0,0.0,0,0.0,0.0,0.5,0.0,1180036,310254,,,1084746506903.4188
2021-04-07,58186.5078125,58731.14453125,55604.0234375,56048.9375,75645303584,-0.0375288708531642,0.0262070666995189,BTC-USD,0.0,0,0.0,0,0.0,0.0,0.4399999999999999,0.0,1246138,318898,,,1050864084696.7625
2021-04-08,56099.9140625,58338.73828125,55879.0859375,58323.953125,53053855641,0.0397876757042268,0.026766928172864,BTC-USD,0.0,0,0.0,0,0.0,0.0,0.4599999999999999,0.0,1092604,280374,,,1082597392462.6052
2021-04-09,58326.5625,58937.046875,57807.86328125,58245.00390625,46655208546,-0.0013545498361146,0.0214922112880457,BTC-USD,0.0,0,0.0,0,0.0,0.0,0.3999999999999999,0.0,1222362,322101,,,1084303948234.4208
2021-04-10,58253.77734375,61276.6640625,58038.70703125,59793.234375,58238470525,0.0262341980966649,0.0221360243878113,BTC-USD,0.0,0,0.0,0,0.0,0.0,0.3999999999999999,0.0,1163952,300140,,,1114243840831.5618
2021-04-11,59846.23046875,60790.5546875,59289.796875,60204.96484375,46280252580,0.0068623043874026,0.0220918469933332,BTC-USD,0.0,0,0.0,0,0.0,0.0,0.52,0.0,1043812,254567,,,1119553954624.0093
2021-04-12,60175.9453125,61253.03515625,59589.875,59893.453125,51828688519,-0.0051876189981433,0.0208626770952394,BTC-USD,0.0,0,0.0,0,0.0,0.0,0.48,0.0,1126723,291473,,,1119103609635.15
2021-04-13,59890.01953125,63742.28515625,59869.95703125,63503.45703125,69983454362,0.0585271434502676,0.0253842430563615,BTC-USD,0.0,0,0.0,0,0.0,0.0,0.48,0.0,1178027,310996,,,1185285134032.0027
2021-04-14,63523.75390625,64863.09765625,61554.796875,63109.6953125,77451779687,-0.0062199381491709,0.0255393988773883,BTC-USD,0.0,0,0.0,0,0.0,0.0,0.5,0.0,1149773,295564,,,1174574736641.0183
2021-04-15,63075.1953125,63821.671875,62208.96484375,63314.01171875,60954381579,0.0032322511169766,0.0255381350512896,BTC-USD,0.0,0,0.0,0,0.0,0.0,0.5800000000000001,0.0,1366494,358905,,,1181399636375.8345
2021-04-16,63258.50390625,63594.72265625,60222.53125,61572.7890625,84293007468,-0.0278866218745685,0.0270021271271649,BTC-USD,0.0,0,0.0,0,0.0,0.0,0.56,0.0,933121,218612,,,1150423144089.1687
2021-04-17,61529.921875,62572.17578125,60361.3515625,60683.8203125,66138759198,-0.0145429261014051,0.0258146629923583,BTC-USD,0.0,0,0.0,0,0.0,0.0,0.52,0.0,828375,195677,,,1126350100665.6367
2021-04-18,60701.88671875,61057.45703125,52829.53515625,56216.18359375,97468872758,-0.0764724310981193,0.033016713218272,BTC-USD,0.0,0,0.0,0,0.0,0.0,0.5800000000000001,0.0,1057891,276174,,,1053684397565.066
2021-04-19,56191.5859375,57520.0546875,54368.59375,55724.265625,65344865159,-0.0087889791177966,0.0329584652461911,BTC-USD,0.0,0,0.0,0,0.0,0.0,0.48,0.0,884672,207290,,,1042667048311.7
2021-04-20,55681.79296875,57062.1484375,53448.046875,56473.03125,67849323955,0.013347500558966,0.0331180358868713,BTC-USD,0.0,0,0.0,0,0.0,0.0,0.4599999999999999,0.0,1126908,280365,,,1055348665899.2488
2021-04-21,56471.12890625,56757.97265625,53695.46875,53906.08984375,54926612466,-0.0465197455418273,0.0339341352068284,BTC-USD,0.0,0,0.0,0,0.0,0.0,0.4599999999999999,0.0,918079,226747,,,1009625741734.94
2021-04-22,53857.10546875,55410.23046875,50583.8125,51762.2734375,74798630778,-0.0405818837468071,0.0329623588825048,BTC-USD,0.0,0,0.0,0,0.0,0.0,0.3,0.0,1114976,269958,,,969610235958.1946
2021-04-23,51739.80859375,52120.79296875,47714.6640625,51093.65234375,86668667320,-0.0130013026852043,0.032914403033742,BTC-USD,0.0,0,0.0,0,0.0,0.0,0.1,0.0,1114180,296653,,,952325970164.5905
2021-04-24,51143.2265625,51167.5625,48805.28515625,50050.8671875,49014494781,-0.0206204371801107,0.0313626102119599,BTC-USD,0.0,0,0.0,0,0.0,0.0,-0.26,0.0,1125210,291934,,,939756772128.2932
2021-04-25,50052.83203125,50506.01953125,47159.484375,49004.25390625,46117114240,-0.0211327232789663,0.030908312803944,BTC-USD,0.0,0,0.0,0,0.0,0.0,-0.38,0.0,1026103,241657,,,914885342157.6128
2021-04-26,49077.79296875,54288.00390625,48852.796875,54021.75390625,58284039825,0.0974797068019545,0.0431106018235276,BTC-USD,0.0,0,0.0,0,0.0,0.0,-0.4599999999999999,0.0,943203,241837,,,1008313501251.2382
2021-04-27,54030.3046875,55416.96484375,53319.1875,55033.1171875,49448222757,0.0185483191486537,0.0395901800814997,BTC-USD,0.0,0,0.0,0,0.0,0.0,0.0,0.0,1092574,297541,,,1028618591575.4896
2021-04-28,55036.63671875,56227.20703125,53887.91796875,54824.703125,48000572955,-0.0037942553737364,0.0396143598014521,BTC-USD,0.0,0,0.0,0,0.0,0.0,0.1799999999999999,0.0,1113474,276370,,,1024187402746.428
2021-04-29,54858.08984375,55115.84375,52418.02734375,53555.109375,46088929780,-0.0234296738251332,0.0395674319417561,BTC-USD,0.0,0,0.0,0,0.0,0.0,0.04,0.0,986056,256358,,,1001416180883.3396
2021-04-30,53568.6640625,57900.71875,53129.6015625,57750.17578125,52395931985,0.0754151877209619,0.0455483152896255,BTC-USD,0.0,0,0.0,0,0.0,0.0,0.02,0.0,1122022,292939,,,1079506639631.2823
2021-05-01,57714.6640625,58448.33984375,57052.2734375,57828.05078125,42836427360,0.0013475723603123,0.0454788348404837,BTC-USD,0.0,0,0.0,0,0.0,0.0,0.3600000000000001,0.0,1040203,260173,,,1081840491823.9226
2021-05-02,57825.86328125,57902.59375,56141.90625,56631.078125,38177405335,-0.0209160475902243,0.0407994824533386,BTC-USD,0.0,0,0.0,0,0.0,0.0,0.32,0.0,1248724,235137,,,1057768979625.265
2021-05-03,56620.2734375,58973.30859375,56590.87109375,57200.29296875,51713139031,0.0100011022054022,0.0407785666939562,BTC-USD,0.0,0,0.0,0,0.0,0.0,0.2199999999999999,0.0,1268856,288071,,,1070367974740.327
2021-05-04,57214.1796875,57214.1796875,53191.42578125,53333.5390625,68564706967,-0.0699936362237769,0.0448533313675572,BTC-USD,0.0,0,0.0,0,0.0,0.0,0.3600000000000001,0.0,1293836,300350,,,1004629436534.239
2021-05-05,53252.1640625,57911.36328125,52969.0546875,57424.0078125,69241316747,0.0738970864744768,0.0475544873540315,BTC-USD,0.0,0,0.0,0,0.0,0.0,-0.04,0.0,1208973,309762,,,1072339978638.4128
2021-05-06,57441.30859375,58363.31640625,55382.5078125,56396.515625,69523285106,-0.0180550935576416,0.0462750844985696,BTC-USD,0.0,0,0.0,0,0.0,0.0,0.3,0.0,1228892,310841,,,1057165033263.2084
2021-05-07,56413.953125,58606.6328125,55321.84765625,57356.40234375,68434023376,0.0168770967814349,0.0460134003898815,BTC-USD,0.0,0,0.0,0,0.0,0.0,0.28,0.0,1187763,306397,,,1072444644671.5032
2021-05-08,57352.765625,59464.61328125,56975.2109375,58803.77734375,65382980634,0.0249216197027896,0.0454206945293984,BTC-USD,0.0,0,0.0,0,0.0,0.0,0.3400000000000001,0.0,1169650,275777,,,1098599047838.2188
2021-05-09,58877.390625,59210.8828125,56482.00390625,58232.31640625,65906690347,-0.0097656280340285,0.0448907617387728,BTC-USD,0.0,0,0.0,0,0.0,0.0,0.4599999999999999,0.0,1234486,246707,,,1090293033441.2048
2021-05-10,58250.87109375,59519.35546875,54071.45703125,55859.796875,71776546298,-0.0415955411597145,0.0396829263031618,BTC-USD,0.0,0,0.0,0,0.0,0.0,0.4399999999999999,0.0,1315147,305887,,,1045734857476.9222
2021-05-11,55847.2421875,56872.54296875,54608.65234375,56704.57421875,61308396325,0.0150099573442893,0.0395832395799432,BTC-USD,0.0,0,0.0,0,0.0,0.0,0.2199999999999999,0.0,1258920,309496,,,1059061727701.456
2021-05-12,56714.53125,57939.36328125,49150.53515625,49150.53515625,75215403907,-0.142967146773037,0.0554737559440369,BTC-USD,0.0,0,0.0,0,0.0,0.0,0.3600000000000001,0.0,1245595,301570,,,953611860142.777
2021-05-13,49735.43359375,51330.84375,46980.01953125,49716.19140625,96721152926,0.0114429281100927,0.0555010692523774,BTC-USD,0.0,0,0.0,0,0.0,0.0,-0.38,0.0,1187747,274151,,,923658096009.8988
2021-05-14,49682.98046875,51438.1171875,48868.578125,49880.53515625,55737497453,0.0033001867597661,0.0505587891829991,BTC-USD,0.0,0,0.0,0,0.0,0.0,-0.48,0.0,1066269,267317,,,935464104038.4888
2021-05-15,49855.49609375,50639.6640625,46664.140625,46760.1875,59161047474,-0.0645987031952838,0.0524117615668561,BTC-USD,0.0,0,0.0,0,0.0,0.0,-0.4599999999999999,0.0,953308,231360,,,880315632142.708
2021-05-16,46716.63671875,49720.04296875,43963.3515625,46456.05859375,64047871555,-0.006525257090234,0.0524316073744052,BTC-USD,0.0,0,0.0,0,0.0,0.0,-0.6,0.0,971649,219486,,,861166199739.012
2021-05-17,46415.8984375,46623.55859375,42207.2890625,43537.51171875,74903638450,-0.0648839844864655,0.0535857219530119,BTC-USD,0.0,0,0.0,0,0.0,0.0,-0.4599999999999999,0.0,962984,252917,,,813856084507.0173
2021-05-18,43488.05859375,45812.45703125,42367.83203125,42909.40234375,56187365084,-0.0145319340846282,0.0515777521094849,BTC-USD,0.0,0,0.0,0,0.0,0.0,-0.5800000000000001,0.0,856695,220564,,,800735611047.6814
2021-05-19,42944.9765625,43546.1171875,30681.49609375,37002.44140625,126358098747,-0.1481070763518866,0.0559125502619936,BTC-USD,0.0,0,0.0,0,0.0,0.0,-0.54,0.0,1031147,264932,,,704442601059.3656
2021-05-20,36753.66796875,42462.984375,35050.6171875,40782.73828125,88281943359,0.0972750161239599,0.0656727735560714,BTC-USD,0.0,0,0.0,0,0.0,0.0,-0.78,0.0,943686,226451,,,763549093519.3398
2021-05-21,40596.94921875,42172.171875,33616.453125,37304.69140625,82051616861,-0.0891398168367919,0.0668044202066116,BTC-USD,0.0,0,0.0,0,0.0,0.0,-0.62,0.0,942736,225921,,,695732487370.7543
2021-05-22,37371.03125,38831.0546875,35383.68359375,37536.6328125,57377273240,0.0061982374372439,0.0657843183027362,BTC-USD,0.0,0,0.0,0,0.0,0.0,-0.76,0.0,918673,221219,,,704538961588.9666
2021-05-23,37531.44921875,38289.21875,31227.33984375,34770.58203125,78469274361,-0.0765456457983329,0.0664607591848977,BTC-USD,0.0,0,0.0,0,0.0,0.0,-0.72,0.0,957018,195260,,,650864282818.4021
2021-05-24,34700.36328125,39835.140625,34551.08203125,38705.98046875,67359584098,0.1072224368266423,0.0767458043244192,BTC-USD,0.0,0,0.0,0,0.0,0.0,-0.8,0.0,975836,236897,,,723070720338.2714
2021-05-25,38795.78125,39776.3515625,36581.4296875,38402.22265625,56211915803,-0.0078787825810242,0.076040859228398,BTC-USD,0.0,0,0.0,0,0.0,0.0,-0.56,0.0,968674,232254,,,716349841273.0485
2021-05-26,38392.625,40782.078125,37905.8359375,39294.19921875,51346735160,0.0229615658127685,0.0693531754119286,BTC-USD,0.0,0,0.0,0,0.0,0.0,-0.56,0.0,933622,228063,,,733695914430.8075
2021-05-27,39316.890625,40379.6171875,37247.90234375,38436.96875,43210968721,-0.0220571810715349,0.0689104979377779,BTC-USD,0.0,0,0.0,0,0.0,0.0,-0.4599999999999999,0.0,864432,217523,,,720920116468.6366
2021-05-28,38507.08203125,38856.96875,34779.0390625,35697.60546875,55200191952,-0.0739361115014423,0.0701224122947297,BTC-USD,0.0,0,0.0,0,0.0,0.0,-0.5800000000000001,0.0,972164,217451,,,666394144397.1613
2021-05-29,35684.15625,37234.5,33693.9296875,34616.06640625,45231013335,-0.030765691542153,0.0691885501327625,BTC-USD,0.0,0,0.0,0,0.0,0.0,-0.64,0.0,863265,192912,,,649291762343.003
2021-05-30,34607.40625,36400.66796875,33520.73828125,35678.12890625,31646080921,0.0302199440789862,0.0704843065531466,BTC-USD,0.0,0,0.0,0,0.0,0.0,-0.8,0.0,990443,182281,,,667490155247.014
2021-05-31,35658.59375,37468.25,34241.9453125,37332.85546875,39009847639,0.0453359172324649,0.0711004346091445,BTC-USD,0.0,0,0.0,0,0.0,0.0,-0.64,0.0,977895,229620,,,698617127163.4668
2021-06-01,37293.79296875,37896.734375,35787.0859375,36684.92578125,34639423297,-0.0175078535731165,0.0711163105268261,BTC-USD,0.0,0,0.0,0,0.0,0.0,-0.6,0.0,914351,231423,,,686449707666.8109
2021-06-02,36699.921875,38231.33984375,35966.30859375,37575.1796875,33070867190,0.0239777887023138,0.0595655702009282,BTC-USD,0.0,0,0.0,0,0.0,0.0,-0.54,0.0,1090605,252343,,,704802337797.4121
2021-06-03,37599.41015625,39478.953125,37243.97265625,39208.765625,35460750427,0.04255661695137,0.0543348462942914,BTC-USD,0.0,0,0.0,0,0.0,0.0,-0.52,0.0,1015474,253523,,,733313467820.9949
2021-06-04,39242.484375,39242.484375,35717.72265625,36894.40625,41831090187,-0.0608403872671256,0.0513188684228572,BTC-USD,0.0,0,0.0,0,0.0,0.0,-0.4599999999999999,0.0,907519,235300,,,690727440913.3344
2021-06-05,36880.15625,37917.71484375,34900.4140625,35551.95703125,35959473399,-0.0370647425747764,0.0521613445704651,BTC-USD,0.0,0,0.0,0,0.0,0.0,-0.52,0.0,762659,192819,,,663137983379.5408
2021-06-06,35538.609375,36436.421875,35304.578125,35862.37890625,28913440585,0.0086935998501888,0.0478212383292129,BTC-USD,0.0,0,0.0,0,0.0,0.0,-0.6599999999999999,0.0,737174,188480,,,668996465742.4116
2021-06-07,35835.265625,36790.5703125,33480.640625,33560.70703125,33683936663,-0.066332855635343,0.0404282206650237,BTC-USD,0.0,0,0.0,0,0.0,0.0,-0.7,0.0,910652,237064,,,631647921036.1149
2021-06-08,33589.51953125,34017.38671875,31114.443359375,33472.6328125,49902050442,-0.0026277750634577,0.0404756270259197,BTC-USD,0.0,0,0.0,0,0.0,0.0,-0.74,0.0,998834,245071,,,626999384040.2214
2021-06-09,33416.9765625,37537.37109375,32475.865234375,37345.12109375,53972919008,0.1094741023821375,0.0510793470959204,BTC-USD,0.0,0,0.0,0,0.0,0.0,-0.72,0.0,817282,213689,,,700038595389.8632
2021-06-10,37389.515625,38334.32421875,35847.59375,36702.59765625,43576032854,-0.0173547429931283,0.050964211325681,BTC-USD,0.0,0,0.0,0,0.0,0.0,-0.5800000000000001,0.0,948298,252966,,,689820071889.26
2021-06-11,36697.03125,37608.6953125,36044.44921875,37334.3984375,38699736985,0.0170675784159861,0.0469033616713473,BTC-USD,0.0,0,0.0,0,0.0,0.0,-0.5800000000000001,0.0,874050,212379,,,696576540388.2317
2021-06-12,37340.14453125,37408.92578125,34728.19140625,35552.515625,37924228550,-0.0489041950404055,0.0481478408727347,BTC-USD,0.0,0,0.0,0,0.0,0.0,-0.4399999999999999,0.0,1013611,223896,,,668203294293.8063
2021-06-13,35555.7890625,39322.78125,34864.109375,39097.859375,40669112838,0.0950568012946575,0.0538600935929347,BTC-USD,0.0,0,0.0,0,0.0,0.0,-0.54,0.0,799859,182420,,,729235864486.0723
2021-06-14,39016.96875,40978.36328125,38757.28515625,40218.4765625,43148914673,0.0282587879663206,0.0531018645751458,BTC-USD,0.0,0,0.0,0,0.0,0.0,-0.4399999999999999,0.0,972587,248537,,,757936603874.6478
2021-06-15,40427.16796875,41295.26953125,39609.46875,40406.26953125,46420149185,0.0046584533275275,0.0526978479449392,BTC-USD,0.0,0,0.0,0,0.0,0.0,-0.24,0.0,963054,242092,,,754204861841.724
2021-06-16,40168.69140625,40516.77734375,38176.03515625,38347.0625,39211635100,-0.052307031596144,0.0547021170095866,BTC-USD,0.0,0,0.0,0,0.0,0.0,-0.3399999999999999,0.0,954838,254125,,,716966667412.6796
2021-06-17,38341.421875,39513.671875,37439.67578125,38053.50390625,37096670047,-0.0076847607876689,0.0534313481788612,BTC-USD,0.0,0,0.0,0,0.0,0.0,-0.48,0.0,865333,236736,,,712371477843.3572
2021-06-18,38099.4765625,38187.26171875,35255.85546875,35787.24609375,36200887275,-0.0614015913917366,0.0534789671631945,BTC-USD,0.0,0,0.0,0,0.0,0.0,-0.5,0.0,825241,224077,,,669221924126.8472
2021-06-19,35854.52734375,36457.796875,34933.0625,35615.87109375,31207279719,-0.0048002198172942,0.0525469199089147,BTC-USD,0.0,0,0.0,0,0.0,0.0,-0.54,0.0,688095,182467,,,666277887602.3289
2021-06-20,35563.140625,36059.484375,33432.07421875,35698.296875,36664034054,0.0023116253137915,0.0524945546926669,BTC-USD,0.0,0,0.0,0,0.0,0.0,-0.5800000000000001,0.0,652470,168027,,,667125112359.2637
2021-06-21,35641.14453125,35721.640625,31295.935546875,31676.693359375,52809038594,-0.119521795848678,0.0591427923423582,BTC-USD,0.0,0,0.0,0,0.0,0.0,-0.54,0.0,835557,208474,,,594347052677.048
2021-06-22,31622.376953125,33292.453125,28893.62109375,32505.66015625,58964353058,0.0258330476093931,0.0596849379783523,BTC-USD,0.0,0,0.0,0,0.0,0.0,-0.8,0.0,776432,196802,,,607097459293.3572
2021-06-23,32515.71484375,34753.41015625,31772.6328125,33723.02734375,46317108925,0.0367666751556131,0.0518836922749123,BTC-USD,0.0,0,0.0,0,0.0,0.0,-0.72,0.0,847730,233460,,,629906295954.398
2021-06-24,33682.80078125,35228.8515625,32385.21484375,34662.4375,33123368116,0.0274756998576433,0.0525931264427806,BTC-USD,0.0,0,0.0,0,0.0,0.0,-0.56,0.0,843836,226845,,,649578904366.7177
2021-06-25,34659.10546875,35487.24609375,31350.884765625,31637.779296875,40230904226,-0.0913046539742626,0.0570286073327081,BTC-USD,0.0,0,0.0,0,0.0,0.0,-0.4599999999999999,0.0,880813,223011,,,593834396795.6212
2021-06-26,31594.6640625,32637.587890625,30184.501953125,32186.27734375,38585385521,0.0171882384009229,0.0564558488182,BTC-USD,0.0,0,0.0,0,0.0,0.0,-0.6,0.0,715801,180868,,,597735121992.122
2021-06-27,32287.5234375,34656.12890625,32071.7578125,34649.64453125,35511640894,0.0737472744793095,0.0537100737368238,BTC-USD,0.0,0,0.0,0,0.0,0.0,-0.56,0.0,518219,123967,,,646776516888.432
2021-06-28,34679.12109375,35219.890625,33902.07421875,34434.3359375,33892523752,-0.0062332624557557,0.0526689334218757,BTC-USD,0.0,0,0.0,0,0.0,0.0,-0.5,0.0,776365,215492,,,644353080432.3312
2021-06-29,34475.55859375,36542.109375,34252.484375,35867.77734375,37901460044,0.0407851211241398,0.0543578378825364,BTC-USD,0.0,0,0.0,0,0.0,0.0,-0.5,0.0,792995,207236,,,673569017034.0326
2021-06-30,35908.38671875,36074.7578125,34086.15234375,35040.8359375,34059036099,-0.0233252029658524,0.0530988964305835,BTC-USD,0.0,0,0.0,0,0.0,0.0,-0.4399999999999999,0.0,790273,217133,,,657312026712.5096
2021-07-01,35035.984375,35035.984375,32883.78125,33572.1171875,37838957079,-0.0428182456008745,0.0539850734039684,BTC-USD,0.0,0,0.0,0,0.0,0.0,-0.4399999999999999,0.0,817115,232056,,,628082261641.4985
2021-07-02,33549.6015625,33939.58984375,32770.6796875,33897.046875,38728974942,0.0096320209134398,0.0519768647382463,BTC-USD,0.0,0,0.0,0,0.0,0.0,-0.5800000000000001,0.0,809016,189904,,,633310097345.0289
2021-07-03,33854.421875,34909.26171875,33402.6953125,34668.546875,24383958643,0.0225049480213451,0.0524496622466243,BTC-USD,0.0,0,0.0,0,0.0,0.0,-0.52,0.0,1027108,234315,,,648433656983.6084
2021-07-04,34665.56640625,35937.56640625,34396.4765625,35287.78125,24924307911,0.0177039180109181,0.0527060155666253,BTC-USD,0.0,0,0.0,0,0.0,0.0,-0.4599999999999999,0.0,843475,169312,,,662845391401.17
2021-07-05,35284.34375,35284.34375,33213.66015625,33746.00390625,26721554282,-0.0446747562616674,0.0425593790237049,BTC-USD,0.0,0,0.0,0,0.0,0.0,-0.42,0.0,902032,223372,,,635804056014.2148
2021-07-06,33723.5078125,35038.53515625,33599.91796875,34235.1953125,26501259870,0.0143922100794616,0.0422272023625971,BTC-USD,0.0,0,0.0,0,0.0,0.0,-0.6,0.0,853332,232857,,,639813352297.7609
2021-07-07,34225.6796875,34997.6640625,33839.2890625,33855.328125,24796027477,-0.0111578266503012,0.0412724024715623,BTC-USD,0.0,0,0.0,0,0.0,0.0,-0.4399999999999999,0.0,811614,220912,,,636232696006.573
2021-07-08,33889.60546875,33907.90625,32133.18359375,32877.37109375,29910396946,-0.0293117785379641,0.0411844184272032,BTC-USD,0.0,0,0.0,0,0.0,0.0,-0.6,0.0,802085,228850,,,615411488299.4403
2021-07-09,32861.671875,34042.29296875,32318.880859375,33798.01171875,27436021028,0.0276173634478732,0.0332406971137679,BTC-USD,0.0,0,0.0,0,0.0,0.0,-0.6,0.0,818441,223467,,,635976090720.0261
2021-07-10,33811.2421875,34209.0703125,33116.01171875,33520.51953125,22971873468,-0.0082442012335933,0.0332016858546274,BTC-USD,0.0,0,0.0,0,0.0,0.0,-0.6,0.0,726034,193966,,,630310480192.5748
2021-07-11,33509.078125,34584.703125,33346.73828125,34240.1875,20108729370,0.0212422526738748,0.0269627897633836,BTC-USD,0.0,0,0.0,0,0.0,0.0,-0.6,0.0,690684,160653,,,642479813682.0225
2021-07-12,34254.015625,34592.15625,32697.30859375,33155.84765625,24321499537,-0.032180926347831,0.0282236928372176,BTC-USD,0.0,0,0.0,0,0.0,0.0,-0.5,0.0,838472,225239,,,621441410376.5197
2021-07-13,33125.46875,33327.1015625,32261.419921875,32702.025390625,19120856669,-0.0137820864258006,0.0253807889629573,BTC-USD,0.0,0,0.0,0,0.0,0.0,-0.6,0.0,807050,227411,,,612218213636.9441
2021-07-14,32723.845703125,33061.3984375,31639.125,32822.34765625,21376531210,0.0036725998364308,0.0250355711258466,BTC-USD,0.0,0,0.0,0,0.0,0.0,-0.5800000000000001,0.0,817900,235584,,,615184714795.5363
2021-07-15,32827.875,33159.640625,31175.708984375,31780.73046875,21300524237,-0.0322494683568424,0.0239318497345998,BTC-USD,0.0,0,0.0,0,0.0,0.0,-0.6,0.0,828844,224713,,,594754222803.969
2021-07-16,31841.55078125,32218.40625,31100.673828125,31421.5390625,23699476918,-0.0113665308584862,0.0236740125392717,BTC-USD,0.0,0,0.0,0,0.0,0.0,-0.56,0.0,764392,223179,,,590057361252.4622
2021-07-17,31397.30859375,31935.9453125,31223.990234375,31533.068359375,18895018942,0.0035431692173462,0.0224652599356909,BTC-USD,0.0,0,0.0,0,0.0,0.0,-0.7,0.0,640355,181727,,,591815707709.5931
2021-07-18,31533.884765625,32398.99609375,31215.4921875,31796.810546875,18787986667,0.0083292031131755,0.0218097666785521,BTC-USD,0.0,0,0.0,0,0.0,0.0,-0.62,0.0,651828,163158,,,594841083620.5983
2021-07-19,31800.01171875,31885.859375,30563.734375,30817.83203125,20434789545,-0.0312725029887108,0.0202909770068947,BTC-USD,0.0,0,0.0,0,0.0,0.0,-0.52,0.0,845474,228590,,,579411146950.4635
2021-07-20,30838.28515625,31006.1875,29360.955078125,29807.34765625,23148267245,-0.0333385557342124,0.0205221836691403,BTC-USD,0.0,0,0.0,0,0.0,0.0,-0.62,0.0,822257,228207,,,558481103180.4249
2021-07-21,29796.28515625,32752.326171875,29526.18359375,32110.693359375,28203024559,0.0744341723569321,0.0304596003975915,BTC-USD,0.0,0,0.0,0,0.0,0.0,-0.8,0.0,815589,237007,,,602657114950.0177
2021-07-22,32138.873046875,32576.400390625,31745.298828125,32313.10546875,19555230518,0.0062837888821696,0.0296389487242797,BTC-USD,0.0,0,0.0,0,0.0,0.0,-0.5800000000000001,0.0,780869,223683,,,606202373832.8649
2021-07-23,32305.958984375,33581.55078125,32057.892578125,33581.55078125,22552046192,0.0385039422719045,0.0305820052118603,BTC-USD,0.0,0,0.0,0,0.0,0.0,-0.54,0.0,803246,234138,,,627483146930.4396
2021-07-24,33593.73046875,34490.390625,33424.859375,34292.4453125,21664706865,0.0209482443566698,0.0310026715830992,BTC-USD,0.0,0,0.0,0,0.0,0.0,-0.56,0.0,712132,196325,,,641163936367.4471
2021-07-25,34290.29296875,35364.92578125,33881.8359375,35350.1875,20856685287,0.0303786197976587,0.031538867941669,BTC-USD,0.0,0,0.0,0,0.0,0.0,-0.4599999999999999,0.0,641796,172110,,,659081599893.7745
2021-07-26,35384.03125,40499.67578125,35287.3125,37337.53515625,51022126212,0.0546954286916119,0.0327602240832938,BTC-USD,0.0,0,0.0,0,0.0,0.0,-0.48,0.0,958347,269826,,,702746127516.1979
2021-07-27,37276.03515625,39406.94140625,36441.7265625,39406.94140625,35097370560,0.0539428534880362,0.0341884937703248,BTC-USD,0.0,0,0.0,0,0.0,0.0,-0.36,0.0,903400,251334,,,734350141187.4904
2021-07-28,39503.1875,40816.0703125,38862.4375,39995.90625,38702404695,0.0148351265164555,0.0340761293715007,BTC-USD,0.0,0,0.0,0,0.0,0.0,0.0,0.0,868607,255513,,,749641699745.6101
2021-07-29,39995.453125,40593.0703125,39352.05859375,40008.421875,27167146027,0.0003128737005963,0.0316959168540162,BTC-USD,0.0,0,0.0,0,0.0,0.0,0.0,0.0,880689,261353,,,752440356957.7415
2021-07-30,40027.484375,42235.546875,38397.35546875,42235.546875,33072782960,0.0541722306526184,0.0321095000371803,BTC-USD,0.0,0,0.0,0,0.0,0.0,0.06,0.0,841162,250833,,,784459439060.8488
2021-07-31,42196.3046875,42231.44921875,41110.83203125,41626.1953125,25802845343,-0.0145325453751505,0.0332152765208185,BTC-USD,0.0,0,0.0,0,0.0,0.0,0.1999999999999999,0.0,720022,204354,,,784569163457.408
2021-08-01,41460.84375,42541.6796875,39540.94140625,39974.89453125,26688438115,-0.0404780437557139,0.0368755248291978,BTC-USD,0.0,0,0.0,0,0.0,0.0,0.1999999999999999,0.0,695892,190234,,,750359938437.9124
2021-08-02,39907.26171875,40419.1796875,38746.34765625,39201.9453125,25595265436,-0.0195252494648086,0.035827314628038,BTC-USD,0.0,0,0.0,0,0.0,0.0,-0.04,0.0,899861,236019,,,737914727506.0829
2021-08-03,39178.40234375,39750.03125,37782.05078125,38152.98046875,26189830450,-0.0271224912051319,0.0351857490852708,BTC-USD,0.0,0,0.0,0,0.0,0.0,-0.04,0.0,820918,246833,,,718892321501.2462
2021-08-04,38213.33203125,39952.296875,37589.1640625,39747.50390625,25372562724,0.0409431646384763,0.0320231775189542,BTC-USD,0.0,0,0.0,0,0.0,0.0,-0.16,0.0,842870,237723,,,746809379233.0635
2021-08-05,39744.515625,41341.93359375,37458.00390625,40869.5546875,35185031017,0.0278383573712466,0.0320775697220048,BTC-USD,0.0,0,0.0,0,0.0,0.0,0.0,0.0,854629,249454,,,768776213304.4015
2021-08-06,40865.8671875,43271.66015625,39932.1796875,42816.5,38226483046,0.0465381406264162,0.0325642932046456,BTC-USD,0.0,0,0.0,0,0.0,0.0,0.04,0.0,894265,258639,,,803532575810.0215
2021-08-07,42832.796875,44689.859375,42618.56640625,44555.80078125,40030862141,0.0398188114587759,0.0331105027574889,BTC-USD,0.0,0,0.0,0,0.0,0.0,0.3799999999999999,0.0,724467,207621,,,835399743972.4839
2021-08-08,44574.4375,45282.3515625,43331.91015625,43798.1171875,36302664750,-0.0171515239020897,0.0342386013589718,BTC-USD,0.0,0,0.0,0,0.0,0.0,0.48,0.0,740945,197270,,,825816854268.8342
2021-08-09,43791.92578125,46456.83203125,42848.6875,46365.40234375,38734079049,0.0569627120900683,0.0344439902874361,BTC-USD,0.0,0,0.0,0,0.0,0.0,0.3,0.0,934412,254532,,,868930647608.3951
2021-08-10,46280.84765625,46637.98828125,44705.5546875,45585.03125,33546019517,-0.0169741413926082,0.0335536570637257,BTC-USD,0.0,0,0.0,0,0.0,0.0,0.4199999999999999,0.0,875882,259626,,,854387253428.6327
2021-08-11,45599.703125,46735.6328125,45351.7109375,45593.63671875,34319709073,0.0001887605723412,0.0336330623956379,BTC-USD,0.0,0,0.0,0,0.0,0.0,0.3999999999999999,0.0,866724,261571,,,857951571939.967
2021-08-12,45576.87890625,46228.91015625,43861.4453125,44428.2890625,33723620826,-0.0258917535442005,0.034881096027642,BTC-USD,0.0,0,0.0,0,0.0,0.0,0.3999999999999999,0.0,842547,252677,,,834127847703.9298
2021-08-13,44439.69140625,47831.9765625,44282.41796875,47793.3203125,31744259539,0.0730094797189174,0.0371125159006139,BTC-USD,0.0,0,0.0,0,0.0,0.0,0.3999999999999999,0.0,917929,256053,,,896378630903.7489
2021-08-14,47810.6875,48098.68359375,46177.6328125,47096.9453125,31211354442,-0.0146777437579731,0.0371195666158468,BTC-USD,0.0,0,0.0,0,0.0,0.0,0.52,0.0,724702,211657,,,885282092633.6992
2021-08-15,47096.66796875,47357.10546875,45579.58984375,47047.00390625,30988958446,-0.0010609584864258,0.0344947874275796,BTC-USD,0.0,0,0.0,0,0.0,0.0,0.4199999999999999,0.0,750378,181221,,,884399444211.284
2021-08-16,47019.9609375,47998.09765625,45700.3203125,46004.484375,32776876610,-0.0224083069211652,0.0347031021129029,BTC-USD,0.0,0,0.0,0,0.0,0.0,0.4399999999999999,0.0,978773,270372,,,863974140187.8444
2021-08-17,45936.45703125,47139.5703125,44512.41796875,44695.359375,33451362600,-0.0288691990345873,0.0348551727964091,BTC-USD,0.0,0,0.0,0,0.0,0.0,0.4399999999999999,0.0,953226,254546,,,840149375514.8033
2021-08-18,44686.75,45952.0625,44364.02734375,44801.1875,32194123075,0.002364966650012,0.0338420023913183,BTC-USD,0.0,0,0.0,0,0.0,0.0,0.4599999999999999,0.0,876483,247197,,,844701768564.8572
2021-08-19,44741.8828125,46970.76171875,43998.31640625,46717.578125,37204312299,0.0418858533323493,0.0346563600019366,BTC-USD,0.0,0,0.0,0,0.0,0.0,0.3999999999999999,0.0,888796,254656,,,876549048192.0912
2021-08-20,46723.12109375,49342.15234375,46650.70703125,49339.17578125,34706867452,0.0545979069838532,0.0353774523250041,BTC-USD,0.0,0,0.0,0,0.0,0.0,0.3999999999999999,0.0,984372,272396,,,925342094183.73
2021-08-21,49327.07421875,49717.01953125,48312.19921875,48905.4921875,40585205312,-0.008828701235467,0.0346178304482302,BTC-USD,0.0,0,0.0,0,0.0,0.0,0.56,0.0,787645,216018,,,922188388144.0304
2021-08-22,48869.10546875,49471.609375,48199.94140625,49321.65234375,25370975378,0.0084734753972637,0.0339330343796634,BTC-USD,0.0,0,0.0,0,0.0,0.0,0.52,0.0,715639,191939,,,927746814154.6776
2021-08-23,49291.67578125,50482.078125,49074.60546875,49546.1484375,34305053719,0.0045413466832814,0.030931570459995,BTC-USD,0.0,0,0.0,0,0.0,0.0,0.5800000000000001,0.0,973417,271010,,,932084698996.0748
2021-08-24,49562.34765625,49878.76953125,47687.1171875,47706.1171875,35361168834,-0.0378448943309496,0.0325206864610526,BTC-USD,0.0,0,0.0,0,0.0,0.0,0.5800000000000001,0.0,945668,263660,,,900836074831.828
2021-08-25,47727.2578125,49202.87890625,47163.61328125,48960.7890625,32646349931,0.0259601219504294,0.0330590923533763,BTC-USD,0.0,0,0.0,0,0.0,0.0,0.4599999999999999,0.0,867743,264966,,,921118598353.728
2021-08-26,49002.640625,49347.58203125,46405.78125,46942.21875,32666549568,-0.0421022974523753,0.0344809879926833,BTC-USD,0.0,0,0.0,0,0.0,0.0,0.5,0.0,818959,254481,,,887101213688.728
2021-08-27,46894.5546875,49112.78515625,46394.28125,49058.66796875,34511076995,0.0440994303022667,0.0306822388128874,BTC-USD,0.0,0,0.0,0,0.0,0.0,0.4199999999999999,0.0,864176,260937,,,922075783019.9612
2021-08-28,49072.5859375,49283.50390625,48499.23828125,48902.40234375,28568103401,-0.0031903644385737,0.030357651793937,BTC-USD,0.0,0,0.0,0,0.0,0.0,0.56,0.0,726381,212867,,,918434048710.2448
2021-08-29,48911.25,49644.11328125,47925.85546875,48829.83203125,25889650240,-0.0014850847584068,0.0303618910482755,BTC-USD,0.0,0,0.0,0,0.0,0.0,0.4399999999999999,0.0,685753,196139,,,920284316512.38
2021-08-30,48834.8515625,48925.60546875,46950.2734375,47054.984375,31847007016,-0.0370246399472771,0.0315193138337983,BTC-USD,0.0,0,0.0,0,0.0,0.0,0.4599999999999999,0.0,910173,249956,,,886057523557.1654
2021-08-31,47024.33984375,48189.55078125,46750.09375,47166.6875,34730363427,0.0023710718587319,0.0302766605525415,BTC-USD,0.0,0,0.0,0,0.0,0.0,0.4599999999999999,0.0,930055,273720,,,887857550977.5144
2021-09-01,47099.7734375,49111.08984375,46562.4375,48847.02734375,39139399125,0.0350056537880171,0.0313902730436205,BTC-USD,0.0,0,0.0,0,0.0,0.0,0.4199999999999999,0.0,954959,277500,,,915526177256.0946
2021-09-02,48807.84765625,50343.421875,48652.3203125,49327.72265625,39508070319,0.0097927247881714,0.0297086293167616,BTC-USD,0.0,0,0.0,0,0.0,0.0,0.48,0.0,1026339,293611,,,928378409762.7802
2021-09-03,49288.25,50982.2734375,48386.0859375,50025.375,43206179619,0.0140441280061874,0.0261469676291758,BTC-USD,0.0,0,0.0,0,0.0,0.0,0.48,0.0,1008068,278164,,,937656640132.1827
2021-09-04,50009.32421875,50545.58203125,49548.78125,49944.625,37471327794,-0.0016154849967335,0.0260093852847912,BTC-USD,0.0,0,0.0,0,0.0,0.0,0.4399999999999999,0.0,776022,227677,,,938815345552.6576
2021-09-05,49937.859375,51868.6796875,49538.59765625,51753.41015625,30322676319,0.0355754350166731,0.0275322028931983,BTC-USD,0.0,0,0.0,0,0.0,0.0,0.4599999999999999,0.0,735688,206820,,,973248018531.0367
2021-09-06,51769.00390625,52700.94140625,51053.6796875,52633.53515625,38884105426,0.0168631403802205,0.027766151718934,BTC-USD,0.0,0,0.0,0,0.0,0.0,0.5800000000000001,0.0,968860,269949,,,990098733766.818
2021-09-07,52660.48046875,52853.765625,43285.20703125,46811.12890625,65210059683,-0.1172324952972985,0.0416663275821321,BTC-USD,0.0,0,0.0,0,0.0,0.0,0.5800000000000001,0.0,938525,277913,,,881313121254.8044
2021-09-08,46827.76171875,47334.0546875,44561.39453125,46091.390625,49007762488,-0.015494793572991,0.0410443754776291,BTC-USD,0.0,0,0.0,0,0.0,0.0,-0.06,0.0,907794,271871,,,868818919447.7211
2021-09-09,45774.7421875,47261.94921875,45669.73828125,46391.421875,38672657013,0.0064883905339532,0.0396333217115926,BTC-USD,0.0,0,0.0,0,0.0,0.0,-0.0999999999999999,0.0,937415,275020,,,873764452663.139
2021-09-10,46396.6640625,47031.7421875,44344.484375,44883.91015625,39154666597,-0.0330351866444658,0.038242068497416,BTC-USD,0.0,0,0.0,0,0.0,0.0,-0.0799999999999999,0.0,906178,260963,,,842133598885.1117
2021-09-11,44869.83984375,45969.29296875,44818.265625,45201.45703125,34499835245,0.0070499394103558,0.0384047924806353,BTC-USD,0.0,0,0.0,0,0.0,0.0,-0.38,0.0,823454,210848,,,848445725719.5256
2021-09-12,45206.62890625,46364.87890625,44790.4609375,46063.26953125,27881980161,0.0188865545282388,0.0389555424532264,BTC-USD,0.0,0,0.0,0,0.0,0.0,-0.36,0.0,705573,193569,,,868844353747.6371
2021-09-13,46057.21484375,46598.6796875,43591.3203125,44963.07421875,40969943253,-0.0241742960521183,0.0382670728168368,BTC-USD,0.0,0,0.0,0,0.0,0.0,-0.12,0.0,908372,253041,,,846517459123.6083
2021-09-14,44960.05078125,47218.125,44752.33203125,47092.4921875,38652152880,0.0462720067779093,0.0404967318446987,BTC-USD,0.0,0,0.0,0,0.0,0.0,-0.4,0.0,952892,270910,,,884781986136.4463
2021-09-15,47098.0,48450.46875,46773.328125,48176.34765625,30484496466,0.0227546013145089,0.0398059804462495,BTC-USD,0.0,0,0.0,0,0.0,0.0,-0.02,0.0,976201,268455,,,906361101242.1884
2021-09-16,48158.90625,48486.828125,47079.55859375,47783.359375,31764293754,-0.0081907394359386,0.0397214156768041,BTC-USD,0.0,0,0.0,0,0.0,0.0,0.06,0.0,1021047,270023,,,899442060628.6199
2021-09-17,47771.00390625,48160.921875,46832.5234375,47267.51953125,28727713711,-0.0108540797092783,0.0394914152149307,BTC-USD,0.0,0,0.0,0,0.0,0.0,-0.04,0.0,943981,273808,,,888504590279.6621
2021-09-18,47273.52734375,48791.78125,47087.28515625,48278.36328125,28575630451,0.0211601261540239,0.0400643988799383,BTC-USD,0.0,0,0.0,0,0.0,0.0,0.0,0.0,819880,227894,,,907185981599.0316
2021-09-19,48268.85546875,48328.3671875,46919.8046875,47260.21875,26967722648,-0.0213145947025636,0.0387782520810574,BTC-USD,0.0,0,0.0,0,0.0,0.0,0.06,0.0,714326,199632,,,888685620898.3403
2021-09-20,47261.40625,47328.19921875,42598.9140625,42843.80078125,43909845642,-0.0981079383699562,0.0451098915322264,BTC-USD,0.0,0,0.0,0,0.0,0.0,0.0,0.0,1014971,273371,,,806615435806.1354
2021-09-21,43012.234375,43607.609375,39787.609375,40693.67578125,48701090088,-0.0514882678633267,0.0361464838064427,BTC-USD,0.0,0,0.0,0,0.0,0.0,-0.4599999999999999,0.0,844883,245996,,,762810354584.0697
2021-09-22,40677.953125,43978.62109375,40625.6328125,43574.5078125,38139709246,0.068399601996783,0.0416944357909777,BTC-USD,0.0,0,0.0,0,0.0,0.0,-0.5800000000000001,0.0,888195,270233,,,820275900833.3198
2021-09-23,43560.296875,44942.17578125,43109.33984375,44895.09765625,34244064430,0.0298563090232246,0.042604884564732,BTC-USD,0.0,0,0.0,0,0.0,0.0,-0.4599999999999999,0.0,918846,273598,,,844486179446.7863
2021-09-24,44894.30078125,45080.4921875,40936.55859375,42839.75,42839345714,-0.0468621952898752,0.043521537023892,BTC-USD,0.0,0,0.0,0,0.0,0.0,-0.3399999999999999,0.0,958548,274940,,,805785377803.3861
2021-09-25,42840.890625,42996.2578125,41759.921875,42716.59375,31604717236,-0.0028789527384096,0.0434201681587021,BTC-USD,0.0,0,0.0,0,0.0,0.0,-0.4399999999999999,0.0,702530,210070,,,804542930367.9054
2021-09-26,42721.62890625,43919.30078125,40848.4609375,43208.5390625,30661222077,0.0114506820444979,0.0431628821913374,BTC-USD,0.0,0,0.0,0,0.0,0.0,-0.4599999999999999,0.0,699993,192460,,,812036112156.6569
2021-09-27,43234.18359375,44313.24609375,42190.6328125,42235.73046875,30980029059,-0.0227715828295698,0.043115475880252,BTC-USD,0.0,0,0.0,0,0.0,0.0,-0.48,0.0,901586,262162,,,800131333256.0073
2021-09-28,42200.8984375,42775.14453125,40931.6640625,41034.54296875,30214940550,-0.0288523329477418,0.0409342405758638,BTC-USD,0.0,0,0.0,0,0.0,0.0,-0.5,0.0,935822,262395,,,776202415861.9299
2021-09-29,41064.984375,42545.2578125,40829.66796875,41564.36328125,30602359905,0.0128289248145723,0.0404089457840044,BTC-USD,0.0,0,0.0,0,0.0,0.0,-0.52,0.0,830989,240916,,,780569792316.1598
2021-09-30,41551.26953125,44092.6015625,41444.58203125,43790.89453125,31141681925,0.0521827601181641,0.0437618643358958,BTC-USD,0.0,0,0.0,0,0.0,0.0,-0.6,0.0,1059608,289577,,,824444822183.8048
2021-10-01,43816.7421875,48436.01171875,43320.0234375,48116.94140625,42850641582,0.0942084189312797,0.0512721543288156,BTC-USD,0.0,0,0.0,0,0.0,0.0,-0.4599999999999999,0.0,962201,279255,,,905395355940.3254
2021-10-02,48137.46875,48282.0625,47465.49609375,47711.48828125,30614346492,-0.0084621139211411,0.0509987861985122,BTC-USD,0.0,0,0.0,0,0.0,0.0,0.08,0.0,963528,260972,,,900071424943.3763
2021-10-03,47680.02734375,49130.69140625,47157.2890625,48199.953125,26638115879,0.0101858351791364,0.0507202769101996,BTC-USD,0.0,0,0.0,0,0.0,0.0,-0.02,0.0,808347,216090,,,907841574218.3804
2021-10-04,48208.90625,49456.77734375,47045.00390625,49112.90234375,33383173002,0.0187637285934272,0.0419391897973742,BTC-USD,0.0,0,0.0,0,0.0,0.0,0.08,0.0,1015651,265740,,,928340914897.4004
2021-10-05,49174.9609375,51839.984375,49072.83984375,51514.8125,35873904236,0.0477476105346845,0.0390808459288354,BTC-USD,0.0,0,0.0,0,0.0,0.0,0.1799999999999999,0.0,1037679,312571,,,971140330173.485
2021-10-06,51486.6640625,55568.46484375,50488.19140625,55361.44921875,49034730168,0.0720141013773107,0.039457766625871,BTC-USD,0.0,0,0.0,0,0.0,0.0,0.3600000000000001,0.0,914612,273475,,,1043925117637.0728
2021-10-07,55338.625,55338.625,53525.46875,53805.984375,36807860413,-0.028498794333346,0.0410565111857586,BTC-USD,0.0,0,0.0,0,0.0,0.0,0.52,0.0,1144142,324741,,,1013558008447.5764
2021-10-08,53802.14453125,55922.98046875,53688.0546875,53967.84765625,34800873924,0.0030037607441677,0.0374770018724342,BTC-USD,0.0,0,0.0,0,0.0,0.0,0.48,0.0,978503,280844,,,1016016649274.3846
2021-10-09,53929.78125,55397.9453125,53735.14453125,54968.22265625,32491211414,0.0183667929108159,0.037060003173088,BTC-USD,0.0,0,0.0,0,0.0,0.0,0.4399999999999999,0.0,991926,241705,,,1036364523575.8844
2021-10-10,54952.8203125,56401.3046875,54264.2578125,54771.578125,39527792364,-0.0035838363168748,0.0374802031645759,BTC-USD,0.0,0,0.0,0,0.0,0.0,0.4199999999999999,0.0,803826,212316,,,1030585445349.3352
2021-10-11,54734.125,57793.0390625,54519.765625,57484.7890625,42637331698,0.0483489627075724,0.0364907182245727,BTC-USD,0.0,0,0.0,0,0.0,0.0,0.4199999999999999,0.0,1009017,277496,,,1079394515904.9696
2021-10-12,57526.83203125,57627.87890625,54477.97265625,56041.05859375,41083758949,-0.0254357635060853,0.0361340207713223,BTC-USD,0.0,0,0.0,0,0.0,0.0,0.56,0.0,937369,274993,,,1058848098456.308
2021-10-13,56038.2578125,57688.66015625,54370.97265625,57401.09765625,41684252783,0.0239788148164835,0.0360328457865334,BTC-USD,0.0,0,0.0,0,0.0,0.0,0.3999999999999999,0.0,975651,289461,,,1080628058359.8536
2021-10-14,57372.83203125,58478.734375,56957.07421875,57321.5234375,36615791366,-0.0013872457018979,0.0355432105305678,BTC-USD,0.0,0,0.0,0,0.0,0.0,0.3999999999999999,0.0,1007101,284115,,,1081339414302.1724
2021-10-15,57345.90234375,62757.12890625,56868.14453125,61593.94921875,51780081801,0.0718874583745788,0.0322713390562977,BTC-USD,0.0,0,0.0,0,0.0,0.0,0.4199999999999999,0.0,1017121,297755,,,1157938398432.8284
2021-10-16,61609.52734375,62274.4765625,60206.12109375,60892.1796875,34250964237,-0.0114588846325883,0.0324671210517441,BTC-USD,0.0,0,0.0,0,0.0,0.0,0.56,0.0,937355,269680,,,1148302435528.9846
2021-10-17,60887.65234375,61645.5234375,59164.46875,61553.6171875,29032367511,0.0108038650675407,0.0324569413236092,BTC-USD,0.0,0,0.0,0,0.0,0.0,0.5800000000000001,0.0,823877,212511,,,1158355075187.089
2021-10-18,61548.8046875,62614.66015625,60012.7578125,62026.078125,38055562075,0.0076462923492901,0.0325586404633196,BTC-USD,0.0,0,0.0,0,0.0,0.0,0.56,0.0,1003479,291260,,,1168115306326.819
2021-10-19,62043.1640625,64434.53515625,61622.93359375,64261.9921875,40471196346,0.0354134436604997,0.0318114297001704,BTC-USD,0.0,0,0.0,0,0.0,0.0,0.5,0.0,1077371,310438,,,1211787792745.6765
2021-10-20,64284.5859375,66930.390625,63610.67578125,65992.8359375,40788955582,0.0265778345420356,0.0276844742414395,BTC-USD,0.0,0,0.0,0,0.0,0.0,0.6399999999999999,0.0,977215,291740,,,1245228121159.928
2021-10-21,66002.234375,66600.546875,62117.41015625,62210.171875,45908121370,-0.0590276683907291,0.0320278912218349,BTC-USD,0.0,0,0.0,0,0.0,0.0,0.6799999999999999,0.0,1139133,321169,,,1175770746966.7607
2021-10-22,62237.890625,63715.0234375,60122.796875,60692.265625,38434082775,-0.0247022510827047,0.0333466685565397,BTC-USD,0.0,0,0.0,0,0.0,0.0,0.5,0.0,957015,281476,,,1145238131036.059
2021-10-23,60694.62890625,61743.87890625,59826.5234375,61393.6171875,26882546034,0.0114896048885762,0.0332388387483978,BTC-USD,0.0,0,0.0,0,0.0,0.0,0.48,0.0,826969,228432,,,1154702638464.941
2021-10-24,61368.34375,61505.8046875,59643.34375,60930.8359375,27316183882,-0.0075664913448872,0.0333614678902101,BTC-USD,0.0,0,0.0,0,0.0,0.0,0.4599999999999999,0.0,737951,208278,,,1147509590176.153
2021-10-25,60893.92578125,63729.32421875,60691.80078125,63039.82421875,31064911614,0.0340272733340042,0.0322161614049025,BTC-USD,0.0,0,0.0,0,0.0,0.0,0.4399999999999999,0.0,1079523,286798,,,1188421618593.068
2021-10-26,63032.76171875,63229.02734375,59991.16015625,60363.79296875,34878965587,-0.0433771861010622,0.0339008693428933,BTC-USD,0.0,0,0.0,0,0.0,0.0,0.52,0.0,998333,295695,,,1138746241356.948
2021-10-27,60352.0,61435.18359375,58208.1875,58482.38671875,43657076893,-0.0316638438636827,0.0347934642556237,BTC-USD,0.0,0,0.0,0,0.0,0.0,0.4599999999999999,0.0,944035,286086,,,1104286370829.1567
2021-10-28,58470.73046875,62128.6328125,58206.91796875,60622.13671875,45257083247,0.0359344915880241,0.03597860016245,BTC-USD,0.0,0,0.0,0,0.0,0.0,0.32,0.0,1055114,297884,,,1142080144447.0117
2021-10-29,60624.87109375,62927.609375,60329.96484375,62227.96484375,36856881767,0.0261443755051536,0.0310831117265309,BTC-USD,0.0,0,0.0,0,0.0,0.0,0.3999999999999999,0.0,1014855,307314,,,1173567203301.5886
2021-10-30,62239.36328125,62330.14453125,60918.38671875,61888.83203125,32157938616,-0.0054647503804892,0.0309432478177184,BTC-USD,0.0,0,0.0,0,0.0,0.0,0.4599999999999999,0.0,906672,251998,,,1164426258908.2048
2021-10-31,61850.48828125,62406.171875,60074.328125,61318.95703125,32241199927,-0.0092506986493592,0.0309266330742063,BTC-USD,0.0,0,0.0,0,0.0,0.0,0.48,0.0,893617,216741,,,1158634265024.8484
2021-11-01,61320.44921875,62419.00390625,59695.18359375,61004.40625,36150572843,-0.0051429500650193,0.0308635442072142,BTC-USD,0.0,0,0.0,0,0.0,0.0,0.48,0.0,1053426,289324,,,1152261825759.6611
2021-11-02,60963.25390625,64242.79296875,60673.0546875,63226.40234375,37746665647,0.0357758773484733,0.0308967395104678,BTC-USD,0.0,0,0.0,0,0.0,0.0,0.4599999999999999,0.0,1035030,300911,,,1188775936157.8303
2021-11-03,63254.3359375,63516.9375,61184.23828125,62970.046875,36124731509,-0.0040628056171501,0.0298481553445763,BTC-USD,0.0,0,0.0,0,0.0,0.0,0.52,0.0,1069212,290879,,,1187542227940.6553
2021-11-04,62941.8046875,63123.2890625,60799.6640625,61452.23046875,32615846901,-0.024399034254609,0.0260756337393695,BTC-USD,0.0,0,0.0,0,0.0,0.0,0.4599999999999999,0.0,998917,286047,,,1158131273454.4736
2021-11-05,61460.078125,62541.46875,60844.609375,61125.67578125,30605102446,-0.0053281291879679,0.0252137131053,BTC-USD,0.0,0,0.0,0,0.0,0.0,0.4599999999999999,0.0,1037437,282446,,,1150870233190.3442
2021-11-06,61068.875,61590.68359375,60163.78125,61527.48046875,29094934221,0.0065519084409485,0.0250824817795452,BTC-USD,0.0,0,0.0,0,0.0,0.0,0.4199999999999999,0.0,825483,237201,,,1159403746542.6316
2021-11-07,61554.921875,63326.98828125,61432.48828125,63326.98828125,24726754302,0.0288276815397843,0.0260864706329968,BTC-USD,0.0,0,0.0,0,0.0,0.0,0.4599999999999999,0.0,826432,222930,,,1189437680906.6013
2021-11-08,63344.06640625,67673.7421875,63344.06640625,67566.828125,41125608330,0.0648055609615583,0.0299373630364675,BTC-USD,0.0,0,0.0,0,0.0,0.0,0.5,0.0,1018796,294064,,,1274356316854.726
2021-11-09,67549.734375,68530.3359375,66382.0625,66971.828125,42357991721,-0.0088450991822014,0.026919476554092,BTC-USD,0.0,0,0.0,0,0.0,0.0,0.6799999999999999,0.0,1195638,336872,,,1266001867364.4868
2021-11-10,66953.3359375,68789.625,63208.11328125,64995.23046875,48730828378,-0.0299581654204453,0.0267321885960189,BTC-USD,0.0,0,0.0,0,0.0,0.0,0.5,0.0,1022756,295892,,,1221918863231.726
2021-11-11,64978.890625,65579.015625,64180.48828125,64949.9609375,35880633236,-0.0006967481072823,0.025503887023557,BTC-USD,0.0,0,0.0,0,0.0,0.0,0.54,0.0,1037951,293052,,,1225886245880.2876
2021-11-12,64863.98046875,65460.81640625,62333.9140625,64155.94140625,36084893887,-0.0123004375187129,0.0251101388892671,BTC-USD,0.0,0,0.0,0,0.0,0.0,0.48,0.0,975353,287476,,,1209262243095.629
2021-11-13,64158.12109375,64915.67578125,63303.734375,64469.52734375,30474228777,0.0048759637082755,0.0250199114735708,BTC-USD,0.0,0,0.0,0,0.0,0.0,0.4399999999999999,0.0,828248,234794,,,1215340475002.5515
2021-11-14,64455.37109375,65495.1796875,63647.80859375,65466.83984375,25122092191,0.0153510846380695,0.0249633835690026,BTC-USD,0.0,0,0.0,0,0.0,0.0,0.48,0.0,806451,222847,,,1227377584620.3755
2021-11-15,65521.2890625,66281.5703125,63548.14453125,63557.87109375,30558763548,-0.029592905846716,0.0265104194249494,BTC-USD,0.0,0,0.0,0,0.0,0.0,0.4399999999999999,0.0,1083387,291313,,,1203303942753.5193
2021-11-16,63721.1953125,63721.1953125,59016.3359375,60161.24609375,46844335592,-0.0549224542515835,0.0288453473316183,BTC-USD,0.0,0,0.0,0,0.0,0.0,0.4199999999999999,0.0,1030573,301154,,,1138602607166.9688
2021-11-17,60139.62109375,60823.609375,58515.41015625,60368.01171875,39178392930,0.0034309649222336,0.0289045586746088,BTC-USD,0.0,0,0.0,0,0.0,0.0,0.04,0.0,993545,288569,,,1135484006196.6753
2021-11-18,60360.13671875,60948.5,56550.79296875,56942.13671875,41388338699,-0.0584237504033088,0.0320952505099501,BTC-USD,0.0,0,0.0,0,0.0,0.0,0.08,0.0,990087,295608,,,1072108247663.8364
2021-11-19,56896.12890625,58351.11328125,55705.1796875,58119.578125,38702407772,0.0204669730463056,0.0328343572639032,BTC-USD,0.0,0,0.0,0,0.0,0.0,-0.3199999999999999,0.0,976682,283868,,,1095186409046.4594
2021-11-20,58115.08203125,59859.87890625,57469.7265625,59697.1953125,30624264863,0.0267824596180407,0.033748069940045,BTC-USD,0.0,0,0.0,0,0.0,0.0,-0.14,0.0,848464,248520,,,1128001356408.752
2021-11-21,59730.5078125,60004.42578125,58618.9296875,58730.4765625,26123447605,-0.0163262556388543,0.0327005015997101,BTC-USD,0.0,0,0.0,0,0.0,0.0,-0.02,0.0,842004,218828,,,1114516759935.048
2021-11-22,58706.84765625,59266.359375,55679.83984375,56289.2890625,35036121783,-0.0424545144774485,0.027071748543788,BTC-USD,0.0,0,0.0,0,0.0,0.0,0.0,0.0,947435,286930,,,1064553089483.9427
2021-11-23,56304.5546875,57875.515625,55632.76171875,57569.07421875,37485803899,0.0224812481032128,0.028691646100201,BTC-USD,0.0,0,0.0,0,0.0,0.0,-0.3399999999999999,0.0,909010,282832,,,1088365599085.1918
2021-11-24,57565.8515625,57803.06640625,55964.22265625,56280.42578125,36635566789,-0.0226387199646387,0.0283808182346659,BTC-USD,0.0,0,0.0,0,0.0,0.0,-0.16,0.0,1071921,295032,,,1078972757535.9036
2021-11-25,57165.41796875,59367.96875,57146.68359375,57274.6796875,34284016248,0.0175118381607803,0.0292576205550513,BTC-USD,0.0,0,0.0,0,0.0,0.0,-0.36,0.0,973237,287824,,,1114270770425.186
2021-11-26,58960.28515625,59183.48046875,53569.765625,53569.765625,41810748221,-0.0668738010212821,0.0331148852109072,BTC-USD,0.0,0,0.0,0,0.0,0.0,-0.06,0.0,996141,291679,,,1015970869546.8468
2021-11-27,53736.4296875,55329.2578125,53668.35546875,54815.078125,30560857714,0.0229804696074226,0.0341974588102202,BTC-USD,0.0,0,0.0,0,0.0,0.0,-0.5800000000000001,0.0,777970,238622,,,1031792837559.9304
2021-11-28,54813.0234375,57393.84375,53576.734375,57248.45703125,28116886357,0.0434353862778879,0.036636008871426,BTC-USD,0.0,0,0.0,0,0.0,0.0,-0.4599999999999999,0.0,816560,215317,,,1081182893171.7826
2021-11-29,57291.90625,58872.87890625,56792.52734375,57806.56640625,32370840356,0.0097016842182239,0.0364899026695719,BTC-USD,0.0,0,0.0,0,0.0,0.0,-0.3399999999999999,0.0,993217,303388,,,1093928555762.2988
2021-11-30,57830.11328125,59113.40234375,56057.28125,57005.42578125,36708594618,-0.0139559224210751,0.0338812097123856,BTC-USD,0.0,0,0.0,0,0.0,0.0,-0.1999999999999999,0.0,977183,296340,,,1078419474710.0887
2021-12-01,56907.96484375,59041.68359375,56553.08203125,57229.828125,36858195307,0.003928780734843,0.0338896975769645,BTC-USD,0.0,0,0.0,0,0.0,0.0,-0.3199999999999999,0.0,1057704,284941,,,1080047374364.124
2021-12-02,57217.37109375,57349.234375,55895.1328125,56477.81640625,32379968686,-0.0132273021087431,0.0302439454437523,BTC-USD,0.0,0,0.0,0,0.0,0.0,-0.36,0.0,1184757,315565,,,1068812318595.5466
2021-12-03,56509.1640625,57482.16796875,52496.5859375,53598.24609375,39789134215,-0.0523315856653418,0.0325186973278585,BTC-USD,0.0,0,0.0,0,0.0,0.0,-0.38,0.0,1010596,289452,,,1013876621204.3636
2021-12-04,53727.87890625,53904.6796875,42874.6171875,49200.703125,61385677469,-0.0856084308551644,0.03737130714428,BTC-USD,0.0,0,0.0,0,0.0,0.0,-0.5,0.0,961294,244342,,,928693162456.653
2021-12-05,49201.51953125,49768.1484375,47857.49609375,49368.84765625,37198201161,0.0034116964724478,0.0376405286004874,BTC-USD,0.0,0,0.0,0,0.0,0.0,-0.64,0.0,978899,221615,,,931905952036.2104
2021-12-06,49413.48046875,50929.51953125,47281.03515625,50582.625,37707308001,0.0242885268514288,0.0377679979168695,BTC-USD,0.0,0,0.0,0,0.0,0.0,-0.6799999999999999,0.0,1078373,286268,,,954788531821.5376
2021-12-07,50581.828125,51934.78125,50175.80859375,50700.0859375,33676814852,0.0023194677368668,0.0369058380896207,BTC-USD,0.0,0,0.0,0,0.0,0.0,-0.5,0.0,983177,284544,,,955574953843.2509
2021-12-08,50667.6484375,51171.375,48765.98828125,50504.796875,28479699446,-0.0038592862213869,0.0367157390206895,BTC-USD,0.0,0,0.0,0,0.0,0.0,-0.4399999999999999,0.0,927369,268196,,,954233222626.9064
2021-12-09,50450.08203125,50797.1640625,47358.3515625,47672.12109375,29603577251,-0.0577215558084765,0.0382116352549364,BTC-USD,0.0,0,0.0,0,0.0,0.0,-0.42,0.0,1123743,285532,,,905856172565.3256
2021-12-10,47642.14453125,50015.25390625,47023.69921875,47243.3046875,30966005122,-0.0090358194216153,0.0349379152467841,BTC-USD,0.0,0,0.0,0,0.0,0.0,-0.52,0.0,930831,270853,,,896442961101.7401
2021-12-11,47264.6328125,49458.2109375,46942.34765625,49362.5078125,25775869261,0.0438802407167251,0.0368050463884489,BTC-USD,0.0,0,0.0,0,0.0,0.0,-0.6799999999999999,0.0,805461,222133,,,932102527466.7292
2021-12-12,49354.85546875,50724.8671875,48725.8515625,50098.3359375,21939223599,0.0147966078381643,0.0344796637237698,BTC-USD,0.0,0,0.0,0,0.0,0.0,-0.4599999999999999,0.0,725043,211066,,,947544868724.2344
2021-12-13,50114.7421875,50205.0,45894.84765625,46737.48046875,32166727776,-0.0694413703081753,0.0374445302561745,BTC-USD,0.0,0,0.0,0,0.0,0.0,-0.4399999999999999,0.0,996713,281785,,,884250008347.6675
2021-12-14,46709.82421875,48431.3984375,46424.49609375,46612.6328125,34638619079,-0.0026748276204264,0.0375940417626946,BTC-USD,0.0,0,0.0,0,0.0,0.0,-0.5800000000000001,0.0,966596,281921,,,912783912997.8531
2021-12-15,48379.75390625,49473.95703125,46671.96484375,48896.72265625,36541828520,0.0478387780999812,0.0409230204647821,BTC-USD,0.0,0,0.0,0,0.0,0.0,-0.4399999999999999,0.0,1058257,280841,,,922994595222.1996
2021-12-16,48900.46484375,49425.57421875,47529.87890625,47665.42578125,27268150947,-0.025504064198459,0.0411000251266707,BTC-USD,0.0,0,0.0,0,0.0,0.0,-0.42,0.0,873836,256019,,,900967365793.609
2021-12-17,47653.73046875,48004.89453125,45618.21484375,46202.14453125,32902725329,-0.0311800932560396,0.0398786624106917,BTC-USD,0.0,0,0.0,0,0.0,0.0,-0.54,0.0,979005,260119,,,875889128104.2239
2021-12-18,46219.25390625,47313.828125,45598.44140625,46848.77734375,26098292690,0.0138986956563083,0.0339025083051414,BTC-USD,0.0,0,0.0,0,0.0,0.0,-0.52,0.0,855978,234236,,,886709082168.6658
2021-12-19,46853.8671875,48089.6640625,46502.953125,46707.015625,25154053861,-0.003030530184136,0.0338451688963203,BTC-USD,0.0,0,0.0,0,0.0,0.0,-0.42,0.0,755797,214374,,,886214966718.6547
2021-12-20,46707.0625,47401.71875,45579.80859375,46880.27734375,30961902129,0.003702680378992,0.0329591261962862,BTC-USD,0.0,0,0.0,0,0.0,0.0,-0.5,0.0,1015255,266803,,,887738205495.6809
2021-12-21,46886.078125,49300.91796875,46698.7734375,48936.61328125,27055803928,0.0429287928874669,0.0353908122960694,BTC-USD,0.0,0,0.0,0,0.0,0.0,-0.4599999999999999,0.0,1009227,303464,,,928006827611.5642
2021-12-22,48937.09765625,49544.796875,48450.94140625,48628.51171875,24447979559,-0.0063158344064891,0.0354040041565453,BTC-USD,0.0,0,0.0,0,0.0,0.0,-0.0999999999999999,0.0,992589,286626,,,920678726099.7028
2021-12-23,48626.34375,51332.33984375,48065.8359375,50784.5390625,28223878108,0.0433819393295863,0.0335830134442596,BTC-USD,0.0,0,0.0,0,0.0,0.0,-0.3199999999999999,0.0,991240,292194,,,958937905483.9762
2021-12-24,50806.05078125,51814.02734375,50514.49609375,50822.1953125,24367912228,0.0007412156675569,0.0333805378489527,BTC-USD,0.0,0,0.0,0,0.0,0.0,-0.18,0.0,974212,256631,,,960325802399.2275
2021-12-25,50854.91796875,51176.59765625,50236.70703125,50429.859375,19030650914,-0.0077497271989944,0.0315840194322934,BTC-USD,0.0,0,0.0,0,0.0,0.0,-0.2199999999999999,0.0,866151,204665,,,956715386644.6604
2021-12-26,50428.69140625,51196.37890625,49623.10546875,50809.515625,20964372926,0.0075002049298359,0.031407939416185,BTC-USD,0.0,0,0.0,0,0.0,0.0,-0.26,0.0,774902,201930,,,960688686557.3997
2021-12-27,50802.609375,51956.328125,50499.46875,50640.41796875,24324345758,-0.0033336209666935,0.0241273723800013,BTC-USD,0.0,0,0.0,0,0.0,0.0,-0.1999999999999999,0.0,992531,248198,,,960699193954.2043
2021-12-28,50679.859375,50679.859375,47414.2109375,47588.85546875,33430376883,-0.0621514265119765,0.0301943993967588,BTC-USD,0.0,0,0.0,0,0.0,0.0,-0.18,0.0,1051572,269681,,,901668291917.6448
2021-12-29,47623.87109375,48119.7421875,46201.49609375,46444.7109375,30049226299,-0.0243360119563418,0.0277314588420759,BTC-USD,0.0,0,0.0,0,0.0,0.0,-0.4599999999999999,0.0,1142870,276509,,,878962608918.0773
2021-12-30,46490.60546875,47879.96484375,46060.3125,47178.125,26686491018,0.0156677387131325,0.0274197853205888,BTC-USD,0.0,0,0.0,0,0.0,0.0,-0.56,0.0,977727,245011,,,890954276503.3245
2021-12-31,47169.37109375,48472.52734375,45819.953125,46306.4453125,36974172400,-0.0186491727568651,0.0265398871550438,BTC-USD,0.0,0,0.0,0,0.0,0.0,-0.4399999999999999,0.0,1093396,262509,,,876861223766.0674
2022-01-01,46311.74609375,47827.3125,46288.484375,47686.8125,24582667004,0.0293737331477697,0.0274622886294681,BTC-USD,0.0,0,0.0,0,0.0,0.0,-0.5800000000000001,0.0,695722,188065,,,899704292195.3873
2022-01-02,47680.92578125,47881.40625,46856.9375,47345.21875,27951569547,-0.0071890544000217,0.0275347346330639,BTC-USD,0.0,0,0.0,0,0.0,0.0,-0.42,0.0,734444,194826,,,895826639879.7357
2022-01-03,47343.54296875,47510.7265625,45835.96484375,46458.1171875,33071628362,-0.0189146366957637,0.0280212361643027,BTC-USD,0.0,0,0.0,0,0.0,0.0,-0.42,0.0,948843,241163,,,878857424265.7749
2022-01-04,46458.8515625,47406.546875,45752.46484375,45897.57421875,42494677905,-0.012138934663861,0.0251521099084811,BTC-USD,0.0,0,0.0,0,0.0,0.0,-0.54,0.0,971141,274049,,,868541933980.8007
2022-01-05,45899.359375,46929.046875,42798.22265625,43569.00390625,36851084859,-0.0520662884548127,0.028184339861061,BTC-USD,0.0,0,0.0,0,0.0,0.0,-0.52,0.0,1023484,274757,,,823647361549.9047
2022-01-06,43565.51171875,43748.71875,42645.5390625,43160.9296875,30208048289,-0.0094102973035897,0.0240281283996959,BTC-USD,0.0,0,0.0,0,0.0,0.0,-0.7,0.0,937879,258406,,,816383641933.4489
2022-01-07,43153.5703125,43153.5703125,41077.4453125,41557.90234375,84196607520,-0.0378479886503751,0.0247050831294747,BTC-USD,0.0,0,0.0,0,0.0,0.0,-0.64,0.0,961733,255659,,,785536046142.0577
2022-01-08,41561.46484375,42228.94140625,40672.27734375,41733.94140625,28066355845,0.0042270483325967,0.0251553985884198,BTC-USD,0.0,0,0.0,0,0.0,0.0,-0.8,0.0,823193,226064,,,791005030825.6498
2022-01-09,41734.7265625,42663.94921875,41338.16015625,41911.6015625,21294384372,0.0042479352061129,0.0249606201388724,BTC-USD,0.0,0,0.0,0,0.0,0.0,-0.54,0.0,734904,203966,,,792682352625.3267
2022-01-10,41910.23046875,42199.484375,39796.5703125,41821.26171875,32104232331,-0.0021578117662012,0.0250003167638605,BTC-USD,0.0,0,0.0,0,0.0,0.0,-0.54,0.0,977953,269292,,,791403311312.3584
2022-01-11,41819.5078125,43001.15625,41407.75390625,42735.85546875,26327648900,0.0216334106374393,0.0223937658134698,BTC-USD,0.0,0,0.0,0,0.0,0.0,-0.5800000000000001,0.0,973363,285302,,,809447924741.6742
2022-01-12,42742.1796875,44135.3671875,42528.98828125,43949.1015625,33499938689,0.0279939072519118,0.0237278717621389,BTC-USD,0.0,0,0.0,0,0.0,0.0,-0.56,0.0,958871,266587,,,832062440495.9272
2022-01-13,43946.7421875,44278.421875,42447.04296875,42591.5703125,47691135082,-0.03137582795207,0.0240653986322201,BTC-USD,0.0,0,0.0,0,0.0,0.0,-0.5800000000000001,0.0,943218,276789,,,806858094234.2053
2022-01-14,42598.87109375,43346.6875,41982.6171875,43099.69921875,23577403399,0.0118596646958226,0.0243389381957628,BTC-USD,0.0,0,0.0,0,0.0,0.0,-0.5800000000000001,0.0,959705,262404,,,815906720814.3414
2022-01-15,43101.8984375,43724.671875,42669.03515625,43177.3984375,18371348298,0.0018011556222094,0.0223683101868733,BTC-USD,0.0,0,0.0,0,0.0,0.0,-0.54,0.0,819060,234931,,,817920712548.0422
2022-01-16,43172.0390625,43436.80859375,42691.0234375,43113.87890625,17902097845,-0.0014722123644015,0.0224185974603179,BTC-USD,0.0,0,0.0,0,0.0,0.0,-0.5800000000000001,0.0,768912,217903,,,817252077983.4711
2022-01-17,43118.12109375,43179.390625,41680.3203125,42250.55078125,21690904261,-0.0202275716990488,0.022476353338247,BTC-USD,0.0,0,0.0,0,0.0,0.0,-0.56,0.0,963405,258684,,,799165933857.8269
2022-01-18,42250.07421875,42534.40234375,41392.21484375,42375.6328125,22417209227,0.002956109256612,0.0225614573624687,BTC-USD,0.0,0,0.0,0,0.0,0.0,-0.52,0.0,906852,267423,,,803366428290.746
2022-01-19,42374.0390625,42478.3046875,41242.9140625,41744.328125,23091543258,-0.0150099104428706,0.0185144739027563,BTC-USD,0.0,0,0.0,0,0.0,0.0,-0.52,0.0,940760,267790,,,791227795959.0669
2022-01-20,41744.02734375,43413.0234375,40672.82421875,40680.41796875,20382033940,-0.0258167430956038,0.0194435400484281,BTC-USD,0.0,0,0.0,0,0.0,0.0,-0.52,0.0,944092,272287,,,771738138088.1324
2022-01-21,40699.60546875,41060.52734375,35791.42578125,36457.31640625,43011992031,-0.1096046829154399,0.0334213807494439,BTC-USD,0.0,0,0.0,0,0.0,0.0,-0.62,0.0,1017544,272514,,,691030724675.9996
2022-01-22,36471.58984375,36688.8125,34349.25,35030.25,39714385405,-0.0399301888396467,0.0341175588212667,BTC-USD,0.0,0,0.0,0,0.0,0.0,-0.74,0.0,980566,246984,,,662733218969.3214
2022-01-23,35047.359375,36433.3125,34784.96875,36276.8046875,26017975951,0.0349665737811815,0.0362021381083491,BTC-USD,0.0,0,0.0,0,0.0,0.0,-0.78,0.0,764279,208492,,,686903645043.7297
2022-01-24,36275.734375,37247.51953125,33184.05859375,36654.328125,41856658597,0.0103529671066989,0.0365714594277008,BTC-USD,0.0,0,0.0,0,0.0,0.0,-0.74,0.0,967257,271583,,,694298766581.2903
2022-01-25,36654.8046875,37444.5703125,35779.4296875,36954.00390625,26428189594,0.0081424868269511,0.0358611322395207,BTC-USD,0.0,0,0.0,0,0.0,0.0,-0.76,0.0,892344,266941,,,699880378324.826
2022-01-26,36950.515625,38825.41015625,36374.90625,36852.12109375,31324598034,-0.0027608244495656,0.0342344968506976,BTC-USD,0.0,0,0.0,0,0.0,0.0,-0.54,0.0,872302,258696,,,697509429274.1655
2022-01-27,36841.87890625,37148.32421875,35629.28125,37138.234375,25041426629,0.0077338378907859,0.0341783992263599,BTC-USD,0.0,0,0.0,0,0.0,0.0,-0.6,0.0,894323,252850,,,701254263145.7666
2022-01-28,37128.4453125,37952.87890625,36211.109375,37784.33203125,22238830523,0.0172475050904149,0.0344699700707302,BTC-USD,0.0,0,0.0,0,0.0,0.0,-0.52,0.0,953545,266473,,,715438283447.2081
2022-01-29,37780.71484375,38576.26171875,37406.47265625,38138.1796875,17194183075,0.0093213517392097,0.0347156931609003,BTC-USD,0.0,0,0.0,0,0.0,0.0,-0.52,0.0,800040,227066,,,721524832280.5933
2022-01-30,38151.91796875,38266.33984375,37437.7109375,37917.6015625,14643548444,-0.005800446457155,0.0346640325828664,BTC-USD,0.0,0,0.0,0,0.0,0.0,-0.42,0.0,780477,208908,,,719574502508.9705
2022-01-31,37920.28125,38647.26171875,36733.57421875,38483.125,20734730465,0.0148044080663926,0.035066779479138,BTC-USD,0.0,0,0.0,0,0.0,0.0,-0.6,0.0,993797,262993,,,728686388266.2095
2022-02-01,38481.765625,39115.1328125,38113.6640625,38743.2734375,20288500328,0.0067373185026341,0.0351610686587458,BTC-USD,0.0,0,0.0,0,0.0,0.0,-0.48,0.0,1058396,274556,,,734886466082.2046
2022-02-02,38743.71484375,38834.6171875,36832.73046875,36952.984375,19155189416,-0.0473107399591228,0.0367913742520049,BTC-USD,0.0,0,0.0,0,0.0,0.0,-0.4399999999999999,0.0,954043,275434,,,699953961572.8492
2022-02-03,36944.8046875,37154.6015625,36375.5390625,37154.6015625,18591534769,0.0054412158319915,0.0366213390781349,BTC-USD,0.0,0,0.0,0,0.0,0.0,-0.6,0.0,931571,267726,,,702173027375.5972
2022-02-04,37149.265625,41527.78515625,37093.62890625,41500.875,29412210792,0.1106268834574471,0.0362125958924586,BTC-USD,0.0,0,0.0,0,0.0,0.0,-0.6,0.0,885216,249753,,,778420574646.1787
2022-02-05,41501.48046875,41847.1640625,41038.09765625,41441.1640625,19652846215,-0.0014398234837348,0.0335547071495337,BTC-USD,0.0,0,0.0,0,0.0,0.0,-0.3399999999999999,0.0,951087,253867,,,786574393907.42
2022-02-06,41441.12109375,42500.78515625,41244.90625,42412.43359375,16142097334,0.0231668765175786,0.0330783858847308,BTC-USD,0.0,0,0.0,0,0.0,0.0,-0.26,0.0,891700,221803,,,802716166347.2819
2022-02-07,42406.78125,44401.86328125,41748.15625,43840.28515625,28641855926,0.0331115827095373,0.0335908458894795,BTC-USD,0.0,0,0.0,0,0.0,0.0,-0.0999999999999999,0.0,927917,262908,,,831762282836.8923
2022-02-08,43854.65234375,45293.8671875,42807.8359375,44118.4453125,33079398868,0.0063248089653385,0.0336136847307683,BTC-USD,0.0,0,0.0,0,0.0,0.0,-0.04,0.0,1014770,277455,,,837082119037.3419
2022-02-09,44096.703125,44727.80078125,43232.96875,44338.796875,23245887300,0.0049821136819973,0.0334035270299699,BTC-USD,0.0,0,0.0,0,0.0,0.0,0.08,0.0,998247,263940,,,841624618494.103
2022-02-10,44347.80078125,45661.171875,43402.80859375,43565.11328125,32142048537,-0.0176033937813889,0.0343947552895251,BTC-USD,0.0,0,0.0,0,0.0,0.0,0.0,0.0,1029721,261192,,,826677702003.7993
2022-02-11,43571.12890625,43810.83203125,42114.5390625,42407.9375,26954925781,-0.0269211260551718,0.0358136395595356,BTC-USD,0.0,0,0.0,0,0.0,0.0,0.0,0.0,987669,258085,,,802889388936.9894
2022-02-12,42412.30078125,42992.55078125,41852.57421875,42244.46875,18152390304,-0.0038621218328664,0.0359562214470384,BTC-USD,0.0,0,0.0,0,0.0,0.0,-0.12,0.0,1060262,224735,,,799453385155.5483
2022-02-13,42236.56640625,42693.0546875,41950.94140625,42197.515625,14741589015,-0.0011120802095432,0.0358464470731997,BTC-USD,0.0,0,0.0,0,0.0,0.0,-0.12,0.0,829229,212378,,,799914657954.3014
2022-02-14,42157.3984375,42775.77734375,41681.95703125,42586.91796875,20827783012,0.009185768314632,0.0357914637455069,BTC-USD,0.0,0,0.0,0,0.0,0.0,-0.0799999999999999,0.0,899786,249689,,,808496975465.7014
2022-02-15,42586.46484375,44667.21875,42491.03515625,44575.203125,22721659051,0.0456306044872406,0.0372301510237973,BTC-USD,0.0,0,0.0,0,0.0,0.0,-0.0799999999999999,0.0,1013694,272685,,,843916967903.3898
2022-02-16,44578.27734375,44578.27734375,43456.69140625,43961.859375,19792547657,-0.0138552950498985,0.0342194796894661,BTC-USD,0.0,0,0.0,0,0.0,0.0,0.02,0.0,925324,267496,,,835500283615.3702
2022-02-17,43937.0703125,44132.97265625,40249.37109375,40538.01171875,26246662813,-0.0810823307191044,0.042407700572646,BTC-USD,0.0,0,0.0,0,0.0,0.0,0.04,0.0,931220,256201,,,770019212409.19
2022-02-18,40552.1328125,40929.15234375,39637.6171875,40030.9765625,23310007704,-0.0125865264237605,0.0300629308365834,BTC-USD,0.0,0,0.0,0,0.0,0.0,-0.4,0.0,940726,258376,,,759324202407.7102
2022-02-19,40026.0234375,40418.87890625,39713.05859375,40122.15625,13736557863,0.0022751381918922,0.0300901118144774,BTC-USD,0.0,0,0.0,0,0.0,0.0,-0.5,0.0,839236,218004,,,760341255738.9949
2022-02-20,40118.1015625,40119.890625,38112.8125,38431.37890625,18340576452,-0.0430544217465252,0.0309691409414575,BTC-USD,0.0,0,0.0,0,0.0,0.0,-0.4599999999999999,0.0,741534,202691,,,731091944780.325
2022-02-21,38423.2109375,39394.4375,36950.4765625,37075.28125,29280402798,-0.0359238109483543,0.0295475792700281,BTC-USD,0.0,0,0.0,0,0.0,0.0,-0.5,0.0,886316,238620,,,703554688344.6675
2022-02-22,37068.76953125,38359.85546875,36488.93359375,38286.02734375,25493150450,0.0321345343415065,0.0315165215231001,BTC-USD,0.0,0,0.0,0,0.0,0.0,-0.6,0.0,886571,256251,,,724538639899.3824
2022-02-23,38285.28125,39122.39453125,37201.81640625,37296.5703125,21849073843,-0.0261836346154203,0.031467772862546,BTC-USD,0.0,0,0.0,0,0.0,0.0,-0.5,0.0,859810,253563,,,707612117150.8044
2022-02-24,37278.56640625,38968.83984375,34459.21875,38332.609375,46383802093,0.0273995799515498,0.0331442254144517,BTC-USD,0.0,0,0.0,0,0.0,0.0,-0.54,0.0,958866,255800,,,726146059494.2439
2022-02-25,38333.74609375,39630.32421875,38111.34375,39214.21875,26545599159,0.0227384505953059,0.0337466859101909,BTC-USD,0.0,0,0.0,0,0.0,0.0,-0.4599999999999999,0.0,936543,260990,,,745904763136.9403
2022-02-26,39213.08203125,40005.34765625,38702.53515625,39105.1484375,17467554129,-0.0027852723260769,0.033752160266944,BTC-USD,0.0,0,0.0,0,0.0,0.0,-0.48,0.0,818914,221994,,,740867098958.1196
2022-02-27,39098.69921875,39778.94140625,37268.9765625,37709.78515625,23450127612,-0.0363345179244269,0.0346981518886962,BTC-USD,0.0,0,0.0,0,0.0,0.0,-0.48,0.0,768705,206112,,,714497979063.6003
2022-02-28,37706.0,43760.45703125,37518.21484375,43193.234375,35690014104,0.1357642573033216,0.0518042652933597,BTC-USD,0.0,0,0.0,0,0.0,0.0,-0.6,0.0,981066,274389,,,819148711995.1912
2022-03-01,43194.50390625,44793.6015625,42952.5859375,44354.63671875,32479047645,0.0265333803325247,0.050780258275001,BTC-USD,0.0,0,0.0,0,0.0,0.0,0.02,0.0,1065354,275460,,,841108826271.2916
2022-03-02,44357.6171875,45077.578125,43432.8515625,43924.1171875,29183112630,-0.0097537159354072,0.0507081550618082,BTC-USD,0.0,0,0.0,0,0.0,0.0,0.04,0.0,1091796,289957,,,834508464680.0197
2022-03-03,43925.1953125,44021.578125,41914.75,42451.7890625,24967782593,-0.0340944786524133,0.0462960965030473,BTC-USD,0.0,0,0.0,0,0.0,0.0,-0.2199999999999999,0.0,1011448,270823,,,806244025712.1389
2022-03-04,42458.140625,42479.61328125,38805.84765625,39137.60546875,28516271427,-0.0812852755652355,0.0514615260901463,BTC-USD,0.0,0,0.0,0,0.0,0.0,-0.3399999999999999,0.0,949176,257979,,,742026135335.5072
2022-03-05,39148.44921875,39566.3359375,38777.03515625,39400.5859375,16975917450,0.0066969062286334,0.0515007731923285,BTC-USD,0.0,0,0.0,0,0.0,0.0,-0.56,0.0,801293,226147,,,747321460590.9252
2022-03-06,39404.19921875,39640.17578125,38211.6484375,38419.984375,19745229902,-0.025202937052357,0.0506004780137346,BTC-USD,0.0,0,0.0,0,0.0,0.0,-0.56,0.0,771254,205542,,,728670905368.0938
2022-03-07,38429.3046875,39430.2265625,37260.203125,38062.0390625,28546143503,-0.0093603152707349,0.0496395686553909,BTC-USD,0.0,0,0.0,0,0.0,0.0,-0.54,0.0,917289,255761,,,723912662220.2532
2022-03-08,38059.90234375,39304.44140625,37957.38671875,38737.26953125,25776583476,0.0175847382159609,0.0491067899266434,BTC-USD,0.0,0,0.0,0,0.0,0.0,-0.5800000000000001,0.0,962840,258526,,,734931320621.745
2022-03-09,38742.81640625,42465.671875,38706.09375,41982.92578125,32284121034,0.0804608330138584,0.0527305861091993,BTC-USD,0.0,0,0.0,0,0.0,0.0,-0.56,0.0,960901,272021,,,796910249370.7688
2022-03-10,41974.0703125,42004.7265625,38832.94140625,39437.4609375,31078064711,-0.0625468568005302,0.0556438311820938,BTC-USD,0.0,0,0.0,0,0.0,0.0,-0.4399999999999999,0.0,993366,259229,,,749363333209.5948
2022-03-11,39439.96875,40081.6796875,38347.43359375,38794.97265625,26364890465,-0.0164254822906464,0.0555069276610397,BTC-USD,0.0,0,0.0,0,0.0,0.0,-0.56,0.0,903967,252248,,,736929136350.2585
2022-03-12,38794.46484375,39308.59765625,38772.53515625,38904.01171875,14616450657,0.0028067068046672,0.0555114126762738,BTC-USD,0.0,0,0.0,0,0.0,0.0,-0.56,0.0,787792,222124,,,739354221515.7125
2022-03-13,38884.7265625,39209.3515625,37728.14453125,37849.6640625,17300745310,-0.0274752699749848,0.05511898578236,BTC-USD,0.0,0,0.0,0,0.0,0.0,-0.5800000000000001,0.0,751546,206930,,,717697507253.0143
2022-03-14,37846.31640625,39742.5,37680.734375,39666.75390625,24322159070,0.0468912994095342,0.0418284314641087,BTC-USD,0.0,0,0.0,0,0.0,0.0,-0.54,0.0,936153,263759,,,752677094103.7612
2022-03-15,39664.25,39794.62890625,38310.2109375,39338.78515625,23934000868,-0.0083024718981781,0.0407614111331422,BTC-USD,0.0,0,0.0,0,0.0,0.0,-0.5800000000000001,0.0,949102,266692,,,747163714202.8488
2022-03-16,39335.5703125,41465.453125,39022.34765625,41143.9296875,39616916192,0.0448654676742004,0.0431816093496791,BTC-USD,0.0,0,0.0,0,0.0,0.0,-0.52,0.0,1014991,276789,,,780330370069.7833
2022-03-17,41140.84375,41287.53515625,40662.87109375,40951.37890625,22009601093,-0.0046909168777941,0.0423474125329384,BTC-USD,0.0,0,0.0,0,0.0,0.0,-0.4599999999999999,0.0,1009859,272685,,,777801385657.9899
2022-03-18,40944.83984375,42195.74609375,40302.3984375,41801.15625,34421564942,0.0205385179749362,0.0360665272278189,BTC-USD,0.0,0,0.0,0,0.0,0.0,-0.5,0.0,1004891,266839,,,794161288273.0386
2022-03-19,41794.6484375,42316.5546875,41602.66796875,42190.65234375,19664853187,0.0092746874320122,0.036084066056914,BTC-USD,0.0,0,0.0,0,0.0,0.0,-0.4399999999999999,0.0,864890,236675,,,801171332567.3827
2022-03-20,42191.40625,42241.1640625,41004.7578125,41247.82421875,20127946682,-0.0226003228859662,0.0359234683100253,BTC-USD,0.0,0,0.0,0,0.0,0.0,-0.38,0.0,780069,211211,,,784151376119.5593
2022-03-21,41246.1328125,41454.41015625,40668.04296875,41077.99609375,24615543271,-0.0041257618874666,0.0357886778024342,BTC-USD,0.0,0,0.0,0,0.0,0.0,-0.4,0.0,941088,260248,,,779817561038.1803
2022-03-22,41074.10546875,43124.70703125,40948.28125,42358.80859375,32004652376,0.0307037913099736,0.0362990522778025,BTC-USD,0.0,0,0.0,0,0.0,0.0,-0.48,0.0,920483,260695,,,804900030311.0082
2022-03-23,42364.37890625,42893.5078125,41877.5078125,42892.95703125,25242943069,0.012531246090632,0.0295477028615592,BTC-USD,0.0,0,0.0,0,0.0,0.0,-0.38,0.0,972037,266381,,,811605189141.3652
2022-03-24,42886.65234375,44131.85546875,42726.1640625,43960.93359375,31042992291,0.024593725965785,0.0235882326957071,BTC-USD,0.0,0,0.0,0,0.0,0.0,-0.1999999999999999,0.0,966209,269340,,,835201966315.3181
2022-03-25,43964.546875,44999.4921875,43706.28515625,44348.73046875,30574413034,0.0087827164076656,0.0225391583025034,BTC-USD,0.0,0,0.0,0,0.0,0.0,-0.06,0.0,1068732,286600,,,842318907291.7148
2022-03-26,44349.859375,44735.99609375,44166.2734375,44500.828125,16950455995,0.0034237154855725,0.0225255435736974,BTC-USD,0.0,0,0.0,0,0.0,0.0,0.02,0.0,825356,229765,,,845647593448.0334
2022-03-27,44505.35546875,46827.546875,44437.29296875,46820.4921875,28160889722,0.0508131757923822,0.0223301169883426,BTC-USD,0.0,0,0.0,0,0.0,0.0,-0.02,0.0,812882,219139,,,888562475595.7218
2022-03-28,46821.8515625,48086.8359375,46690.203125,47128.00390625,36362175703,0.0065464127633699,0.0204487010596811,BTC-USD,0.0,0,0.0,0,0.0,0.0,0.1999999999999999,0.0,1029256,289835,,,897089950913.7915
2022-03-29,47100.4375,48022.2890625,47100.4375,47465.73046875,31397059069,0.0071405997391902,0.0196522162327254,BTC-USD,0.0,0,0.0,0,0.0,0.0,0.1200000000000001,0.0,972049,293194,,,901695013250.8092
2022-03-30,47456.8984375,47655.1484375,46746.2109375,47062.6640625,29333883962,-0.0085279952347302,0.0182068377448636,BTC-USD,0.0,0,0.0,0,0.0,0.0,0.1,0.0,940234,269490,,,895267763638.8374
2022-03-31,47062.1484375,47512.02734375,45390.5390625,45538.67578125,33327427106,-0.0329180095425831,0.0212240964099852,BTC-USD,0.0,0,0.0,0,0.0,0.0,0.04,0.0,979952,280038,,,865648898574.5215
2022-04-01,45554.1640625,46616.2421875,44403.140625,46281.64453125,38162644287,0.0161834540100177,0.0210508288117746,BTC-USD,0.0,0,0.0,0,0.0,0.0,0.0,0.0,1073859,286454,,,878763543516.0741
2022-04-02,46285.5,47028.28125,45782.51171875,45868.94921875,29336594194,-0.0089570355406702,0.0214770886808748,BTC-USD,0.0,0,0.0,0,0.0,0.0,0.04,0.0,932911,250576,,,872903917445.8976
2022-04-03,45859.12890625,47313.4765625,45634.10546875,46453.56640625,25414397610,0.0126648412430469,0.0198767881110091,BTC-USD,0.0,0,0.0,0,0.0,0.0,-0.04,0.0,794992,223619,,,882457046122.9755
2022-04-04,46445.2734375,46791.08984375,45235.81640625,46622.67578125,32499785455,0.0036337857461326,0.0196042724257356,BTC-USD,0.0,0,0.0,0,0.0,0.0,0.04,0.0,985718,276178,,,886730287350.8207
2022-04-05,46624.5078125,47106.140625,45544.80859375,45555.9921875,29640604055,-0.023144860605896,0.0202979758806295,BTC-USD,0.0,0,0.0,0,0.0,0.0,0.06,0.0,952254,276073,,,868339514523.9437
2022-04-06,45544.35546875,45544.35546875,43193.953125,43206.73828125,39393395788,-0.0529457051005748,0.0253843177198765,BTC-USD,0.0,0,0.0,0,0.0,0.0,-0.04,0.0,919776,272206,,,822997272031.0201
2022-04-07,43207.5,43860.69921875,42899.90625,43503.84765625,26101973106,0.0068529242315328,0.024518171403941,BTC-USD,0.0,0,0.0,0,0.0,0.0,-0.3199999999999999,0.0,927811,266096,,,828054180680.1997
2022-04-08,43505.13671875,43903.01953125,42183.2890625,42287.6640625,27215995394,-0.0283539722589372,0.0254009104737852,BTC-USD,0.0,0,0.0,0,0.0,0.0,-0.26,0.0,929602,270556,,,802489465551.0809
2022-04-09,42282.078125,42786.81640625,42183.25390625,42782.13671875,16050772496,0.0116252352899325,0.0256635898575658,BTC-USD,0.0,0,0.0,0,0.0,0.0,-0.4,0.0,786423,228357,,,811252805066.329
2022-04-10,42781.08984375,43376.37890625,42021.20703125,42207.671875,17654475582,-0.0135186465773171,0.0205786328555844,BTC-USD,0.0,0,0.0,0,0.0,0.0,-0.3199999999999999,0.0,754197,218201,,,803372627468.9934
2022-04-11,42201.0390625,42424.58984375,39373.05859375,39521.90234375,33949912166,-0.0657469945548489,0.0253294789842045,BTC-USD,0.0,0,0.0,0,0.0,0.0,-0.36,0.0,986075,279217,,,751695772760.3042
2022-04-12,39533.71484375,40617.5859375,39388.328125,40127.18359375,30991500854,0.0151989918017609,0.0258971049844735,BTC-USD,0.0,0,0.0,0,0.0,0.0,-0.6,0.0,970523,273114,,,762233627485.6914
2022-04-13,40123.5703125,41430.0546875,39712.74609375,41166.73046875,27691105228,0.0255764174954905,0.0277837935713157,BTC-USD,0.0,0,0.0,0,0.0,0.0,-0.5,0.0,960119,283767,,,782351625651.621
2022-04-14,41160.21875,41451.48046875,39695.74609375,39935.515625,24342001973,-0.0303643733545408,0.0276265931689498,BTC-USD,0.0,0,0.0,0,0.0,0.0,-0.4399999999999999,0.0,910470,259632,,,758883634883.5314
2022-04-15,39939.40234375,40617.72265625,39866.83203125,40553.46484375,21756855753,0.0153551792271288,0.0275684675035017,BTC-USD,0.0,0,0.0,0,0.0,0.0,-0.56,0.0,893942,258904,,,770536726947.4893
2022-04-16,40552.31640625,40633.6796875,40078.42578125,40424.484375,16833150693,-0.0031855728397045,0.027619309068501,BTC-USD,0.0,0,0.0,0,0.0,0.0,-0.4399999999999999,0.0,774863,220729,,,768902341981.3142
2022-04-17,40417.77734375,40570.7265625,39620.89453125,39716.953125,19087633042,-0.0176575228819421,0.0269688219724846,BTC-USD,0.0,0,0.0,0,0.0,0.0,-0.4399999999999999,0.0,760823,211027,,,754972012082.3364
2022-04-18,39721.203125,40986.3203125,38696.19140625,40826.21484375,33705182072,0.0275462683643856,0.0286827310839795,BTC-USD,0.0,0,0.0,0,0.0,0.0,-0.52,0.0,930250,248528,,,776190301536.566
2022-04-19,40828.17578125,41672.9609375,40618.6328125,41502.75,25303206547,0.0164352943392353,0.0291788961404811,BTC-USD,0.0,0,0.0,0,0.0,0.0,-0.4599999999999999,0.0,945444,273229,,,788977754146.4867
2022-04-20,41501.74609375,42126.30078125,40961.09765625,41374.37890625,27819532341,-0.0030978678462107,0.0259596287063493,BTC-USD,0.0,0,0.0,0,0.0,0.0,-0.4599999999999999,0.0,961981,283298,,,787231256989.412
2022-04-21,41371.515625,42893.58203125,40063.828125,40527.36328125,35372786395,-0.0206844397083194,0.026190095589414,BTC-USD,0.0,0,0.0,0,0.0,0.0,-0.4599999999999999,0.0,970130,279919,,,769432984435.9886
2022-04-22,40525.86328125,40777.7578125,39315.41796875,39740.3203125,28011716745,-0.0196110852519189,0.0256914823338995,BTC-USD,0.0,0,0.0,0,0.0,0.0,-0.48,0.0,945273,261784,,,755782416405.1533
2022-04-23,39738.72265625,39935.859375,39352.203125,39486.73046875,16138021249,-0.0064016193275786,0.0252728239175123,BTC-USD,0.0,0,0.0,0,0.0,0.0,-0.52,0.0,857006,238246,,,752864909083.6786
2022-04-24,39478.375,39845.92578125,39233.5390625,39469.29296875,17964398167,-0.0004417015833454,0.0252041997334924,BTC-USD,0.0,0,0.0,0,0.0,0.0,-0.52,0.0,796298,217733,,,751560334690.4332
2022-04-25,39472.60546875,40491.75390625,38338.37890625,40458.30859375,35445730570,0.0247490500760968,0.0192760342189472,BTC-USD,0.0,0,0.0,0,0.0,0.0,-0.54,0.0,1003326,277416,,,769901695374.375
2022-04-26,40448.421875,40713.890625,37884.984375,38117.4609375,34569088416,-0.0595995569885474,0.0248101123714,BTC-USD,0.0,0,0.0,0,0.0,0.0,-0.4599999999999999,0.0,965991,277059,,,724263590330.6515
2022-04-27,38120.30078125,39397.91796875,37997.3125,39241.12109375,30981015184,0.0290527349945201,0.025140533922505,BTC-USD,0.0,0,0.0,0,0.0,0.0,-0.5800000000000001,0.0,967943,285596,,,746100751519.959
2022-04-28,39241.4296875,40269.46484375,38941.421875,39773.828125,33903704907,0.0134839067215247,0.0242410504457251,BTC-USD,0.0,0,0.0,0,0.0,0.0,-0.52,0.0,1003139,272681,,,756205933276.4078
2022-04-29,39768.6171875,39887.26953125,38235.53515625,38609.82421875,30882994649,-0.029702353660829,0.0249838294745326,BTC-USD,0.0,0,0.0,0,0.0,0.0,-0.54,0.0,1059989,290674,,,734582468278.2043
2022-04-30,38605.859375,38771.2109375,37697.94140625,37714.875,23895713731,-0.0234521785579196,0.025544551552359,BTC-USD,0.0,0,0.0,0,0.0,0.0,-0.6,0.0,944577,256188,,,717581783127.7089
2022-05-01,37713.265625,38627.859375,37585.7890625,38469.09375,27002760110,0.0198005802004018,0.0260681581241078,BTC-USD,0.0,0,0.0,0,0.0,0.0,-0.56,0.0,834397,233382,,,731799466487.4058
2022-05-02,38472.1875,39074.97265625,38156.5625,38529.328125,32922642426,0.0015645616058173,0.0246686983913852,BTC-USD,0.0,0,0.0,0,0.0,0.0,-0.4399999999999999,0.0,966035,269678,,,733870898707.1201
2022-05-03,38528.109375,38629.99609375,37585.62109375,37750.453125,27326943244,-0.0204222418409001,0.0242679064288876,BTC-USD,0.0,0,0.0,0,0.0,0.0,-0.4599999999999999,0.0,956710,283138,,,717509825232.0969
2022-05-04,37748.01171875,39902.94921875,37732.05859375,39698.37109375,36754404490,0.0503126775329916,0.0286855031063965,BTC-USD,0.0,0,0.0,0,0.0,0.0,-0.5800000000000001,0.0,862312,229490,,,754415354857.8029
2022-05-05,39695.74609375,39789.28125,35856.515625,36575.140625,43106256317,-0.0819413647290767,0.0354680777666032,BTC-USD,0.0,0,0.0,0,0.0,0.0,-0.4599999999999999,0.0,1189734,317562,,,694697804870.6023
2022-05-06,36573.18359375,36624.359375,35482.1328125,36040.921875,37795577489,-0.0147137801076371,0.0353616187885454,BTC-USD,0.0,0,0.0,0,0.0,0.0,-0.56,0.0,1086467,288758,,,685993738939.4033
2022-05-07,36042.50390625,36129.92578125,34940.82421875,35501.953125,24375896406,-0.0150672990569396,0.0354265110375026,BTC-USD,0.0,0,0.0,0,0.0,0.0,-0.54,0.0,837217,234267,,,675856548990.5393
2022-05-08,35502.94140625,35502.94140625,33878.96484375,34059.265625,36763041910,-0.0414855987869971,0.0364715788691692,BTC-USD,0.0,0,0.0,0,0.0,0.0,-0.64,0.0,813799,223007,,,648294631562.7058
2022-05-09,34060.015625,34222.07421875,30296.953125,30296.953125,63355494961,-0.1170549632581505,0.0446860114645655,BTC-USD,0.0,0,0.0,0,0.0,0.0,-0.78,0.0,1067791,287708,,,579781151871.626
2022-05-10,30273.654296875,32596.30859375,29944.802734375,31022.90625,59811038817,0.0236786923864829,0.0446464655171408,BTC-USD,0.0,0,0.0,0,0.0,0.0,-0.8,0.0,978190,279809,,,589953144393.2335
2022-05-11,31016.18359375,32013.40234375,28170.4140625,28936.35546875,70388855818,-0.0696270636865209,0.0449940618177065,BTC-USD,0.0,0,0.0,0,0.0,0.0,-0.76,0.0,981424,253805,,,548209905804.9245
2022-05-12,28936.734375,30032.439453125,26350.490234375,29047.751953125,66989173272,0.0038423156405122,0.0444840309012103,BTC-USD,0.0,0,0.0,0,0.0,0.0,-0.76,0.0,1058679,282227,,,552691998324.409
2022-05-13,29030.91015625,30924.802734375,28782.330078125,29283.103515625,42841124537,0.008069582993285,0.0451506404098715,BTC-USD,0.0,0,0.0,0,0.0,0.0,-0.8,0.0,1028898,267948,,,557578891036.9143
2022-05-14,29285.642578125,30192.802734375,28702.91015625,30101.265625,28579868620,0.0275565403508554,0.0468548241550857,BTC-USD,0.0,0,0.0,0,0.0,0.0,-0.8200000000000001,0.0,1101356,292088,,,572189373051.7065
2022-05-15,30098.5859375,31308.19140625,29527.740234375,31305.11328125,25835372065,0.0392142296088775,0.0482652949293159,BTC-USD,0.0,0,0.0,0,0.0,0.0,-0.8,0.0,1016251,233949,,,593741420972.2537
2022-05-16,31304.375,31305.341796875,29251.884765625,29862.91796875,32613897286,-0.0471639388259309,0.0487551687660826,BTC-USD,0.0,0,0.0,0,0.0,0.0,-0.72,0.0,1094147,272399,,,569152162704.7391
2022-05-17,29862.408203125,30694.490234375,29570.302734375,30425.857421875,29101473475,0.0186753109718678,0.0497281376524556,BTC-USD,0.0,0,0.0,0,0.0,0.0,-0.84,0.0,1029420,278212,,,579626118555.3054
2022-05-18,30424.478515625,30618.716796875,28720.271484375,28720.271484375,31285268319,-0.0576896230339538,0.0470539811689659,BTC-USD,0.0,0,0.0,0,0.0,0.0,-0.76,0.0,902599,264173,,,547906490195.5128
2022-05-19,28720.359375,30430.751953125,28708.955078125,30314.333984375,33773447707,0.054017472510896,0.0480011377821565,BTC-USD,0.0,0,0.0,0,0.0,0.0,-0.74,0.0,897588,260343,,,576240952956.045
2022-05-20,30311.119140625,30664.9765625,28793.60546875,29200.740234375,30749382605,-0.0374266099996021,0.04843047616636,BTC-USD,0.0,0,0.0,0,0.0,0.0,-0.74,0.0,949339,269360,,,556579372166.2573
2022-05-21,29199.859375,29588.869140625,29027.39453125,29432.2265625,17274840442,0.0078961561565265,0.0488165475856981,BTC-USD,0.0,0,0.0,0,0.0,0.0,-0.74,0.0,758937,216560,,,560333845441.6517
2022-05-22,29432.47265625,30425.861328125,29275.18359375,30323.72265625,21631532270,0.0298401165357857,0.0493778203258119,BTC-USD,0.0,0,0.0,0,0.0,0.0,-0.72,0.0,749577,210953,,,577723026488.325
2022-05-23,30309.396484375,30590.5859375,28975.560546875,29098.91015625,31483454557,-0.041229610336667,0.0397510840874926,BTC-USD,0.0,0,0.0,0,0.0,0.0,-0.8,0.0,939531,268759,,,554065152211.9476
2022-05-24,29101.125,29774.35546875,28786.58984375,29655.5859375,26616506245,0.0189497817670692,0.0395274908892567,BTC-USD,0.0,0,0.0,0,0.0,0.0,-0.76,0.0,841611,237379,,,564667107636.2924
2022-05-25,29653.134765625,30157.78515625,29384.94921875,29562.361328125,27525063551,-0.0031485281301596,0.0346253404161657,BTC-USD,0.0,0,0.0,0,0.0,0.0,-0.78,0.0,1016156,284400,,,563428453326.4861
2022-05-26,29564.77734375,29834.16015625,28261.90625,29267.224609375,36774325352,-0.0100336995448721,0.0347523883975722,BTC-USD,0.0,0,0.0,0,0.0,0.0,-0.76,0.0,894042,260517,,,558791512891.2731
2022-05-27,29251.140625,29346.943359375,28326.61328125,28627.57421875,36582005748,-0.0220978890225637,0.0351820572691101,BTC-USD,0.0,0,0.0,0,0.0,0.0,-0.76,0.0,942679,275683,,,545091530563.0775
2022-05-28,28622.625,28814.900390625,28554.56640625,28814.900390625,35519577634,0.0065222411539163,0.034277874588614,BTC-USD,0.0,0,0.0,0,0.0,0.0,-0.74,0.0,783393,227772,,,553376665776.6837
2022-05-29,29019.8671875,29498.009765625,28841.107421875,29445.95703125,18093886409,0.0216639901789586,0.032903959171613,BTC-USD,0.0,0,0.0,0,0.0,0.0,-0.72,0.0,751185,205693,,,560730506231.738
2022-05-30,29443.365234375,31949.630859375,29303.572265625,31726.390625,39277993274,0.0745922281639197,0.0366063376893363,BTC-USD,0.0,0,0.0,0,0.0,0.0,-0.8,0.0,925404,267947,,,604695051034.4972
2022-05-31,31723.865234375,32249.86328125,31286.154296875,31792.310546875,33538210634,0.0020756074770069,0.0363738213118661,BTC-USD,0.0,0,0.0,0,0.0,0.0,-0.6799999999999999,0.0,998795,277824,,,606542882732.0433
2022-06-01,31792.5546875,31957.28515625,29501.587890625,29799.080078125,41135817341,-0.0647469306708352,0.037318297817188,BTC-USD,0.0,0,0.0,0,0.0,0.0,-0.6599999999999999,0.0,962754,274630,,,568353965210.3951
2022-06-02,29794.890625,30604.734375,29652.705078125,30467.48828125,29083562061,0.0221826339109845,0.034833681779514,BTC-USD,0.0,0,0.0,0,0.0,0.0,-0.74,0.0,945705,262596,,,581304153912.1453
2022-06-03,30467.806640625,30633.03515625,29375.689453125,29704.390625,26175547452,-0.0253652897101915,0.0339655735629472,BTC-USD,0.0,0,0.0,0,0.0,0.0,-0.8,0.0,932672,269049,,,565292782986.4921
2022-06-04,29706.138671875,29930.564453125,29500.005859375,29832.9140625,16588370958,0.0043174153689046,0.0339249184372788,BTC-USD,0.0,0,0.0,0,0.0,0.0,-0.72,0.0,776053,219811,,,567791106824.3273
2022-06-05,29835.1171875,30117.744140625,29574.44921875,29906.662109375,17264085441,0.0024689858570859,0.0329063066373159,BTC-USD,0.0,0,0.0,0,0.0,0.0,-0.8,0.0,721815,195813,,,570162600125.2587
2022-06-06,29910.283203125,31693.291015625,29894.1875,31370.671875,31947336829,0.0477921711289665,0.0331325977380582,BTC-USD,0.0,0,0.0,0,0.0,0.0,-0.74,0.0,952859,268569,,,597222968139.2552
2022-06-07,31371.7421875,31489.68359375,29311.68359375,31155.478515625,40770974039,-0.0068833346588699,0.0330373174087498,BTC-USD,0.0,0,0.0,0,0.0,0.0,-0.7,0.0,941706,265801,,,594230751341.6133
2022-06-08,31151.48046875,31253.69140625,29944.404296875,30214.35546875,30242059107,-0.0306729469834307,0.0342612646518607,BTC-USD,0.0,0,0.0,0,0.0,0.0,-0.6599999999999999,0.0,888118,261456,,,576221747994.024
2022-06-09,30215.279296875,30609.310546875,30020.265625,30111.998046875,21692004719,-0.0033934595457949,0.0341341722206937,BTC-USD,0.0,0,0.0,0,0.0,0.0,-0.78,0.0,914304,264597,,,573123374270.208
2022-06-10,30110.330078125,30245.80859375,28978.146484375,29083.8046875,29867476527,-0.0347422192378,0.0349785949940168,BTC-USD,0.0,0,0.0,0,0.0,0.0,-0.74,0.0,900195,259531,,,554199695710.7606
2022-06-11,29084.666015625,29401.916015625,28236.212890625,28360.810546875,27246574439,-0.0251731974103023,0.0356224991517064,BTC-USD,0.0,0,0.0,0,0.0,0.0,-0.76,0.0,831309,228805,,,540698947091.3848
2022-06-12,28373.513671875,28502.685546875,26762.6484375,26762.6484375,34163220274,-0.0580010815188194,0.0379850277154455,BTC-USD,0.0,0,0.0,0,0.0,0.0,-0.72,0.0,762985,219703,,,511541120875.3391
2022-06-13,26737.578125,26795.58984375,22141.2578125,22487.388671875,68204556440,-0.1740525517766704,0.0523872443534813,BTC-USD,0.0,0,0.0,0,0.0,0.0,-0.78,0.0,1011323,273372,,,425496087752.9045
2022-06-14,22487.986328125,23018.951171875,20950.818359375,22206.79296875,50913575242,-0.0125564169410573,0.0519586383473589,BTC-USD,0.0,0,0.0,0,0.0,0.0,-0.84,0.0,1075994,275578,,,420875585256.8529
2022-06-15,22196.73046875,22642.671875,20178.376953125,22572.83984375,54912007015,0.0163491750838634,0.0517824848979915,BTC-USD,0.0,0,0.0,0,0.0,0.0,-0.86,0.0,1063571,297032,,,429439638534.4194
2022-06-16,22576.3046875,22868.921875,20265.2265625,20381.650390625,31183975654,-0.1021124013301035,0.0546023338918744,BTC-USD,0.0,0,0.0,0,0.0,0.0,-0.86,0.0,911369,258005,,,387301460756.6234
2022-06-17,20385.71875,21243.3125,20326.51953125,20471.482421875,27132421514,0.0043978108825623,0.0553175594130618,BTC-USD,0.0,0,0.0,0,0.0,0.0,-0.8200000000000001,0.0,876153,248214,,,390266293444.72327
2022-06-18,20473.42578125,20736.041015625,17708.623046875,19017.642578125,42009436760,-0.0736657112248889,0.0558892234789605,BTC-USD,0.0,0,0.0,0,0.0,0.0,-0.88,0.0,924686,246705,,,362613076008.2063
2022-06-19,19010.90234375,20683.822265625,18067.15234375,20553.271484375,35329942625,0.07765301952407,0.0626730816944497,BTC-USD,0.0,0,0.0,0,0.0,0.0,-0.88,0.0,733337,195875,,,390825178945.0636
2022-06-20,20553.37109375,20913.322265625,19689.169921875,20599.537109375,30818458597,0.0022484805325769,0.0596112171497311,BTC-USD,0.0,0,0.0,0,0.0,0.0,-0.8200000000000001,0.0,833932,239275,,,392355194662.6997
2022-06-21,20594.294921875,21620.62890625,20415.0625,20710.59765625,28970212744,0.0053769282080973,0.0600659465751976,BTC-USD,0.0,0,0.0,0,0.0,0.0,-0.8200000000000001,0.0,927938,260657,,,394602958805.95074
2022-06-22,20719.4140625,20835.75,19848.078125,19987.029296875,28574793478,-0.0355620053246316,0.0600895802250652,BTC-USD,0.0,0,0.0,0,0.0,0.0,-0.78,0.0,859651,247129,,,381548027644.27856
2022-06-23,19986.607421875,21135.76171875,19950.1171875,21085.876953125,26188097173,0.0535199496525523,0.063803268975607,BTC-USD,0.0,0,0.0,0,0.0,0.0,-0.78,0.0,866807,258973,,,402434191804.38727
2022-06-24,21084.6484375,21472.91796875,20777.51171875,21231.65625,24957784918,0.0068898096137616,0.0643051493815226,BTC-USD,0.0,0,0.0,0,0.0,0.0,-0.78,0.0,869532,250666,,,406304087725.8087
2022-06-25,21233.609375,21520.9140625,20964.5859375,21502.337890625,18372538715,0.0126683810466247,0.0649749524873419,BTC-USD,0.0,0,0.0,0,0.0,0.0,-0.72,0.0,742895,217926,,,409553292964.1447
2022-06-26,21496.494140625,21783.724609375,21016.26953125,21027.294921875,18027170497,-0.0223403163672973,0.064053567207018,BTC-USD,0.0,0,0.0,0,0.0,0.0,-0.72,0.0,734812,207474,,,401907776246.90607
2022-06-27,21028.23828125,21478.08984375,20620.19921875,20735.478515625,20965695707,-0.0139751808447968,0.0455085223782285,BTC-USD,0.0,0,0.0,0,0.0,0.0,-0.76,0.0,953524,258934,,,395905002794.3522
2022-06-28,20731.544921875,21164.423828125,20228.8125,20280.634765625,21381535161,-0.0221796927954195,0.0456908416069227,BTC-USD,0.0,0,0.0,0,0.0,0.0,-0.8,0.0,922274,253741,,,386616246554.3172
2022-06-29,20281.169921875,20364.15625,19937.791015625,20104.0234375,23552740328,-0.0087465122598882,0.045216085924234,BTC-USD,0.0,0,0.0,0,0.0,0.0,-0.74,0.0,899514,257517,,,383157510545.3414
2022-06-30,20108.3125,20141.16015625,18729.65625,19784.7265625,26267239923,-0.016009711756282,0.0364828409077167,BTC-USD,0.0,0,0.0,0,0.0,0.0,-0.78,0.0,967680,275120,,,368905161486.5793
2022-07-01,19820.470703125,20632.671875,19073.708984375,19269.3671875,30767551159,-0.026393611667962,0.0369841723935216,BTC-USD,0.0,0,0.0,0,0.0,0.0,-0.78,0.0,946760,272893,,,369092160644.48914
2022-07-02,19274.8359375,19371.748046875,19027.08203125,19242.255859375,18100418740,-0.0014079558563739,0.03114341661644,BTC-USD,0.0,0,0.0,0,0.0,0.0,-0.72,0.0,844916,235532,,,367009067592.396
2022-07-03,19242.095703125,19558.26953125,18966.951171875,19297.076171875,16390821947,0.0028449039765122,0.0220361793059175,BTC-USD,0.0,0,0.0,0,0.0,0.0,-0.78,0.0,701943,196946,,,367880445197.9902
2022-07-04,19297.314453125,20258.748046875,19063.06640625,20231.26171875,21594638208,0.0472754271830075,0.0260228838435065,BTC-USD,0.0,0,0.0,0,0.0,0.0,-0.72,0.0,883632,251379,,,386024563242.2924
2022-07-05,20225.353515625,20635.466796875,19341.232421875,20190.115234375,26715546990,-0.0020358781263047,0.0259521472752621,BTC-USD,0.0,0,0.0,0,0.0,0.0,-0.62,0.0,864471,244533,,,385410487447.10046
2022-07-06,20194.619140625,20595.529296875,19823.51171875,20548.24609375,24598943708,0.0175824492578839,0.0244818076492794,BTC-USD,0.0,0,0.0,0,0.0,0.0,-0.64,0.0,969280,264360,,,392440938375.9465
2022-07-07,20547.814453125,21771.81640625,20296.103515625,21637.587890625,25814972520,0.0516563933886174,0.0241832553749575,BTC-USD,0.0,0,0.0,0,0.0,0.0,-0.64,0.0,1007259,284162,,,413277788950.33325
2022-07-08,21637.154296875,22314.94140625,21257.453125,21731.1171875,49899834488,0.0043132227124235,0.0241516924010405,BTC-USD,0.0,0,0.0,0,0.0,0.0,-0.6,0.0,936111,264779,,,416397212991.7956
2022-07-09,21716.828125,21877.138671875,21445.95703125,21592.20703125,29641127858,-0.0064127411638449,0.024020769868457,BTC-USD,0.0,0,0.0,0,0.0,0.0,-0.52,0.0,773277,219088,,,412050561218.7148
2022-07-10,21591.080078125,21591.080078125,20727.123046875,20860.44921875,28688807249,-0.0344774797250263,0.025095636066632,BTC-USD,0.0,0,0.0,0,0.0,0.0,-0.52,0.0,705622,198306,,,397679652328.1112
2022-07-11,20856.353515625,20856.353515625,19924.5390625,19970.556640625,24150249025,-0.0435959633947673,0.0274509407355311,BTC-USD,0.0,0,0.0,0,0.0,0.0,-0.56,0.0,839927,234215,,,381278236463.9223
2022-07-12,19970.474609375,20043.4453125,19308.53125,19323.9140625,25810220018,-0.0329156213890198,0.0281777637901435,BTC-USD,0.0,0,0.0,0,0.0,0.0,-0.6799999999999999,0.0,943773,274945,,,369227439023.51135
2022-07-13,19325.97265625,20223.052734375,18999.953125,20212.07421875,33042430345,0.0449367599448216,0.0309209609960397,BTC-USD,0.0,0,0.0,0,0.0,0.0,-0.7,0.0,815549,225738,,,384827697730.7176
2022-07-14,20211.466796875,20789.89453125,19689.2578125,20569.919921875,31158743333,0.0175496512632417,0.0308531413356805,BTC-USD,0.0,0,0.0,0,0.0,0.0,-0.64,0.0,983744,282646,,,392430598967.8341
2022-07-15,20573.15625,21138.244140625,20397.0,20836.328125,25905575359,0.0128681970428928,0.0297624963823921,BTC-USD,0.0,0,0.0,0,0.0,0.0,-0.7,0.0,943171,267630,,,397772858736.0078
2022-07-16,20834.103515625,21514.404296875,20518.8984375,21190.31640625,24302954056,0.01684629629197,0.0298323741238201,BTC-USD,0.0,0,0.0,0,0.0,0.0,-0.5800000000000001,0.0,771028,223950,,,404757907016.37714
2022-07-17,21195.041015625,21600.640625,20778.1796875,20779.34375,22927802083,-0.0195848997097472,0.0306571124201111,BTC-USD,0.0,0,0.0,0,0.0,0.0,-0.52,0.0,723539,201095,,,397735055796.3284
2022-07-18,20781.912109375,22633.033203125,20781.912109375,22485.689453125,39974475562,0.0789196782301286,0.0348683610226354,BTC-USD,0.0,0,0.0,0,0.0,0.0,-0.6,0.0,887138,254873,,,425974135852.664
2022-07-19,22467.849609375,23666.962890625,21683.40625,23389.43359375,48765202697,0.0394052820034178,0.0357404426116215,BTC-USD,0.0,0,0.0,0,0.0,0.0,-0.4,0.0,994059,279366,,,446342169170.51056
2022-07-20,23393.19140625,24196.818359375,23009.94921875,23231.732421875,42932549127,-0.0067652436363693,0.0359613375349829,BTC-USD,0.0,0,0.0,0,0.0,0.0,-0.38,0.0,905497,254748,,,444636587982.6189
2022-07-21,23233.201171875,23388.322265625,22431.1484375,23164.62890625,33631012204,-0.0028926217700481,0.033850097924907,BTC-USD,0.0,0,0.0,0,0.0,0.0,-0.3199999999999999,0.0,964460,278928,,,442202009885.6991
2022-07-22,23163.751953125,23671.927734375,22603.416015625,22714.978515625,31421555646,-0.0196019457648818,0.0344780218598518,BTC-USD,0.0,0,0.0,0,0.0,0.0,-0.3399999999999999,0.0,848578,262220,,,433696094122.61554
2022-07-23,22706.984375,22977.2109375,22002.91015625,22465.478515625,24021799169,-0.011044710597189,0.0345989904750449,BTC-USD,0.0,0,0.0,0,0.0,0.0,-0.38,0.0,755495,219584,,,429484614219.20026
2022-07-24,22465.509765625,22974.001953125,22306.83984375,22609.1640625,23565495303,0.0063754707902582,0.0328908716523715,BTC-USD,0.0,0,0.0,0,0.0,0.0,-0.4,0.0,736224,201963,,,432733026887.7572
2022-07-25,22607.15625,22649.12109375,21361.642578125,21361.701171875,35574561406,-0.0567556597820324,0.0345555148509439,BTC-USD,0.0,0,0.0,0,0.0,0.0,-0.4,0.0,892636,251613,,,410913676124.0288
2022-07-26,21361.12109375,21361.12109375,20776.81640625,21239.75390625,28624673855,-0.0057250438268413,0.0330012120511852,BTC-USD,0.0,0,0.0,0,0.0,0.0,-0.48,0.0,945582,260791,,,404660076563.1692
2022-07-27,21244.169921875,22986.529296875,21070.806640625,22930.548828125,31758955233,0.0765954215493611,0.036696742996786,BTC-USD,0.0,0,0.0,0,0.0,0.0,-0.4399999999999999,0.0,916926,265290,,,437481053400.6272
2022-07-28,22933.640625,24110.470703125,22722.265625,23843.88671875,40212386158,0.0390578308920142,0.0375225189628917,BTC-USD,0.0,0,0.0,0,0.0,0.0,-0.36,0.0,1008866,283820,,,455463751078.1736
2022-07-29,23845.212890625,24294.787109375,23481.173828125,23804.6328125,35887249746,-0.0016476446914401,0.0376538549966564,BTC-USD,0.0,0,0.0,0,0.0,0.0,-0.2199999999999999,0.0,945142,280447,,,457629004159.523
2022-07-30,23796.818359375,24572.580078125,23580.5078125,23656.20703125,28148218301,-0.0062546834661819,0.0378136029822522,BTC-USD,0.0,0,0.0,0,0.0,0.0,-0.16,0.0,785742,228995,,,451394195746.5754
2022-07-31,23652.0703125,24121.642578125,23275.703125,23336.896484375,23553591896,-0.0135898860596065,0.0375116023499926,BTC-USD,0.0,0,0.0,0,0.0,0.0,-0.2199999999999999,0.0,787873,215224,,,446309554827.0595
2022-08-01,23336.71875,23464.787109375,22890.796875,23314.19921875,25849159141,-0.0009730647082914,0.0315425042584137,BTC-USD,0.0,0,0.0,0,0.0,0.0,-0.3399999999999999,0.0,907238,248469,,,445856833816.2058
2022-08-02,23308.43359375,23415.041015625,22710.083984375,22978.1171875,28389250717,-0.0145202470826133,0.0299527565156342,BTC-USD,0.0,0,0.0,0,0.0,0.0,-0.38,0.0,946865,267917,,,440145933788.9064
2022-08-03,22981.302734375,23578.650390625,22747.8359375,22846.5078125,26288169966,-0.005744061707541,0.0299395783806984,BTC-USD,0.0,0,0.0,0,0.0,0.0,-0.3199999999999999,0.0,977386,282580,,,435930163094.0358
2022-08-04,22848.21484375,23198.009765625,22485.701171875,22630.95703125,25120229769,-0.0094795255685209,0.0300199671523991,BTC-USD,0.0,0,0.0,0,0.0,0.0,-0.4,0.0,948545,278115,,,432481698498.1701
2022-08-05,22626.833984375,23422.828125,22612.177734375,23289.314453125,28881249043,0.0286758990881604,0.0305688604926482,BTC-USD,0.0,0,0.0,0,0.0,0.0,-0.38,0.0,944004,269270,,,444365402286.3903
2022-08-06,23291.423828125,23326.5625,22961.279296875,22961.279296875,15978259885,-0.0141853598130545,0.03068155980022,BTC-USD,0.0,0,0.0,0,0.0,0.0,-0.38,0.0,856759,232291,,,439558670016.2039
2022-08-07,22963.505859375,23359.009765625,22894.556640625,23175.890625,15886817043,0.0093032527300449,0.030726857197823,BTC-USD,0.0,0,0.0,0,0.0,0.0,-0.4,0.0,716918,199770,,,442589959621.64594
2022-08-08,23179.52734375,24203.689453125,23176.546875,23809.486328125,28575544847,0.0269715453445785,0.0262872043046846,BTC-USD,0.0,0,0.0,0,0.0,0.0,-0.4,0.0,918162,257482,,,455036199177.5948
2022-08-09,23811.484375,23898.615234375,22982.0,23164.318359375,23555719219,-0.0274709934963751,0.0277465702012118,BTC-USD,0.0,0,0.0,0,0.0,0.0,-0.16,0.0,941249,251924,,,443255346045.0302
2022-08-10,23162.8984375,24127.4140625,22771.51953125,23947.642578125,32837431722,0.0332567950538816,0.0208480809249224,BTC-USD,0.0,0,0.0,0,0.0,0.0,-0.38,0.0,1035793,270675,,,457362340117.1679
2022-08-11,23948.345703125,24822.62890625,23900.99609375,23957.529296875,37127036580,0.0004127620673678,0.0180978806422556,BTC-USD,0.0,0,0.0,0,0.0,0.0,-0.18,0.0,1002846,284126,,,457600857167.334
2022-08-12,23957.203125,24412.56640625,23657.265625,24402.818359375,27265804688,0.0184159820568986,0.0187123663671916,BTC-USD,0.0,0,0.0,0,0.0,0.0,-0.16,0.0,948381,269215,,,466454794651.8447
2022-08-13,24402.1875,24860.05078125,24346.115234375,24424.068359375,22987346289,0.000870422128859,0.0185736225016733,BTC-USD,0.0,0,0.0,0,0.0,0.0,-0.0799999999999999,0.0,834925,239894,,,467047962181.5134
2022-08-14,24429.056640625,24974.9140625,24206.259765625,24319.333984375,22994133555,-0.0042973830773317,0.0181233857589131,BTC-USD,0.0,0,0.0,0,0.0,0.0,-0.06,0.0,811197,202156,,,464926257245.774
2022-08-15,24318.31640625,25135.58984375,23839.775390625,24136.97265625,35123501685,-0.0075268711844549,0.0183160058519883,BTC-USD,0.0,0,0.0,0,0.0,0.0,-0.0999999999999999,0.0,922140,245572,,,460545371976.77686
2022-08-16,24126.13671875,24228.416015625,23733.5,23883.291015625,27753685646,-0.0105657062741354,0.018062445705506,BTC-USD,0.0,0,0.0,0,0.0,0.0,-0.12,0.0,1020819,269531,,,456453539165.3713
2022-08-17,23881.31640625,24407.05859375,23243.353515625,23335.998046875,30931623076,-0.0231819448838646,0.01925579365495,BTC-USD,0.0,0,0.0,0,0.0,0.0,-0.18,0.0,915870,255933,,,446289696753.9324
2022-08-18,23341.0390625,23563.83203125,23177.6015625,23212.73828125,23747613147,-0.0052959570307789,0.0191039236663311,BTC-USD,0.0,0,0.0,0,0.0,0.0,-0.4,0.0,1009836,292682,,,444107898934.28455
2022-08-19,23213.3125,23213.3125,20868.84765625,20877.552734375,40509610260,-0.1060266419016861,0.033231362509539,BTC-USD,0.0,0,0.0,0,0.0,0.0,-0.3399999999999999,0.0,982140,276337,,,399867875573.1264
2022-08-20,20872.841796875,21350.806640625,20856.73046875,21166.060546875,27595671000,0.0137244313026617,0.0336538628800944,BTC-USD,0.0,0,0.0,0,0.0,0.0,-0.42,0.0,841648,226096,,,404475733709.97614
2022-08-21,21160.392578125,21668.845703125,21103.197265625,21534.12109375,23102307723,0.0172397235125559,0.0339932485091155,BTC-USD,0.0,0,0.0,0,0.0,0.0,-0.4599999999999999,0.0,753797,201437,,,412286690747.7928
2022-08-22,21531.462890625,21531.462890625,20939.18359375,21398.908203125,31666498758,-0.0062988025716225,0.0327061076372566,BTC-USD,0.0,0,0.0,0,0.0,0.0,-0.42,0.0,880923,250080,,,407468270214.3305
2022-08-23,21401.044921875,21646.203125,20955.138671875,21528.087890625,31878280659,0.0060185938546632,0.032365827990747,BTC-USD,0.0,0,0.0,0,0.0,0.0,-0.4399999999999999,0.0,930754,257650,,,411956706082.80927
2022-08-24,21526.455078125,21783.076171875,21195.005859375,21395.01953125,31962253368,-0.0062003332785291,0.0304156047728773,BTC-USD,0.0,0,0.0,0,0.0,0.0,-0.5,0.0,930584,260385,,,409880719562.25726
2022-08-25,21395.458984375,21789.63671875,21362.44140625,21600.904296875,31028679593,0.0095770166529556,0.030708965211883,BTC-USD,0.0,0,0.0,0,0.0,0.0,-0.5,0.0,898274,255143,,,413017973174.872
2022-08-26,21596.0859375,21804.908203125,20199.482421875,20260.01953125,42326789564,-0.0640857165596632,0.0331903264215071,BTC-USD,0.0,0,0.0,0,0.0,0.0,-0.4599999999999999,0.0,937226,265467,,,387371372434.26
2022-08-27,20262.48046875,20340.775390625,19890.5234375,20041.73828125,30116729776,-0.0108324498139265,0.0329527965788811,BTC-USD,0.0,0,0.0,0,0.0,0.0,-0.4399999999999999,0.0,830874,221784,,,383521315360.0218
2022-08-28,20041.03515625,20139.0546875,19616.814453125,19616.814453125,24366810591,-0.0214299343072556,0.0328777893504118,BTC-USD,0.0,0,0.0,0,0.0,0.0,-0.4399999999999999,0.0,776186,204472,,,376452934262.3444
2022-08-29,19615.154296875,20357.462890625,19600.78515625,20297.994140625,32637854078,0.034134991629983,0.0354268796590855,BTC-USD,0.0,0,0.0,0,0.0,0.0,-0.52,0.0,939245,253563,,,387904432454.7775
2022-08-30,20298.611328125,20542.64453125,19617.640625,19796.80859375,34483360283,-0.0250013277835669,0.0355799765214205,BTC-USD,0.0,0,0.0,0,0.0,0.0,-0.4599999999999999,0.0,951380,263101,,,379399486373.23016
2022-08-31,19799.58203125,20420.990234375,19799.58203125,20049.763671875,33225232872,0.0126966241687939,0.0361097152146421,BTC-USD,0.0,0,0.0,0,0.0,0.0,-0.54,0.0,916812,258575,,,383230005973.0957
2022-09-01,20050.498046875,20198.390625,19653.96875,20127.140625,30182031010,0.0038518173635346,0.0363000440712869,BTC-USD,0.0,0,0.0,0,0.0,0.0,-0.6,0.0,969786,270341,,,384793516403.9053
2022-09-02,20126.072265625,20401.568359375,19814.765625,19969.771484375,29123998928,-0.0078494796911592,0.0236349685290112,BTC-USD,0.0,0,0.0,0,0.0,0.0,-0.5,0.0,996822,270262,,,381812359032.21454
2022-09-03,19969.71875,20037.009765625,19698.35546875,19832.087890625,23613051457,-0.0069184779354978,0.0231382522264863,BTC-USD,0.0,0,0.0,0,0.0,0.0,-0.5800000000000001,0.0,916603,235843,,,379054868118.2932
2022-09-04,19832.470703125,19999.689453125,19636.81640625,19986.712890625,25245861652,0.0077664708222695,0.0225806672250335,BTC-USD,0.0,0,0.0,0,0.0,0.0,-0.6,0.0,774639,206295,,,382101528755.6661
2022-09-05,19988.7890625,20031.16015625,19673.046875,19812.37109375,28813460025,-0.008761151996171,0.0225984058261636,BTC-USD,0.0,0,0.0,0,0.0,0.0,-0.54,0.0,942780,253103,,,378979046297.1864
2022-09-06,19817.724609375,20155.26953125,18800.171875,18837.66796875,43403978910,-0.0504480646723607,0.0252656286863633,BTC-USD,0.0,0,0.0,0,0.0,0.0,-0.56,0.0,927513,267063,,,360778897291.7864
2022-09-07,18837.68359375,19427.171875,18644.466796875,19290.32421875,35239757134,0.0237451537491359,0.0267912372083068,BTC-USD,0.0,0,0.0,0,0.0,0.0,-0.52,0.0,951645,264285,,,369348929285.85046
2022-09-08,19289.94140625,19417.3515625,19076.71484375,19329.833984375,32194477850,0.0020460703035366,0.0264982177528291,BTC-USD,0.0,0,0.0,0,0.0,0.0,-0.6,0.0,947648,266823,,,369866184453.4085
2022-09-09,19328.140625,21439.41015625,19310.962890625,21381.15234375,48469528171,0.1008600976678907,0.0349373284130817,BTC-USD,0.0,0,0.0,0,0.0,0.0,-0.56,0.0,1021884,286018,,,409021968745.9125
2022-09-10,21376.912109375,21760.275390625,21168.72265625,21680.5390625,36913738894,0.0139052384133987,0.0347629141665893,BTC-USD,0.0,0,0.0,0,0.0,0.0,-0.4399999999999999,0.0,873305,240963,,,415780699701.9083
2022-09-11,21678.54296875,21770.552734375,21406.9453125,21769.255859375,34493951963,0.0040836519630453,0.0338940054543607,BTC-USD,0.0,0,0.0,0,0.0,0.0,-0.48,0.0,871675,225743,,,416141773128.1593
2022-09-12,21770.1484375,22439.181640625,21603.896484375,22370.44921875,50212088965,0.0272421638716643,0.0335243983450026,BTC-USD,0.0,0,0.0,0,0.0,0.0,-0.5,0.0,989815,269113,,,428273275469.1733
2022-09-13,22371.48046875,22673.8203125,20062.669921875,20296.70703125,51091116622,-0.097282198923424,0.0430384030058159,BTC-USD,0.0,0,0.0,0,0.0,0.0,-0.3199999999999999,0.0,948189,259359,,,386159265218.15247
2022-09-14,20184.5546875,20467.201171875,19793.396484375,20241.08984375,37872380889,-0.0027439686753737,0.0429348857952636,BTC-USD,0.0,0,0.0,0,0.0,0.0,-0.4599999999999999,0.0,977568,269647,,,387732682893.1633
2022-09-15,20242.2890625,20318.166015625,19636.734375,19701.2109375,36389011503,-0.0270345862412617,0.0435484297441245,BTC-USD,0.0,0,0.0,0,0.0,0.0,-0.4399999999999999,0.0,953771,277597,,,377227526664.1952
2022-09-16,19704.005859375,19870.62890625,19400.076171875,19772.583984375,30123362273,0.0036162281734326,0.0435282061985421,BTC-USD,0.0,0,0.0,0,0.0,0.0,-0.6,0.0,933213,260328,,,378099547048.8818
2022-09-17,19777.033203125,20162.53125,19777.033203125,20127.576171875,24957448100,0.0177944927157367,0.0437575050880557,BTC-USD,0.0,0,0.0,0,0.0,0.0,-0.56,0.0,918990,245261,,,385382092113.0908
2022-09-18,20127.234375,20127.234375,19387.4921875,19419.505859375,31254779144,-0.0358128060475007,0.0447815292830813,BTC-USD,0.0,0,0.0,0,0.0,0.0,-0.4599999999999999,0.0,775872,212149,,,372115875618.3138
2022-09-19,19418.572265625,19639.48046875,18390.318359375,19544.12890625,40177002624,0.0063969120229135,0.0447901970556963,BTC-USD,0.0,0,0.0,0,0.0,0.0,-0.5800000000000001,0.0,912328,255334,,,374638640658.9953
2022-09-20,19545.591796875,19602.45703125,18813.455078125,18890.7890625,36791346508,-0.0340004775470874,0.0435923727819671,BTC-USD,0.0,0,0.0,0,0.0,0.0,-0.54,0.0,952698,268728,,,361534680159.2485
2022-09-21,18891.283203125,19674.630859375,18290.314453125,18547.400390625,46363793975,-0.0183448135152237,0.0432940980498605,BTC-USD,0.0,0,0.0,0,0.0,0.0,-0.54,0.0,918372,263619,,,354536184092.75415
2022-09-22,18534.650390625,19456.91015625,18415.591796875,19413.55078125,41135767926,0.0456416775491289,0.0451959350687621,BTC-USD,0.0,0,0.0,0,0.0,0.0,-0.56,0.0,860577,246387,,,371942142414.4877
2022-09-23,19412.400390625,19464.671875,18617.552734375,19297.638671875,38896078052,-0.0059885762967109,0.0347168083006447,BTC-USD,0.0,0,0.0,0,0.0,0.0,-0.6,0.0,968636,276441,,,370278782421.1002
2022-09-24,19296.990234375,19310.197265625,18861.974609375,18937.01171875,26149643168,-0.018864440709329,0.0342773500730982,BTC-USD,0.0,0,0.0,0,0.0,0.0,-0.52,0.0,799441,226763,,,362592370354.345
2022-09-25,18936.310546875,19134.732421875,18696.46875,18802.09765625,23359966112,-0.0071498580370883,0.0340615794761554,BTC-USD,0.0,0,0.0,0,0.0,0.0,-0.52,0.0,781165,208905,,,360088000637.69366
2022-09-26,18803.900390625,19274.873046875,18721.28515625,19222.671875,44148798321,0.0221219681572952,0.0336505554032004,BTC-USD,0.0,0,0.0,0,0.0,0.0,-0.5800000000000001,0.0,938059,264276,,,367923055167.1001
2022-09-27,19221.83984375,20338.455078125,18915.66796875,19110.546875,58571439619,-0.0058500341701693,0.0226592857525709,BTC-USD,0.0,0,0.0,0,0.0,0.0,-0.6,0.0,966074,275487,,,366129749393.5195
2022-09-28,19104.62109375,19688.34375,18553.296875,19426.720703125,53071298734,0.0164090991571902,0.0233288443470657,BTC-USD,0.0,0,0.0,0,0.0,0.0,-0.6,0.0,849979,258906,,,372820281122.77527
2022-09-29,19427.779296875,19589.265625,18924.353515625,19573.05078125,41037843771,0.0075041857550915,0.0223914645750351,BTC-USD,0.0,0,0.0,0,0.0,0.0,-0.56,0.0,874705,266329,,,374484430533.8365
2022-09-30,19573.431640625,20109.849609375,19265.662109375,19431.7890625,43975248085,-0.0072433234917515,0.0224272329154816,BTC-USD,0.0,0,0.0,0,0.0,0.0,-0.5800000000000001,0.0,1005499,292553,,,372479848471.2685
2022-10-01,19431.10546875,19471.154296875,19231.08203125,19312.095703125,18719537670,-0.0061787165065487,0.0217674581044781,BTC-USD,0.0,0,0.0,0,0.0,0.0,-0.6,0.0,867330,236007,,,370137989320.0386
2022-10-02,19311.849609375,19370.30859375,18970.62109375,19044.107421875,20765955327,-0.0139738879362779,0.0199371489087945,BTC-USD,0.0,0,0.0,0,0.0,0.0,-0.52,0.0,852250,216756,,,364472504804.0564
2022-10-03,19044.068359375,19653.54296875,19025.2265625,19623.580078125,30484729489,0.0299741763073446,0.021574452757109,BTC-USD,0.0,0,0.0,0,0.0,0.0,-0.52,0.0,964012,268836,,,376339494804.4465
2022-10-04,19623.583984375,20380.34375,19523.83984375,20336.84375,35887278685,0.0357022957027779,0.0210897916087673,BTC-USD,0.0,0,0.0,0,0.0,0.0,-0.6,0.0,932869,280235,,,389903360703.0178
2022-10-05,20335.900390625,20343.748046875,19801.80078125,20160.716796875,33223790572,-0.0086982060750251,0.02040543548888,BTC-USD,0.0,0,0.0,0,0.0,0.0,-0.5,0.0,891063,267518,,,386381543342.8885
2022-10-06,20161.0390625,20408.392578125,19900.087890625,19955.443359375,34711412966,-0.0102340417585951,0.0172700261403238,BTC-USD,0.0,0,0.0,0,0.0,0.0,-0.48,0.0,930050,276491,,,382480025164.3247
2022-10-07,19957.55859375,20041.0859375,19395.79296875,19546.849609375,29227315390,-0.0206878280674757,0.0182120006807124,BTC-USD,0.0,0,0.0,0,0.0,0.0,-0.54,0.0,936123,270954,,,374613717471.0005
2022-10-08,19546.328125,19601.6953125,19299.4140625,19416.568359375,16437423167,-0.0066873874171619,0.0174702867176453,BTC-USD,0.0,0,0.0,0,0.0,0.0,-0.52,0.0,815047,235954,,,372277378268.7386
2022-10-09,19417.478515625,19542.5390625,19349.259765625,19446.42578125,16837262532,0.0015365479891413,0.0172817367880027,BTC-USD,0.0,0,0.0,0,0.0,0.0,-0.56,0.0,787417,214993,,,372530287709.72656
2022-10-10,19446.416015625,19515.466796875,19102.978515625,19141.484375,27425022774,-0.0158053521470878,0.0169224556706596,BTC-USD,0.0,0,0.0,0,0.0,0.0,-0.56,0.0,896218,253025,,,367297283273.8121
2022-10-11,19139.0,19241.9609375,18925.603515625,19051.41796875,28711532910,-0.0047164037127047,0.016896560378707,BTC-USD,0.0,0,0.0,0,0.0,0.0,-0.52,0.0,916599,272927,,,365108428419.0329
2022-10-12,19052.646484375,19203.19921875,19029.7578125,19157.4453125,24950173846,0.0055498963744709,0.0163135887177,BTC-USD,0.0,0,0.0,0,0.0,0.0,-0.6,0.0,871140,260366,,,367380563663.38525
2022-10-13,19156.966796875,19453.328125,18319.822265625,19382.904296875,44219840004,0.0117000265222977,0.0165190289889393,BTC-USD,0.0,0,0.0,0,0.0,0.0,-0.6,0.0,933599,275214,,,371826387064.8481
2022-10-14,19382.533203125,19889.146484375,19115.408203125,19185.65625,38452356727,-0.0102285262293714,0.016628926281472,BTC-USD,0.0,0,0.0,0,0.0,0.0,-0.52,0.0,984001,284575,,,367814957908.2474
2022-10-15,19185.4375,19212.541015625,19019.25,19067.634765625,16192235532,-0.0061705466755917,0.0166287273257112,BTC-USD,0.0,0,0.0,0,0.0,0.0,-0.52,0.0,838678,241112,,,365765176790.71967
2022-10-16,19068.9140625,19389.603515625,19068.9140625,19268.09375,17988916650,0.0104581714868171,0.0164331264798491,BTC-USD,0.0,0,0.0,0,0.0,0.0,-0.52,0.0,769067,214703,,,369462722255.0901
2022-10-17,19268.5625,19635.802734375,19173.333984375,19550.7578125,27472552998,0.014563494131467,0.0147623274598437,BTC-USD,0.0,0,0.0,0,0.0,0.0,-0.6,0.0,870371,261168,,,375144717145.4124
2022-10-18,19550.466796875,19666.994140625,19144.76953125,19334.416015625,30580012344,-0.0111273273493285,0.010744191422876,BTC-USD,0.0,0,0.0,0,0.0,0.0,-0.56,0.0,887194,258490,,,371025948757.9377
2022-10-19,19335.02734375,19348.416015625,19127.6875,19139.53515625,22425387184,-0.0101306218959408,0.0108030267151174,BTC-USD,0.0,0,0.0,0,0.0,0.0,-0.54,0.0,923688,260354,,,367029904902.88257
2022-10-20,19138.0859375,19315.19921875,18971.458984375,19053.740234375,24493974420,-0.0044926791591304,0.0106442389393472,BTC-USD,0.0,0,0.0,0,0.0,0.0,-0.54,0.0,893489,268532,,,365152195991.4868
2022-10-21,19053.203125,19237.384765625,18770.970703125,19172.46875,32459287866,0.0062119106533935,0.0096456456342043,BTC-USD,0.0,0,0.0,0,0.0,0.0,-0.54,0.0,913925,266487,,,367885552007.7864
2022-10-22,19172.380859375,19248.068359375,19132.244140625,19208.189453125,16104440957,0.0018613913940529,0.0095540620997027,BTC-USD,0.0,0,0.0,0,0.0,0.0,-0.6,0.0,817446,231911,,,368530255223.4176
2022-10-23,19207.734375,19646.65234375,19124.197265625,19567.0078125,22128794335,0.018508150954172,0.0108571798796973,BTC-USD,0.0,0,0.0,0,0.0,0.0,-0.54,0.0,803523,218227,,,375413885984.6
2022-10-24,19567.76953125,19589.125,19206.32421875,19345.572265625,30202235805,-0.0113813032552683,0.0104028054726868,BTC-USD,0.0,0,0.0,0,0.0,0.0,-0.56,0.0,922514,266297,,,371133215992.5733
2022-10-25,19344.96484375,20348.412109375,19261.447265625,20095.857421875,47761524910,0.038050125599863,0.0142423258436317,BTC-USD,0.0,0,0.0,0,0.0,0.0,-0.6,0.0,829386,251891,,,385607075318.5567
2022-10-26,20092.236328125,20938.134765625,20076.1171875,20770.44140625,58895950537,0.0330171943589474,0.0162504136980318,BTC-USD,0.0,0,0.0,0,0.0,0.0,-0.3399999999999999,0.0,1051950,305561,,,399099408014.4616
2022-10-27,20772.802734375,20854.044921875,20255.373046875,20285.8359375,49625110402,-0.0236079843216214,0.0179146290161689,BTC-USD,0.0,0,0.0,0,0.0,0.0,-0.36,0.0,895161,265430,,,389197949556.16187
2022-10-28,20287.95703125,20724.98046875,20086.068359375,20595.3515625,43994715910,0.0151424925794178,0.017728313062625,BTC-USD,0.0,0,0.0,0,0.0,0.0,-0.4,0.0,925522,279384,,,395444746708.6104
2022-10-29,20595.103515625,20988.39453125,20566.484375,20818.4765625,40369840645,0.0107754906532647,0.0174789730969015,BTC-USD,0.0,0,0.0,0,0.0,0.0,-0.3199999999999999,0.0,871729,251735,,,399288048038.69226
2022-10-30,20817.982421875,20917.005859375,20547.462890625,20635.603515625,31486345556,-0.0088229787196242,0.0178790378904053,BTC-USD,0.0,0,0.0,0,0.0,0.0,-0.3199999999999999,0.0,830676,223333,,,395712590941.6769
2022-10-31,20633.6953125,20795.3203125,20287.458984375,20495.7734375,45668466815,-0.0067992188528994,0.0179022374808785,BTC-USD,0.0,0,0.0,0,0.0,0.0,-0.38,0.0,980614,290008,,,393319300934.3833
2022-11-01,20494.8984375,20647.2890625,20359.845703125,20485.2734375,39819303159,-0.0005124320157945,0.0174602548937436,BTC-USD,0.0,0,0.0,0,0.0,0.0,-0.4,0.0,955117,273150,,,393205452198.7317
2022-11-02,20482.958984375,20742.810546875,20087.134765625,20159.50390625,55552169483,-0.0160304240158549,0.017896663249051,BTC-USD,0.0,0,0.0,0,0.0,0.0,-0.4,0.0,869056,258761,,,386777142187.55225
2022-11-03,20162.689453125,20382.095703125,20086.240234375,20209.98828125,43228750179,0.0025011164907872,0.0177471148740535,BTC-USD,0.0,0,0.0,0,0.0,0.0,-0.4,0.0,1009478,294320,,,387754343675.19775
2022-11-04,20208.76953125,21209.560546875,20188.01953125,21147.23046875,64072727950,0.0453319982476706,0.0208885820687399,BTC-USD,0.0,0,0.0,0,0.0,0.0,-0.4,0.0,939102,281439,,,406184424138.86646
2022-11-05,21144.83203125,21446.88671875,21097.634765625,21282.69140625,37846047609,0.0063851825197118,0.0208378656873378,BTC-USD,0.0,0,0.0,0,0.0,0.0,-0.24,0.0,916525,253538,,,408627855628.67584
2022-11-06,21285.056640625,21345.376953125,20920.19140625,20926.486328125,35082693210,-0.0168784872680532,0.0215123505231873,BTC-USD,0.0,0,0.0,0,0.0,0.0,-0.1999999999999999,0.0,811578,223686,,,402181988995.9385
2022-11-07,20924.62109375,21053.24609375,20489.97265625,20602.81640625,53510852236,-0.0155878598652272,0.0217833823026326,BTC-USD,0.0,0,0.0,0,0.0,0.0,-0.3399999999999999,0.0,920253,267661,,,394938271820.2412
2022-11-08,20600.671875,20664.607421875,17603.544921875,18541.271484375,118992465607,-0.1054286468114609,0.0347033891034961,BTC-USD,0.0,0,0.0,0,0.0,0.0,-0.38,0.0,1051006,296138,,,355641163800.59314
2022-11-09,18543.76171875,18590.458984375,15682.6923828125,15880.7802734375,102905151606,-0.1548895481701471,0.0510455897905227,BTC-USD,0.0,0,0.0,0,0.0,0.0,-0.42,0.0,1076579,293667,,,302606639525.93427
2022-11-10,15883.158203125,18054.3125,15834.0185546875,17586.771484375,83202283721,0.1020374090112842,0.0603949403217615,BTC-USD,0.0,0,0.0,0,0.0,0.0,-0.56,0.0,1056871,294575,,,336866889999.11127
2022-11-11,17583.251953125,17650.943359375,16543.482421875,17034.29296875,55871616488,-0.0319184536013011,0.0601853232194834,BTC-USD,0.0,0,0.0,0,0.0,0.0,-0.5,0.0,964454,278829,,,324884177574.2261
2022-11-12,17036.875,17066.67578125,16651.775390625,16799.185546875,29717699419,-0.0138981397473809,0.0597777776895252,BTC-USD,0.0,0,0.0,0,0.0,0.0,-0.5800000000000001,0.0,942728,245106,,,322105315599.283
2022-11-13,16799.72265625,16920.765625,16320.634765625,16353.365234375,27209183682,-0.0268967049846987,0.0598217689034866,BTC-USD,0.0,0,0.0,0,0.0,0.0,-0.56,0.0,895185,224942,,,313461563543.2652
2022-11-14,16352.0283203125,17109.32421875,15872.94140625,16618.19921875,49630243054,0.016064732404599,0.0604194082054696,BTC-USD,0.0,0,0.0,0,0.0,0.0,-0.52,0.0,954601,244858,,,319408809507.6176
2022-11-15,16617.484375,17051.962890625,16542.55078125,16884.61328125,36599436183,0.0159043171795154,0.0608793535685344,BTC-USD,0.0,0,0.0,0,0.0,0.0,-0.56,0.0,986709,281221,,,323768223563.2404
2022-11-16,16884.341796875,16960.294921875,16430.111328125,16669.439453125,33925512989,-0.012825680370738,0.0608763767995355,BTC-USD,0.0,0,0.0,0,0.0,0.0,-0.54,0.0,944275,264899,,,320019245464.8845
2022-11-17,16670.42578125,16726.439453125,16460.68359375,16687.517578125,27868914022,0.0010839194206494,0.0608487540754373,BTC-USD,0.0,0,0.0,0,0.0,0.0,-0.6,0.0,902258,254924,,,320332768078.5876
2022-11-18,16687.912109375,16947.05859375,16564.611328125,16697.77734375,26862218609,0.0006146278457023,0.0586466183221026,BTC-USD,0.0,0,0.0,0,0.0,0.0,-0.54,0.0,955851,275776,,,320084907697.1221
2022-11-19,16696.220703125,16797.876953125,16570.41015625,16711.546875,16106223492,0.0008242927596795,0.0584956074756183,BTC-USD,0.0,0,0.0,0,0.0,0.0,-0.54,0.0,1113245,262900,,,320762664379.5779
2022-11-20,16712.919921875,16746.779296875,16248.6923828125,16291.83203125,21313378652,-0.0254360302944207,0.0585358875973944,BTC-USD,0.0,0,0.0,0,0.0,0.0,-0.52,0.0,1013890,229629,,,312148570627.24646
2022-11-21,16291.2236328125,16291.2236328125,15599.046875,15787.2841796875,37429485518,-0.0314590625870741,0.0586416262536612,BTC-USD,0.0,0,0.0,0,0.0,0.0,-0.5800000000000001,0.0,974239,269034,,,303153772188.1876
2022-11-22,15782.30078125,16253.0478515625,15656.6064453125,16189.76953125,30726828760,0.0251747150803918,0.0540457104593762,BTC-USD,0.0,0,0.0,0,0.0,0.0,-0.56,0.0,931145,257097,,,310753451298.5008
2022-11-23,16195.5888671875,16638.193359375,16170.5029296875,16610.70703125,32958875628,0.0256679569857375,0.0348731716372743,BTC-USD,0.0,0,0.0,0,0.0,0.0,-0.56,0.0,1057775,270971,,,318476370818.0587
2022-11-24,16611.63671875,16771.474609375,16501.767578125,16604.46484375,26129037414,-0.0003758636322568,0.0202039394102335,BTC-USD,0.0,0,0.0,0,0.0,0.0,-0.6,0.0,988182,250821,,,318671568719.49097
2022-11-25,16602.26953125,16603.31640625,16388.404296875,16521.841796875,18678255976,-0.004988374895103,0.0185679623202716,BTC-USD,0.0,0,0.0,0,0.0,0.0,-0.6,0.0,981465,262820,,,317509479778.9209
2022-11-26,16521.576171875,16666.86328125,16416.228515625,16464.28125,18000008764,-0.0034899891216231,0.0182687226946661,BTC-USD,0.0,0,0.0,0,0.0,0.0,-0.56,0.0,892687,230269,,,316103485950.16534
2022-11-27,16463.8828125,16594.40625,16437.025390625,16444.626953125,20443898509,-0.0011944668045808,0.0167411226486278,BTC-USD,0.0,0,0.0,0,0.0,0.0,-0.48,0.0,855437,223392,,,315875880963.40686
2022-11-28,16440.22265625,16482.93359375,16054.5302734375,16217.322265625,27743025156,-0.0139188482409715,0.0164987834780903,BTC-USD,0.0,0,0.0,0,0.0,0.0,-0.4399999999999999,0.0,931505,259679,,,311594845649.107
2022-11-29,16217.6396484375,16522.2578125,16139.396484375,16444.982421875,23581685468,0.013940464110346,0.0163448210309569,BTC-USD,0.0,0,0.0,0,0.0,0.0,-0.48,0.0,955669,271896,,,316037505324.6357
2022-11-30,16445.4765625,17190.9375,16445.4765625,17168.56640625,29523576583,0.0430597665839438,0.0199039600922742,BTC-USD,0.0,0,0.0,0,0.0,0.0,-0.42,0.0,946754,272102,,,330157249897.60547
2022-12-01,17168.001953125,17197.498046875,16888.388671875,16967.1328125,22895392882,-0.0118020685953673,0.0202498688163978,BTC-USD,0.0,0,0.0,0,0.0,0.0,-0.4599999999999999,0.0,1030232,286994,,,326029288146.94086
2022-12-02,16968.68359375,17088.66015625,16877.880859375,17088.66015625,19539705127,0.0071369860458051,0.0203106268561911,BTC-USD,0.0,0,0.0,0,0.0,0.0,-0.4599999999999999,0.0,970221,271522,,,328230420398.4742
2022-12-03,17090.09765625,17116.041015625,16888.140625,16908.236328125,16217776704,-0.0106142348677962,0.0205748703858137,BTC-USD,0.0,0,0.0,0,0.0,0.0,-0.4599999999999999,0.0,938854,249912,,,324868709629.4161
2022-12-04,16908.169921875,17157.767578125,16903.439453125,17130.486328125,16824520830,0.0130588424633657,0.019328291464555,BTC-USD,0.0,0,0.0,0,0.0,0.0,-0.48,0.0,842351,216703,,,329155312451.6082
2022-12-05,17128.89453125,17378.15234375,16922.431640625,16974.826171875,22209086834,-0.0091282692171541,0.0169942988140961,BTC-USD,0.0,0,0.0,0,0.0,0.0,-0.48,0.0,960563,273083,,,326087897703.5941
2022-12-06,16975.23828125,17091.86328125,16939.921875,17089.50390625,19889922369,0.0067330352508194,0.016011603186504,BTC-USD,0.0,0,0.0,0,0.0,0.0,-0.5,0.0,941978,264624,,,328201017682.73834
2022-12-07,17089.505859375,17109.376953125,16750.55859375,16848.126953125,19675404389,-0.0142249778324377,0.0153695239637074,BTC-USD,0.0,0,0.0,0,0.0,0.0,-0.42,0.0,899850,266558,,,323945839104.30493
2022-12-08,16847.349609375,17267.916015625,16788.783203125,17233.474609375,20496603770,0.0226142000810396,0.0164030636244773,BTC-USD,0.0,0,0.0,0,0.0,0.0,-0.5,0.0,905789,270258,,,331331799697.2159
2022-12-09,17232.1484375,17280.546875,17100.8359375,17133.15234375,20328426366,-0.0058383705058885,0.0164350761685748,BTC-USD,0.0,0,0.0,0,0.0,0.0,-0.48,0.0,946767,268606,,,329515480228.8269
2022-12-10,17134.220703125,17216.826171875,17120.68359375,17128.724609375,12706781969,-0.0002584642053152,0.0163655848370742,BTC-USD,0.0,0,0.0,0,0.0,0.0,-0.4599999999999999,0.0,909506,231276,,,329302474097.54333
2022-12-11,17129.7109375,17245.634765625,17091.8203125,17104.193359375,14122486832,-0.0014331967973886,0.0163702198921142,BTC-USD,0.0,0,0.0,0,0.0,0.0,-0.48,0.0,781176,220885,,,328744079344.8782
2022-12-12,17102.5,17212.564453125,16899.39453125,17206.4375,19617581341,0.0059599279123048,0.0156541413344093,BTC-USD,0.0,0,0.0,0,0.0,0.0,-0.4599999999999999,0.0,905428,264207,,,330704952984.2636
2022-12-13,17206.44140625,17930.0859375,17111.763671875,17781.318359375,26634741631,0.0328647887307288,0.017288945675253,BTC-USD,0.0,0,0.0,0,0.0,0.0,-0.4599999999999999,0.0,974065,286344,,,341866163427.8328
2022-12-14,17782.06640625,18318.53125,17739.513671875,17815.650390625,25534481470,0.0019289306421712,0.0135124005234275,BTC-USD,0.0,0,0.0,0,0.0,0.0,-0.4,0.0,930586,279228,,,342552090974.3184
2022-12-15,17813.64453125,17846.744140625,17322.58984375,17364.865234375,20964448341,-0.0256283810210243,0.0150653733398251,BTC-USD,0.0,0,0.0,0,0.0,0.0,-0.38,0.0,897844,271326,,,333610472205.63245
2022-12-16,17364.546875,17505.525390625,16584.701171875,16647.484375,24031608960,-0.0421898089814994,0.0189515106468758,BTC-USD,0.0,0,0.0,0,0.0,0.0,-0.42,0.0,893040,258839,,,319429708503.9072
2022-12-17,16646.982421875,16800.58984375,16614.029296875,16795.091796875,14463581825,0.008827572352892,0.0189736409683155,BTC-USD,0.0,0,0.0,0,0.0,0.0,-0.4399999999999999,0.0,967830,261183,,,322681062399.0879
2022-12-18,16795.609375,16815.38671875,16697.8203125,16757.9765625,10924354698,-0.0022123311713591,0.0185701235147158,BTC-USD,0.0,0,0.0,0,0.0,0.0,-0.48,0.0,783263,207910,,,322729554932.29346
2022-12-19,16759.041015625,16807.52734375,16398.13671875,16439.6796875,17221074814,-0.0191764518948535,0.0190720970627259,BTC-USD,0.0,0,0.0,0,0.0,0.0,-0.42,0.0,971140,262020,,,315972232645.3263
2022-12-20,16441.787109375,17012.984375,16427.8671875,16906.3046875,22722096615,0.0279887050824722,0.0206280546008476,BTC-USD,0.0,0,0.0,0,0.0,0.0,-0.42,0.0,950486,270300,,,325176875097.1312
2022-12-21,16904.52734375,16916.80078125,16755.912109375,16817.53515625,14882945045,-0.0052645094201766,0.0203150999552067,BTC-USD,0.0,0,0.0,0,0.0,0.0,-0.48,0.0,905699,268746,,,323243270748.1628
2022-12-22,16818.380859375,16866.673828125,16592.408203125,16830.341796875,16441573050,0.0007612154110786,0.0192444508972798,BTC-USD,0.0,0,0.0,0,0.0,0.0,-0.4399999999999999,0.0,908585,276334,,,323520845954.7279
2022-12-23,16829.64453125,16905.21875,16794.458984375,16796.953125,15329265213,-0.0019858084288219,0.0192080905409391,BTC-USD,0.0,0,0.0,0,0.0,0.0,-0.4599999999999999,0.0,891725,275188,,,322886162998.30566
2022-12-24,16796.9765625,16864.703125,16793.52734375,16847.755859375,9744636213,0.0030199561547248,0.019243234278566,BTC-USD,0.0,0,0.0,0,0.0,0.0,-0.42,0.0,758680,215536,,,323994138663.88385
2022-12-25,16847.505859375,16860.5546875,16755.25390625,16841.986328125,11656379938,-0.0003425096739709,0.0192443441901904,BTC-USD,0.0,0,0.0,0,0.0,0.0,-0.42,0.0,731599,196741,,,323763179790.4042
2022-12-26,16842.25,16920.123046875,16812.369140625,16919.8046875,11886957804,0.0046098559846715,0.0192095778801943,BTC-USD,0.0,0,0.0,0,0.0,0.0,-0.4399999999999999,0.0,787672,227132,,,324837072942.0877
2022-12-27,16919.291015625,16959.845703125,16642.072265625,16717.173828125,15748580239,-0.0120482468683785,0.0166647961759009,BTC-USD,0.0,0,0.0,0,0.0,0.0,-0.4599999999999999,0.0,867369,241695,,,321365396957.0633
2022-12-28,16716.400390625,16768.169921875,16497.556640625,16552.572265625,17005713920,-0.0098950503002502,0.016618492431606,BTC-USD,0.0,0,0.0,0,0.0,0.0,-0.4399999999999999,0.0,904203,269982,,,318253243893.2231
2022-12-29,16552.322265625,16651.755859375,16508.68359375,16642.341796875,14472237479,0.0054086448255194,0.0157381111394252,BTC-USD,0.0,0,0.0,0,0.0,0.0,-0.4399999999999999,0.0,945186,266982,,,320082752198.536
2022-12-30,16641.330078125,16643.427734375,16408.474609375,16602.5859375,15929162910,-0.0023916958787596,0.0110041093044559,BTC-USD,0.0,0,0.0,0,0.0,0.0,-0.4399999999999999,0.0,1050756,286348,,,319388854075.39685
2022-12-31,16603.673828125,16628.986328125,16517.51953125,16547.49609375,11239186456,-0.0033236656495581,0.0107132611785297,BTC-USD,0.0,0,0.0,0,0.0,0.0,-0.5,0.0,839910,243946,,,318067813339.4093
2023-01-01,16547.9140625,16630.439453125,16521.234375,16625.080078125,9244361700,0.0046776063115772,0.0108140745440973,BTC-USD,0.0,0,0.0,0,0.0,0.0,-0.48,0.0,719716,189355,,,319672567829.92584
2023-01-02,16625.509765625,16759.34375,16572.228515625,16688.470703125,12097775227,0.0038057006847047,0.0094275988834106,BTC-USD,0.0,0,0.0,0,0.0,0.0,-0.4599999999999999,0.0,842261,228547,,,321266671119.1712
2023-01-03,16688.84765625,16760.447265625,16622.37109375,16679.857421875,13903079207,-0.0005162548994983,0.0053741563208062,BTC-USD,0.0,0,0.0,0,0.0,0.0,-0.48,0.0,985169,273459,,,320923849121.50653
2023-01-04,16680.205078125,16964.5859375,16667.763671875,16863.23828125,18421743322,0.0109341539620353,0.0060749377270454,BTC-USD,0.0,0,0.0,0,0.0,0.0,-0.42,0.0,922281,279254,,,324371229130.03345
2023-01-05,16863.47265625,16884.021484375,16790.283203125,16836.736328125,13692758566,-0.0015728177184386,0.006090177329178,BTC-USD,0.0,0,0.0,0,0.0,0.0,-0.42,0.0,922508,274976,,,323934038866.73096
2023-01-06,16836.47265625,16991.994140625,16716.421875,16951.96875,14413662913,0.0068207922355531,0.0063168609139331,BTC-USD,0.0,0,0.0,0,0.0,0.0,-0.48,0.0,932794,273358,,,326515008906.59827
2023-01-07,16952.1171875,16975.017578125,16914.19140625,16955.078125,7714767174,0.0001834058283035,0.0062805980547798,BTC-USD,0.0,0,0.0,0,0.0,0.0,-0.5,0.0,809225,250336,,,326237998585.17
2023-01-08,16954.146484375,17091.14453125,16924.05078125,17091.14453125,9768827914,0.007993082349021,0.0065869592887531,BTC-USD,0.0,0,0.0,0,0.0,0.0,-0.5,0.0,755503,229074,,,328499715753.26697
2023-01-09,17093.9921875,17389.95703125,17093.9921875,17196.5546875,18624736866,0.0061485891873065,0.0066633413041884,BTC-USD,0.0,0,0.0,0,0.0,0.0,-0.5,0.0,981056,286289,,,330886115501.8013
2023-01-10,17192.94921875,17484.720703125,17162.990234375,17446.29296875,15808338949,0.0144181338708873,0.0063763258256306,BTC-USD,0.0,0,0.0,0,0.0,0.0,-0.48,0.0,1146540,306036,,,335749580566.8327
2023-01-11,17446.359375,17934.896484375,17337.994140625,17934.896484375,18372283782,0.0276211504977311,0.008153489208669,BTC-USD,0.0,0,0.0,0,0.0,0.0,-0.48,0.0,944957,288569,,,343465404948.3947
2023-01-12,18117.59375,19030.087890625,17995.203125,18869.587890625,34971338710,0.0508031804901875,0.0145407002019193,BTC-USD,0.0,0,0.0,0,0.0,0.0,-0.4,0.0,1034292,310585,,,363435762403.209
2023-01-13,18868.90625,19964.322265625,18753.1640625,19909.57421875,29225029694,0.0536492128036686,0.018379045405484,BTC-USD,0.0,0,0.0,0,0.0,0.0,-0.38,0.0,1072059,320370,,,382696914618.5445
2023-01-14,19910.537109375,21075.142578125,19907.828125,20976.298828125,38967784639,0.052192440560842,0.0204629832840936,BTC-USD,0.0,0,0.0,0,0.0,0.0,-0.0799999999999999,0.0,965948,303624,,,404719555363.718
2023-01-15,20977.484375,20993.748046875,20606.986328125,20880.798828125,19298407543,-0.0045631527773636,0.0210301169355992,BTC-USD,0.0,0,0.0,0,0.0,0.0,0.04,0.0,807742,255156,,,402142059538.9224
2023-01-16,20882.224609375,21360.875,20715.74609375,21169.6328125,26792494050,0.0137377199522769,0.0207425018737737,BTC-USD,0.0,0,0.0,0,0.0,0.0,-0.0999999999999999,0.0,966312,303811,,,408025350489.2305
2023-01-17,21175.833984375,21438.66015625,20978.533203125,21161.51953125,24999983362,-0.0003833243793347,0.0207339008274545,BTC-USD,0.0,0,0.0,0,0.0,0.0,0.02,0.0,988775,309004,,,408005301935.65857
2023-01-18,21161.05078125,21564.501953125,20541.544921875,20688.78125,30005625418,-0.0225928311533006,0.0232694166232149,BTC-USD,0.0,0,0.0,0,0.0,0.0,0.04,0.0,942079,294539,,,398995131352.9132
2023-01-19,20686.74609375,21163.01171875,20685.380859375,21086.79296875,21152848261,0.0190553341028979,0.0228149522398273,BTC-USD,0.0,0,0.0,0,0.0,0.0,-0.0999999999999999,0.0,926693,298607,,,405991740732.9317
2023-01-20,21085.373046875,22692.357421875,20919.126953125,22676.552734375,28799154319,0.0726845526110478,0.0271401074751598,BTC-USD,0.0,0,0.0,0,0.0,0.0,0.02,0.0,933005,303214,,,436623508826.3357
2023-01-21,22677.427734375,23282.34765625,22511.833984375,22777.625,32442278429,0.0044472229944531,0.0269141587329589,BTC-USD,0.0,0,0.0,0,0.0,0.0,0.06,0.0,906764,286001,,,439387994541.3399
2023-01-22,22777.986328125,23056.73046875,22387.900390625,22720.416015625,24746386230,-0.0025147902304318,0.027448598384302,BTC-USD,0.0,0,0.0,0,0.0,0.0,0.06,0.0,863236,249747,,,437735066276.4035
2023-01-23,22721.087890625,23126.486328125,22654.3046875,22934.431640625,26518700512,0.0093754421985692,0.0273336083593514,BTC-USD,0.0,0,0.0,0,0.0,0.0,0.0,0.0,933346,296833,,,441857284818.2415
2023-01-24,22929.626953125,23134.01171875,22549.744140625,22636.46875,26405069715,-0.0130770792009061,0.0287599161185631,BTC-USD,0.0,0,0.0,0,0.0,0.0,0.04,0.0,908199,288416,,,435749412018.2001
2023-01-25,22639.267578125,23722.099609375,22406.076171875,23117.859375,30685366709,0.0210431847013235,0.0286547839307242,BTC-USD,0.0,0,0.0,0,0.0,0.0,0.02,0.0,912032,306272,,,445371057214.8687
2023-01-26,23108.955078125,23237.078125,22911.373046875,23032.77734375,26357839322,-0.0036871485938446,0.0275554141941715,BTC-USD,0.0,0,0.0,0,0.0,0.0,0.08,0.0,892287,297461,,,443458477430.5372
2023-01-27,23030.716796875,23417.720703125,22654.59375,23078.728515625,25383335641,0.001993046474165,0.0252331677877115,BTC-USD,0.0,0,0.0,0,0.0,0.0,0.1,0.0,929064,305372,,,444671920357.2479
2023-01-28,23079.96484375,23165.896484375,22908.845703125,23031.08984375,14712928379,-0.0020663143130933,0.0223471561744685,BTC-USD,0.0,0,0.0,0,0.0,0.0,0.04,0.0,857014,268374,,,443507093772.12006
2023-01-29,23031.44921875,23919.890625,22985.0703125,23774.56640625,27423687259,0.0317713353850442,0.0230407009743274,BTC-USD,0.0,0,0.0,0,0.0,0.0,0.1,0.0,829895,258804,,,458299678267.7888
2023-01-30,23774.6484375,23789.34765625,22657.58203125,22840.138671875,27205595568,-0.0400969146659518,0.0264742680704944,BTC-USD,0.0,0,0.0,0,0.0,0.0,0.2199999999999999,0.0,957363,311188,,,439513744530.55255
2023-01-31,22840.796875,23225.021484375,22765.568359375,23139.283203125,22837828665,0.0130122885395141,0.0264902580385488,BTC-USD,0.0,0,0.0,0,0.0,0.0,0.02,0.0,944348,312359,,,445903953177.8653
2023-02-01,23137.8359375,23764.5390625,22877.75,23723.76953125,26683255504,0.0249457345900039,0.0255195135973614,BTC-USD,0.0,0,0.0,0,0.0,0.0,0.1200000000000001,0.0,1050528,343824,,,457436212535.37054
2023-02-02,23720.82421875,24167.2109375,23468.595703125,23471.87109375,32066936882,-0.0106747498773682,0.0259218922161117,BTC-USD,0.0,0,0.0,0,0.0,0.0,0.1999999999999999,0.0,983946,335421,,,453185335299.5718
2023-02-03,23469.412109375,23678.103515625,23279.955078125,23449.322265625,27083066007,-0.0009611362476715,0.0179596085422484,BTC-USD,0.0,0,0.0,0,0.0,0.0,0.1999999999999999,0.0,988867,317695,,,452052047565.4157
2023-02-04,23446.3203125,23556.94921875,23291.794921875,23331.84765625,15639298538,-0.0050223137428644,0.0180543855483098,BTC-USD,0.0,0,0.0,0,0.0,0.0,0.1599999999999999,0.0,961115,302062,,,450331066544.2132
2023-02-05,23332.248046875,23423.435546875,22841.759765625,22955.666015625,19564262605,-0.0162544882312758,0.0186652248985061,BTC-USD,0.0,0,0.0,0,0.0,0.0,0.1599999999999999,0.0,802171,256347,,,442673043515.76447
2023-02-06,22954.021484375,23119.279296875,22692.025390625,22760.109375,23825006542,-0.0085553764212852,0.018641959501815,BTC-USD,0.0,0,0.0,0,0.0,0.0,0.1200000000000001,0.0,920525,304492,,,438605028941.3012
2023-02-07,22757.267578125,23310.974609375,22756.2578125,23264.291015625,27187964471,0.0219101957149328,0.0191703709293055,BTC-USD,0.0,0,0.0,0,0.0,0.0,0.08,0.0,944049,303225,,,448674357936.5548
2023-02-08,23263.416015625,23367.958984375,22731.09765625,22939.3984375,25371367758,-0.0140637224840059,0.0187733084379147,BTC-USD,0.0,0,0.0,0,0.0,0.0,0.1599999999999999,0.0,942153,315120,,,442355589491.7768
2023-02-09,22946.56640625,22996.4375,21773.974609375,21819.0390625,32572572185,-0.0500729479211171,0.0229888700782354,BTC-USD,0.0,0,0.0,0,0.0,0.0,0.1,0.0,1056974,363668,,,420790203963.9413
2023-02-10,21819.005859375,21941.185546875,21539.392578125,21651.18359375,27078406594,-0.0077228177249046,0.0229449743904619,BTC-USD,0.0,0,0.0,0,0.0,0.0,-0.04,0.0,923753,302716,,,416998493072.5835
2023-02-11,21651.841796875,21891.41015625,21618.44921875,21870.875,16356226232,0.010095720621826,0.0232745484444144,BTC-USD,0.0,0,0.0,0,0.0,0.0,-0.02,0.0,896301,281958,,,421730481059.5885
2023-02-12,21870.90234375,22060.994140625,21682.828125,21788.203125,17821046406,-0.0037871607629455,0.0209288169934089,BTC-USD,0.0,0,0.0,0,0.0,0.0,0.0,0.0,861493,256348,,,419964034322.39526
2023-02-13,21787.0,21898.4140625,21460.087890625,21808.1015625,23918742607,0.0009128497942385,0.018560267594691,BTC-USD,0.0,0,0.0,0,0.0,0.0,-0.04,0.0,957593,297879,,,420497959396.1862
2023-02-14,21801.822265625,22293.140625,21632.39453125,22220.8046875,26792596581,0.0187474660501362,0.0190060062525165,BTC-USD,0.0,0,0.0,0,0.0,0.0,0.0,0.0,913570,305330,,,428692521757.3896
2023-02-15,22220.5859375,24307.841796875,22082.76953125,24307.841796875,32483312909,0.0897700078631962,0.0306434284371186,BTC-USD,0.0,0,0.0,0,0.0,0.0,0.06,0.0,993456,325059,,,468884953214.8082
2023-02-16,24307.349609375,25134.1171875,23602.5234375,23623.474609375,39316664596,-0.0285581014815657,0.0315596662692933,BTC-USD,0.0,0,0.0,0,0.0,0.0,0.24,0.0,1118226,341817,,,458066234824.8328
2023-02-17,23621.283203125,24924.041015625,23460.755859375,24565.6015625,41358451255,0.0391062494261006,0.0331952444094175,BTC-USD,0.0,0,0.0,0,0.0,0.0,0.2199999999999999,0.0,1050009,322140,,,474777985910.941
2023-02-18,24565.296875,24798.8359375,24468.373046875,24641.27734375,19625427158,0.0030758236488141,0.0331091050080264,BTC-USD,0.0,0,0.0,0,0.0,0.0,0.1999999999999999,0.0,1046593,273988,,,475367066196.61975
2023-02-19,24640.02734375,25093.0546875,24327.642578125,24327.642578125,25555105670,-0.0128097190944396,0.0329602659875936,BTC-USD,0.0,0,0.0,0,0.0,0.0,0.1999999999999999,0.0,928713,244509,,,470190985337.3357
2023-02-20,24336.623046875,25020.458984375,23927.91015625,24829.1484375,28987376573,0.0204050447443161,0.0330105277633699,BTC-USD,0.0,0,0.0,0,0.0,0.0,0.1599999999999999,0.0,908106,267205,,,478527590358.21405
2023-02-21,24833.048828125,25126.8515625,24200.36328125,24436.353515625,31252098714,-0.0159463815377237,0.0331760457692472,BTC-USD,0.0,0,0.0,0,0.0,0.0,0.1999999999999999,0.0,1012926,293613,,,470883335720.716
2023-02-22,24437.41796875,24472.33984375,23644.318359375,24188.84375,30199996781,-0.0101803968810031,0.0330337326707891,BTC-USD,0.0,0,0.0,0,0.0,0.0,0.1799999999999999,0.0,931144,277803,,,466337552716.1743
2023-02-23,24190.71875,24572.08984375,23693.919921875,23947.4921875,30476264066,-0.0100279167620181,0.0295625429377835,BTC-USD,0.0,0,0.0,0,0.0,0.0,0.1200000000000001,0.0,1071298,291650,,,461466839224.232
2023-02-24,23946.0078125,24103.705078125,23007.072265625,23198.126953125,26811744928,-0.0317920674064435,0.0311213985764135,BTC-USD,0.0,0,0.0,0,0.0,0.0,0.06,0.0,964247,298377,,,447316040888.5391
2023-02-25,23200.125,23210.2109375,22861.55859375,23175.375,16100721565,-0.0009812480831641,0.0311207563864,BTC-USD,0.0,0,0.0,0,0.0,0.0,0.04,0.0,811239,259206,,,447022542624.343
2023-02-26,23174.150390625,23654.3671875,23084.220703125,23561.212890625,16644534842,0.0165115458338692,0.031195879074237,BTC-USD,0.0,0,0.0,0,0.0,0.0,0.02,0.0,905055,271471,,,454425911741.45215
2023-02-27,23561.451171875,23857.890625,23205.87890625,23522.87109375,22660763494,-0.0016286524916948,0.031232551332312,BTC-USD,0.0,0,0.0,0,0.0,0.0,0.0,0.0,982682,296912,,,453714768533.1664
2023-02-28,23521.837890625,23585.384765625,23077.650390625,23147.353515625,20535363434,-0.016092730875103,0.0314748683800242,BTC-USD,0.0,0,0.0,0,0.0,0.0,0.06,0.0,983627,335341,,,446819268836.4395
2023-03-01,23150.9296875,23880.6328125,23088.626953125,23646.55078125,24662841200,0.0213368049391636,0.0202677155827066,BTC-USD,0.0,0,0.0,0,0.0,0.0,0.0,0.0,1076257,377754,,,455815311827.3252
2023-03-02,23647.01953125,23739.138671875,23245.021484375,23475.466796875,20386398516,-0.0072613502094817,0.0188696415706372,BTC-USD,0.0,0,0.0,0,0.0,0.0,0.02,0.0,939444,330024,,,453121431949.6086
2023-03-03,23476.6328125,23479.34765625,22213.23828125,22362.6796875,26062404610,-0.0485624257297713,0.019275602246458,BTC-USD,0.0,0,0.0,0,0.0,0.0,0.0,0.0,1086253,355066,,,431523107640.1537
2023-03-04,22362.923828125,22405.177734375,22198.98046875,22353.349609375,11166012913,-0.0004173035221196,0.0191614441432515,BTC-USD,0.0,0,0.0,0,0.0,0.0,0.0,0.0,905589,306924,,,431239053644.6866
2023-03-05,22354.14453125,22613.685546875,22307.142578125,22435.513671875,13317001733,0.0036689546753233,0.0192802559718173,BTC-USD,0.0,0,0.0,0,0.0,0.0,-0.06,0.0,995537,287178,,,432912254426.8668
2023-03-06,22436.81640625,22584.29296875,22331.314453125,22429.7578125,17353192895,-0.0002565841781915,0.0178598905152213,BTC-USD,0.0,0,0.0,0,0.0,0.0,-0.04,0.0,931807,318245,,,432831999828.83685
2023-03-07,22428.322265625,22527.41796875,22011.26171875,22219.76953125,22765452204,-0.0094061389660416,0.0177000037645014,BTC-USD,0.0,0,0.0,0,0.0,0.0,-0.02,0.0,1063023,360867,,,428219361920.7399
2023-03-08,22216.44140625,22268.896484375,21708.05078125,21718.080078125,22536575684,-0.022837315061132,0.0182024876166045,BTC-USD,0.0,0,0.0,0,0.0,0.0,0.0,0.0,885079,290018,,,419098099713.9698
2023-03-09,21720.080078125,21802.716796875,20210.306640625,20363.021484375,30364664171,-0.0644245133285333,0.0237107705716119,BTC-USD,0.0,0,0.0,0,0.0,0.0,-0.12,0.0,929904,339133,,,393013679640.0983
2023-03-10,20367.001953125,20370.595703125,19628.25390625,20187.244140625,39578257695,-0.0086696568831137,0.022989023846097,BTC-USD,0.0,0,0.0,0,0.0,0.0,-0.3199999999999999,0.0,979055,322995,,,390917907908.01056
2023-03-11,20187.876953125,20792.525390625,20068.66015625,20632.41015625,30180288176,0.0218122212441108,0.0244332971316929,BTC-USD,0.0,0,0.0,0,0.0,0.0,-0.3399999999999999,0.0,982511,323403,,,397599044509.8048
2023-03-12,20628.029296875,22185.03125,20448.806640625,22163.94921875,29279035521,0.07160391184533,0.0320015099413564,BTC-USD,0.0,0,0.0,0,0.0,0.0,-0.3399999999999999,0.0,886609,263955,,,426221507105.4308
2023-03-13,22156.40625,24550.837890625,21918.19921875,24197.533203125,49466362688,0.0877836343684854,0.0404079354652385,BTC-USD,0.0,0,0.0,0,0.0,0.0,-0.02,0.0,999918,335201,,,466585218228.0785
2023-03-14,24201.765625,26514.716796875,24081.18359375,24746.07421875,54622230164,0.0224161647975057,0.0403908200971565,BTC-USD,0.0,0,0.0,0,0.0,0.0,0.1200000000000001,0.0,1024780,327923,,,478479673367.3146
2023-03-15,24770.92578125,25240.615234375,23964.91015625,24375.9609375,43655701450,-0.0150694198256179,0.0404141473835417,BTC-USD,0.0,0,0.0,0,0.0,0.0,0.0,0.0,1006730,343857,,,471562885492.7352
2023-03-16,24373.45703125,25190.326171875,24225.111328125,25052.7890625,33866061747,0.0273877219696504,0.0408507330728593,BTC-USD,0.0,0,0.0,0,0.0,0.0,0.04,0.0,879957,295146,,,483820966773.2832
2023-03-17,25055.123046875,27787.8125,24955.169921875,27423.9296875,50730261335,0.0904308173547872,0.0437144801001384,BTC-USD,0.0,0,0.0,0,0.0,0.0,0.02,0.0,1085422,339244,,,530355563505.5659
2023-03-18,27448.1171875,27725.953125,26636.26171875,26965.87890625,35723036817,-0.0168436559149467,0.0443634031668155,BTC-USD,0.0,0,0.0,0,0.0,0.0,0.28,0.0,955447,293458,,,521401004462.5543
2023-03-19,26969.50390625,28440.560546875,26907.716796875,28038.67578125,37769448859,0.0390125123969635,0.0447708274133691,BTC-USD,0.0,0,0.0,0,0.0,0.0,0.26,0.0,845573,271293,,,544602429934.9583
2023-03-20,28041.6015625,28527.724609375,27242.880859375,27767.236328125,44774027664,-0.0097280586770752,0.0451044641123654,BTC-USD,0.0,0,0.0,0,0.0,0.0,0.32,0.0,1014355,337263,,,537849646186.5744
2023-03-21,27768.392578125,28439.5625,27439.646484375,28175.81640625,36102192830,0.0146072594573107,0.0445479629155953,BTC-USD,0.0,0,0.0,0,0.0,0.0,0.3600000000000001,0.0,990544,331907,,,544415302326.4737
2023-03-22,28158.720703125,28803.3359375,26759.99609375,27307.4375,33382021890,-0.0313049347860252,0.0451828588355644,BTC-USD,0.0,0,0.0,0,0.0,0.0,0.24,0.0,940276,296448,,,528379507078.967
2023-03-23,27301.95703125,28729.84375,27183.36328125,28333.97265625,24220433689,0.0369024309214414,0.0389301562623103,BTC-USD,0.0,0,0.0,0,0.0,0.0,0.1399999999999999,0.0,902932,292159,,,548632503448.67126
2023-03-24,28324.111328125,28388.4375,27039.265625,27493.28515625,25980310960,-0.0301197331855556,0.0406804386879355,BTC-USD,0.0,0,0.0,0,0.0,0.0,0.2199999999999999,0.0,893101,294570,,,530807367185.91296
2023-03-25,27487.337890625,27791.826171875,27196.234375,27494.70703125,13383005987,5.171583626720892e-05,0.0411042892072515,BTC-USD,0.0,0,0.0,0,0.0,0.0,0.28,0.0,898042,287422,,,531312174636.284
2023-03-26,27495.5234375,28178.14453125,27445.046875,27994.330078125,13878363192,0.0180084779034715,0.038385427168413,BTC-USD,0.0,0,0.0,0,0.0,0.0,0.28,0.0,851151,266890,,,542169657055.9983
2023-03-27,27994.068359375,28037.92578125,26606.689453125,27139.888671875,18188895178,-0.0309974400560333,0.0343786790080481,BTC-USD,0.0,0,0.0,0,0.0,0.0,0.28,0.0,1057595,295339,,,524906913723.9932
2023-03-28,27132.888671875,27460.71875,26677.818359375,27268.130859375,17783600385,0.004714100093914,0.0341401735004604,BTC-USD,0.0,0,0.0,0,0.0,0.0,0.1799999999999999,0.0,982699,317587,,,527422700745.3335
2023-03-29,27267.03125,28619.54296875,27259.662109375,28348.44140625,20684945906,0.0388533993126916,0.0345068132617874,BTC-USD,0.0,0,0.0,0,0.0,0.0,0.1399999999999999,0.0,977852,328588,,,548815740560.0656
2023-03-30,28350.140625,29159.90234375,27720.16015625,28033.5625,22435349951,-0.0111695987413331,0.0346181820537956,BTC-USD,0.0,0,0.0,0,0.0,0.0,0.1999999999999999,0.0,1021839,331354,,,541733941198.0574
2023-03-31,28032.26171875,28639.896484375,27583.71484375,28478.484375,19001327598,0.0157464148884536,0.0254960764878629,BTC-USD,0.0,0,0.0,0,0.0,0.0,0.26,0.0,1043754,308895,,,551292496354.6884
2023-04-01,28473.33203125,28802.45703125,28297.171875,28411.03515625,10876469901,-0.0023712364214005,0.02493004031864,BTC-USD,0.0,0,0.0,0,0.0,0.0,0.2199999999999999,0.0,1038858,316521,,,550928486203.3832
2023-04-02,28462.845703125,28518.958984375,27884.087890625,28199.30859375,12284641999,-0.0074801718449764,0.0228808060230068,BTC-USD,0.0,0,0.0,0,0.0,0.0,0.26,0.0,1012005,342161,,,544524713657.5736
2023-04-03,28183.080078125,28475.623046875,27276.720703125,27790.220703125,19556501327,-0.014613274150394,0.0230836296581586,BTC-USD,0.0,0,0.0,0,0.0,0.0,0.26,0.0,985157,336905,,,538533843979.47015
2023-04-04,27795.2734375,28433.7421875,27681.3046875,28168.08984375,15284538859,0.0135055858746378,0.0230320409012615,BTC-USD,0.0,0,0.0,0,0.0,0.0,0.24,0.0,1108155,419443,,,543647331979.0974
2023-04-05,28169.7265625,28739.23828125,27843.763671875,28177.984375,17052315986,0.0003512057047058,0.0212058757135987,BTC-USD,0.0,0,0.0,0,0.0,0.0,0.24,0.0,964688,345029,,,545148282923.0317
2023-04-06,28175.2265625,28178.384765625,27738.759765625,28044.140625,13837809380,-0.0047612573465794,0.0187486053356293,BTC-USD,0.0,0,0.0,0,0.0,0.0,0.26,0.0,1022873,352346,,,542445068149.4137
2023-04-07,28038.966796875,28111.59375,27794.03125,27925.859375,10861680497,-0.0042266008962955,0.0168030250914735,BTC-USD,0.0,0,0.0,0,0.0,0.0,0.28,0.0,956362,351639,,,540298652289.0736
2023-04-08,27920.513671875,28159.86328125,27883.38671875,27947.794921875,9373255556,0.0007851839396583,0.016800597789721,BTC-USD,0.0,0,0.0,0,0.0,0.0,0.2199999999999999,0.0,885739,325340,,,540851301862.0266
2023-04-09,27952.3671875,28532.830078125,27828.48046875,28333.05078125,12175322951,0.0136906925289077,0.0165046873080593,BTC-USD,0.0,0,0.0,0,0.0,0.0,0.2199999999999999,0.0,936112,277152,,,548492793650.62
2023-04-10,28336.02734375,29771.46484375,28189.271484375,29652.98046875,19282400094,0.0455336467573902,0.0177674806781643,BTC-USD,0.0,0,0.0,0,0.0,0.0,0.24,0.0,947327,292988,,,574235609982.3527
2023-04-11,29653.6796875,30509.083984375,29609.30078125,30235.05859375,20121259843,0.0194394895643321,0.0180975418258916,BTC-USD,0.0,0,0.0,0,0.0,0.0,0.3600000000000001,0.0,1146146,375758,,,585087519181.1974
2023-04-12,30231.58203125,30462.48046875,29725.57421875,30139.052734375,18651929926,-0.0031803678161343,0.0158169767133639,BTC-USD,0.0,0,0.0,0,0.0,0.0,0.3,0.0,1056542,344791,,,578654885226.6572
2023-04-13,29892.740234375,30539.845703125,29878.623046875,30399.06640625,17487721001,0.0085901337682815,0.0151924635227888,BTC-USD,0.0,0,0.0,0,0.0,0.0,0.2199999999999999,0.0,1009669,326572,,,587538152475.136
2023-04-14,30409.5625,31005.607421875,30044.498046875,30485.69921875,22659995079,0.0028457979620181,0.0149308655897347,BTC-USD,0.0,0,0.0,0,0.0,0.0,0.3600000000000001,0.0,1016042,316304,,,589270068912.4236
2023-04-15,30490.75,30601.740234375,30245.8828125,30318.49609375,11940685378,-0.0054997371675221,0.0150702578739845,BTC-USD,0.0,0,0.0,0,0.0,0.0,0.3600000000000001,0.0,1045660,275326,,,587038231196.8175
2023-04-16,30315.9765625,30555.537109375,30157.83203125,30315.35546875,12854816417,-0.0001035931223855,0.0147391673981734,BTC-USD,0.0,0,0.0,0,0.0,0.0,0.3600000000000001,0.0,840992,235578,,,586498169368.5076
2023-04-17,30317.146484375,30319.197265625,29275.37109375,29445.044921875,17872186762,-0.0291287232768213,0.0166273325481703,BTC-USD,0.0,0,0.0,0,0.0,0.0,0.3799999999999999,0.0,984242,316549,,,570208016248.9177
2023-04-18,29449.091796875,30470.302734375,29154.849609375,30397.552734375,19480529496,0.0318364609978162,0.0180805359081671,BTC-USD,0.0,0,0.0,0,0.0,0.0,0.1599999999999999,0.0,1149264,313000,,,587602759964.4852
2023-04-19,30394.1875,30411.0546875,28669.8984375,28822.6796875,24571565421,-0.0531995366286723,0.0239514484245305,BTC-USD,0.0,0,0.0,0,0.0,0.0,0.26,0.0,985732,298359,,,557245599384.4084
2023-04-20,28823.68359375,29076.400390625,28037.2578125,28245.98828125,21340360360,-0.020211126619281,0.0246146193201478,BTC-USD,0.0,0,0.0,0,0.0,0.0,0.04,0.0,951443,297440,,,546713741184.974
2023-04-21,28249.23046875,28349.96875,27177.365234375,27276.91015625,20759504330,-0.0349108772717124,0.0263723685893756,BTC-USD,0.0,0,0.0,0,0.0,0.0,0.0,0.0,1015546,352999,,,528175134909.0028
2023-04-22,27265.89453125,27872.142578125,27169.5703125,27817.5,13125734602,0.0196247565563981,0.0269814282350788,BTC-USD,0.0,0,0.0,0,0.0,0.0,0.06,0.0,914896,356615,,,538564949198.4576
2023-04-23,27816.14453125,27820.244140625,27400.314453125,27591.384765625,12785446832,-0.0081617412273785,0.0267386911374835,BTC-USD,0.0,0,0.0,0,0.0,0.0,0.1200000000000001,0.0,840711,434101,,,534277114846.2925
2023-04-24,27591.73046875,27979.982421875,27070.849609375,27525.33984375,17703288330,-0.0023965485595713,0.0230069590266068,BTC-USD,0.0,0,0.0,0,0.0,0.0,0.06,0.0,998948,358615,,,532666177826.6658
2023-04-25,27514.873046875,28371.078125,27207.931640625,28307.59765625,17733373139,0.0280232077739538,0.0238175864747476,BTC-USD,0.0,0,0.0,0,0.0,0.0,0.06,0.0,895988,373152,,,547833832702.5402
2023-04-26,28300.05859375,29995.837890625,27324.548828125,28422.701171875,31854242019,0.0040579258685806,0.0239315217093095,BTC-USD,0.0,0,0.0,0,0.0,0.0,0.1200000000000001,0.0,893248,433927,,,549435199387.87
2023-04-27,28428.46484375,29871.546875,28402.88671875,29473.787109375,27153445027,0.0363131328622946,0.026117339408477,BTC-USD,0.0,0,0.0,0,0.0,0.0,0.1799999999999999,0.0,892914,419005,,,570390261178.377
2023-04-28,29481.013671875,29572.791015625,28929.609375,29340.26171875,17544464887,-0.0045406028897519,0.026081978752352,BTC-USD,0.0,0,0.0,0,0.0,0.0,0.28,0.0,957827,484327,,,568196114329.5779
2023-04-29,29336.56640625,29452.455078125,29088.04296875,29248.48828125,10662634333,-0.0031328032278842,0.0260703510896852,BTC-USD,0.0,0,0.0,0,0.0,0.0,0.28,0.0,803633,487346,,,565718094832.8191
2023-04-30,29245.515625,29952.029296875,29114.021484375,29268.806640625,14652199272,0.0006944394889976,0.0260770218589131,BTC-USD,0.0,0,0.0,0,0.0,0.0,0.1999999999999999,0.0,767567,561448,,,568466684139.17
2023-05-01,29227.103515625,29329.935546875,27680.79296875,28091.568359375,18655599976,-0.0410528562110149,0.0271845498142089,BTC-USD,0.0,0,0.0,0,0.0,0.0,0.26,0.0,929691,685711,,,544353449574.5647
2023-05-02,28087.17578125,28881.298828125,27924.123046875,28680.537109375,16432924527,0.0207492702911204,0.0262248513304052,BTC-USD,0.0,0,0.0,0,0.0,0.0,0.1,0.0,820724,460621,,,555521717581.1757
2023-05-03,28680.494140625,29259.533203125,28178.388671875,29006.30859375,19122972518,0.0112946008250287,0.0223204428577045,BTC-USD,0.0,0,0.0,0,0.0,0.0,0.28,0.0,953701,488518,,,562410583931.3228
2023-05-04,29031.3046875,29353.185546875,28694.0390625,28847.7109375,15548678514,-0.0054826978253753,0.0216072305464555,BTC-USD,0.0,0,0.0,0,0.0,0.0,0.28,0.0,914598,490738,,,558773645025.0818
2023-05-05,28851.48046875,29668.908203125,28845.509765625,29534.384765625,17936566518,0.0235245236353522,0.0195804080666089,BTC-USD,0.0,0,0.0,0,0.0,0.0,0.2199999999999999,0.0,822037,411057,,,572294716419.607
2023-05-06,29538.859375,29820.126953125,28468.966796875,28904.623046875,15913866714,-0.0215536205091468,0.0204001594774855,BTC-USD,0.0,0,0.0,0,0.0,0.0,0.1999999999999999,0.0,764917,603617,,,559666442122.5637
2023-05-07,28901.623046875,29157.517578125,28441.3671875,28454.978515625,11301355486,-0.0156784123199928,0.0208040182412315,BTC-USD,0.0,0,0.0,0,0.0,0.0,0.28,0.0,549932,614264,,,557024258369.1561
2023-05-08,28450.45703125,28663.271484375,27310.134765625,27694.2734375,19122903752,-0.0270974803125891,0.0222229874790989,BTC-USD,0.0,0,0.0,0,0.0,0.0,0.1999999999999999,0.0,696710,573864,,,537013903849.53534
2023-05-09,27695.068359375,27821.400390625,27375.6015625,27658.775390625,14128593256,-0.0012826051136456,0.0207564837023358,BTC-USD,0.0,0,0.0,0,0.0,0.0,0.02,0.0,772112,592036,,,535396500180.69135
2023-05-10,27654.63671875,28322.6875,26883.669921875,27621.755859375,20656025026,-0.0013393336115541,0.0206922117140065,BTC-USD,0.0,0,0.0,0,0.0,0.0,0.04,0.0,891517,672910,,,535495151707.0393
2023-05-11,27621.0859375,27621.94140625,26781.826171875,27000.7890625,16724343943,-0.0227376278728039,0.0181326968539406,BTC-USD,0.0,0,0.0,0,0.0,0.0,0.04,0.0,831417,544837,,,522741765621.6745
2023-05-12,26987.662109375,27055.646484375,25878.4296875,26804.990234375,19313599897,-0.0072780171559251,0.0181274922943234,BTC-USD,0.0,0,0.0,0,0.0,0.0,-0.02,0.0,809188,508450,,,518640829707.00287
2023-05-13,26807.76953125,27030.482421875,26710.873046875,26784.078125,9999171605,-0.0007804618022563,0.0181715049999213,BTC-USD,0.0,0,0.0,0,0.0,0.0,-0.04,0.0,705679,581550,,,519983463986.6365
2023-05-14,26788.974609375,27150.9765625,26661.35546875,26930.638671875,10014858959,0.0054570113859458,0.0183559033230214,BTC-USD,0.0,0,0.0,0,0.0,0.0,-0.04,0.0,835319,626942,,,521501767636.8612
2023-05-15,26931.384765625,27646.34765625,26766.09765625,27192.693359375,14413231792,0.0096836881797241,0.0157094615408448,BTC-USD,0.0,0,0.0,0,0.0,0.0,0.0,0.0,817441,526691,,,527597676412.83777
2023-05-16,27171.513671875,27299.3046875,26878.947265625,27036.650390625,12732238816,-0.0057549433066925,0.0142437798795386,BTC-USD,0.0,0,0.0,0,0.0,0.0,0.08,0.0,814467,564700,,,523634254375.96967
2023-05-17,27035.470703125,27465.927734375,26600.14453125,27398.802734375,15140006925,0.0133059491984704,0.0144212979345943,BTC-USD,0.0,0,0.0,0,0.0,0.0,0.0,0.0,841652,579967,,,530933746512.83374
2023-05-18,27401.650390625,27466.52734375,26415.1015625,26832.208984375,15222938600,-0.0208963229384923,0.0151092034024458,BTC-USD,0.0,0,0.0,0,0.0,0.0,0.02,0.0,814709,478050,,,520149069256.5386
2023-05-19,26826.75390625,27128.619140625,26700.2109375,26890.12890625,11258983301,0.0021562704301694,0.0129058215787691,BTC-USD,0.0,0,0.0,0,0.0,0.0,-0.04,0.0,904374,513521,,,521070836897.92114
2023-05-20,26888.841796875,27155.158203125,26843.27734375,27129.5859375,7044911360,0.0088656002854343,0.0127726515167858,BTC-USD,0.0,0,0.0,0,0.0,0.0,-0.04,0.0,719434,423450,,,525188703696.1737
2023-05-21,27118.423828125,27265.91796875,26706.921875,26753.826171875,8647416921,-0.0139473668145369,0.0126643141876051,BTC-USD,0.0,0,0.0,0,0.0,0.0,0.04,0.0,775828,487763,,,518939805773.35767
2023-05-22,26749.892578125,27045.734375,26549.734375,26851.27734375,11056770492,0.0036358955711424,0.010979478456465,BTC-USD,0.0,0,0.0,0,0.0,0.0,-0.02,0.0,817592,506455,,,520546146828.68176
2023-05-23,26855.9609375,27434.68359375,26816.1796875,27225.7265625,13697203143,0.0138489626434261,0.0117922790279425,BTC-USD,0.0,0,0.0,0,0.0,0.0,0.0,0.0,859507,514901,,,527706821772.363
2023-05-24,27224.603515625,27224.603515625,26106.576171875,26334.818359375,16299104428,-0.0332704001878959,0.0145920544800709,BTC-USD,0.0,0,0.0,0,0.0,0.0,0.0,0.0,859470,398061,,,510568856611.54913
2023-05-25,26329.4609375,26591.51953125,25890.59375,26476.20703125,13851122697,0.0053545262051376,0.0136292724469609,BTC-USD,0.0,0,0.0,0,0.0,0.0,0.02,0.0,923963,466257,,,513373437575.88806
2023-05-26,26474.181640625,26916.669921875,26343.94921875,26719.291015625,12711619225,0.0091393326620574,0.0137900806428015,BTC-USD,0.0,0,0.0,0,0.0,0.0,-0.02,0.0,963216,533103,,,517964772439.35925
2023-05-27,26720.181640625,26888.8828125,26621.140625,26868.353515625,7892015141,0.0055633303448489,0.0138745235643135,BTC-USD,0.0,0,0.0,0,0.0,0.0,-0.04,0.0,877266,469559,,,520589684799.388
2023-05-28,26871.158203125,28193.44921875,26802.751953125,28085.646484375,14545229578,0.0443094997536007,0.0182099399303711,BTC-USD,0.0,0,0.0,0,0.0,0.0,0.0,0.0,863880,499561,,,544713631696.41895
2023-05-29,28075.591796875,28432.0390625,27563.876953125,27745.884765625,15181308984,-0.0121711121073347,0.0185268631532929,BTC-USD,0.0,0,0.0,0,0.0,0.0,0.04,0.0,912071,548854,,,538296723420.2816
2023-05-30,27745.123046875,28044.759765625,27588.501953125,27702.349609375,13251081851,-0.0015702994220325,0.0184354108871921,BTC-USD,0.0,0,0.0,0,0.0,0.0,0.02,0.0,959148,511408,,,537303974431.53375
2023-05-31,27700.529296875,27831.677734375,26866.453125,27219.658203125,15656371534,-0.017577792723265,0.0187890197383678,BTC-USD,0.0,0,0.0,0,0.0,0.0,0.02,0.0,925966,421021,,,527734362861.804
2023-06-01,27218.412109375,27346.10546875,26671.720703125,26819.97265625,14678970415,-0.014792581991188,0.0183440986870989,BTC-USD,0.0,0,0.0,0,0.0,0.0,0.04,0.0,919298,351891,,,520149803853.8615
2023-06-02,26824.556640625,27303.861328125,26574.64453125,27249.58984375,14837415000,0.0158916110657963,0.0188310107921556,BTC-USD,0.0,0,0.0,0,0.0,0.0,0.0,0.0,982760,485798,,,528512754630.3877
2023-06-03,27252.32421875,27317.052734375,26958.00390625,27075.12890625,8385597470,-0.0064229154344191,0.0187798023490247,BTC-USD,0.0,0,0.0,0,0.0,0.0,0.06,0.0,873884,380045,,,525125397359.78687
2023-06-04,27075.123046875,27407.01953125,26968.224609375,27119.06640625,9360912318,0.0016214839752998,0.0183556914316165,BTC-USD,0.0,0,0.0,0,0.0,0.0,0.04,0.0,879948,357474,,,526679506782.1844
2023-06-05,27123.109375,27129.982421875,25445.16796875,25760.09765625,21513292646,-0.0514103456988917,0.0230386066024795,BTC-USD,0.0,0,0.0,0,0.0,0.0,0.06,0.0,884289,363110,,,500086760503.23615
2023-06-06,25732.109375,27313.8203125,25434.8671875,27238.783203125,21929670693,0.0558151185623361,0.0276608059613726,BTC-USD,0.0,0,0.0,0,0.0,0.0,-0.12,0.0,1032895,468063,,,527805281358.1224
2023-06-07,27235.650390625,27332.181640625,26146.98828125,26345.998046875,19530045082,-0.0333254241208089,0.027665905621736,BTC-USD,0.0,0,0.0,0,0.0,0.0,0.06,0.0,1004588,429649,,,510872747611.9035
2023-06-08,26347.654296875,26797.513671875,26246.6640625,26508.216796875,11904824295,0.0061383660637044,0.0276782996292081,BTC-USD,0.0,0,0.0,0,0.0,0.0,0.0,0.0,964762,403263,,,514430501556.3999
2023-06-09,26505.923828125,26770.2890625,26339.314453125,26480.375,11015551640,-0.00105086013774,0.0275556307324753,BTC-USD,0.0,0,0.0,0,0.0,0.0,0.0,0.0,1020140,387748,,,513468924118.93225
2023-06-10,26481.76171875,26531.044921875,25501.8359375,25851.240234375,19872933189,-0.0240453146774719,0.0281721104719659,BTC-USD,0.0,0,0.0,0,0.0,0.0,-0.02,0.0,943047,364874,,,501710449004.7001
2023-06-11,25854.03125,26203.439453125,25668.986328125,25940.16796875,10732609603,0.0034340762243438,0.0248401908594213,BTC-USD,0.0,0,0.0,0,0.0,0.0,-0.06,0.0,872589,401105,,,502582898459.8311
2023-06-12,25934.28515625,26087.919921875,25675.197265625,25902.5,11677889997,-0.0014531650030546,0.0247897305866624,BTC-USD,0.0,0,0.0,0,0.0,0.0,-0.06,0.0,985947,371500,,,502606840607.85065
2023-06-13,25902.94140625,26376.3515625,25728.365234375,25918.728515625,14143474486,0.0006263269559741,0.0248194322731353,BTC-USD,0.0,0,0.0,0,0.0,0.0,-0.0999999999999999,0.0,933842,405497,,,502128298740.5132
2023-06-14,25920.2578125,26041.80078125,24902.15234375,25124.67578125,14265717766,-0.0311153540326201,0.0256086593393713,BTC-USD,0.0,0,0.0,0,0.0,0.0,-0.0799999999999999,0.0,828183,333934,,,486950552678.4583
2023-06-15,25121.673828125,25735.30859375,24797.16796875,25576.39453125,15837384409,0.0178193754101164,0.0261964615696391,BTC-USD,0.0,0,0.0,0,0.0,0.0,-0.18,0.0,919869,421465,,,495929474633.9951
2023-06-16,25575.283203125,26463.173828125,25245.357421875,26327.462890625,16324646965,0.0289427732653721,0.0271502976173463,BTC-USD,0.0,0,0.0,0,0.0,0.0,-0.06,0.0,958674,521861,,,510947065430.74207
2023-06-17,26328.6796875,26769.39453125,26174.4921875,26510.67578125,11090276850,0.0069349007932065,0.0272348616757204,BTC-USD,0.0,0,0.0,0,0.0,0.0,-0.06,0.0,863600,468094,,,514508639698.388
2023-06-18,26510.45703125,26675.92578125,26325.890625,26336.212890625,9565695129,-0.0066026034383138,0.0272509305696297,BTC-USD,0.0,0,0.0,0,0.0,0.0,-0.02,0.0,883864,442763,,,511424654895.8779
2023-06-19,26335.44140625,26984.611328125,26312.83203125,26851.029296875,12826986222,0.0193592472017419,0.0237359385450997,BTC-USD,0.0,0,0.0,0,0.0,0.0,-0.06,0.0,920552,412858,,,519678514144.5061
2023-06-20,26841.6640625,28388.96875,26668.791015625,28327.48828125,22211859147,0.05352849528514,0.0233489911529223,BTC-USD,0.0,0,0.0,0,0.0,0.0,-0.02,0.0,951926,446312,,,549343799477.71765
2023-06-21,28311.310546875,30737.330078125,28283.41015625,30027.296875,33346760979,0.0582742132068211,0.0252074790551889,BTC-USD,0.0,0,0.0,0,0.0,0.0,0.1799999999999999,0.0,920555,363604,,,584185860834.0365
2023-06-22,29995.935546875,30495.998046875,29679.158203125,29912.28125,20653160491,-0.0038377235796951,0.0254448991976503,BTC-USD,0.0,0,0.0,0,0.0,0.0,0.3,0.0,1000988,390860,,,581358382042.0336
2023-06-23,29896.3828125,31389.5390625,29845.21484375,30695.46875,24115570085,0.0258459057681537,0.0256721542653626,BTC-USD,0.0,0,0.0,0,0.0,0.0,0.3,0.0,948738,373178,,,594694065924.9224
2023-06-24,30708.73828125,30804.1484375,30290.146484375,30548.6953125,12147822496,-0.0047930679024939,0.0241467339578109,BTC-USD,0.0,0,0.0,0,0.0,0.0,0.24,0.0,1011110,360123,,,592987890855.0363
2023-06-25,30545.150390625,31041.271484375,30327.943359375,30480.26171875,12703464114,-0.0022426607224285,0.0243471334142959,BTC-USD,0.0,0,0.0,0,0.0,0.0,0.28,0.0,944147,384437,,,591433552695.0343
2023-06-26,30480.5234375,30636.029296875,29955.744140625,30271.130859375,16493186997,-0.0068848359381765,0.0246116147640362,BTC-USD,0.0,0,0.0,0,0.0,0.0,0.1,0.0,998904,405162,,,587354472876.4258
2023-06-27,30274.3203125,31006.787109375,30236.650390625,30688.1640625,16428827944,0.0136825634152429,0.0244295811057176,BTC-USD,0.0,0,0.0,0,0.0,0.0,0.1799999999999999,0.0,978594,433747,,,595363699913.8203
2023-06-28,30696.560546875,30703.279296875,29921.822265625,30086.24609375,14571500779,-0.0198089179130376,0.023039645106309,BTC-USD,0.0,0,0.0,0,0.0,0.0,0.24,0.0,826245,331234,,,584453424037.3441
2023-06-29,30086.1875,30796.25,30057.203125,30445.3515625,13180860821,0.011865197537731,0.0229962225197699,BTC-USD,0.0,0,0.0,0,0.0,0.0,0.08,0.0,970467,435226,,,591407318592.3457
2023-06-30,30441.353515625,31256.86328125,29600.275390625,30477.251953125,26387306197,0.0010472432791648,0.0226631251434986,BTC-USD,0.0,0,0.0,0,0.0,0.0,0.1200000000000001,0.0,1067040,446825,,,591897765637.368
2023-07-01,30471.84765625,30641.2890625,30328.865234375,30590.078125,9086606733,0.0036951443630783,0.0227183050981563,BTC-USD,0.0,0,0.0,0,0.0,0.0,0.1799999999999999,0.0,918349,320180,,,593810178287.0383
2023-07-02,30587.26953125,30766.140625,30264.01953125,30620.76953125,10533418042,0.0010028094691439,0.022373319751618,BTC-USD,0.0,0,0.0,0,0.0,0.0,0.26,0.0,997177,307552,,,594086124744.982
2023-07-03,30624.515625,31375.61328125,30586.513671875,31156.439453125,15271884873,0.0173424263179603,0.0223201674797192,BTC-USD,0.0,0,0.0,0,0.0,0.0,0.24,0.0,977874,333178,,,604620797716.763
2023-07-04,31156.865234375,31325.197265625,30659.35546875,30777.58203125,12810828427,-0.0122343790504439,0.019313380384344,BTC-USD,0.0,0,0.0,0,0.0,0.0,0.28,0.0,963366,377184,,,598134575137.0653
2023-07-05,30778.724609375,30877.330078125,30225.61328125,30514.166015625,12481622280,-0.0085955335212928,0.0124038841495132,BTC-USD,0.0,0,0.0,0,0.0,0.0,0.2199999999999999,0.0,964759,494320,,,592297040619.1724
2023-07-06,30507.150390625,31460.052734375,29892.2265625,29909.337890625,21129219509,-0.0200202996399463,0.01360060700583,BTC-USD,0.0,0,0.0,0,0.0,0.0,0.1200000000000001,0.0,973154,393611,,,582261234281.4344
2023-07-07,29907.998046875,30434.64453125,29777.28515625,30342.265625,13384770155,0.014370909980298,0.012195964473682,BTC-USD,0.0,0,0.0,0,0.0,0.0,0.1,0.0,1021136,558253,,,589095022829.2559
2023-07-08,30346.921875,30374.4375,30080.16015625,30292.541015625,7509378699,-0.0016401345457067,0.0121460962185038,BTC-USD,0.0,0,0.0,0,0.0,0.0,0.1599999999999999,0.0,1009931,574664,,,587841663177.4305
2023-07-09,30291.611328125,30427.58984375,30085.591796875,30171.234375,7903327692,-0.004012544787339,0.0121736717711057,BTC-USD,0.0,0,0.0,0,0.0,0.0,0.1,0.0,978223,593770,,,585923377405.3176
2023-07-10,30172.423828125,31026.083984375,29985.39453125,30414.470703125,14828209155,0.008029538805166,0.0122457954207603,BTC-USD,0.0,0,0.0,0,0.0,0.0,0.1200000000000001,0.0,925790,508406,,,590448269412.5723
2023-07-11,30417.6328125,30788.314453125,30358.09765625,30620.951171875,12151839152,0.0067659483655845,0.0117972934503843,BTC-USD,0.0,0,0.0,0,0.0,0.0,0.1399999999999999,0.0,937945,430012,,,594778750901.7263
2023-07-12,30622.24609375,30959.96484375,30228.8359375,30391.646484375,14805659717,-0.0075166695389679,0.0106209309816531,BTC-USD,0.0,0,0.0,0,0.0,0.0,0.28,0.0,942309,477324,,,590325510735.3842
2023-07-13,30387.48828125,31814.515625,30268.3515625,31476.048828125,23686079548,0.0350591179994657,0.0138200611464544,BTC-USD,0.0,0,0.0,0,0.0,0.0,0.1399999999999999,0.0,874515,373263,,,610731309494.0143
2023-07-14,31474.720703125,31582.25390625,29966.38671875,30334.068359375,20917902660,-0.036955452769762,0.0173762079498987,BTC-USD,0.0,0,0.0,0,0.0,0.0,0.1999999999999999,0.0,996373,421261,,,588918530172.9481
2023-07-15,30331.783203125,30407.78125,30263.462890625,30295.806640625,8011667756,-0.0012621409438578,0.0173382025696859,BTC-USD,0.0,0,0.0,0,0.0,0.0,0.1200000000000001,0.0,914738,489697,,,588560314529.3848
2023-07-16,30297.47265625,30437.560546875,30089.669921875,30249.1328125,8516564470,-0.0015417915284865,0.0173324231648319,BTC-USD,0.0,0,0.0,0,0.0,0.0,0.1399999999999999,0.0,927843,591972,,,587790692134.452
2023-07-17,30249.626953125,30336.400390625,29685.783203125,30145.888671875,13240156074,-0.0034189652941136,0.0165233917135815,BTC-USD,0.0,0,0.0,0,0.0,0.0,0.08,0.0,931087,440009,,,585756083872.9222
2023-07-18,30147.0703125,30233.65625,29556.427734375,29856.5625,13138897269,-0.0096438864949102,0.016418421756998,BTC-USD,0.0,0,0.0,0,0.0,0.0,0.1200000000000001,0.0,1028951,569852,,,579801229885.0629
2023-07-19,29862.046875,30184.181640625,29794.26953125,29913.923828125,12128602812,0.0019193869502834,0.016342207074356,BTC-USD,0.0,0,0.0,0,0.0,0.0,0.0,0.0,969285,482668,,,581330729751.3192
2023-07-20,29915.25,30195.53125,29638.095703125,29792.015625,14655207121,-0.0040836263076462,0.0154791010143602,BTC-USD,0.0,0,0.0,0,0.0,0.0,0.1200000000000001,0.0,901211,398519,,,579266914318.2406
2023-07-21,29805.111328125,30045.998046875,29733.8515625,29908.744140625,10972789818,0.0039104582531672,0.0149612652891021,BTC-USD,0.0,0,0.0,0,0.0,0.0,0.0,0.0,855163,322339,,,581505118062.6237
2023-07-22,29908.697265625,29991.615234375,29664.12109375,29771.802734375,7873300598,-0.0045891552191319,0.0149912780093142,BTC-USD,0.0,0,0.0,0,0.0,0.0,0.04,0.0,923147,288229,,,577765664913.1605
2023-07-23,29790.111328125,30330.640625,29741.52734375,30084.5390625,9220145050,0.0104496587833917,0.0152809058681243,BTC-USD,0.0,0,0.0,0,0.0,0.0,0.08,0.0,894084,560423,,,584412592865.5505
2023-07-24,30081.662109375,30093.39453125,28934.294921875,29176.916015625,15395817395,-0.0306335381648588,0.0170674041914038,BTC-USD,0.0,0,0.0,0,0.0,0.0,0.1,0.0,938461,530301,,,567175501671.5082
2023-07-25,29178.970703125,29353.16015625,29062.43359375,29227.390625,10266772793,0.0017284554802405,0.0168986895884204,BTC-USD,0.0,0,0.0,0,0.0,0.0,0.0,0.0,940528,463976,,,568034510474.9121
2023-07-26,29225.759765625,29675.552734375,29113.912109375,29354.97265625,13497554655,0.0043556533334645,0.0169700104429416,BTC-USD,0.0,0,0.0,0,0.0,0.0,0.02,0.0,1015337,451236,,,570788957155.0269
2023-07-27,29353.798828125,29560.966796875,29099.3515625,29210.689453125,10770779217,-0.0049272385842934,0.0130867904804943,BTC-USD,0.0,0,0.0,0,0.0,0.0,0.02,0.0,943734,413776,,,567705587810.3228
2023-07-28,29212.1640625,29521.513671875,29125.845703125,29319.24609375,11218474952,0.0037094442045335,0.0095686910090223,BTC-USD,0.0,0,0.0,0,0.0,0.0,0.04,0.0,948590,448372,,,569959677160.0485
2023-07-29,29319.4453125,29396.84375,29264.166015625,29356.91796875,6481775959,0.0012840607690722,0.0096166839805734,BTC-USD,0.0,0,0.0,0,0.0,0.0,0.04,0.0,889450,423912,,,570840562162.5763
2023-07-30,29357.09375,29443.169921875,29059.501953125,29275.30859375,8678454527,-0.0027837737874393,0.0096153901941456,BTC-USD,0.0,0,0.0,0,0.0,0.0,0.04,0.0,1010937,645339,,,568974872634.1339
2023-07-31,29278.314453125,29489.873046875,29131.578125,29230.111328125,11656781982,-0.0015450628224417,0.0096122178711164,BTC-USD,0.0,0,0.0,0,0.0,0.0,0.0,0.0,922082,446746,,,568164226105.1633
2023-08-01,29230.873046875,29675.732421875,28657.0234375,29675.732421875,18272392391,0.0151302338260884,0.010386349358682,BTC-USD,0.0,0,0.0,0,0.0,0.0,0.06,0.0,983005,405391,,,573629784670.5057
2023-08-02,29704.146484375,29987.998046875,28946.509765625,29151.958984375,19212655598,-0.0178075075169093,0.0113371338929537,BTC-USD,0.0,0,0.0,0,0.0,0.0,0.06,0.0,1069904,393762,,,566726820626.5154
2023-08-03,29161.8125,29375.70703125,28959.48828125,29178.6796875,12780357746,0.000916180779175,0.0113398715063799,BTC-USD,0.0,0,0.0,0,0.0,0.0,0.04,0.0,1030326,476666,,,567710991370.1062
2023-08-04,29174.3828125,29302.078125,28885.3359375,29074.091796875,12036639988,-0.0035908335462961,0.0112420783720569,BTC-USD,0.0,0,0.0,0,0.0,0.0,0.08,0.0,912508,318338,,,565105804695.3821
2023-08-05,29075.388671875,29102.46484375,28957.796875,29042.126953125,6598366353,-0.0011000318899209,0.0112194341250164,BTC-USD,0.0,0,0.0,0,0.0,0.0,0.0,0.0,992041,499440,,,565052912292.7183
2023-08-06,29043.701171875,29160.822265625,28963.833984375,29041.85546875,7269806994,-9.347994530765628e-06,0.010678155573136,BTC-USD,0.0,0,0.0,0,0.0,0.0,-0.02,0.0,973822,611086,,,564984423123.5125
2023-08-07,29038.513671875,29244.28125,28724.140625,29180.578125,13618163710,0.0047652738023778,0.007100725843551,BTC-USD,0.0,0,0.0,0,0.0,0.0,-0.02,0.0,952272,423178,,,567273367302.8016
2023-08-08,29180.01953125,30176.796875,29113.814453125,29765.4921875,17570561357,0.0198463869790533,0.0088690627727127,BTC-USD,0.0,0,0.0,0,0.0,0.0,0.08,0.0,874562,332667,,,579261915351.565
2023-08-09,29766.6953125,30093.435546875,29376.80078125,29561.494140625,18379521213,-0.0068771014170617,0.0090773121973087,BTC-USD,0.0,0,0.0,0,0.0,0.0,0.0,0.0,1057273,508817,,,575468304282.0208
2023-08-10,29563.97265625,29688.564453125,29354.447265625,29429.591796875,11865344789,-0.004471948989328,0.0090571629723672,BTC-USD,0.0,0,0.0,0,0.0,0.0,0.06,0.0,947623,355773,,,572519595905.101
2023-08-11,29424.90234375,29517.7734375,29253.517578125,29397.71484375,10195168197,-0.0010837469218066,0.0090183759353149,BTC-USD,0.0,0,0.0,0,0.0,0.0,0.02,0.0,954168,502936,,,571956438561.5012
2023-08-12,29399.787109375,29465.11328125,29357.587890625,29415.96484375,6194358008,0.0006206039371356,0.0090139318653736,BTC-USD,0.0,0,0.0,0,0.0,0.0,0.08,0.0,926800,512116,,,572297423307.2441
2023-08-13,29416.59375,29441.43359375,29265.806640625,29282.9140625,7329897180,-0.0045333407244437,0.0090695938609508,BTC-USD,0.0,0,0.0,0,0.0,0.0,0.08,0.0,860881,497535,,,569800385426.1592
2023-08-14,29283.263671875,29660.25390625,29124.10546875,29408.443359375,14013695304,0.0042776140747162,0.0091257072941236,BTC-USD,0.0,0,0.0,0,0.0,0.0,0.0,0.0,1007719,563322,,,572222106279.2792
2023-08-15,29408.048828125,29439.12109375,29088.853515625,29170.34765625,12640195779,-0.0081291201187537,0.0083267288464572,BTC-USD,0.0,0,0.0,0,0.0,0.0,0.06,0.0,1073564,581895,,,567556759131.4548
2023-08-16,29169.07421875,29221.9765625,28701.779296875,28701.779296875,14949271904,-0.0161935848387037,0.0080872478082781,BTC-USD,0.0,0,0.0,0,0.0,0.0,0.04,0.0,947796,574119,,,559543774142.6799
2023-08-17,28699.802734375,28745.947265625,25409.111328125,26664.55078125,31120851211,-0.0736241200960619,0.0209529112377727,BTC-USD,0.0,0,0.0,0,0.0,0.0,0.0,0.0,1050502,492845,,,518826863048.6306
2023-08-18,26636.078125,26808.1953125,25668.921875,26049.556640625,24026236529,-0.0233342486538112,0.0214062053297993,BTC-USD,0.0,0,0.0,0,0.0,0.0,-0.26,0.0,1016460,424283,,,506721783913.4565
2023-08-19,26047.83203125,26249.44921875,25802.408203125,26096.205078125,10631443812,0.0017891559507894,0.0214900087105365,BTC-USD,0.0,0,0.0,0,0.0,0.0,-0.2199999999999999,0.0,878361,521811,,,507846438071.15137
2023-08-20,26096.861328125,26260.681640625,26004.314453125,26189.583984375,9036580420,0.0035718694201078,0.0216088087215001,BTC-USD,0.0,0,0.0,0,0.0,0.0,-0.26,0.0,929724,611930,,,509478386019.2887
2023-08-21,26188.69140625,26220.201171875,25846.087890625,26124.140625,13371557893,-0.0025019588646069,0.02138058933756,BTC-USD,0.0,0,0.0,0,0.0,0.0,-0.24,0.0,1002377,551541,,,508579521674.7416
2023-08-22,26130.748046875,26135.5078125,25520.728515625,26031.65625,14503820706,-0.0035464695192522,0.0199085273298753,BTC-USD,0.0,0,0.0,0,0.0,0.0,-0.26,0.0,922178,422819,,,505669568328.7056
2023-08-23,26040.474609375,26786.8984375,25804.998046875,26431.640625,16985265785,0.0152484555491608,0.020988015105992,BTC-USD,0.0,0,0.0,0,0.0,0.0,-0.26,0.0,937656,409372,,,514919209015.0047
2023-08-24,26431.51953125,26554.91015625,25914.92578125,26162.373046875,12871532023,-0.010239565761125,0.0209701692684621,BTC-USD,0.0,0,0.0,0,0.0,0.0,-0.18,0.0,946410,401881,,,508607674820.2922
2023-08-25,26163.6796875,26248.103515625,25786.8125,26047.66796875,12406045118,-0.0043939924369393,0.0208998062748576,BTC-USD,0.0,0,0.0,0,0.0,0.0,-0.2199999999999999,0.0,922155,425953,,,506957185572.9049
2023-08-26,26047.234375,26107.384765625,25983.87890625,26008.462890625,6034817316,-0.0015062619864454,0.0208349269089109,BTC-USD,0.0,0,0.0,0,0.0,0.0,-0.24,0.0,917123,499325,,,506303782993.0188
2023-08-27,26008.2421875,26165.373046875,25965.09765625,26089.693359375,6913768611,0.0031183650409933,0.0210544952977381,BTC-USD,0.0,0,0.0,0,0.0,0.0,-0.24,0.0,808508,411227,,,507883827671.5994
2023-08-28,26089.615234375,26198.578125,25880.599609375,26106.150390625,11002805166,0.0006305878251208,0.0209096693414596,BTC-USD,0.0,0,0.0,0,0.0,0.0,-0.2199999999999999,0.0,873786,326485,,,508232408563.7208
2023-08-29,26102.486328125,28089.337890625,25912.62890625,27727.392578125,29368391712,0.060249892570851,0.0278420007930831,BTC-USD,0.0,0,0.0,0,0.0,0.0,-0.2199999999999999,0.0,1060996,509039,,,538807201879.9037
2023-08-30,27726.083984375,27760.16015625,27069.20703125,27297.265625,16343655235,-0.0156342893713229,0.0278229719983579,BTC-USD,0.0,0,0.0,0,0.0,0.0,-0.02,0.0,877649,406652,,,531561630095.86505
2023-08-31,27301.9296875,27456.078125,25752.9296875,25931.47265625,20181001451,-0.0513291454495893,0.0238617748924483,BTC-USD,0.0,0,0.0,0,0.0,0.0,0.04,0.0,968985,433684,,,505412286329.01166
2023-09-01,25934.021484375,26125.869140625,25362.609375,25800.724609375,17202862221,-0.0050548143006733,0.0230917751656031,BTC-USD,0.0,0,0.0,0,0.0,0.0,-0.1999999999999999,0.0,1051172,418665,,,502475261599.45935
2023-09-02,25800.91015625,25970.28515625,25753.09375,25868.798828125,10100387473,0.0026349868784771,0.0230998531369209,BTC-USD,0.0,0,0.0,0,0.0,0.0,-0.2199999999999999,0.0,955720,545957,,,503775509930.82574
2023-09-03,25869.47265625,26087.1484375,25817.03125,25969.56640625,8962524523,0.0038877655416867,0.0231044220075773,BTC-USD,0.0,0,0.0,0,0.0,0.0,-0.1999999999999999,0.0,864433,627700,,,505636660531.6929
2023-09-04,25968.169921875,26081.525390625,25657.025390625,25812.416015625,10680635106,-0.0060697125040342,0.0231466206865696,BTC-USD,0.0,0,0.0,0,0.0,0.0,-0.1999999999999999,0.0,920027,575666,,,502485734430.55206
2023-09-05,25814.95703125,25858.375,25589.98828125,25779.982421875,11094740040,-0.0012573014244295,0.0231342459354744,BTC-USD,0.0,0,0.0,0,0.0,0.0,-0.1999999999999999,0.0,940913,453308,,,502171430649.91614
2023-09-06,25783.931640625,25953.015625,25404.359375,25753.236328125,12752705327,-0.0010380138015933,0.022675852465869,BTC-USD,0.0,0,0.0,0,0.0,0.0,-0.16,0.0,1001123,485735,,,501656133395.8638
2023-09-07,25748.3125,26409.302734375,25608.201171875,26240.1953125,11088307100,0.0187321055019505,0.0231686623908987,BTC-USD,0.0,0,0.0,0,0.0,0.0,-0.18,0.0,1003310,541513,,,510558478038.27527
2023-09-08,26245.208984375,26414.005859375,25677.48046875,25905.654296875,10817356400,-0.0128311498605087,0.0234062063486165,BTC-USD,0.0,0,0.0,0,0.0,0.0,-0.0799999999999999,0.0,986937,408954,,,504621236835.8533
2023-09-09,25905.42578125,25921.9765625,25810.494140625,25895.677734375,5481314132,-0.0003851855630789,0.0234040130878587,BTC-USD,0.0,0,0.0,0,0.0,0.0,-0.18,0.0,1116330,599142,,,504449363829.6965
2023-09-10,25895.2109375,25978.130859375,25640.26171875,25832.2265625,7899553047,-0.0024532679048573,0.023388589616853,BTC-USD,0.0,0,0.0,0,0.0,0.0,-0.1999999999999999,0.0,1049360,557602,,,503242767131.7789
2023-09-11,25831.71484375,25883.947265625,24930.296875,25162.654296875,14600006467,-0.0262618810674803,0.0243545444399749,BTC-USD,0.0,0,0.0,0,0.0,0.0,-0.1999999999999999,0.0,1120614,463598,,,489700142564.4573
2023-09-12,25160.658203125,26451.939453125,25133.078125,25833.34375,18657279324,0.0263051279529175,0.0186299503970757,BTC-USD,0.0,0,0.0,0,0.0,0.0,-0.4,0.0,1042537,461193,,,503841361451.7037
2023-09-13,25837.5546875,26376.11328125,25781.123046875,26228.32421875,13072077070,0.0151738529586858,0.0190977202923279,BTC-USD,0.0,0,0.0,0,0.0,0.0,-0.18,0.0,1049105,513232,,,511019169908.62366
2023-09-14,26228.27734375,26774.623046875,26171.451171875,26539.673828125,13811359124,0.0118008351309716,0.0133634602915583,BTC-USD,0.0,0,0.0,0,0.0,0.0,-0.0999999999999999,0.0,1131002,574875,,,517460186589.9245
2023-09-15,26533.818359375,26840.498046875,26240.701171875,26608.693359375,11479735788,0.0025972414093191,0.0132236272142355,BTC-USD,0.0,0,0.0,0,0.0,0.0,-0.0999999999999999,0.0,1234300,708663,,,519762749395.7533
2023-09-16,26606.19921875,26754.76953125,26473.890625,26568.28125,7402031417,-0.0015199103541191,0.013259749872235,BTC-USD,0.0,0,0.0,0,0.0,0.0,-0.14,0.0,1053706,591563,,,517508914919.9982
2023-09-17,26567.927734375,26617.998046875,26445.07421875,26534.1875,6774210670,-0.0012840741866492,0.0132723211052995,BTC-USD,0.0,0,0.0,0,0.0,0.0,-0.0799999999999999,0.0,1039207,616879,,,516496770733.76605
2023-09-18,26532.994140625,27414.734375,26415.515625,26754.28125,15615339655,0.0082605113897513,0.013192955576315,BTC-USD,0.0,0,0.0,0,0.0,0.0,-0.0799999999999999,0.0,1125172,625728,,,521632787593.7623
2023-09-19,26760.8515625,27488.763671875,26681.60546875,27211.1171875,13807690550,0.0169311026624323,0.0136748866510055,BTC-USD,0.0,0,0.0,0,0.0,0.0,-0.0799999999999999,0.0,1035954,491377,,,530434922294.0389
2023-09-20,27210.228515625,27379.505859375,26864.08203125,27132.0078125,13281116604,-0.0029114788993918,0.0137355269439845,BTC-USD,0.0,0,0.0,0,0.0,0.0,-0.06,0.0,1062056,561350,,,528868345382.3211
2023-09-21,27129.83984375,27152.939453125,26389.30078125,26567.6328125,13371443708,-0.021020467716698,0.0144831774784733,BTC-USD,0.0,0,0.0,0,0.0,0.0,-0.06,0.0,1078476,427398,,,517940823891.0621
2023-09-22,26564.056640625,26726.078125,26495.533203125,26579.568359375,10578746709,0.0004491505408555,0.0139403946335011,BTC-USD,0.0,0,0.0,0,0.0,0.0,-0.14,0.0,978848,433758,,,518148451376.85046
2023-09-23,26578.556640625,26634.185546875,26520.51953125,26579.390625,7404700301,-6.686902016047694e-06,0.0139361252845707,BTC-USD,0.0,0,0.0,0,0.0,0.0,-0.06,0.0,1090192,639336,,,518069661036.8464
2023-09-24,26579.373046875,26716.05859375,26221.05078125,26256.826171875,8192867686,-0.0122101270753157,0.0144045800858744,BTC-USD,0.0,0,0.0,0,0.0,0.0,-0.12,0.0,1061159,428059,,,512457226998.516
2023-09-25,26253.775390625,26421.5078125,26011.46875,26298.48046875,11997833257,0.0015851607862177,0.0120574745927993,BTC-USD,0.0,0,0.0,0,0.0,0.0,-0.06,0.0,1104115,294377,,,512523325127.045
2023-09-26,26294.7578125,26389.884765625,26090.712890625,26217.25,9985498161,-0.0030935695955251,0.0101195685760935,BTC-USD,0.0,0,0.0,0,0.0,0.0,-0.0799999999999999,0.0,1027673,305251,,,510707682977.8967
2023-09-27,26209.498046875,26817.841796875,26111.46484375,26352.716796875,11718380997,0.0051537828527894,0.009370714267695,BTC-USD,0.0,0,0.0,0,0.0,0.0,-0.12,0.0,1072094,341149,,,513493183428.7344
2023-09-28,26355.8125,27259.5,26327.322265625,27021.546875,14079002707,0.0250632062349595,0.0111248521113217,BTC-USD,0.0,0,0.0,0,0.0,0.0,-0.0799999999999999,0.0,1045920,376671,,,527114436863.4653
2023-09-29,27024.841796875,27225.9375,26721.763671875,26911.720703125,10396435377,-0.0040726745702974,0.0112068626271665,BTC-USD,0.0,0,0.0,0,0.0,0.0,-0.04,0.0,1050872,323661,,,524756938047.9573
2023-09-30,26911.689453125,27091.794921875,26888.96875,26967.916015625,5331172801,0.0020859581206851,0.011190649056095,BTC-USD,0.0,0,0.0,0,0.0,0.0,-0.06,0.0,1019753,280334,,,526075791386.0551
2023-10-01,26967.396484375,28047.23828125,26965.09375,27983.75,9503917434,0.0369761208563826,0.0146954211241357,BTC-USD,0.0,0,0.0,0,0.0,0.0,-0.04,0.0,921731,320190,,,545063625648.5012
2023-10-02,27976.798828125,28494.458984375,27347.787109375,27530.78515625,19793041322,-0.0163191457885158,0.0155640480316767,BTC-USD,0.0,0,0.0,0,0.0,0.0,0.0,0.0,1027085,340200,,,537597189376.07947
2023-10-03,27508.251953125,27667.19140625,27216.001953125,27429.978515625,11407814187,-0.0036683170659445,0.0150122847727222,BTC-USD,0.0,0,0.0,0,0.0,0.0,0.0,0.0,1077556,309334,,,535153460226.5144
2023-10-04,27429.07421875,27826.658203125,27248.10546875,27799.39453125,11143355314,0.0133777193024828,0.0153489798116698,BTC-USD,0.0,0,0.0,0,0.0,0.0,-0.02,0.0,904067,293693,,,542160520527.8175
2023-10-05,27798.646484375,28091.861328125,27375.6015625,27415.912109375,11877253670,-0.0138906622558427,0.0146376597011486,BTC-USD,0.0,0,0.0,0,0.0,0.0,-0.04,0.0,946720,321037,,,534950498590.6463
2023-10-06,27412.123046875,28252.537109375,27215.552734375,27946.59765625,13492391599,0.0191718837881559,0.0153012065416893,BTC-USD,0.0,0,0.0,0,0.0,0.0,0.0,0.0,915218,293272,,,545035568358.9752
2023-10-07,27946.78125,28028.091796875,27870.423828125,27968.83984375,6553044316,0.0007955652201821,0.0152882283058227,BTC-USD,0.0,0,0.0,0,0.0,0.0,-0.02,0.0,853582,242646,,,545666018320.83685
2023-10-08,27971.677734375,28102.169921875,27740.662109375,27935.08984375,7916875290,-0.0012074286830624,0.0146815451267658,BTC-USD,0.0,0,0.0,0,0.0,0.0,0.0,0.0,786381,243277,,,544981306054.7192
2023-10-09,27934.47265625,27989.470703125,27302.5625,27583.677734375,12007668568,-0.0126593877279259,0.0153709383314117,BTC-USD,0.0,0,0.0,0,0.0,0.0,0.0,0.0,942188,280007,,,538278357094.6784
2023-10-10,27589.201171875,27715.84765625,27301.654296875,27391.01953125,9973350678,-0.0070090060125914,0.0155331007264763,BTC-USD,0.0,0,0.0,0,0.0,0.0,0.0,0.0,903210,283755,,,534959366481.3849
2023-10-11,27392.076171875,27474.115234375,26561.099609375,26873.3203125,13648094333,-0.0190812208422717,0.0166035594866046,BTC-USD,0.0,0,0.0,0,0.0,0.0,-0.06,0.0,867301,265623,,,523443617438.48944
2023-10-12,26873.29296875,26921.439453125,26558.3203125,26756.798828125,9392909295,-0.0043453816471778,0.0151782875396159,BTC-USD,0.0,0,0.0,0,0.0,0.0,-0.0999999999999999,0.0,911879,272350,,,521777018609.8072
2023-10-13,26752.87890625,27092.697265625,26686.322265625,26862.375,15165312851,0.0039380057832304,0.0151924842272845,BTC-USD,0.0,0,0.0,0,0.0,0.0,-0.12,0.0,917035,278419,,,523772953760.5984
2023-10-14,26866.203125,26969.0,26814.5859375,26861.70703125,5388116782,-2.4866641728645303e-05,0.0151792576463941,BTC-USD,0.0,0,0.0,0,0.0,0.0,-0.06,0.0,806946,258882,,,524178794761.6759
2023-10-15,26858.01171875,27289.169921875,26817.89453125,27159.65234375,7098201980,0.0110307603158706,0.0113918431415978,BTC-USD,0.0,0,0.0,0,0.0,0.0,-0.0999999999999999,0.0,795940,258142,,,529442998597.0687
2023-10-16,27162.62890625,29448.138671875,27130.47265625,28519.466796875,27833876539,0.0488543973047657,0.0170573834257279,BTC-USD,0.0,0,0.0,0,0.0,0.0,-0.06,0.0,1018543,298000,,,556330012853.7865
2023-10-17,28522.09765625,28618.751953125,28110.185546875,28415.748046875,14872527508,-0.0036433994327744,0.0170566893128452,BTC-USD,0.0,0,0.0,0,0.0,0.0,0.04,0.0,917408,294069,,,554922670009.3156
2023-10-18,28413.53125,28889.009765625,28174.251953125,28328.341796875,12724128586,-0.0030807197496875,0.0168164097797126,BTC-USD,0.0,0,0.0,0,0.0,0.0,0.0,0.0,932487,275052,,,552896547827.5342
2023-10-19,28332.416015625,28892.474609375,28177.98828125,28719.806640625,14448058195,0.013724231161473,0.0165084312897904,BTC-USD,0.0,0,0.0,0,0.0,0.0,0.04,0.0,918882,282274,,,559992553526.0752
2023-10-20,28732.8125,30104.0859375,28601.669921875,29682.94921875,21536125230,0.0329857689825514,0.0178843421555936,BTC-USD,0.0,0,0.0,0,0.0,0.0,0.06,0.0,952627,293330,,,579821427846.1895
2023-10-21,29683.380859375,30287.482421875,29481.751953125,29918.412109375,11541146996,0.0079012999160777,0.0178778963337988,BTC-USD,0.0,0,0.0,0,0.0,0.0,0.26,0.0,871252,268430,,,584096126027.6635
2023-10-22,29918.654296875,30199.43359375,29720.3125,29993.896484375,10446520040,0.0025198299552359,0.0178089638052526,BTC-USD,0.0,0,0.0,0,0.0,0.0,0.06,0.0,795000,247456,,,585327499000.0365
2023-10-23,30140.685546875,34370.4375,30097.828125,33086.234375,38363572311,0.0981234055291609,0.0298573296534132,BTC-USD,0.0,0,0.0,0,0.0,0.0,0.06,0.0,1071672,312741,,,643338061309.7109
2023-10-24,33077.3046875,35150.43359375,32880.76171875,33901.52734375,44934999645,0.0243427517877734,0.0294142151983603,BTC-USD,0.0,0,0.0,0,0.0,0.0,0.32,0.0,1021188,372695,,,661457680682.435
2023-10-25,33916.04296875,35133.7578125,33709.109375,34502.8203125,25254318008,0.017581001125127,0.0277068130659493,BTC-USD,0.0,0,0.0,0,0.0,0.0,0.4399999999999999,0.0,1090466,477890,,,673352887607.2732
2023-10-26,34504.2890625,34832.91015625,33762.32421875,34156.6484375,19427195376,-0.0100838184339324,0.028100088021547,BTC-USD,0.0,0,0.0,0,0.0,0.0,0.4199999999999999,0.0,1099370,429794,,,667387843568.6382
2023-10-27,34156.5,34238.2109375,33416.88671875,33909.80078125,16418032871,-0.0072531692565719,0.0286672031964475,BTC-USD,0.0,0,0.0,0,0.0,0.0,0.3999999999999999,0.0,1052994,456280,,,661864606136.3345
2023-10-28,33907.72265625,34399.390625,33874.8046875,34089.57421875,10160330825,0.0052875149613998,0.0284640705646911,BTC-USD,0.0,0,0.0,0,0.0,0.0,0.3,0.0,1018571,564578,,,665699403187.6077
2023-10-29,34089.37109375,34743.26171875,33947.56640625,34538.48046875,11160323986,0.0130824822181374,0.0284361262013377,BTC-USD,0.0,0,0.0,0,0.0,0.0,0.4399999999999999,0.0,909920,403706,,,675155541179.4105
2023-10-30,34531.7421875,34843.93359375,34110.97265625,34502.36328125,17184860315,-0.0010462557765204,0.0272619304459467,BTC-USD,0.0,0,0.0,0,0.0,0.0,0.3600000000000001,0.0,1097494,461480,,,673641945531.777
2023-10-31,34500.078125,34719.25390625,34083.30859375,34667.78125,15758270810,0.0047829388016928,0.026943033777124,BTC-USD,0.0,0,0.0,0,0.0,0.0,0.32,0.0,1044499,437895,,,676435313127.4437
2023-11-01,34657.2734375,35527.9296875,34170.69140625,35437.25390625,22446272005,0.0219528756206894,0.0265352193264486,BTC-USD,0.0,0,0.0,0,0.0,0.0,0.32,0.0,1053031,461955,,,692005135084.2311
2023-11-02,35441.578125,35919.84375,34401.57421875,34938.2421875,20998158544,-0.014181643038139,0.0277395376308927,BTC-USD,0.0,0,0.0,0,0.0,0.0,0.4399999999999999,0.0,1062991,410238,,,681313058707.277
2023-11-03,34942.47265625,34942.47265625,34133.44140625,34732.32421875,17158456701,-0.0059112069551451,0.0276393873871282,BTC-USD,0.0,0,0.0,0,0.0,0.0,0.3,0.0,990903,450384,,,677930509621.0774
2023-11-04,34736.32421875,35256.03125,34616.69140625,35082.1953125,9561294264,0.0100229586936839,0.027625596694726,BTC-USD,0.0,0,0.0,0,0.0,0.0,0.3600000000000001,0.0,1118816,704138,,,685445372905.6
2023-11-05,35090.01171875,35340.33984375,34594.2421875,35049.35546875,12412743996,-0.0009365213169939,0.0277260609650362,BTC-USD,0.0,0,0.0,0,0.0,0.0,0.3999999999999999,0.0,1144443,666535,,,685753933111.1659
2023-11-06,35044.7890625,35286.02734375,34765.36328125,35037.37109375,12693436420,-0.0003419870125084,0.0119742463296291,BTC-USD,0.0,0,0.0,0,0.0,0.0,0.48,0.0,993108,439013,,,684075855228.6017
2023-11-07,35047.79296875,35892.41796875,34545.81640625,35443.5625,18834737789,0.0115264053036002,0.0107325397009095,BTC-USD,0.0,0,0.0,0,0.0,0.0,0.3600000000000001,0.0,961106,449873,,,691934232277.7666
2023-11-08,35419.4765625,35994.41796875,35147.80078125,35655.27734375,17295394918,0.0059555252934752,0.0099538686301053,BTC-USD,0.0,0,0.0,0,0.0,0.0,0.32,0.0,1004807,585167,,,699379861493.9697
2023-11-09,35633.6328125,37926.2578125,35592.1015625,36693.125,37762672382,0.0286922398244658,0.0115031490326637,BTC-USD,0.0,0,0.0,0,0.0,0.0,0.3799999999999999,0.0,989778,571031,,,716554937246.1757
2023-11-10,36702.25,37493.80078125,36362.75390625,37313.96875,22711265155,0.016778346050334,0.0113066579146654,BTC-USD,0.0,0,0.0,0,0.0,0.0,0.3999999999999999,0.0,1127201,526138,,,730114337393.7738
2023-11-11,37310.0703125,37407.09375,36773.66796875,37138.05078125,13924272142,-0.0047256823184078,0.0117210591355342,BTC-USD,0.0,0,0.0,0,0.0,0.0,0.3999999999999999,0.0,1073475,628048,,,722578816039.1404
2023-11-12,37133.9921875,37227.69140625,36779.1171875,37054.51953125,11545715999,-0.002251742592082,0.0117366342620838,BTC-USD,0.0,0,0.0,0,0.0,0.0,0.4599999999999999,0.0,1008655,706503,,,724050510722.7842
2023-11-13,37070.3046875,37405.1171875,36399.60546875,36502.35546875,19057712790,-0.0150135370550292,0.0128344860851506,BTC-USD,0.0,0,0.0,0,0.0,0.0,0.4399999999999999,0.0,963722,418873,,,714110932281.1439
2023-11-14,36491.7890625,36753.3515625,34948.5,35537.640625,23857403554,-0.0267843578397946,0.0152387958406438,BTC-USD,0.0,0,0.0,0,0.0,0.0,0.3799999999999999,0.0,957065,525384,,,695526681621.9908
2023-11-15,35548.11328125,37964.89453125,35383.78125,37880.58203125,27365821679,0.0638461992762783,0.0220830721207563,BTC-USD,0.0,0,0.0,0,0.0,0.0,0.1999999999999999,0.0,961281,569166,,,739529498353.9537
2023-11-16,37879.98046875,37934.625,35545.47265625,36154.76953125,26007385366,-0.0466297561906654,0.0256405398238394,BTC-USD,0.0,0,0.0,0,0.0,0.0,0.3999999999999999,0.0,933700,628280,,,706727280727.5068
2023-11-17,36164.82421875,36704.484375,35901.234375,36596.68359375,22445028430,0.0121487469666794,0.0256421107117147,BTC-USD,0.0,0,0.0,0,0.0,0.0,0.26,0.0,1014052,532945,,,714761166975.2008
2023-11-18,36625.37109375,36839.28125,36233.3125,36585.703125,11886022717,-0.0003000850156637,0.0255957613117436,BTC-USD,0.0,0,0.0,0,0.0,0.0,0.3799999999999999,0.0,860889,629610,,,714945979789.7671
2023-11-19,36585.765625,37509.35546875,36414.59765625,37386.546875,12915986553,0.0216533913915043,0.0260369239581325,BTC-USD,0.0,0,0.0,0,0.0,0.0,0.32,0.0,962703,712264,,,731899071791.294
2023-11-20,37374.07421875,37756.8203125,36882.53125,37476.95703125,20888209068,0.0024153344549947,0.0260069875869839,BTC-USD,0.0,0,0.0,0,0.0,0.0,0.3799999999999999,0.0,1064908,630519,,,733371228930.5375
2023-11-21,37469.16015625,37631.140625,35813.8125,35813.8125,25172163756,-0.0453926219219483,0.0291366399792311,BTC-USD,0.0,0,0.0,0,0.0,0.0,0.4199999999999999,0.0,1007505,530112,,,704454241190.6842
2023-11-22,35756.5546875,37856.98046875,35670.97265625,37432.33984375,24397247860,0.0442013894678362,0.0313703721378059,BTC-USD,0.0,0,0.0,0,0.0,0.0,0.24,0.0,979014,536770,,,731230704479.3485
2023-11-23,37420.43359375,37643.91796875,36923.86328125,37289.62109375,14214948217,-0.0038199994154339,0.0305526675506816,BTC-USD,0.0,0,0.0,0,0.0,0.0,0.32,0.0,970303,586979,,,729479763214.5287
2023-11-24,37296.31640625,38415.33984375,37261.60546875,37720.28125,22922957823,0.0114828809236324,0.0303765990966378,BTC-USD,0.0,0,0.0,0,0.0,0.0,0.32,0.0,1136807,624489,,,737477876623.1957
2023-11-25,37721.4140625,37892.4296875,37617.41796875,37796.79296875,9099571165,0.0020263429356001,0.0303361451299954,BTC-USD,0.0,0,0.0,0,0.0,0.0,0.4599999999999999,0.0,1032695,612626,,,739105838366.7302
2023-11-26,37796.828125,37820.30078125,37162.75,37479.12109375,13744796068,-0.0084402498410913,0.0304361095913511,BTC-USD,0.0,0,0.0,0,0.0,0.0,0.4599999999999999,0.0,983533,578192,,,732933517212.2942
2023-11-27,37454.19140625,37559.35546875,36750.12890625,37254.16796875,19002925720,-0.0060201767439216,0.0301701059591658,BTC-USD,0.0,0,0.0,0,0.0,0.0,0.32,0.0,981736,478456,,,728007625505.0597
2023-11-28,37247.9921875,38368.48046875,36891.08984375,37831.0859375,21696137014,0.0153673136112338,0.0292234569688286,BTC-USD,0.0,0,0.0,0,0.0,0.0,0.3600000000000001,0.0,996007,447781,,,739759969555.1896
2023-11-29,37826.10546875,38366.11328125,37612.6328125,37858.4921875,20728546658,0.0007241750284948,0.0237059911860382,BTC-USD,0.0,0,0.0,0,0.0,0.0,0.4399999999999999,0.0,915309,358838,,,740151719383.5668
2023-11-30,37861.1171875,38141.75390625,37531.140625,37712.74609375,18115982627,-0.0038571889984724,0.0196490207401585,BTC-USD,0.0,0,0.0,0,0.0,0.0,0.48,0.0,958958,410936,,,737559963657.6083
2023-12-01,37718.0078125,38954.109375,37629.359375,38688.75,23512784002,0.0255507301146281,0.0204389075008091,BTC-USD,0.0,0,0.0,0,0.0,0.0,0.4199999999999999,0.0,1131524,497410,,,756979072757.1498
2023-12-02,38689.27734375,39678.9375,38652.59375,39476.33203125,15534035612,0.0201524431387205,0.0208372119702615,BTC-USD,0.0,0,0.0,0,0.0,0.0,0.48,0.0,860355,435763,,,771849857306.7882
2023-12-03,39472.20703125,40135.60546875,39298.1640625,39978.390625,15769696322,0.0126377705204897,0.0204327048435205,BTC-USD,0.0,0,0.0,0,0.0,0.0,0.4599999999999999,0.0,919493,707186,,,781982500933.8688
2023-12-04,39978.62890625,42371.75,39978.62890625,41980.09765625,39856129827,0.0488565668865632,0.0235499777823469,BTC-USD,0.0,0,0.0,0,0.0,0.0,0.48,0.0,1034656,567712,,,819814934315.0968
2023-12-05,41986.265625,44408.6640625,41421.1484375,44080.6484375,36312154535,0.04882523455973,0.0203278844138616,BTC-USD,0.0,0,0.0,0,0.0,0.0,0.5,0.0,867570,513549,,,862040657424.9015
2023-12-06,44080.0234375,44265.76953125,43478.08203125,43746.4453125,29909761586,-0.0076105157033984,0.019258455189207,BTC-USD,0.0,0,0.0,0,0.0,0.0,0.4399999999999999,0.0,867353,469800,,,855795078786.4973
2023-12-07,43769.1328125,44042.58984375,42880.6484375,43292.6640625,27635760671,-0.0104271600369865,0.0197283239498292,BTC-USD,0.0,0,0.0,0,0.0,0.0,0.4399999999999999,0.0,898183,368965,,,846764339890.7688
2023-12-08,43293.13671875,44705.515625,43125.296875,44166.6015625,24421116687,0.0199856832348002,0.0198857909459596,BTC-USD,0.0,0,0.0,0,0.0,0.0,0.4399999999999999,0.0,924415,411806,,,864847778236.8765
2023-12-09,44180.01953125,44361.2578125,43627.59765625,43725.984375,17368210171,-0.0100263491847279,0.0205659882790521,BTC-USD,0.0,0,0.0,0,0.0,0.0,0.4599999999999999,0.0,927620,593873,,,855792329926.9049
2023-12-10,43728.3828125,44034.625,43593.28515625,43779.69921875,13000481418,0.0012276882664226,0.0200399887420915,BTC-USD,0.0,0,0.0,0,0.0,0.0,0.48,0.0,848613,528723,,,855687879830.6742
2023-12-11,43792.01953125,43808.375,40234.578125,41243.83203125,40632672038,-0.0596686466968369,0.0273583448786525,BTC-USD,0.0,0,0.0,0,0.0,0.0,0.48,0.0,1010741,528218,,,806366344749.7966
2023-12-12,41238.734375,42048.3046875,40667.5625,41450.22265625,24779520132,0.0049916781642923,0.0272623994669879,BTC-USD,0.0,0,0.0,0,0.0,0.0,0.3400000000000001,0.0,886419,547067,,,811439872900.6285
2023-12-13,41468.46484375,43429.78125,40676.8671875,42890.7421875,26797884674,0.0341627495710368,0.028164858474576,BTC-USD,0.0,0,0.0,0,0.0,0.0,0.3,0.0,742559,586126,,,840280084906.0906
2023-12-14,42884.26171875,43390.859375,41767.08984375,43023.97265625,25578530178,0.0031014611592039,0.0279829470027915,BTC-USD,0.0,0,0.0,0,0.0,0.0,0.4399999999999999,0.0,711343,569840,,,842160345950.7255
2023-12-15,43028.25,43087.82421875,41692.96875,41929.7578125,19639442462,-0.0257616788095846,0.0290466282130922,BTC-USD,0.0,0,0.0,0,0.0,0.0,0.3999999999999999,0.0,860116,632050,,,821555930265.7354
2023-12-16,41937.7421875,42664.9453125,41723.11328125,42240.1171875,14386729590,0.0073746285491585,0.0287584579918853,BTC-USD,0.0,0,0.0,0,0.0,0.0,0.3400000000000001,0.0,724669,636141,,,826001802531.8429
2023-12-17,42236.109375,42359.49609375,41274.54296875,41364.6640625,16678702876,-0.0209434224084723,0.0294496044744277,BTC-USD,0.0,0,0.0,0,0.0,0.0,0.4599999999999999,0.0,703993,621213,,,810881174245.3148
2023-12-18,41348.203125,42720.296875,40530.2578125,42623.5390625,25224642008,0.0299796695117895,0.0275302886593023,BTC-USD,0.0,0,0.0,0,0.0,0.0,0.3,0.0,928612,641771,,,834551810875.268
2023-12-19,42641.51171875,43354.296875,41826.3359375,42270.52734375,23171001281,-0.0083165707186152,0.0239054578236895,BTC-USD,0.0,0,0.0,0,0.0,0.0,0.4599999999999999,0.0,817240,662370,,,827472216777.7076
2023-12-20,42261.30078125,44275.5859375,42223.81640625,43652.25,27868908174,0.0321647372447505,0.0256170397384846,BTC-USD,0.0,0,0.0,0,0.0,0.0,0.48,0.0,787679,580281,,,853610950918.3718
2023-12-21,43648.125,44240.66796875,43330.05078125,43869.15234375,22452766169,0.0049565656400486,0.0254720061197724,BTC-USD,0.0,0,0.0,0,0.0,0.0,0.3999999999999999,0.0,815395,589222,,,858840219309.1272
2023-12-22,43868.98828125,44367.95703125,43441.96875,43997.90234375,21028503216,0.0029305657871948,0.0248925595405276,BTC-USD,0.0,0,0.0,0,0.0,0.0,0.48,0.0,1012121,623750,,,861612765680.0215
2023-12-23,44012.19921875,44015.69921875,43351.35546875,43739.54296875,13507796558,-0.0058893923989777,0.0247922293370814,BTC-USD,0.0,0,0.0,0,0.0,0.0,0.3999999999999999,0.0,893092,609387,,,856944238425.8184
2023-12-24,43728.3671875,43945.5234375,42786.91796875,43016.1171875,18830554085,-0.0166777025964807,0.0251840022910999,BTC-USD,0.0,0,0.0,0,0.0,0.0,0.4199999999999999,0.0,880971,724746,,,843852920767.2596
2023-12-25,43010.57421875,43765.09375,42765.76953125,43613.140625,21115795370,0.0137836316469731,0.0189613776488059,BTC-USD,0.0,0,0.0,0,0.0,0.0,0.4599999999999999,0.0,702609,531891,,,854188718516.3186
2023-12-26,43599.84765625,43603.17578125,41676.48828125,42520.40234375,30026850982,-0.0253744795398311,0.0205114064930148,BTC-USD,0.0,0,0.0,0,0.0,0.0,0.4199999999999999,0.0,742922,556724,,,832047859801.0199
2023-12-27,42518.46875,43683.16015625,42167.58203125,43442.85546875,25260941032,0.0214623912043401,0.0192105732048561,BTC-USD,0.0,0,0.0,0,0.0,0.0,0.4599999999999999,0.0,776011,541778,,,850603955311.5321
2023-12-28,43468.19921875,43804.78125,42318.55078125,42627.85546875,22992093014,-0.0189384832630336,0.0199079052753804,BTC-USD,0.0,0,0.0,0,0.0,0.0,0.4599999999999999,0.0,848615,417387,,,835630557952.1046
2023-12-29,42614.64453125,43124.32421875,41424.0625,42099.40234375,26000021055,-0.012474379352009,0.018910952282078,BTC-USD,0.0,0,0.0,0,0.0,0.0,0.3,0.0,910761,579710,,,822508753451.7498
2023-12-30,42091.75390625,42584.125,41556.2265625,42156.90234375,16013925945,0.0013648832366832,0.0188056416252673,BTC-USD,0.0,0,0.0,0,0.0,0.0,0.3600000000000001,0.0,787521,540497,,,826579160024.2511
2023-12-31,42152.09765625,42860.9375,41998.25390625,42265.1875,16397498810,0.0025653289520551,0.0178294891879372,BTC-USD,0.0,0,0.0,0,0.0,0.0,0.3400000000000001,0.0,791644,724837,,,826868406538.1709
2024-01-01,42280.234375,44175.4375,42214.9765625,44167.33203125,18426978443,0.0440216648373266,0.0198347372800787,BTC-USD,0.0,0,0.0,0,0.0,0.0,0.3,0.0,827239,655722,,,862798932438.5515
2024-01-02,44187.140625,45899.70703125,44176.94921875,44957.96875,39335274536,0.017742604013605,0.0199597612176358,BTC-USD,0.0,0,0.0,0,0.0,0.0,0.4199999999999999,0.0,867688,364237,,,880301238448.1906
2024-01-03,44961.6015625,45503.2421875,40813.53515625,42848.17578125,46342323118,-0.0480649535787553,0.0227045416175129,BTC-USD,0.0,0,0.0,0,0.0,0.0,0.3999999999999999,0.0,940343,502203,,,837886611759.9718
2024-01-04,42855.81640625,44770.0234375,42675.17578125,44179.921875,30448091210,0.0306073577182859,0.0242341522762101,BTC-USD,0.0,0,0.0,0,0.0,0.0,0.3600000000000001,0.0,1010934,482718,,,866868194472.4562
2024-01-05,44192.98046875,44353.28515625,42784.71875,44162.69140625,32336029347,-0.0003900828451526,0.0242248263569167,BTC-USD,0.0,0,0.0,0,0.0,0.0,0.4399999999999999,0.0,813324,416347,,,864860632050.2275
2024-01-06,44178.953125,44227.6328125,43475.15625,43989.1953125,16092503468,-0.0039363041275099,0.0241922472930087,BTC-USD,0.0,0,0.0,0,0.0,0.0,0.3999999999999999,0.0,808917,389306,,,860425656118.4233
2024-01-07,43998.46484375,44495.5703125,43662.23046875,43943.09765625,19330573863,-0.0010484808007761,0.0236988163684068,BTC-USD,0.0,0,0.0,0,0.0,0.0,0.4199999999999999,0.0,713381,348435,,,859012443610.0101
2024-01-08,43948.70703125,47218.0,43244.08203125,46970.50390625,42746192015,0.0666242663558736,0.0293384287719002,BTC-USD,0.0,0,0.0,0,0.0,0.0,0.4199999999999999,0.0,756849,409400,,,920512392403.762
2024-01-09,46987.640625,47893.69921875,45244.71484375,46139.73046875,39821290992,-0.0178454171064382,0.0287969595194133,BTC-USD,0.0,0,0.0,0,0.0,0.0,0.52,0.0,902934,470829,,,902974871223.5372
2024-01-10,46121.5390625,47647.22265625,44483.15234375,46627.77734375,50114613298,0.0105220327519483,0.0284870382906119,BTC-USD,0.0,0,0.0,0,0.0,0.0,0.4599999999999999,0.0,839431,384427,,,917398869581.0612
2024-01-11,46656.07421875,48969.37109375,45678.64453125,46368.5859375,45833734549,-0.0055742411475225,0.0278377467094818,BTC-USD,0.0,0,0.0,0,0.0,0.0,0.52,0.0,960999,450822,,,908880379024.5656
2024-01-12,46354.79296875,46498.13671875,41903.76953125,42853.16796875,43332698900,-0.0788426288329936,0.0357530522718835,BTC-USD,0.0,0,0.0,0,0.0,0.0,0.4199999999999999,0.0,987727,367870,,,839096097616.4066
2024-01-13,42799.4453125,43234.66015625,42464.14453125,42842.3828125,20601860469,-0.0002517086641866,0.0357553242810887,BTC-USD,0.0,0,0.0,0,0.0,0.0,0.28,0.0,845713,667027,,,839717259324.3887
2024-01-14,42842.26171875,43065.59765625,41724.61328125,41796.26953125,17521429522,-0.0247207753553582,0.0364100467713171,BTC-USD,0.0,0,0.0,0,0.0,0.0,0.1999999999999999,0.0,722721,591106,,,820960086253.5798
2024-01-15,41715.06640625,43319.72265625,41705.41796875,42511.96875,22320220558,0.0169785640464198,0.0345175706420583,BTC-USD,0.0,0,0.0,0,0.0,0.0,0.04,0.0,786699,401054,,,833548710417.6099
2024-01-16,42499.3359375,43566.2734375,42085.99609375,43154.9453125,24062872740,0.0150113645058064,0.0344004902017005,BTC-USD,0.0,0,0.0,0,0.0,0.0,0.28,0.0,782242,469892,,,846175712864.9702
2024-01-17,43132.1015625,43189.890625,42189.30859375,42742.65234375,20851232595,-0.0095997128258615,0.0319678522949257,BTC-USD,0.0,0,0.0,0,0.0,0.0,0.1999999999999999,0.0,809220,455050,,,836757824473.3639
2024-01-18,42742.3125,42876.34765625,40631.171875,41262.05859375,25218357242,-0.0352539060043804,0.03193534111267,BTC-USD,0.0,0,0.0,0,0.0,0.0,0.26,0.0,897358,480795,,,808815882007.2329
2024-01-19,41278.4609375,42134.16015625,40297.45703125,41618.40625,25752407154,0.008599127738074,0.0321223895815822,BTC-USD,0.0,0,0.0,0,0.0,0.0,0.02,0.0,806018,461325,,,815611837232.0771
2024-01-20,41624.58984375,41877.89453125,41446.82421875,41665.5859375,11586690904,0.0011329834535463,0.0321546120277282,BTC-USD,0.0,0,0.0,0,0.0,0.0,0.04,0.0,817313,565601,,,816861256061.064
2024-01-21,41671.48828125,41855.3671875,41497.0078125,41545.78515625,9344043642,-0.0028794349245567,0.0321459479508942,BTC-USD,0.0,0,0.0,0,0.0,0.0,0.1200000000000001,0.0,767739,593968,,,814318181968.0931
2024-01-22,41553.65234375,41651.20703125,39450.1171875,39507.3671875,31338708143,-0.0503089102812547,0.0271917730239176,BTC-USD,0.0,0,0.0,0,0.0,0.0,0.1,0.0,951076,451204,,,775932511818.8115
2024-01-23,39518.71484375,40127.3515625,38521.89453125,39845.55078125,29244553045,0.0085235842579221,0.0276912140975752,BTC-USD,0.0,0,0.0,0,0.0,0.0,0.0,0.0,865990,368563,,,779111859291.3501
2024-01-24,39877.59375,40483.78515625,39508.796875,40077.07421875,22359526178,0.0057937057279857,0.0274431337024788,BTC-USD,0.0,0,0.0,0,0.0,0.0,-0.04,0.0,899326,368789,,,786296878249.5127
2024-01-25,40075.55078125,40254.48046875,39545.6640625,39933.80859375,18491782013,-0.0035811572894929,0.0274775526472962,BTC-USD,0.0,0,0.0,0,0.0,0.0,0.04,0.0,1101397,347123,,,782730418148.3042
2024-01-26,39936.81640625,42209.38671875,39825.69140625,41816.87109375,25598119893,0.0460765744948169,0.0236538846253213,BTC-USD,0.0,0,0.0,0,0.0,0.0,-0.02,0.0,892906,496525,,,820871113388.8333
2024-01-27,41815.625,42195.6328125,41431.28125,42120.0546875,11422941934,0.0072241128553969,0.0237743518957651,BTC-USD,0.0,0,0.0,0,0.0,0.0,0.1,0.0,965883,603739,,,826104247111.5658
2024-01-28,42126.125,42797.17578125,41696.91015625,42035.59375,16858971687,-0.0020072560173076,0.0228019795987089,BTC-USD,0.0,0,0.0,0,0.0,0.0,0.08,0.0,898096,629248,,,823356005467.9299
2024-01-29,42030.9140625,43305.8671875,41818.33203125,43288.24609375,20668476578,0.0293644157369146,0.0237163208070809,BTC-USD,0.0,0,0.0,0,0.0,0.0,0.1,0.0,959589,580828,,,847624931690.9917
2024-01-30,43300.2265625,43838.9453125,42711.37109375,42952.609375,23842814518,-0.0077837449899358,0.0234833614141577,BTC-USD,0.0,0,0.0,0,0.0,0.0,0.2199999999999999,0.0,907924,524001,,,842401659509.7396
2024-01-31,42946.25,43717.40625,42298.9453125,42582.60546875,24673628793,-0.0086515528090469,0.0234559401330844,BTC-USD,0.0,0,0.0,0,0.0,0.0,0.1999999999999999,0.0,870798,437107,,,835364222162.0884
2024-02-01,42569.76171875,43243.16796875,41879.19140625,43075.7734375,21423953779,0.0115148902942397,0.0213234012961706,BTC-USD,0.0,0,0.0,0,0.0,0.0,0.26,0.0,933880,410372,,,843856959361.5793
2024-02-02,43077.640625,43422.48828125,42584.3359375,43185.859375,18603843039,0.0025523745302443,0.0212640072100604,BTC-USD,0.0,0,0.0,0,0.0,0.0,0.26,0.0,932903,432087,,,846556232629.2255
2024-02-03,43184.96484375,43359.94140625,42890.80859375,42992.25,11169245236,-0.0044932454921507,0.0213476959700047,BTC-USD,0.0,0,0.0,0,0.0,0.0,0.1999999999999999,0.0,820828,515129,,,843203026562.8829
2024-02-04,42994.94140625,43097.64453125,42374.83203125,42583.58203125,14802225490,-0.0095510862287458,0.0215443021918635,BTC-USD,0.0,0,0.0,0,0.0,0.0,0.1999999999999999,0.0,802004,331515,,,835277882869.2004
2024-02-05,42577.62109375,43494.25,42264.81640625,42658.66796875,18715487317,0.0017617075316479,0.0155141571638722,BTC-USD,0.0,0,0.0,0,0.0,0.0,0.1999999999999999,0.0,852467,281772,,,836162692896.9808
2024-02-06,42657.390625,43344.1484375,42529.01953125,43084.671875,16798476726,0.0099368047086992,0.0155400482142179,BTC-USD,0.0,0,0.0,0,0.0,0.0,0.28,0.0,865722,280196,,,845693113581.4182
2024-02-07,43090.01953125,44341.94921875,42775.95703125,44318.22265625,21126587775,0.0282286462102806,0.0166785370337082,BTC-USD,0.0,0,0.0,0,0.0,0.0,0.24,0.0,901234,425025,,,868307228059.1835
2024-02-08,44332.125,45575.83984375,44332.125,45301.56640625,26154524080,0.0219456712821148,0.0168058470133902,BTC-USD,0.0,0,0.0,0,0.0,0.0,0.32,0.0,818130,287438,,,889519016233.136
2024-02-09,45297.3828125,48152.49609375,45260.82421875,47147.19921875,39316770844,0.0399329954084116,0.01581445326473,BTC-USD,0.0,0,0.0,0,0.0,0.0,0.4399999999999999,0.0,950564,330447,,,925768615916.4116
2024-02-10,47153.52734375,48146.171875,46905.3203125,47771.27734375,16398681570,0.0131499606950641,0.0158549214417245,BTC-USD,0.0,0,0.0,0,0.0,0.0,0.48,0.0,963958,406003,,,937900623195.3083
2024-02-11,47768.96875,48535.9375,47617.40625,48293.91796875,19315867136,0.0108810642585838,0.015538086690085,BTC-USD,0.0,0,0.0,0,0.0,0.0,0.4199999999999999,0.0,840255,323411,,,945946661324.0156
2024-02-12,48296.38671875,50280.4765625,47745.76171875,49958.22265625,34511985805,0.0338814785316512,0.0160127024366728,BTC-USD,0.0,0,0.0,0,0.0,0.0,0.3999999999999999,0.0,1013562,413637,,,981112034988.7356
2024-02-13,49941.359375,50358.390625,48406.49609375,49742.44140625,35593051468,-0.0043285887601175,0.0157378736134311,BTC-USD,0.0,0,0.0,0,0.0,0.0,0.5800000000000001,0.0,843469,305214,,,974054908900.8116
2024-02-14,49733.4453125,52021.37109375,49296.83203125,51826.6953125,39105608050,0.0410468495104089,0.0166674464659512,BTC-USD,0.0,0,0.0,0,0.0,0.0,0.48,0.0,803805,298455,,,1017597474063.2532
2024-02-15,51836.78515625,52820.06640625,51371.62890625,51938.5546875,38564360533,0.0021560092291083,0.0169612939918971,BTC-USD,0.0,0,0.0,0,0.0,0.0,0.4399999999999999,0.0,892019,309299,,,1019510236754.0828
2024-02-16,51937.7265625,52537.96875,51641.3671875,52160.203125,28180567298,0.0042584326097615,0.0168835889799619,BTC-USD,0.0,0,0.0,0,0.0,0.0,0.4399999999999999,0.0,836256,306995,,,1023836267564.0166
2024-02-17,52161.67578125,52191.9140625,50669.66796875,51662.99609375,20009091006,-0.0095780294977882,0.017348406844054,BTC-USD,0.0,0,0.0,0,0.0,0.0,0.52,0.0,850883,330435,,,1014413414440.1022
2024-02-18,51661.96875,52356.96484375,51233.70703125,52122.546875,17595377311,0.0088558342807137,0.0161542267579756,BTC-USD,0.0,0,0.0,0,0.0,0.0,0.4399999999999999,0.0,748090,346126,,,1023743059920.6989
2024-02-19,52134.8125,52483.32421875,51711.8203125,51779.14453125,21362184346,-0.0066101636940465,0.0168015435783528,BTC-USD,0.0,0,0.0,0,0.0,0.0,0.5,0.0,867774,366190,,,1017048408416.95
2024-02-20,51777.7265625,52945.05078125,50792.3125,52284.875,33353758256,0.0097196793373194,0.0168055231611194,BTC-USD,0.0,0,0.0,0,0.0,0.0,0.4399999999999999,0.0,866223,396745,,,1026974429999.0884
2024-02-21,52273.53515625,52368.81640625,50671.7578125,51839.1796875,28624907020,-0.0085609043152299,0.0172503438063053,BTC-USD,0.0,0,0.0,0,0.0,0.0,0.56,0.0,821320,369350,,,1015951209301.8634
2024-02-22,51854.64453125,52009.61328125,50926.29296875,51304.97265625,25413900611,-0.0103585476400142,0.0178519523378522,BTC-USD,0.0,0,0.0,0,0.0,0.0,0.48,0.0,855859,366922,,,1007119959019.4268
2024-02-23,51283.90625,51497.93359375,50561.77734375,50731.94921875,21427078270,-0.0112318061155125,0.0161653189495033,BTC-USD,0.0,0,0.0,0,0.0,0.0,0.52,0.0,938307,403218,,,997290498112.2656
2024-02-24,50736.37109375,51684.1953125,50585.4453125,51571.1015625,15174077879,0.0164055941302177,0.0163107103248638,BTC-USD,0.0,0,0.0,0,0.0,0.0,0.4399999999999999,0.0,819174,342157,,,1012829187887.0153
2024-02-25,51565.21484375,51950.02734375,51306.171875,51733.23828125,15413239245,0.0031390133682369,0.0162441358887837,BTC-USD,0.0,0,0.0,0,0.0,0.0,0.48,0.0,894568,421219,,,1016185995310.12
2024-02-26,51730.5390625,54938.17578125,50931.03125,54522.40234375,34074411896,0.0525111876569454,0.0192791745861767,BTC-USD,0.0,0,0.0,0,0.0,0.0,0.4399999999999999,0.0,887140,355313,,,1071322129159.3308
2024-02-27,54519.36328125,57537.83984375,54484.19921875,57085.37109375,49756832031,0.0459362164404731,0.0216885089885418,BTC-USD,0.0,0,0.0,0,0.0,0.0,0.5800000000000001,0.0,917983,388230,,,1120426601291.386
2024-02-28,57071.09765625,63913.1328125,56738.42578125,62504.7890625,83239156760,0.0906952929770428,0.0297466627495835,BTC-USD,0.0,0,0.0,0,0.0,0.0,0.6399999999999999,0.0,1054242,415406,,,1226750759834.859
2024-02-29,62499.18359375,63585.64453125,60498.73046875,61198.3828125,65496611844,-0.0211224142700197,0.0310446614444552,BTC-USD,0.0,0,0.0,0,0.0,0.0,0.6000000000000001,0.0,989364,407609,,,1205865991757.463
2024-03-01,61168.0625,63155.1015625,60802.52734375,62440.6328125,40186368423,0.0200954657884248,0.0310404550145251,BTC-USD,0.0,0,0.0,0,0.0,0.0,0.6000000000000001,0.0,1058499,415081,,,1228113241125.587
2024-03-02,62431.65234375,62458.69921875,61657.2890625,62029.84765625,23888473685,-0.0066005473120911,0.0308847779057795,BTC-USD,0.0,0,0.0,0,0.0,0.0,0.6000000000000001,0.0,843207,342086,,,1218836653884.7495
2024-03-03,62031.578125,63230.2109375,61435.0234375,63167.37109375,26253811450,0.0181722046590126,0.0308875360282419,BTC-USD,0.0,0,0.0,0,0.0,0.0,0.6599999999999999,0.0,868123,385135,,,1237397939322.0188
2024-03-04,63137.00390625,68537.03125,62386.51953125,68330.4140625,70670471105,0.0785670808490068,0.0347239432784702,BTC-USD,0.0,0,0.0,0,0.0,0.0,0.6399999999999999,0.0,889591,358771,,,1337644545844.4673
2024-03-05,68341.0546875,69170.625,59323.91015625,63801.19921875,102802940877,-0.0685829818149203,0.042015236294472,BTC-USD,0.0,0,0.0,0,0.0,0.0,0.8,0.0,1163884,424703,,,1256356364718.29
2024-03-06,63776.05078125,67637.9296875,62848.671875,66106.8046875,68750229073,0.0354997002008663,0.0418274160214291,BTC-USD,0.0,0,0.0,0,0.0,0.0,0.5,0.0,922558,381467,,,1298715391395.494
2024-03-07,66099.7421875,68029.921875,65655.53125,66925.484375,46989543159,0.0123081400525153,0.0411041395106944,BTC-USD,0.0,0,0.0,0,0.0,0.0,0.6399999999999999,0.0,1034779,437969,,,1317782410417.2563
2024-03-08,66938.09375,70083.0546875,66230.453125,68300.09375,59202881172,0.0203313122369879,0.0401743717508228,BTC-USD,0.0,0,0.0,0,0.0,0.0,0.6200000000000001,0.0,947450,424558,,,1342866381837.3845
2024-03-09,68299.2578125,68673.0546875,68053.125,68498.8828125,21609650379,0.0029062966320191,0.0404603029170271,BTC-USD,0.0,0,0.0,0,0.0,0.0,0.6799999999999999,0.0,915625,362520,,,1346056196239.3835
2024-03-10,68500.2578125,70005.203125,68239.9765625,69019.7890625,35683977532,0.0075758256572068,0.0403329284956726,BTC-USD,0.0,0,0.0,0,0.0,0.0,0.5800000000000001,0.0,862638,363011,,,1353579668685.426
2024-03-11,69020.546875,72850.7109375,67194.8828125,72123.90625,65716656765,0.0439922985827462,0.039876007965986,BTC-USD,0.0,0,0.0,0,0.0,0.0,0.6399999999999999,0.0,1150718,393001,,,1418814650993.1611
2024-03-12,72125.125,72825.65625,68728.8515625,71481.2890625,62554434520,-0.0089498360493478,0.039826261034906,BTC-USD,0.0,0,0.0,0,0.0,0.0,0.6200000000000001,0.0,1016389,344882,,,1403836996419.445
2024-03-13,71482.1171875,73637.4765625,71334.09375,73083.5,48212536929,0.0221668990640754,0.0336858802204932,BTC-USD,0.0,0,0.0,0,0.0,0.0,0.6200000000000001,0.0,1093495,387845,,,1436314177938.6284
2024-03-14,73079.375,73750.0703125,68563.0234375,71396.59375,59594605698,-0.0233524614583823,0.033855165945949,BTC-USD,0.0,0,0.0,0,0.0,0.0,0.76,0.0,1000634,330080,,,1405397203963.9863
2024-03-15,71387.875,72357.1328125,65630.6953125,69403.7734375,78320453976,-0.0283089232920005,0.0352968096782155,BTC-USD,0.0,0,0.0,0,0.0,0.0,0.6599999999999999,0.0,963220,311078,,,1364563991872.797
2024-03-16,69392.484375,70046.2734375,64801.39453125,65315.1171875,46842198371,-0.0607177252062967,0.0396595987695806,BTC-USD,0.0,0,0.0,0,0.0,0.0,0.6200000000000001,0.0,916345,355299,,,1286174217035.593
2024-03-17,65316.34375,68845.71875,64545.31640625,68390.625,44716864318,0.0460122407046103,0.0411131388237546,BTC-USD,0.0,0,0.0,0,0.0,0.0,0.5800000000000001,0.0,861558,365645,,,1342284214005.9248
2024-03-18,68371.3046875,68897.1328125,66594.2265625,67548.59375,49261579492,-0.0123885075543686,0.0355136558018755,BTC-USD,0.0,0,0.0,0,0.0,0.0,0.54,0.0,910571,417117,,,1332237494666.7705
2024-03-19,67556.1328125,68106.9296875,61536.1796875,61912.7734375,74215844794,-0.0871207318570082,0.0384580006982895,BTC-USD,0.0,0,0.0,0,0.0,0.0,0.5800000000000001,0.0,974102,459004,,,1218251084304.752
2024-03-20,61930.15625,68115.2578125,60807.78515625,67913.671875,66792634382,0.092510852968774,0.0451815163353295,BTC-USD,0.0,0,0.0,0,0.0,0.0,0.48,0.0,942142,360623,,,1333885263897.7363
2024-03-21,67911.5859375,68199.9921875,64580.91796875,65491.390625,44480350565,-0.0363186742262133,0.0461800679109834,BTC-USD,0.0,0,0.0,0,0.0,0.0,0.56,0.0,819742,328692,,,1286880964052.164
2024-03-22,65489.9296875,66623.75,62355.37109375,63778.76171875,41401116964,-0.0264984466521593,0.0461694464247215,BTC-USD,0.0,0,0.0,0,0.0,0.0,0.5,0.0,915500,347556,,,1248237492815.0354
2024-03-23,63802.72265625,65976.3984375,63038.4921875,64062.203125,24738964812,0.0044342886654,0.0461911007695534,BTC-USD,0.0,0,0.0,0,0.0,0.0,0.4599999999999999,0.0,908728,315648,,,1265499269578.2336
2024-03-24,64070.75390625,67622.7578125,63825.8515625,67234.171875,27206630673,0.0483270931506797,0.048267172276306,BTC-USD,0.0,0,0.0,0,0.0,0.0,0.48,0.0,918817,331993,,,1323148747346.792
2024-03-25,67234.09375,71162.59375,66414.8359375,69958.8125,42700139523,0.0397250476948794,0.0479678069592343,BTC-USD,0.0,0,0.0,0,0.0,0.0,0.5,0.0,918815,320633,,,1377329438014.7815
2024-03-26,69931.328125,71535.7421875,69335.609375,69987.8359375,36010437368,0.000414778606564,0.0479313770273122,BTC-USD,0.0,0,0.0,0,0.0,0.0,0.6200000000000001,0.0,851577,313314,,,1377958914921.447
2024-03-27,69991.8984375,71727.6875,68381.9296875,69455.34375,40827113309,-0.0076374445429517,0.047458507715405,BTC-USD,0.0,0,0.0,0,0.0,0.0,0.6599999999999999,0.0,865580,358499,,,1362223531385.005
2024-03-28,69452.7734375,71546.0234375,68895.5078125,70744.953125,34374900617,0.0183971899718808,0.047436059626369,BTC-USD,0.0,0,0.0,0,0.0,0.0,0.6000000000000001,0.0,942681,433584,,,1392950313815.1062
2024-03-29,70744.796875,70913.09375,69076.65625,69892.828125,25230851763,-0.0121181580122044,0.0469043827336427,BTC-USD,0.0,0,0.0,0,0.0,0.0,0.5800000000000001,0.0,847610,451776,,,1375119172323.965
2024-03-30,69893.4453125,70355.4921875,69601.0625,69645.3046875,17130241883,-0.003547757048682,0.0435319629877472,BTC-USD,0.0,0,0.0,0,0.0,0.0,0.5,0.0,826192,486300,,,1370190408232.7249
2024-03-31,69647.78125,71377.78125,69624.8671875,71333.6484375,20050941373,0.0239528586963024,0.0422988983058908,BTC-USD,0.0,0,0.0,0,0.0,0.0,0.5,0.0,691124,315001,,,1401022109461.656
2024-04-01,71333.484375,71342.09375,68110.6953125,69702.1484375,34873527352,-0.0231370023332579,0.042695564740371,BTC-USD,0.0,0,0.0,0,0.0,0.0,0.5800000000000001,0.0,970510,330165,,,1372845320592.963
2024-04-02,69705.0234375,69708.3828125,64586.59375,65446.97265625,50705240709,-0.0629909043698857,0.0391505036457568,BTC-USD,0.0,0,0.0,0,0.0,0.0,0.5800000000000001,0.0,953501,358331,,,1289150894904.9507
2024-04-03,65446.671875,66914.3203125,64559.8984375,65980.8125,34488018367,0.0081237430733199,0.0298640780928691,BTC-USD,0.0,0,0.0,0,0.0,0.0,0.4199999999999999,0.0,965290,369696,,,1300942909083.0212
2024-04-04,65975.6953125,69291.2578125,65113.796875,68508.84375,34439527442,0.0375988627118614,0.0298759881512278,BTC-USD,0.0,0,0.0,0,0.0,0.0,0.3999999999999999,0.0,978380,324609,,,1346404337707.192
2024-04-05,68515.7578125,68725.7578125,66011.4765625,67837.640625,33748230056,-0.0098456304182885,0.0289180171303686,BTC-USD,0.0,0,0.0,0,0.0,0.0,0.5800000000000001,0.0,950040,346357,,,1335976840644.8728
2024-04-06,67840.5703125,69629.6015625,67491.71875,68896.109375,19967785809,0.015482496362565,0.0290691761425863,BTC-USD,0.0,0,0.0,0,0.0,0.0,0.5,0.0,907389,433426,,,1360265973337.5532
2024-04-07,68897.109375,70284.4296875,68851.6328125,69362.5546875,21204930369,0.0067474553636263,0.0263173726777942,BTC-USD,0.0,0,0.0,0,0.0,0.0,0.56,0.0,833045,526443,,,1365388593961.6086
2024-04-08,69362.5546875,72715.359375,69064.2421875,71631.359375,37261432669,0.0321857940970219,0.0255571842591848,BTC-USD,0.0,0,0.0,0,0.0,0.0,0.52,0.0,896193,454644,,,1411110586059.4548
2024-04-09,71632.5,71742.5078125,68212.921875,69139.015625,36426900409,-0.0354137612037884,0.0274203802179475,BTC-USD,0.0,0,0.0,0,0.0,0.0,0.6000000000000001,0.0,890535,450513,,,1359260007106.1987
2024-04-10,69140.2421875,71093.4296875,67503.5625,70587.8828125,38318601774,0.0207393012425347,0.0279259198160138,BTC-USD,0.0,0,0.0,0,0.0,0.0,0.56,0.0,846297,538372,,,1388940357095.897
2024-04-11,70575.734375,71256.234375,69571.8125,70060.609375,30153382941,-0.007497782584512,0.027551125486502,BTC-USD,0.0,0,0.0,0,0.0,0.0,0.52,0.0,748021,479937,,,1378511306220.9265
2024-04-12,70061.3828125,71222.7421875,65254.8359375,67195.8671875,44129299406,-0.0417489701814346,0.0295610264393205,BTC-USD,0.0,0,0.0,0,0.0,0.0,0.5800000000000001,0.0,832502,441977,,,1320543247051.6003
2024-04-13,67188.375,67931.4296875,60919.10546875,63821.47265625,52869738185,-0.0515220497152343,0.0323061706157675,BTC-USD,0.0,0,0.0,0,0.0,0.0,0.4399999999999999,0.0,869723,510750,,,1270492985833.1172
2024-04-14,63836.23046875,65824.4296875,62205.8515625,65738.7265625,49084320047,0.0295985014949586,0.0327442744675219,BTC-USD,0.0,0,0.0,0,0.0,0.0,0.4399999999999999,0.0,839158,468144,,,1292151526364.2097
2024-04-15,65739.6484375,66878.6484375,62332.0703125,63426.2109375,43595917654,-0.0358109994965086,0.0334275145915324,BTC-USD,0.0,0,0.0,0,0.0,0.0,0.48,0.0,813736,503794,,,1247813165529.85
2024-04-16,63419.296875,64355.66796875,61716.40234375,63811.86328125,42847528078,0.0060619201772289,0.0293326496475565,BTC-USD,0.0,0,0.0,0,0.0,0.0,0.3,0.0,941086,453968,,,1255585004528.3423
2024-04-17,63831.84765625,64486.36328125,59768.5859375,61276.69140625,41915247049,-0.0405395853499448,0.0309064055977596,BTC-USD,0.0,0,0.0,0,0.0,0.0,0.3400000000000001,0.0,794595,385424,,,1207201304926.8154
2024-04-18,61275.31640625,64125.6875,60833.48046875,63512.75390625,36006307335,0.0358412020861476,0.0307218305673715,BTC-USD,0.0,0,0.0,0,0.0,0.0,0.1399999999999999,0.0,823945,416810,,,1250290039869.588
2024-04-19,63510.75,65481.59765625,59651.390625,63843.5703125,49920425401,0.0051951428769122,0.0308175751928289,BTC-USD,0.0,0,0.0,0,0.0,0.0,0.32,0.0,880733,398632,,,1255319975339.04
2024-04-20,63851.1015625,65442.45703125,63172.40234375,64994.44140625,23097485495,0.0178658718865042,0.0309418003075826,BTC-USD,0.0,0,0.0,0,0.0,0.0,0.32,0.0,509709,630654,,,1277895532215.4429
2024-04-21,64992.81640625,65723.2421875,64277.72265625,64926.64453125,20506644853,-0.0010436624765665,0.0308001919652804,BTC-USD,0.0,0,0.0,0,0.0,0.0,0.4399999999999999,0.0,565959,644793,,,1279109157045.1768
2024-04-22,64935.6328125,67233.9609375,64548.1796875,66837.6796875,28282686673,0.0290089017592759,0.030517775248374,BTC-USD,0.0,0,0.0,0,0.0,0.0,0.4599999999999999,0.0,659537,673406,,,1318052855171.249
2024-04-23,66839.890625,67199.2421875,65864.8671875,66407.2734375,24310975583,-0.0064603984899146,0.0292490253712653,BTC-USD,0.0,0,0.0,0,0.0,0.0,0.4199999999999999,0.0,547174,928131,,,1307075893683.7517
2024-04-24,66408.71875,67075.3671875,63589.87109375,64276.8984375,30276655120,-0.0326063013162719,0.0294097591789654,BTC-USD,0.0,0,0.0,0,0.0,0.0,0.4399999999999999,0.0,835569,600768,,,1263882566632.7507
2024-04-25,64275.01953125,65275.20703125,62783.6328125,64481.70703125,32155786816,0.0031812827691917,0.029525454787339,BTC-USD,0.0,0,0.0,0,0.0,0.0,0.4399999999999999,0.0,818807,525222,,,1270318817448.1624
2024-04-26,64485.37109375,64789.65625,63322.3984375,63755.3203125,24139372950,-0.011328935219016,0.0277525551239396,BTC-USD,0.0,0,0.0,0,0.0,0.0,0.3999999999999999,0.0,847289,440854,,,1255815635501.8833
2024-04-27,63750.98828125,63898.36328125,62424.71875,63419.140625,19530783039,-0.0052869179563566,0.0241478585576781,BTC-USD,0.0,0,0.0,0,0.0,0.0,0.3400000000000001,0.0,856864,459297,,,1248987882000.5325
2024-04-28,63423.515625,64321.484375,62793.59765625,63113.23046875,17334827993,-0.0048352962901543,0.0225525991931064,BTC-USD,0.0,0,0.0,0,0.0,0.0,0.3,0.0,707117,480244,,,1240140042894.858
2024-04-29,63106.36328125,64174.87890625,61795.45703125,63841.12109375,26635912073,0.0114670917875564,0.0207118381709546,BTC-USD,0.0,0,0.0,0,0.0,0.0,0.3400000000000001,0.0,856192,400991,,,1258475557385.6252
2024-04-30,63839.41796875,64703.33203125,59120.06640625,60636.85546875,37840840057,-0.0514946297165421,0.0248204011845364,BTC-USD,0.0,0,0.0,0,0.0,0.0,0.3400000000000001,0.0,827915,501881,,,1194069248252.2043
2024-05-01,60609.49609375,60780.5,56555.29296875,58254.01171875,48439780271,-0.0400899234806571,0.024769224191665,BTC-USD,0.0,0,0.0,0,0.0,0.0,0.08,0.0,781183,477225,,,1144969805261.1355
2024-05-02,58253.703125,59602.296875,56937.203125,59123.43359375,32711813559,0.0148143925496977,0.0227478293011217,BTC-USD,0.0,0,0.0,0,0.0,0.0,-0.14,0.0,744998,563418,,,1165247264400.3933
2024-05-03,59122.30078125,63320.50390625,58848.3125,62889.8359375,33172023048,0.0617572064982481,0.0289085159083974,BTC-USD,0.0,0,0.0,0,0.0,0.0,-0.04,0.0,731936,437975,,,1240373492062.4695
2024-05-04,62891.03125,64494.95703125,62599.3515625,63891.47265625,20620477992,0.0158013443890475,0.028809559486789,BTC-USD,0.0,0,0.0,0,0.0,0.0,0.3400000000000001,0.0,613171,668343,,,1258076134304.8257
2024-05-05,63892.453125,64610.890625,62955.3046875,64031.1328125,18296164805,0.0021835110569647,0.0288240080839551,BTC-USD,0.0,0,0.0,0,0.0,0.0,0.3799999999999999,0.0,573428,626139,,,1261776217571.7017
2024-05-06,64038.3125,65494.90234375,62746.23828125,63161.94921875,28697928697,-0.0136673647637241,0.027639466140575,BTC-USD,0.0,0,0.0,0,0.0,0.0,0.4199999999999999,0.0,670316,507965,,,1245266971187.337
2024-05-07,63162.76171875,64390.45703125,62285.98046875,62334.81640625,25930730982,-0.0131819299956466,0.0277429213341892,BTC-USD,0.0,0,0.0,0,0.0,0.0,0.3600000000000001,0.0,702887,373579,,,1228922316589.07
2024-05-08,62332.640625,62986.0859375,60877.12890625,61187.94140625,26088172222,-0.0185699862584938,0.0268903870940404,BTC-USD,0.0,0,0.0,0,0.0,0.0,0.28,0.0,697417,453934,,,1202993674653.4016
2024-05-09,61191.19921875,63404.9140625,60648.07421875,63049.9609375,25453338161,0.029977308604179,0.0283195617859987,BTC-USD,0.0,0,0.0,0,0.0,0.0,0.1,0.0,671205,521126,,,1240822352263.6616
2024-05-10,63055.19140625,63446.7421875,60208.78125,60792.77734375,27804954694,-0.0364564546354889,0.029743771213077,BTC-USD,0.0,0,0.0,0,0.0,0.0,0.32,0.0,606931,720578,,,1199451802640.4268
2024-05-11,60793.35546875,61451.15234375,60492.625,60793.7109375,13842272968,1.5356866757304103e-05,0.0297516349759431,BTC-USD,0.0,0,0.0,0,0.0,0.0,0.06,0.0,612137,712455,,,1198436760485.3406
2024-05-12,60793.50390625,61818.15625,60632.6015625,61448.39453125,13800459405,0.0107113641527937,0.0299680171419878,BTC-USD,0.0,0,0.0,0,0.0,0.0,0.1200000000000001,0.0,573640,562310,,,1210038071267.0503
2024-05-13,61451.21875,63422.66015625,60769.83984375,62901.44921875,27889181179,0.0233714942378763,0.0305401868370857,BTC-USD,0.0,0,0.0,0,0.0,0.0,0.1399999999999999,0.0,746125,541770,,,1238739810860.9
2024-05-14,62900.7734375,63092.125,61123.765625,61552.7890625,28186271527,-0.0216740381115793,0.0276556531022458,BTC-USD,0.0,0,0.0,0,0.0,0.0,0.32,0.0,686207,422749,,,1212540748352.6196
2024-05-15,61553.98828125,66454.453125,61330.41015625,66267.4921875,39815167074,0.0738042976614984,0.0311475792808145,BTC-USD,0.0,0,0.0,0,0.0,0.0,0.28,0.0,714393,499145,,,1305663490423.4849
2024-05-16,66256.109375,66712.4296875,64613.0546875,65231.58203125,31573077994,-0.0157557243971512,0.031789117988147,BTC-USD,0.0,0,0.0,0,0.0,0.0,0.3999999999999999,0.0,689540,481822,,,1285751959588.0232
2024-05-17,65231.296875,67459.4609375,65119.31640625,67051.875,28031279310,0.0275228349050477,0.0283898586638016,BTC-USD,0.0,0,0.0,0,0.0,0.0,0.48,0.0,743911,564502,,,1319020493592.986
2024-05-18,67066.2109375,67387.328125,66663.5,66940.8046875,16712277406,-0.0016578568052922,0.0282419728497275,BTC-USD,0.0,0,0.0,0,0.0,0.0,0.4599999999999999,0.0,650957,399736,,,1319464124823.7952
2024-05-19,66937.9296875,67694.296875,65937.1796875,66278.3671875,19249094538,-0.0099451595532183,0.0284649990449146,BTC-USD,0.0,0,0.0,0,0.0,0.0,0.4399999999999999,0.0,637953,641786,,,1305348788162.1487
2024-05-20,66278.7421875,71483.5625,66086.171875,71448.1953125,43850655717,0.0751090888252983,0.0339541486460103,BTC-USD,0.0,0,0.0,0,0.0,0.0,0.3999999999999999,0.0,706063,632582,,,1402758099414.36
2024-05-21,71443.0625,71946.4609375,69191.125,70136.53125,46932005990,-0.0185288571822953,0.0342492759382462,BTC-USD,0.0,0,0.0,0,0.0,0.0,0.52,0.0,746087,544407,,,1383383873548.006
2024-05-22,70135.3203125,70623.6953125,68977.6953125,69122.3359375,32802561717,-0.0145658695101849,0.0340224907275112,BTC-USD,0.0,0,0.0,0,0.0,0.0,0.52,0.0,709347,587003,,,1360911099802.7354
2024-05-23,69121.3046875,70041.2734375,66356.953125,67929.5625,41895680979,-0.0174065965877577,0.0341007669727483,BTC-USD,0.0,0,0.0,0,0.0,0.0,0.52,0.0,728396,736406,,,1335015492496.5051
2024-05-24,67928.1328125,69220.296875,66622.671875,68526.1015625,29197308153,0.0087433946680479,0.0319101075610804,BTC-USD,0.0,0,0.0,0,0.0,0.0,0.48,0.0,663534,739561,,,1351802183524.9346
2024-05-25,68526.921875,69579.3203125,68515.8203125,69265.9453125,15473071741,0.0107386583854285,0.0318179728222255,BTC-USD,0.0,0,0.0,0,0.0,0.0,0.52,0.0,591356,844733,,,1365112585433.804
2024-05-26,69264.2890625,69506.2265625,68183.890625,68518.09375,15628433737,-0.0108555230580381,0.0322643365759602,BTC-USD,0.0,0,0.0,0,0.0,0.0,0.5,0.0,538911,852881,,,1348641220725.702
2024-05-27,68512.1796875,70597.8828125,68232.5,69394.5546875,25870990717,0.0127105489937593,0.0319926716395921,BTC-USD,0.0,0,0.0,0,0.0,0.0,0.48,0.0,612909,549315,,,1366456821776.78
2024-05-28,69392.1953125,69514.640625,67227.15625,68296.21875,32722265965,-0.0159539990459575,0.0316325739996031,BTC-USD,0.0,0,0.0,0,0.0,0.0,0.4399999999999999,0.0,653177,594169,,,1346682624470.3232
2024-05-29,68296.3515625,68852.4609375,67101.4921875,67578.09375,26707072906,-0.0105705290938477,0.0254457006902741,BTC-USD,0.0,0,0.0,0,0.0,0.0,0.4399999999999999,0.0,559784,721240,,,1331764329620.136
2024-05-30,67576.0859375,69500.5390625,67118.078125,68364.9921875,29509712534,0.0115770099062721,0.025074103511158,BTC-USD,0.0,0,0.0,0,0.0,0.0,0.4599999999999999,0.0,649063,510008,,,1347381651646.683
2024-05-31,68362.515625,68999.5625,66633.421875,67491.4140625,27387283769,-0.0128604927708056,0.0243931028297721,BTC-USD,0.0,0,0.0,0,0.0,0.0,0.4599999999999999,0.0,656289,713689,,,1327752245108.245
2024-06-01,67489.609375,67839.765625,67386.1953125,67706.9375,11641495604,0.003188258104855,0.0243950194961121,BTC-USD,0.0,0,0.0,0,0.0,0.0,0.4399999999999999,0.0,570980,737521,,,1334414955080.0835
2024-06-02,67710.2734375,68409.1640625,67315.5234375,67751.6015625,17110588415,0.0006594499605225,0.0241991365203595,BTC-USD,0.0,0,0.0,0,0.0,0.0,0.4599999999999999,0.0,536181,729457,,,1336240533927.6711
2024-06-03,67753.8984375,70230.8203125,67589.8359375,68804.78125,32401285324,0.0154251386581295,0.0128372706175108,BTC-USD,0.0,0,0.0,0,0.0,0.0,0.4599999999999999,0.0,689745,758731,,,1356529467104.4695
2024-06-04,68804.5703125,71047.40625,68564.640625,70567.765625,33149696545,0.0253002252489253,0.0139723857313098,BTC-USD,0.0,0,0.0,0,0.0,0.0,0.4599999999999999,0.0,637180,636795,,,1390471342294.432
2024-06-05,70568.3515625,71735.4140625,70390.7109375,71082.8203125,32810771409,0.0072722178166028,0.0133747511160369,BTC-USD,0.0,0,0.0,0,0.0,0.0,0.5,0.0,592424,562197,,,1401009939445.891
2024-06-06,71082.84375,71625.734375,70119.125,70757.1640625,25223152007,-0.0045918902720176,0.0123433503032389,BTC-USD,0.0,0,0.0,0,0.0,0.0,0.56,0.0,624088,602842,,,1395147734909.9626
2024-06-07,70759.1875,71907.8515625,68507.2578125,69342.5859375,36188381096,-0.020194557079892,0.0136461063354765,BTC-USD,0.0,0,0.0,0,0.0,0.0,0.54,0.0,583336,250713,,,1366594140735.1128
2024-06-08,69324.1796875,69533.3203125,69210.7421875,69305.7734375,14262185861,-0.000531019638905,0.0133467694950945,BTC-USD,0.0,0,0.0,0,0.0,0.0,0.4399999999999999,0.0,772154,529506,,,1366078592262.9685
2024-06-09,69297.4921875,69817.5234375,69160.84375,69647.9921875,13534028500,0.0049256591265892,0.0130180529663623,BTC-USD,0.0,0,0.0,0,0.0,0.0,0.5,0.0,609844,761292,,,1372693139520.204
2024-06-10,69644.3125,70146.0703125,69232.421875,69512.28125,20597699541,-0.0019504270460231,0.0126011463165147,BTC-USD,0.0,0,0.0,0,0.0,0.0,0.4399999999999999,0.0,684041,661124,,,1369213276623.9949
2024-06-11,69508.078125,69549.4140625,66123.6015625,67332.03125,37116136345,-0.0318673749178795,0.0147048401418164,BTC-USD,0.0,0,0.0,0,0.0,0.0,0.48,0.0,684207,469892,,,1327892843551.052
2024-06-12,67321.375,69977.890625,66902.453125,68241.1875,34497940694,0.013412234174301,0.0149017343382553,BTC-USD,0.0,0,0.0,0,0.0,0.0,0.4399999999999999,0.0,677849,690905,,,1344590981955.8423
2024-06-13,68243.1015625,68365.78125,66304.5625,66756.3984375,28955204146,-0.0219981554211618,0.0156966615642886,BTC-USD,0.0,0,0.0,0,0.0,0.0,0.3999999999999999,0.0,613255,729876,,,1316427135683.067
2024-06-14,66747.5703125,67294.6484375,65056.89453125,66011.09375,27403884779,-0.0112273344053877,0.0156131918754807,BTC-USD,0.0,0,0.0,0,0.0,0.0,0.48,0.0,606488,599059,,,1300658337179.108
2024-06-15,66006.7421875,66402.1875,65871.7734375,66191.0,14121265576,0.0027216870164859,0.0156027160507472,BTC-USD,0.0,0,0.0,0,0.0,0.0,0.48,0.0,635369,447381,,,1305076332518.8728
2024-06-16,66189.359375,66894.84375,66018.25,66639.046875,13281140541,0.0067461931211994,0.0157551005864864,BTC-USD,0.0,0,0.0,0,0.0,0.0,0.4199999999999999,0.0,735939,452652,,,1313344170121.058
2024-06-17,66636.515625,67188.3203125,65094.96484375,66490.296875,30006354476,-0.0022346697987336,0.0150125909171667,BTC-USD,0.0,0,0.0,0,0.0,0.0,0.4199999999999999,0.0,724644,465013,,,1310638614936.662
2024-06-18,66490.9765625,66556.703125,64066.95703125,65140.74609375,39481285950,-0.020505771883152,0.0134064263766408,BTC-USD,0.0,0,0.0,0,0.0,0.0,0.48,0.0,733498,605888,,,1283627261670.329
2024-06-19,65146.66015625,65695.3515625,64693.30078125,64960.296875,21103423504,-0.0027739875153266,0.0129177077020292,BTC-USD,0.0,0,0.0,0,0.0,0.0,0.28,0.0,622245,635236,,,1279053591186.5366
2024-06-20,64960.296875,66438.9609375,64547.84765625,64828.65625,25641109124,-0.0020285342777122,0.0129639032749128,BTC-USD,0.0,0,0.0,0,0.0,0.0,0.1999999999999999,0.0,661281,528366,,,1279454884177.93
2024-06-21,64837.98828125,65007.546875,63378.89453125,64096.19921875,26188171739,-0.0113626640759909,0.0124373536517073,BTC-USD,0.0,0,0.0,0,0.0,0.0,0.26,0.0,719280,592761,,,1263481239279.2856
2024-06-22,64113.86328125,64475.46875,63929.7578125,64252.578125,9858198793,0.0024367818200782,0.0125554871941247,BTC-USD,0.0,0,0.0,0,0.0,0.0,0.06,0.0,639305,681231,,,1266904515441.6245
2024-06-23,64248.96484375,64491.703125,63180.796875,63180.796875,11170471802,-0.016821441362,0.0125239519289207,BTC-USD,0.0,0,0.0,0,0.0,0.0,0.1,0.0,511478,497676,,,1248923864108.922
2024-06-24,63173.3515625,63292.52734375,58601.69921875,60277.4140625,43152133651,-0.0470429339934126,0.0163501651825606,BTC-USD,0.0,0,0.0,0,0.0,0.0,0.02,0.0,756391,525488,,,1188106947758.8867
2024-06-25,60266.28125,62258.26171875,60239.75,61804.640625,29201215431,0.0250209785898575,0.0175698107624386,BTC-USD,0.0,0,0.0,0,0.0,0.0,-0.4,0.0,631668,550745,,,1217325575193.919
2024-06-26,61789.67578125,62434.13671875,60695.1875,60811.27734375,22506003064,-0.0162031982640604,0.0168035859959817,BTC-USD,0.0,0,0.0,0,0.0,0.0,-0.0799999999999999,0.0,659381,465408,,,1198712185856.7195
2024-06-27,60811.2265625,62293.86328125,60585.33203125,61604.80078125,21231745045,0.0129645478634577,0.0171941059656559,BTC-USD,0.0,0,0.0,0,0.0,0.0,-0.1999999999999999,0.0,741302,427935,,,1214027045201.079
2024-06-28,61612.8046875,62126.09765625,59985.40234375,60320.13671875,24952866877,-0.0210738120086118,0.0176317986603762,BTC-USD,0.0,0,0.0,0,0.0,0.0,-0.06,0.0,752964,595003,,,1189077674566.551
2024-06-29,60319.875,61097.62109375,60300.96484375,60887.37890625,12652903396,0.0093599200646925,0.0179828862760904,BTC-USD,0.0,0,0.0,0,0.0,0.0,-0.4,0.0,720705,703622,,,1200662758639.697
2024-06-30,60888.4453125,62892.828125,60632.94921875,62678.29296875,17333226409,0.0289892727317249,0.0200555172220536,BTC-USD,0.0,0,0.0,0,0.0,0.0,-0.06,0.0,653363,518698,,,1237638479045.0432
2024-07-01,62673.60546875,63777.2265625,62495.51171875,62851.98046875,25468379421,0.0027672625269042,0.0201409858810692,BTC-USD,0.0,0,0.0,0,0.0,0.0,0.06,0.0,907181,596143,,,1239088312485.809
2024-07-02,62844.41015625,63203.359375,61752.74609375,62029.015625,20151616992,-0.0131801760562906,0.0197715010970426,BTC-USD,0.0,0,0.0,0,0.0,0.0,0.02,0.0,750376,608523,,,1223207576249.1216
2024-07-03,62034.33203125,62187.703125,59419.38671875,60173.921875,29756701685,-0.0303632025066165,0.0210289177755356,BTC-USD,0.0,0,0.0,0,0.0,0.0,0.0,0.0,769767,536681,,,1187497690834.3545
2024-07-04,60147.13671875,60399.67578125,56777.8046875,56977.703125,41149609230,-0.0545790489543486,0.0247319821810258,BTC-USD,0.0,0,0.0,0,0.0,0.0,-0.12,0.0,715636,535655,,,1132341877598.4685
2024-07-05,57022.80859375,57497.15234375,53717.375,56662.375,55417544033,-0.005549607840752,0.024742047271532,BTC-USD,0.0,0,0.0,0,0.0,0.0,-0.42,0.0,694964,493163,,,1118612820894.606
2024-07-06,56659.07421875,58472.546875,56038.9609375,58303.5390625,20610320577,0.0285523856250874,0.0265716645855835,BTC-USD,0.0,0,0.0,0,0.0,0.0,-0.48,0.0,720587,656568,,,1148978860522.4868
2024-07-07,58239.4296875,58371.12109375,55793.32421875,55849.109375,20553359505,-0.0430092171893191,0.0281930938966186,BTC-USD,0.0,0,0.0,0,0.0,0.0,-0.42,0.0,594423,684693,,,1106667719773.1875
2024-07-08,55849.57421875,58131.3359375,54321.01953125,56705.09765625,39766159899,0.015210533790654,0.0265612870188878,BTC-USD,0.0,0,0.0,0,0.0,0.0,-0.4399999999999999,0.0,798942,586774,,,1118121839034.7312
2024-07-09,56704.59765625,58239.1953125,56316.875,58009.2265625,27849512607,0.0227379641121488,0.0263733455784506,BTC-USD,0.0,0,0.0,0,0.0,0.0,-0.4599999999999999,0.0,762581,644607,,,1143582599028.2349
2024-07-10,58033.8828125,59359.43359375,57178.4140625,57742.49609375,26175260526,-0.0046086733698468,0.0261596601633524,BTC-USD,0.0,0,0.0,0,0.0,0.0,-0.4399999999999999,0.0,646708,632748,,,1138490509268.5652
2024-07-11,57729.890625,59299.43359375,57120.37890625,57344.9140625,28707803842,-0.0069092459782688,0.0257214267334736,BTC-USD,0.0,0,0.0,0,0.0,0.0,-0.42,0.0,646553,646591,,,1130344087896.4204
2024-07-12,57341.1953125,58532.5546875,56590.17578125,57899.46484375,25604805221,0.0096239845581041,0.0255646035602975,BTC-USD,0.0,0,0.0,0,0.0,0.0,-0.5,0.0,708446,659272,,,1141247236802.8015
2024-07-13,57908.73828125,59787.078125,57796.44140625,59231.953125,17080061806,0.0227530032425821,0.0262997214764834,BTC-USD,0.0,0,0.0,0,0.0,0.0,-0.5,0.0,601071,733907,,,1170269292685.8416
2024-07-14,59225.25,61329.52734375,59225.25,60787.79296875,22223416061,0.0259278502630055,0.0260338983755088,BTC-USD,0.0,0,0.0,0,0.0,0.0,-0.3399999999999999,0.0,751254,588547,,,1203557535228.1936
2024-07-15,60815.45703125,64870.15234375,60704.9296875,64870.15234375,38094526099,0.0649986203949803,0.0316516392577815,BTC-USD,0.0,0,0.0,0,0.0,0.0,0.04,0.0,787506,544485,,,1276962300259.14
2024-07-16,64784.41796875,65354.33984375,62487.96875,65097.1484375,41617346768,0.0034931297826731,0.0313382157135531,BTC-USD,0.0,0,0.0,0,0.0,0.0,0.3,0.0,746639,536502,,,1284568316160.6465
2024-07-17,65091.83203125,66066.734375,63896.0859375,64118.79296875,32525071311,-0.0151432424548232,0.0303225804495818,BTC-USD,0.0,0,0.0,0,0.0,0.0,0.3799999999999999,0.0,729938,617766,,,1266501997732.3315
2024-07-18,64104.73828125,65104.66015625,63246.1640625,63974.06640625,27239305337,-0.0022597141603525,0.0252816100217692,BTC-USD,0.0,0,0.0,0,0.0,0.0,0.2199999999999999,0.0,764574,435804,,,1262245674295.565
2024-07-19,63972.32421875,67442.640625,63329.34375,66710.15625,37003855410,0.0418794201096355,0.0264382497257246,BTC-USD,0.0,0,0.0,0,0.0,0.0,0.1999999999999999,0.0,755308,507835,,,1316950533921.2432
2024-07-20,66709.921875,67610.734375,66299.6171875,67163.6484375,19029581250,0.0067749463483318,0.0260050444063786,BTC-USD,0.0,0,0.0,0,0.0,0.0,0.48,0.0,673407,696460,,,1325462534018.3325
2024-07-21,67164.9140625,68372.90625,65842.296875,68154.5234375,26652190004,0.0146453753701437,0.021037472569367,BTC-USD,0.0,0,0.0,0,0.0,0.0,0.48,0.0,607493,858284,,,1342684327868.0134
2024-07-22,68152.9765625,68480.0625,66611.296875,67585.25,42649109453,-0.0083877666901128,0.0218807595103723,BTC-USD,0.0,0,0.0,0,0.0,0.0,0.3999999999999999,0.0,749350,827992,,,1332434998137.292
2024-07-23,67584.8046875,67779.015625,65484.4609375,65927.671875,35605668666,-0.0248315035462847,0.0237854904326533,BTC-USD,0.0,0,0.0,0,0.0,0.0,0.4199999999999999,0.0,671794,827733,,,1300531918961.3372
2024-07-24,65927.859375,67113.984375,65146.99609375,65372.1328125,27470942309,-0.008462196557576,0.0239783439656776,BTC-USD,0.0,0,0.0,0,0.0,0.0,0.3799999999999999,0.0,681137,601149,,,1289452069316.2412
2024-07-25,65375.875,66112.421875,63473.47265625,65777.2265625,38315761670,0.0061776136799459,0.0235676903724464,BTC-USD,0.0,0,0.0,0,0.0,0.0,0.3600000000000001,0.0,713877,708129,,,1296759680321.8955
2024-07-26,65771.8125,68207.6015625,65743.765625,67912.0625,30488630457,0.0319399921931968,0.0242982720770501,BTC-USD,0.0,0,0.0,0,0.0,0.0,0.3600000000000001,0.0,715636,458448,,,1340008042854.506
2024-07-27,67911.8125,69398.5078125,66705.21875,67813.3359375,34691905492,-0.0014547988961382,0.0242890421550353,BTC-USD,0.0,0,0.0,0,0.0,0.0,0.4399999999999999,0.0,694649,454253,,,1343299057385.0393
2024-07-28,67808.65625,68301.8515625,67085.828125,68255.8671875,18043166945,0.0065045256396706,0.0238391647660017,BTC-USD,0.0,0,0.0,0,0.0,0.0,0.4199999999999999,0.0,578686,756828,,,1345171498943.8967
2024-07-29,68259.0546875,69987.5390625,66532.59375,66819.9140625,40780682628,-0.0212622456640866,0.0186292988081256,BTC-USD,0.0,0,0.0,0,0.0,0.0,0.48,0.0,794379,821955,,,1319487462592.1409
2024-07-30,66819.0546875,66987.671875,65323.19140625,66201.015625,31380492109,-0.0093053462306732,0.0188689641848607,BTC-USD,0.0,0,0.0,0,0.0,0.0,0.3400000000000001,0.0,673555,670957,,,1306095087232.0293
2024-07-31,66201.2734375,66810.2109375,64532.046875,64619.25,31292785994,-0.0241834505774866,0.0196114005970974,BTC-USD,0.0,0,0.0,0,0.0,0.0,0.2199999999999999,0.0,740485,578053,,,1276596836711.3477
2024-08-01,64625.83984375,65593.2421875,62248.94140625,65357.5,40975554494,0.0113598461110431,0.0197979303901126,BTC-USD,0.0,0,0.0,0,0.0,0.0,0.04,0.0,772675,532152,,,1286244065719.223
2024-08-02,65353.5,65523.22265625,61184.89453125,61415.06640625,43060875727,-0.0622170138648715,0.0227979002747993,BTC-USD,0.0,0,0.0,0,0.0,0.0,0.1399999999999999,0.0,764749,410307,,,1213817797251.566
2024-08-03,61414.80859375,62148.37109375,59836.52734375,60680.09375,31753030589,-0.0120394867920851,0.0225459456815083,BTC-USD,0.0,0,0.0,0,0.0,0.0,-0.26,0.0,692352,502369,,,1197690043760.8433
2024-08-04,60676.09375,61062.98828125,57210.8046875,58116.9765625,31758917219,-0.0431578827242093,0.0235001309787708,BTC-USD,0.0,0,0.0,0,0.0,0.0,-0.3199999999999999,0.0,668340,526479,,,1150707429146.879
2024-08-05,58110.296875,58268.828125,49121.23828125,53991.45703125,108991085584,-0.0736319858212006,0.0287450748284641,BTC-USD,0.0,0,0.0,0,0.0,0.0,-0.48,0.0,817104,550851,,,1072529021264.8894
2024-08-06,53991.34765625,57059.91796875,53973.2734375,56034.31640625,49300484106,0.0371384650991169,0.0318868422141133,BTC-USD,0.0,0,0.0,0,0.0,0.0,-0.6599999999999999,0.0,729981,483465,,,1106180699377.314
2024-08-07,56040.6328125,57726.8828125,54620.5078125,55027.4609375,41637562185,-0.0181319456214236,0.0319180355148858,BTC-USD,0.0,0,0.0,0,0.0,0.0,-0.42,0.0,714826,381999,,,1088088938095.4432
2024-08-08,55030.02734375,62673.765625,54766.7265625,61710.13671875,45298472567,0.1146158574329579,0.0465511914177903,BTC-USD,0.0,0,0.0,0,0.0,0.0,-0.6,0.0,722252,485878,,,1221911146638.464
2024-08-09,61728.20703125,61751.86328125,59587.859375,60880.11328125,33425553115,-0.0135416335526674,0.0453803868341453,BTC-USD,0.0,0,0.0,0,0.0,0.0,-0.04,0.0,705635,394215,,,1198490907345.185
2024-08-10,60881.23046875,61464.51171875,60287.56640625,60945.8125,15745822278,0.0010785754296191,0.0454127070287929,BTC-USD,0.0,0,0.0,0,0.0,0.0,-0.1999999999999999,0.0,594175,556497,,,1201488224323.9707
2024-08-11,60944.890625,61778.66015625,58348.82421875,58719.484375,22759754812,-0.0372135465234372,0.0458670760448112,BTC-USD,0.0,0,0.0,0,0.0,0.0,-0.2199999999999999,0.0,630696,641944,,,1161341917394.8513
2024-08-12,58719.39453125,60680.33203125,57688.8984375,59354.515625,37078637820,0.0107565996406079,0.0461002357677865,BTC-USD,0.0,0,0.0,0,0.0,0.0,-0.5,0.0,714520,442326,,,1172382636726.98
2024-08-13,59356.20703125,61572.3984375,58506.25390625,60609.56640625,30327698167,0.020924539277115,0.0467609441778884,BTC-USD,0.0,0,0.0,0,0.0,0.0,-0.38,0.0,706882,582647,,,1194954421029.1013
2024-08-14,60611.05078125,61687.7578125,58472.875,58737.26953125,29961696180,-0.0313783013916643,0.047011437460665,BTC-USD,0.0,0,0.0,0,0.0,0.0,-0.4,0.0,662757,510189,,,1161508436746.0671
2024-08-15,58733.26171875,59838.6484375,56161.59375,57560.09765625,35682112440,-0.0202448620971359,0.0468299225880742,BTC-USD,0.0,0,0.0,0,0.0,0.0,-0.42,0.0,715632,658114,,,1137919278895.1729
2024-08-16,57560.2734375,59847.359375,57110.01953125,58894.10546875,29350938673,0.0229114301013426,0.0448852190017103,BTC-USD,0.0,0,0.0,0,0.0,0.0,-0.4599999999999999,0.0,700335,581170,,,1163274113459.3052
2024-08-17,58893.53125,59694.66796875,58814.83203125,59478.97265625,13589684021,0.0098818406372623,0.0449277313902446,BTC-USD,0.0,0,0.0,0,0.0,0.0,-0.5,0.0,612305,706066,,,1172923422382.6035
2024-08-18,59468.1328125,60262.71875,58445.40234375,58483.96484375,17740625837,-0.016870237926472,0.0435786083687558,BTC-USD,0.0,0,0.0,0,0.0,0.0,-0.38,0.0,588717,758170,,,1160683488749.228
2024-08-19,58480.7109375,59612.66015625,57864.7109375,59493.453125,25911207712,0.017113663556006,0.0381188857620158,BTC-USD,0.0,0,0.0,0,0.0,0.0,-0.4399999999999999,0.0,687027,560243,,,1172914231316.018
2024-08-20,59493.453125,61396.328125,58610.8828125,59012.79296875,31613400008,-0.0081120246047573,0.037269526158418,BTC-USD,0.0,0,0.0,0,0.0,0.0,-0.4,0.0,696903,715687,,,1167251872460.36
2024-08-21,59014.98828125,61834.3515625,58823.4453125,61175.19140625,32731154072,0.0359874877747518,0.0376358525345015,BTC-USD,0.0,0,0.0,0,0.0,0.0,-0.48,0.0,711700,684872,,,1206957302716.6252
2024-08-22,61168.31640625,61408.109375,59815.25390625,60381.9140625,27625734377,-0.0130521141055434,0.0218647804037818,BTC-USD,0.0,0,0.0,0,0.0,0.0,-0.2199999999999999,0.0,719227,797502,,,1192406173923.517
2024-08-23,60380.953125,64947.0625,60372.05078125,64094.35546875,42530509233,0.0596666777899252,0.0269420586186093,BTC-USD,0.0,0,0.0,0,0.0,0.0,-0.3199999999999999,0.0,694990,799006,,,1265733883467.168
2024-08-24,64103.87109375,64513.7890625,63619.91796875,64178.9921875,21430585163,0.001319630813085,0.0269403486303189,BTC-USD,0.0,0,0.0,0,0.0,0.0,0.1200000000000001,0.0,611271,797698,,,1264114353900.488
2024-08-25,64176.3671875,64996.421875,63833.51953125,64333.54296875,18827683555,0.0024052261605437,0.0242604928009367,BTC-USD,0.0,0,0.0,0,0.0,0.0,0.08,0.0,539499,703385,,,1273515741882.9749
2024-08-26,64342.2265625,64489.70703125,62849.55859375,62880.66015625,27682040631,-0.0228425120791344,0.0254424601318606,BTC-USD,0.0,0,0.0,0,0.0,0.0,0.1,0.0,656542,606871,,,1243636765954.651
2024-08-27,62879.70703125,63210.796875,58116.75,59504.1328125,39103882198,-0.0551928775609079,0.0294007493786044,BTC-USD,0.0,0,0.0,0,0.0,0.0,-0.04,0.0,685194,676465,,,1175828958505.758
2024-08-28,59507.92578125,60236.44921875,57890.67578125,59027.625,40289564698,-0.0080402145092669,0.0282022427149506,BTC-USD,0.0,0,0.0,0,0.0,0.0,-0.4,0.0,740845,721912,,,1167027678458.671
2024-08-29,59027.46875,61184.08203125,58786.2265625,59388.1796875,32224990582,0.0060896567427389,0.0275944622089754,BTC-USD,0.0,0,0.0,0,0.0,0.0,-0.42,0.0,723280,525910,,,1171771866967.5942
2024-08-30,59388.6015625,59896.88671875,57768.53125,59119.4765625,32292756405,-0.0045347886200276,0.0269805049773052,BTC-USD,0.0,0,0.0,0,0.0,0.0,-0.3199999999999999,0.0,826297,548197,,,1167910930786.7915
2024-08-31,59117.48046875,59432.59375,58768.78515625,58969.8984375,12403470760,-0.002533305049583,0.0268440663476695,BTC-USD,0.0,0,0.0,0,0.0,0.0,-0.42,0.0,670825,695519,,,1164323996819.61
2024-09-01,58969.80078125,59062.0703125,57217.82421875,57325.48828125,24592449997,-0.0282817712577214,0.0275398868187791,BTC-USD,0.0,0,0.0,0,0.0,0.0,-0.48,0.0,660770,656333,,,1132538921721.956
2024-09-02,57326.96875,59403.0703125,57136.02734375,59112.48046875,27036454524,0.0306967310826489,0.0284670469228652,BTC-USD,0.0,0,0.0,0,0.0,0.0,-0.48,0.0,717673,739986,,,1168312845795.648
2024-09-03,59106.19140625,59815.05859375,57425.16796875,57431.0234375,26666961053,-0.0288574422367031,0.0294200521391544,BTC-USD,0.0,0,0.0,0,0.0,0.0,-0.48,0.0,699302,592324,,,1138297029175.8745
2024-09-04,57430.34765625,58511.5703125,55673.1640625,57971.5390625,35627680312,0.0093675489668366,0.0275830592610567,BTC-USD,0.0,0,0.0,0,0.0,0.0,-0.4599999999999999,0.0,699461,728756,,,1146137641743.4744
2024-09-05,57971.703125,58300.58203125,55712.453125,56160.48828125,31030280656,-0.0317387301454916,0.0284999084261037,BTC-USD,0.0,0,0.0,0,0.0,0.0,-0.42,0.0,734546,714387,,,1108236739981.0042
2024-09-06,56160.19140625,56976.109375,52598.69921875,53948.75390625,49361693566,-0.0401788599055401,0.022984200394574,BTC-USD,0.0,0,0.0,0,0.0,0.0,-0.56,0.0,726287,665444,,,1063349406183.8052
2024-09-07,53949.0859375,54838.14453125,53740.0703125,54139.6875,19061486526,0.0035329178561706,0.0230925072840378,BTC-USD,0.0,0,0.0,0,0.0,0.0,-0.54,0.0,606660,794571,,,1067869086202.0573
2024-09-08,54147.93359375,55300.859375,53653.7578125,54841.56640625,18268287531,0.0128809053957022,0.0237604976984936,BTC-USD,0.0,0,0.0,0,0.0,0.0,-0.42,0.0,596940,906655,,,1083556715258.8136
2024-09-09,54851.88671875,58041.125,54598.43359375,57019.53515625,34618096173,0.0389455136654467,0.0269909212318343,BTC-USD,0.0,0,0.0,0,0.0,0.0,-0.48,0.0,736827,570838,,,1128547518526.8225
2024-09-10,57020.09765625,58029.9765625,56419.4140625,57648.7109375,28857630507,0.0109739551593939,0.0234634769245699,BTC-USD,0.0,0,0.0,0,0.0,0.0,-0.3399999999999999,0.0,733172,556413,,,1139015466135.6826
2024-09-11,57650.2890625,57991.3203125,55567.33984375,57343.171875,37049062672,-0.005314110423381,0.0234231187149079,BTC-USD,0.0,0,0.0,0,0.0,0.0,-0.26,0.0,662704,408991,,,1133991945926.9812
2024-09-12,57343.171875,58534.359375,57330.1015625,58127.01171875,33835707949,0.0135766976294007,0.0237074434168331,BTC-USD,0.0,0,0.0,0,0.0,0.0,-0.38,0.0,775748,561823,,,1148151626487.3196
2024-09-13,58130.32421875,60648.0234375,57650.11328125,60571.30078125,32490528356,0.0411907229072504,0.026273028792089,BTC-USD,0.0,0,0.0,0,0.0,0.0,-0.36,0.0,794367,422965,,,1195824511492.5513
2024-09-14,60569.1171875,60656.72265625,59517.8828125,60005.12109375,16428405496,-0.0093912862885415,0.0264221997397039,BTC-USD,0.0,0,0.0,0,0.0,0.0,0.0,0.0,688474,637192,,,1185386846216.0225
2024-09-15,60000.7265625,60381.91796875,58696.30859375,59182.8359375,18120960867,-0.0137983437794186,0.0254426489692941,BTC-USD,0.0,0,0.0,0,0.0,0.0,0.02,0.0,643849,730022,,,1168085465734.0293
2024-09-16,59185.2265625,59205.51171875,57501.33984375,58192.5078125,32032822113,-0.0168749516561809,0.0245149774077922,BTC-USD,0.0,0,0.0,0,0.0,0.0,-0.2199999999999999,0.0,746172,486773,,,1150280600030.6746
2024-09-17,58192.5078125,61316.08984375,57628.0703125,60308.5390625,38075570118,0.0357170886607077,0.0249655169238094,BTC-USD,0.0,0,0.0,0,0.0,0.0,-0.3399999999999999,0.0,732953,551806,,,1190031170202.8845
2024-09-18,60309.0,61664.06640625,59218.25390625,61649.6796875,40990702891,0.0219943305683947,0.0254180817448946,BTC-USD,0.0,0,0.0,0,0.0,0.0,-0.0999999999999999,0.0,720313,535050,,,1211156711137.1653
2024-09-19,61651.15625,63872.44140625,61609.8671875,62940.45703125,42710252573,0.0207211190539162,0.0234741317627091,BTC-USD,0.0,0,0.0,0,0.0,0.0,-0.02,0.0,746741,449403,,,1244536027989.0344
2024-09-20,62941.42578125,64119.53125,62364.60546875,63192.9765625,35177164222,0.0040040116474054,0.0190269256851149,BTC-USD,0.0,0,0.0,0,0.0,0.0,0.08,0.0,822445,524801,,,1247712645343.231
2024-09-21,63184.33984375,63543.359375,62783.10546875,63394.83984375,14408616220,0.0031893030164782,0.0190379299265265,BTC-USD,0.0,0,0.0,0,0.0,0.0,0.08,0.0,665209,564640,,,1251962918584.1355
2024-09-22,63396.8046875,63993.421875,62440.7265625,63648.7109375,20183348802,0.0039966047880297,0.0191280498810096,BTC-USD,0.0,0,0.0,0,0.0,0.0,0.04,0.0,595289,629903,,,1256024783427.4387
2024-09-23,63643.1015625,64733.55859375,62628.078125,63329.80078125,31400285425,-0.0050230676430797,0.0176772926151243,BTC-USD,0.0,0,0.0,0,0.0,0.0,0.0,0.0,796781,573531,,,1251392097859.85
2024-09-24,63326.83984375,64695.21484375,62737.41796875,64301.96875,29938335243,0.0152342441721866,0.0177781274052956,BTC-USD,0.0,0,0.0,0,0.0,0.0,0.08,0.0,749184,531570,,,1271313129462.337
2024-09-25,64302.58984375,64804.50390625,62945.375,63143.14453125,25078377700,-0.0181859645588886,0.0188114133711726,BTC-USD,0.0,0,0.0,0,0.0,0.0,0.1799999999999999,0.0,713234,504605,,,1245988223233.761
2024-09-26,63138.546875,65790.796875,62669.26953125,65181.01953125,36873129847,0.031764030655624,0.0199054755272115,BTC-USD,0.0,0,0.0,0,0.0,0.0,0.0,0.0,721855,483781,,,1285496061106.9304
2024-09-27,65180.6640625,66480.6953125,64852.9921875,65790.6640625,32058813449,0.0093096296486782,0.017519247939411,BTC-USD,0.0,0,0.0,0,0.0,0.0,0.2199999999999999,0.0,751618,434448,,,1299551877858.9436
2024-09-28,65792.1796875,66255.53125,65458.03515625,65887.6484375,15243637984,0.0014730503557602,0.0170232149475576,BTC-USD,0.0,0,0.0,0,0.0,0.0,0.28,0.0,649697,521838,,,1299634003244.5647
2024-09-29,65888.8984375,66069.34375,65450.015625,65635.3046875,14788214575,-0.003837262677613,0.0162940039761348,BTC-USD,0.0,0,0.0,0,0.0,0.0,0.26,0.0,680061,685081,,,1296647099791.2417
2024-09-30,65634.65625,65635.0546875,62873.6171875,63329.5,37112957475,-0.035762477049568,0.0190128625049303,BTC-USD,0.0,0,0.0,0,0.0,0.0,0.2199999999999999,0.0,732082,593815,,,1250084222714.1135
2024-10-01,63335.60546875,64110.98046875,60189.27734375,60837.0078125,50220923500,-0.0401529704172501,0.0206465321369356,BTC-USD,0.0,0,0.0,0,0.0,0.0,0.0,0.0,863700,624352,,,1202652137478.4417
2024-10-02,60836.32421875,62357.6875,59996.94921875,60632.78515625,40762722398,-0.0033625289659382,0.0197189177639961,BTC-USD,0.0,0,0.0,0,0.0,0.0,-0.16,0.0,711643,599545,,,1199279596723.505
2024-10-03,60632.484375,61469.0390625,59878.8046875,60759.40234375,36106447279,0.0020860853737759,0.0187304136115095,BTC-USD,0.0,0,0.0,0,0.0,0.0,-0.26,0.0,737116,574536,,,1200873514750.205
2024-10-04,60754.625,62465.9921875,60459.94140625,62067.4765625,29585472513,0.0213002835593871,0.0197371424703164,BTC-USD,0.0,0,0.0,0,0.0,0.0,-0.18,0.0,784413,571667,,,1226346035907.7808
2024-10-05,62067.609375,62371.0234375,61689.58203125,62089.94921875,13305410749,0.0003620026165009,0.019702288469977,BTC-USD,0.0,0,0.0,0,0.0,0.0,-0.02,0.0,608641,759113,,,1225939409986.7307
2024-10-06,62084.98828125,62959.5703125,61833.1484375,62818.953125,14776233667,0.0116727017835174,0.0199715562078974,BTC-USD,0.0,0,0.0,0,0.0,0.0,0.0,0.0,610738,744069,,,1240978188262.51
2024-10-07,62819.109375,64443.70703125,62152.55078125,62236.66015625,34253562610,-0.009312611593072,0.0200717132902206,BTC-USD,0.0,0,0.0,0,0.0,0.0,0.0,0.0,719501,717392,,,1233629090802.9285
2024-10-08,62221.64453125,63174.3046875,61843.5625,62131.96875,28134475157,-0.0016835665376192,0.0195046047813367,BTC-USD,0.0,0,0.0,0,0.0,0.0,-0.02,0.0,822783,711462,,,1227926230938.8872
2024-10-09,62131.7265625,62508.8359375,60314.61328125,60582.1015625,27670982363,-0.0252611554684642,0.0200282639182367,BTC-USD,0.0,0,0.0,0,0.0,0.0,-0.02,0.0,668278,534258,,,1198084020487.346
2024-10-10,60581.9296875,61236.72265625,58895.20703125,60274.5,30452813570,-0.0050903669759527,0.0173574536180219,BTC-USD,0.0,0,0.0,0,0.0,0.0,-0.2199999999999999,0.0,679738,759342,,,1190322842678.6824
2024-10-11,60275.4609375,63400.87109375,60046.125,62445.08984375,30327141594,0.0353784793604471,0.0202380602526056,BTC-USD,0.0,0,0.0,0,0.0,0.0,-0.36,0.0,718986,631180,,,1234653841758.9736
2024-10-12,62444.6171875,63448.78515625,62443.26953125,63193.0234375,16744110886,0.011906298332257,0.0206325559890963,BTC-USD,0.0,0,0.0,0,0.0,0.0,-0.02,0.0,606243,732389,,,1249315889028.0068
2024-10-13,63192.9453125,63272.65234375,62035.63671875,62851.375,18177529690,-0.005421094129359,0.0206419424319348,BTC-USD,0.0,0,0.0,0,0.0,0.0,0.0,0.0,609844,643752,,,1240577394495.5432
2024-10-14,62848.3984375,66482.4921875,62442.15234375,66046.125,43706958056,0.0495805492882901,0.0227471125049409,BTC-USD,0.0,0,0.0,0,0.0,0.0,-0.04,0.0,722649,609666,,,1306437310355.3203
2024-10-15,66050.3671875,67881.6796875,64809.1953125,67041.109375,48863870879,0.0149526424220397,0.0191960990406938,BTC-USD,0.0,0,0.0,0,0.0,0.0,0.3,0.0,787245,648296,,,1323158084525.473
2024-10-16,67042.4609375,68375.2890625,66758.7265625,67612.71875,38195189534,0.0084901085474491,0.0189669499032203,BTC-USD,0.0,0,0.0,0,0.0,0.0,0.4599999999999999,0.0,614677,722995,,,1337598426066.1377
2024-10-17,67617.078125,67912.2109375,66647.390625,67399.8359375,32790898511,-0.0031535287872272,0.0191389214377588,BTC-USD,0.0,0,0.0,0,0.0,0.0,0.4199999999999999,0.0,765780,637858,,,1331205778724.287
2024-10-18,67419.109375,68969.75,67177.8203125,68418.7890625,36857165014,0.0150048970496654,0.0188593425016589,BTC-USD,0.0,0,0.0,0,0.0,0.0,0.4599999999999999,0.0,723986,471530,,,1352044329417.828
2024-10-19,68418.9765625,68668.0078125,68024.640625,68362.734375,14443497908,-0.0008196237215279,0.0188937498152281,BTC-USD,0.0,0,0.0,0,0.0,0.0,0.4399999999999999,0.0,685573,738236,,,1351436024579.4995
2024-10-20,68364.1796875,69359.0078125,68105.71875,69001.703125,18975847518,0.0093033301819392,0.0188580423473665,BTC-USD,0.0,0,0.0,0,0.0,0.0,0.4599999999999999,0.0,688498,785369,,,1364411911597.1309
2024-10-21,69002.0,69462.734375,66829.8515625,67367.8515625,37498611780,-0.0239632629213024,0.02017574885468,BTC-USD,0.0,0,0.0,0,0.0,0.0,0.4399999999999999,0.0,717571,837363,,,1333370812454.5571
2024-10-22,67360.703125,67801.578125,66581.3671875,67361.40625,31808472566,-9.56779931777652e-05,0.0201357210342504,BTC-USD,0.0,0,0.0,0,0.0,0.0,0.3999999999999999,0.0,639877,696851,,,1333109112878.5735
2024-10-23,67362.375,67402.7421875,65188.03515625,66432.1953125,32263980353,-0.0138904382136989,0.0189840582296171,BTC-USD,0.0,0,0.0,0,0.0,0.0,0.4199999999999999,0.0,740774,655119,,,1317749059876.3137
2024-10-24,66653.703125,68798.9609375,66454.1015625,68161.0546875,31414428647,0.0256915479674531,0.0193076856095243,BTC-USD,0.0,0,0.0,0,0.0,0.0,0.3799999999999999,0.0,656927,700022,,,1347116211228.2568
2024-10-25,68165.296875,68722.15625,65521.79296875,66642.4140625,41469984306,-0.0225321334727949,0.0193748811357074,BTC-USD,0.0,0,0.0,0,0.0,0.0,0.4399999999999999,0.0,859095,503588,,,1310184157590.396
2024-10-26,66628.734375,67317.921875,66360.59375,67014.6953125,19588098156,0.0055707057332499,0.0192659583687644,BTC-USD,0.0,0,0.0,0,0.0,0.0,0.0,0.0,727063,603956,,,1325277793277.3464
2024-10-27,67023.4765625,68221.3125,66847.2265625,67929.296875,16721307878,0.0135554840575667,0.0192048925287871,BTC-USD,0.0,0,0.0,0,0.0,0.0,0.48,0.0,654362,695610,,,1344626789947.3325
2024-10-28,67922.671875,70212.265625,67535.1328125,69907.7578125,38799856657,0.0287092151025569,0.0160798281413166,BTC-USD,0.0,0,0.0,0,0.0,0.0,0.4399999999999999,0.0,756668,713082,,,1381489809812.0127
2024-10-29,69910.046875,73577.2109375,69729.9140625,72720.4921875,58541874402,0.0394465905777621,0.0185058352897512,BTC-USD,0.0,0,0.0,0,0.0,0.0,0.4399999999999999,0.0,831182,617786,,,1437215455136.4832
2024-10-30,72715.3671875,72905.296875,71411.734375,72339.5390625,40646637831,-0.0052523634181871,0.0187159243282234,BTC-USD,0.0,0,0.0,0,0.0,0.0,0.54,0.0,794409,674680,,,1432735109920.4976
2024-10-31,72335.046875,72662.3125,69590.5,70215.1875,40627912076,-0.0298062208969249,0.0208266360927736,BTC-USD,0.0,0,0.0,0,0.0,0.0,0.54,0.0,789382,562286,,,1391573641948.6345
2024-11-01,70216.8984375,71559.015625,68779.703125,69482.46875,49989795365,-0.0104901612367784,0.0208035618883341,BTC-USD,0.0,0,0.0,0,0.0,0.0,0.5,0.0,819093,547824,,,1374134861457.608
2024-11-02,69486.0234375,69867.3515625,69033.71875,69289.2734375,18184612091,-0.0027843627855302,0.0208241383616753,BTC-USD,0.0,0,0.0,0,0.0,0.0,0.4399999999999999,0.0,690705,540251,,,1369381390768.1792
2024-11-03,69296.3828125,69361.65625,67482.5234375,68741.1171875,34868307655,-0.0079425861102487,0.0208028047358944,BTC-USD,0.0,0,0.0,0,0.0,0.0,0.48,0.0,627617,455287,,,1359542591577.401
2024-11-04,68742.1328125,69433.1796875,66803.6484375,67811.5078125,41184819348,-0.0136156113622657,0.0200670583845044,BTC-USD,0.0,0,0.0,0,0.0,0.0,0.3999999999999999,0.0,811710,462249,,,1340516077446.8154
2024-11-05,67811.171875,70522.7890625,67458.8671875,69359.5625,46046889204,0.0225721124909319,0.020914591893557,BTC-USD,0.0,0,0.0,0,0.0,0.0,0.3999999999999999,0.0,768957,457869,,,1375333854518.3318
2024-11-06,69358.5,76460.15625,69322.03125,75639.078125,118592653963,0.086669031268464,0.0302080033403813,BTC-USD,0.0,0,0.0,0,0.0,0.0,0.3999999999999999,0.0,894241,500965,,,1497164174352.868
2024-11-07,75637.0859375,76943.1171875,74480.421875,75904.859375,63467654989,0.0035076496874788,0.0298602209468347,BTC-USD,0.0,0,0.0,0,0.0,0.0,0.54,0.0,792482,567009,,,1502665235112.8457
2024-11-08,75902.8359375,77252.75,75648.7421875,76545.4765625,55176858003,0.0084043233393163,0.0285687163345619,BTC-USD,0.0,0,0.0,0,0.0,0.0,0.5,0.0,848426,481877,,,1513284018479.047
2024-11-09,76556.1875,76932.765625,75773.7890625,76778.8671875,29009480361,0.0030444063813357,0.0286060918918543,BTC-USD,0.0,0,0.0,0,0.0,0.0,0.5,0.0,654475,587132,,,1519089160917.0645
2024-11-10,76775.546875,81474.421875,76565.4296875,80474.1875,82570594495,0.0470070453718431,0.0302985056757841,BTC-USD,0.0,0,0.0,0,0.0,0.0,0.56,0.0,793243,553582,,,1590532816418.8228
2024-11-11,80471.4140625,89604.5,80283.25,88701.484375,117966845037,0.0973401431249626,0.0378121759343052,BTC-USD,0.0,0,0.0,0,0.0,0.0,0.52,0.0,941403,461089,,,1757729564966.6409
2024-11-12,88705.5625,89956.8828125,85155.109375,87955.8125,133673285375,-0.0084420662691067,0.037792157330569,BTC-USD,0.0,0,0.0,0,0.0,0.0,0.6000000000000001,0.0,1007782,502742,,,1741722501527.2258
2024-11-13,87929.96875,93434.3515625,86256.9296875,90584.1640625,123559027869,0.0294448504877614,0.0375988985396019,BTC-USD,0.0,0,0.0,0,0.0,0.0,0.6799999999999999,0.0,859128,570985,,,1787666712260.7617
2024-11-14,90574.8828125,91765.21875,86682.8125,87250.4296875,87616705248,-0.0374969223188113,0.0383689452522583,BTC-USD,0.0,0,0.0,0,0.0,0.0,0.76,0.0,839766,503550,,,1725089533526.0042
2024-11-15,87284.1796875,91868.7421875,87124.8984375,91066.0078125,78243109518,0.0428021182914262,0.038233779042999,BTC-USD,0.0,0,0.0,0,0.0,0.0,0.6000000000000001,0.0,886479,559376,,,1802971685081.548
2024-11-16,91064.3671875,91763.9453125,90094.2265625,90558.4765625,44333192814,-0.0055888122441183,0.0383656301942927,BTC-USD,0.0,0,0.0,0,0.0,0.0,0.72,0.0,802492,608007,,,1791712543259.298
2024-11-17,90558.4609375,91433.0390625,88741.6640625,89845.8515625,46350159305,-0.0079003504403181,0.0383633399035664,BTC-USD,0.0,0,0.0,0,0.0,0.0,0.8,0.0,717710,598836,,,1775241125510.354
2024-11-18,89843.71875,92596.7890625,89393.59375,90542.640625,75535775084,0.0077254654060753,0.037373553582525,BTC-USD,0.0,0,0.0,0,0.0,0.0,0.6599999999999999,0.0,796834,676948,,,1792194846112.7312
2024-11-19,90536.8125,94002.8671875,90426.984375,92343.7890625,74521048295,0.0196975431836517,0.0373700728774541,BTC-USD,0.0,0,0.0,0,0.0,0.0,0.8,0.0,757888,815851,,,1825214331192.41
2024-11-20,92341.890625,94902.0234375,91619.5,94339.4921875,71730956426,0.0213814449984325,0.032183892044725,BTC-USD,0.0,0,0.0,0,0.0,0.0,0.6599999999999999,0.0,750264,669311,,,1862965160745.666
2024-11-21,94334.640625,99014.21875,94132.6015625,98504.7265625,106024505582,0.0432046373822123,0.0327629462239842,BTC-USD,0.0,0,0.0,0,0.0,0.0,0.6399999999999999,0.0,977195,480041,,,1949777589238.2927
2024-11-22,98496.4296875,99655.5,97222.6640625,98997.6640625,78473580551,0.0049917220950611,0.0328573245154437,BTC-USD,0.0,0,0.0,0,0.0,0.0,0.8799999999999999,0.0,902930,539627,,,1957593180961.8809
2024-11-23,99006.7421875,99014.6796875,97232.890625,97777.28125,44414644677,-0.0124040025297939,0.0336612499458847,BTC-USD,0.0,0,0.0,0,0.0,0.0,0.8600000000000001,0.0,877099,451335,,,1933272806307.216
2024-11-24,97778.09375,98647.1796875,95788.078125,98013.8203125,51712020623,0.0024162403264788,0.0327275998475253,BTC-USD,0.0,0,0.0,0,0.0,0.0,0.6000000000000001,0.0,790852,463815,,,1938718690784.532
2024-11-25,98033.4453125,98935.03125,92642.9140625,93102.296875,80909462490,-0.0514096372932904,0.0273179676171012,BTC-USD,0.0,0,0.0,0,0.0,0.0,0.6399999999999999,0.0,956417,598037,,,1847012865185.4243
2024-11-26,93087.28125,94991.75,90770.8125,91985.3203125,91656519855,-0.012069852534281,0.0274563926721696,BTC-USD,0.0,0,0.0,0,0.0,0.0,0.5800000000000001,0.0,790710,475347,,,1818015620103.3584
2024-11-27,91978.140625,97361.1796875,91778.6640625,95962.53125,71133452438,0.0423288133049568,0.0285960199851795,BTC-USD,0.0,0,0.0,0,0.0,0.0,0.5,0.0,800136,462955,,,1899452843747.872
2024-11-28,95954.9453125,96650.203125,94677.3515625,95652.46875,52260008261,-0.0032363100031328,0.026119302356955,BTC-USD,0.0,0,0.0,0,0.0,0.0,0.54,0.0,754947,523444,,,1894525715473.941
2024-11-29,95653.953125,98693.171875,95407.8828125,97461.5234375,54968682476,0.0187361629072075,0.0242781515536384,BTC-USD,0.0,0,0.0,0,0.0,0.0,0.56,0.0,767132,348672,,,1927431540403.9875
2024-11-30,97468.8125,97499.34375,96144.21875,96449.0546875,31634227866,-0.0104427304650976,0.0244725428393093,BTC-USD,0.0,0,0.0,0,0.0,0.0,0.6799999999999999,0.0,828664,633055,,,1908971954209.812
2024-12-01,96461.3359375,97888.125,95770.1875,97279.7890625,36590695296,0.0085763116202902,0.0242251945951187,BTC-USD,0.0,0,0.0,0,0.0,0.0,0.6200000000000001,0.0,739652,698852,,,1928927963341.32
2024-12-02,97276.0078125,98152.6015625,94482.8671875,95865.3046875,72680784305,-0.0146471197983608,0.0248106039939493,BTC-USD,0.0,0,0.0,0,0.0,0.0,0.6000000000000001,0.0,925715,310261,,,1894468683534.5496
2024-12-03,95854.59375,96297.203125,93629.5625,96002.1640625,67067810961,0.0014266034685602,0.0244031135866365,BTC-USD,0.0,0,0.0,0,0.0,0.0,0.52,0.0,918415,437755,,,1900144891598.9807
2024-12-04,95988.53125,99207.328125,94660.5234375,98768.53125,77199817112,0.0284083108720061,0.0248827914067577,BTC-USD,0.0,0,0.0,0,0.0,0.0,0.56,0.0,887569,503460,,,1957769580344.108
2024-12-05,98741.5390625,103900.46875,91998.78125,96593.5703125,149218945580,-0.0222668653122218,0.0228727193086211,BTC-USD,0.0,0,0.0,0,0.0,0.0,0.6799999999999999,0.0,968792,509543,,,1918815845330.0728
2024-12-06,97074.2265625,102039.8828125,96514.875,99920.7109375,94534772658,0.0338648017678091,0.024720391111269,BTC-USD,0.0,0,0.0,0,0.0,0.0,0.4399999999999999,0.0,872253,433339,,,1978302063761.216
2024-12-07,99916.7109375,100563.3828125,99030.8828125,99923.3359375,44177510897,2.62704848226063e-05,0.024436566482693,BTC-USD,0.0,0,0.0,0,0.0,0.0,0.5,0.0,798958,443750,,,1978833208148.32
2024-12-08,99921.9140625,101399.9921875,98771.515625,101236.015625,44125751925,0.0130513278197411,0.0246300780509304,BTC-USD,0.0,0,0.0,0,0.0,0.0,0.5800000000000001,0.0,851865,419481,,,1995134647453.3623
2024-12-09,101237.0625,101272.5078125,94355.9140625,97432.71875,110676473908,-0.0382925034662132,0.0225947444370904,BTC-USD,0.0,0,0.0,0,0.0,0.0,0.56,0.0,915304,401306,,,1927714706540.8667
2024-12-10,97441.234375,98270.15625,94321.2578125,96675.4296875,104823780634,-0.0078027935539879,0.0224001724191968,BTC-USD,0.0,0,0.0,0,0.0,0.0,0.56,0.0,985635,441945,,,1916781784711.18
2024-12-11,96656.0625,101913.359375,95747.2265625,101173.03125,85391409936,0.0454729495707632,0.022830475655355,BTC-USD,0.0,0,0.0,0,0.0,0.0,0.48,0.0,858578,482129,,,2005399870980.495
2024-12-12,101167.8046875,102524.9140625,99339.953125,100043.0,72073983533,-0.0112321381496044,0.0231176173201545,BTC-USD,0.0,0,0.0,0,0.0,0.0,0.6599999999999999,0.0,883811,471573,,,1981310308332.672
2024-12-13,100046.6484375,101888.8046875,99233.28125,101459.2578125,56894751583,0.014057223472297,0.0229086995944451,BTC-USD,0.0,0,0.0,0,0.0,0.0,0.52,0.0,936834,527292,,,2005097135868.2256
2024-12-14,101451.4375,102618.8828125,100634.0546875,101372.96875,40422968793,-0.0008508417934171,0.0226215144911902,BTC-USD,0.0,0,0.0,0,0.0,0.0,0.6599999999999999,0.0,774578,523313,,,2006672700085.492
2024-12-15,101373.53125,105047.5390625,101227.03125,104298.6953125,51145914137,0.0284523776965288,0.023564827434787,BTC-USD,0.0,0,0.0,0,0.0,0.0,0.6000000000000001,0.0,789756,370567,,,2069758175682.208
2024-12-16,104293.578125,107780.578125,103322.984375,106029.71875,91020417816,0.0164605674430301,0.0230327627139972,BTC-USD,0.0,0,0.0,0,0.0,0.0,0.6599999999999999,0.0,952348,412496,,,2095627894157.28
2024-12-17,106030.6875,108268.4453125,105291.734375,106140.6015625,68589364868,0.0010452246330361,0.0230403383286741,BTC-USD,0.0,0,0.0,0,0.0,0.0,0.74,0.0,829977,417545,,,2100824937855.996
2024-12-18,106147.296875,106470.609375,100041.5390625,100041.5390625,93865656139,-0.0591791546537701,0.0281540995106697,BTC-USD,0.0,0,0.0,0,0.0,0.0,0.6200000000000001,0.0,890898,415402,,,1989090947935.36
2024-12-19,100070.6875,102748.1484375,95587.6796875,97490.953125,97221662392,-0.0258259051251425,0.0283945602889188,BTC-USD,0.0,0,0.0,0,0.0,0.0,0.5,0.0,861604,437556,,,1934241071545.3303
2024-12-20,97484.6953125,98098.9140625,92175.1796875,97755.9296875,105634083408,0.0027142735531831,0.0267662915720191,BTC-USD,0.0,0,0.0,0,0.0,0.0,0.48,0.0,882836,391262,,,1932711114045.7795
2024-12-21,97756.1953125,99507.1015625,96426.5234375,97224.7265625,51765334294,-0.0054487911721196,0.0267812544173092,BTC-USD,0.0,0,0.0,0,0.0,0.0,0.4599999999999999,0.0,744752,334464,,,1922372144875.56
2024-12-22,97218.3203125,97360.265625,94202.1875,95104.9375,43147981314,-0.0220441803820154,0.0269107195071085,BTC-USD,0.0,0,0.0,0,0.0,0.0,0.4599999999999999,0.0,758970,332182,,,1883930144105.836
2024-12-23,95099.390625,96416.2109375,92403.1328125,94686.2421875,65239002919,-0.0044121754491209,0.0250966816629165,BTC-USD,0.0,0,0.0,0,0.0,0.0,0.3999999999999999,0.0,804969,298335,,,1877074081164.9585
2024-12-24,94684.34375,99404.0625,93448.015625,98676.09375,47114953674,0.0412739940682794,0.0275388576767283,BTC-USD,0.0,0,0.0,0,0.0,0.0,0.4599999999999999,0.0,763920,323103,,,1953087683978.236
2024-12-25,98675.9140625,99478.75,97593.46875,99299.1953125,33700394629,0.006294761562737,0.0245511917428254,BTC-USD,0.0,0,0.0,0,0.0,0.0,0.4599999999999999,0.0,702219,407080,,,1964968046631.85
2024-12-26,99297.6953125,99884.5703125,95137.8828125,95795.515625,47054980873,-0.0359215932968037,0.0261513565458317,BTC-USD,0.0,0,0.0,0,0.0,0.0,0.5800000000000001,0.0,739743,298230,,,1893583393961.58
2024-12-27,95704.9765625,97294.84375,93310.7421875,94164.859375,52419934565,-0.0171688048649555,0.0259060413185459,BTC-USD,0.0,0,0.0,0,0.0,0.0,0.48,0.0,846364,348548,,,1865743053845.5872
2024-12-28,94160.1875,95525.8984375,94014.2890625,95163.9296875,24107436185,0.0105539109069126,0.0262349267758728,BTC-USD,0.0,0,0.0,0,0.0,0.0,0.4399999999999999,0.0,704798,291855,,,1883678618362.4536
2024-12-29,95174.0546875,95174.875,92881.7890625,93530.2265625,29635885267,-0.0173163173686014,0.0246123116352392,BTC-USD,0.0,0,0.0,0,0.0,0.0,0.4599999999999999,0.0,727603,432661,,,1850733848828.8896
2024-12-30,93527.1953125,94903.3203125,91317.1328125,92643.2109375,56188003691,-0.0095289891917289,0.0236024154832227,BTC-USD,0.0,0,0.0,0,0.0,0.0,0.3,0.0,812462,362074,,,1832275661275.792
