Date,Open,High,Low,Close,Volume,Log_Return,Volatility,Asset,News_Sentiment,News_Volume,Social_Sentiment,Social_Volume,Attention_Index,Sentiment_Disagreement,Market_FearGreed,FinBERT_Polarity,Active_Addresses,Tx_Count,Transfer_Volume_USD,Hash_Rate,Network_Cap_USD
2020-01-15,165.734619140625,170.42567443847656,161.109619140625,166.23068237304688,15173694057,0.0016576834890892,0.0436291459666263,ETH-USD,0.0,0,0.0,0,0.0,0.0,0.08,0.0,321562,698399,,,18126744829.567413
2020-01-16,166.33282470703125,167.0581512451172,159.7096405029297,164.39100646972656,13735193018,-0.0111287005785888,0.0426471666140894,ETH-USD,0.0,0,0.0,0,0.0,0.0,0.1,0.0,305282,693649,,,17932157511.732624
2020-01-17,164.4893798828125,173.0692138671875,162.77560424804688,170.7799530029297,14997091826,0.0381281273349897,0.0419755806018002,ETH-USD,0.0,0,0.0,0,0.0,0.0,0.08,0.0,294423,676556,,,18697635815.30458
2020-01-18,170.7477264404297,178.52877807617188,166.7890167236328,175.3656768798828,14929342256,0.0264974726652681,0.0419262056328473,ETH-USD,0.0,0,0.0,0,0.0,0.0,0.02,0.0,289993,628211,,,19141735600.579765
2020-01-19,175.46759033203125,177.2476348876953,163.67686462402344,166.9698486328125,13713374132,-0.0490601269467187,0.0456584307894309,ETH-USD,0.0,0,0.0,0,0.0,0.0,0.06,0.0,268612,615368,,,18238394007.82493
2020-01-20,166.9041290283203,169.11488342285156,162.33160400390625,167.12051391601562,11144529787,0.0009019433680608,0.0440575983397717,ETH-USD,0.0,0,0.0,0,0.0,0.0,-0.04,0.0,257251,599266,,,18255488041.10313
2020-01-21,167.0604705810547,169.9101104736328,165.81971740722656,169.69715881347656,9789369362,0.0153002373173801,0.0438338376638672,ETH-USD,0.0,0,0.0,0,0.0,0.0,-0.02,0.0,287163,558962,,,18503243947.087048
2020-01-22,169.60853576660156,171.00869750976562,166.77423095703125,168.29415893554688,9209827928,-0.0083020353635323,0.0435005711334039,ETH-USD,0.0,0,0.0,0,0.0,0.0,0.04,0.0,271578,513767,,,18327614940.09993
2020-01-23,168.2957000732422,168.31224060058594,160.29531860351562,162.92855834960938,10396868698,-0.0324015819342472,0.0445233990726066,ETH-USD,0.0,0,0.0,0,0.0,0.0,-0.02,0.0,257068,552533,,,17740382342.288216
2020-01-24,162.8993682861328,164.3094482421875,156.74974060058594,163.05117797851562,10657671162,0.0007523144602223,0.0440519964173813,ETH-USD,0.0,0,0.0,0,0.0,0.0,-0.1999999999999999,0.0,209083,497135,,,17752547988.532677
2020-01-25,163.06729125976562,163.22723388671875,158.63247680664062,161.283935546875,8256956802,-0.0108977403175095,0.0441661006178206,ETH-USD,0.0,0,0.0,0,0.0,0.0,-0.18,0.0,208109,435515,,,17565862413.048676
2020-01-26,161.17681884765625,168.22032165527344,160.2811279296875,168.0771026611328,9261861590,0.0412564319943576,0.0449384699675698,ETH-USD,0.0,0,0.0,0,0.0,0.0,-0.16,0.0,194392,428839,,,18294489564.767445
2020-01-27,168.00885009765625,172.92291259765625,166.90109252929688,170.93089294433594,11004476145,0.0168365214577379,0.0445318602709678,ETH-USD,0.0,0,0.0,0,0.0,0.0,0.0,0.0,238028,476541,,,18600541811.186176
2020-01-28,170.88485717773438,176.3703155517578,170.73806762695312,176.3703155517578,11772875064,0.031326510237387,0.0261131698148153,ETH-USD,0.0,0,0.0,0,0.0,0.0,0.08,0.0,230718,526284,,,19187626398.41891
2020-01-29,176.34788513183594,178.8429718017578,175.0503387451172,175.0503387451172,10725267311,-0.0075122676948228,0.0263001677047362,ETH-USD,0.0,0,0.0,0,0.0,0.0,0.1399999999999999,0.0,230599,551529,,,19124399288.89009
2020-01-30,174.91770935058594,186.26048278808597,172.3746337890625,184.6904754638672,12604789338,0.0536077357410137,0.0290418592775193,ETH-USD,0.0,0,0.0,0,0.0,0.0,0.1399999999999999,0.0,242946,566052,,,20175746449.484158
2020-01-31,184.7369079589844,185.4058380126953,176.29681396484375,180.16017150878903,11728616394,-0.0248350213420311,0.0289452126361385,ETH-USD,0.0,0,0.0,0,0.0,0.0,0.1,0.0,234054,583358,,,19730021909.85703
2020-02-01,180.11376953125,183.84555053710935,179.74517822265625,183.6739501953125,11569697182,0.0193158790030648,0.0285736431053917,ETH-USD,0.0,0,0.0,0,0.0,0.0,0.1399999999999999,0.0,231516,545761,,,20104716996.24208
2020-02-02,183.53250122070312,193.0803985595703,180.1739501953125,188.61753845214844,14054425389,0.0265591827948365,0.0248129756345115,ETH-USD,0.0,0,0.0,0,0.0,0.0,0.1399999999999999,0.0,234423,530094,,,20636907529.14335
2020-02-03,188.6074066162109,193.4368896484375,188.0126953125,189.8650665283203,12392875241,0.006592284970026,0.0247217140836351,ETH-USD,0.0,0,0.0,0,0.0,0.0,0.1799999999999999,0.0,276784,621191,,,20742848491.302387
2020-02-04,189.8617248535156,191.1114959716797,185.40362548828125,189.25059509277344,11714191695,-0.0032416069069383,0.0248610937242039,ETH-USD,0.0,0,0.0,0,0.0,0.0,0.1200000000000001,0.0,233452,524476,,,20628773379.01513
2020-02-05,189.29910278320312,206.8040008544922,188.752685546875,204.2302398681641,14865434435,0.0761759474362565,0.0303098546979178,ETH-USD,0.0,0,0.0,0,0.0,0.0,0.06,0.0,273508,610780,,,22477575741.62528
2020-02-06,204.12969970703125,214.59771728515625,201.9040679931641,212.33908081054688,16425589683,0.0389364504907373,0.0278364339332051,ETH-USD,0.0,0,0.0,0,0.0,0.0,0.2199999999999999,0.0,285946,606505,,,23326944443.524506
2020-02-07,212.31588745117188,223.14093017578125,212.30419921875,222.7260589599609,16673443564,0.0477581464387742,0.0283074742282309,ETH-USD,0.0,0,0.0,0,0.0,0.0,0.1200000000000001,0.0,284491,626252,,,24427403242.339603
2020-02-08,222.51097106933597,226.5880889892578,215.38629150390625,223.14651489257807,16741203125,0.0018859920161188,0.027344843580442,ETH-USD,0.0,0,0.0,0,0.0,0.0,0.1200000000000001,0.0,345426,661649,,,24552143773.29756
2020-02-09,222.98223876953125,229.8642425537109,222.98223876953125,228.5785675048828,15031356241,0.0240514183445369,0.026852637482673,ETH-USD,0.0,0,0.0,0,0.0,0.0,0.1200000000000001,0.0,302335,628631,,,25047843469.981987
2020-02-10,228.54913330078125,229.1846160888672,218.08004760742188,223.522705078125,16210008511,-0.0223669939084045,0.0293556214824684,ETH-USD,0.0,0,0.0,0,0.0,0.0,0.1399999999999999,0.0,316498,668760,,,24576508891.60491
2020-02-11,223.3849334716797,236.5471343994141,218.61761474609372,235.8511962890625,16964695963,0.0536880843524606,0.0306483611429465,ETH-USD,0.0,0,0.0,0,0.0,0.0,0.04,0.0,317953,709280,,,26061071165.19784
2020-02-12,235.89822387695312,272.3988342285156,235.89627075195312,265.4061279296875,24545049386,0.1180601290798384,0.0389805756771332,ETH-USD,0.0,0,0.0,0,0.0,0.0,0.2199999999999999,0.0,393036,798162,,,29244885010.20703
2020-02-13,265.0527038574219,273.7410583496094,258.9225158691406,268.0992431640625,25801317504,0.0100960112339994,0.0386634602781767,ETH-USD,0.0,0,0.0,0,0.0,0.0,0.3,0.0,373243,764763,,,29390078107.759808
2020-02-14,268.0232849121094,285.0564270019531,262.76251220703125,284.2174987792969,23558253463,0.0583825635503923,0.0364795583007247,ETH-USD,0.0,0,0.0,0,0.0,0.0,0.26,0.0,322936,771827,,,31246702917.382538
2020-02-15,284.5613098144531,287.1236877441406,264.2796630859375,264.72857666015625,23682452994,-0.0710347237502524,0.045803861730477,ETH-USD,0.0,0,0.0,0,0.0,0.0,0.28,0.0,343022,699151,,,29078546533.67497
2020-02-16,264.904052734375,272.8824462890625,242.48440551757807,259.89471435546875,25152366643,-0.0184284578601327,0.0473228244974805,ETH-USD,0.0,0,0.0,0,0.0,0.0,0.1799999999999999,0.0,336916,661490,,,28653671392.27605
2020-02-17,259.8905639648437,266.8712463378906,244.3353271484375,266.3634338378906,26024080089,0.0245850646603013,0.0470897138493481,ETH-USD,0.0,0,0.0,0,0.0,0.0,-0.02,0.0,332194,695366,,,29258562974.67958
2020-02-18,266.5088195800781,283.1961364746094,261.4638977050781,281.944580078125,26511477187,0.0568488582020893,0.0471363695048905,ETH-USD,0.0,0,0.0,0,0.0,0.0,0.06,0.0,343606,733983,,,31123321279.546143
2020-02-19,282.0362854003906,283.5379333496094,259.76397705078125,259.76397705078125,22679414413,-0.0819370889196811,0.0533590012205031,ETH-USD,0.0,0,0.0,0,0.0,0.0,0.0,0.0,332251,695837,,,28658741206.7448
2020-02-20,259.8198547363281,263.6954040527344,250.9512634277344,257.949462890625,23229828870,-0.0070097526936208,0.0533309164195497,ETH-USD,0.0,0,0.0,0,0.0,0.0,-0.12,0.0,316659,689600,,,28393811401.650597
2020-02-21,257.89111328125,267.0048522949219,255.6890869140625,265.6006164550781,20867593292,0.0292300531244136,0.0526516032309897,ETH-USD,0.0,0,0.0,0,0.0,0.0,-0.12,0.0,322730,670542,,,29196379780.25976
2020-02-22,265.55157470703125,266.38720703125,258.91314697265625,262.33172607421875,16906032862,-0.0123839056414509,0.0530113461269128,ETH-USD,0.0,0,0.0,0,0.0,0.0,-0.14,0.0,314161,605859,,,28744732199.395187
2020-02-23,262.2784118652344,273.754150390625,261.96051025390625,273.754150390625,19585998814,0.0426206093114329,0.0535773263935434,ETH-USD,0.0,0,0.0,0,0.0,0.0,-0.0799999999999999,0.0,310961,606290,,,30199786831.50188
2020-02-24,273.705078125,275.5395202636719,259.6251525878906,265.2164306640625,22400845640,-0.0316842301207008,0.0541041364300771,ETH-USD,0.0,0,0.0,0,0.0,0.0,-0.0799999999999999,0.0,319585,687702,,,29037843709.679016
2020-02-25,265.28338623046875,265.4314880371094,246.85899353027344,247.81759643554688,21878882134,-0.0678532348296827,0.0566300364508177,ETH-USD,0.0,0,0.0,0,0.0,0.0,-0.12,0.0,307754,670257,,,27302449384.51156
2020-02-26,247.74020385742188,249.6497039794922,221.2665557861328,225.6802673339844,26235617201,-0.0935737260456444,0.0517430365620735,ETH-USD,0.0,0,0.0,0,0.0,0.0,-0.18,0.0,368261,704929,,,24797542423.395813
2020-02-27,225.68704223632807,237.2289276123047,212.66452026367188,226.75338745117188,25645522790,0.0047437767648041,0.0515900982498011,ETH-USD,0.0,0,0.0,0,0.0,0.0,-0.2199999999999999,0.0,366741,714482,,,24876694797.23129
2020-02-28,226.98760986328125,234.2089385986328,216.34620666503903,226.760498046875,22563530559,3.135778608374022e-05,0.0476784560514334,ETH-USD,0.0,0,0.0,0,0.0,0.0,-0.1999999999999999,0.0,386851,688694,,,25129789100.14603
2020-02-29,226.8334503173828,232.25662231445312,219.8485107421875,219.8485107421875,18181296376,-0.0309556641833669,0.0452707549998369,ETH-USD,0.0,0,0.0,0,0.0,0.0,-0.24,0.0,293696,620465,,,24190816862.736404
2020-03-01,219.752685546875,226.67788696289065,214.13043212890625,218.97059631347656,18179807469,-0.0040012642379853,0.045308464616849,ETH-USD,0.0,0,0.0,0,0.0,0.0,-0.2199999999999999,0.0,321061,628500,,,24031269874.71296
2020-03-02,218.7116241455078,232.81158447265625,217.28428649902344,230.5697784423828,20305587789,0.0516160856618848,0.0475203463874297,ETH-USD,0.0,0,0.0,0,0.0,0.0,-0.24,0.0,331709,681477,,,25416268973.97955
2020-03-03,230.5239715576172,232.3258056640625,221.732666015625,224.4796295166016,19853178572,-0.0267685771098318,0.0435165015262172,ETH-USD,0.0,0,0.0,0,0.0,0.0,-0.24,0.0,334835,661419,,,24659542481.006813
2020-03-04,224.5653381347656,228.04042053222656,222.08888244628903,224.5179748535156,16567075208,0.0001708041942054,0.0393174527631403,ETH-USD,0.0,0,0.0,0,0.0,0.0,-0.1999999999999999,0.0,313112,663966,,,24648595462.27335
2020-03-05,224.6418914794922,234.3644561767578,224.6418914794922,229.2681884765625,18201291785,0.0209366768967252,0.0402031225521207,ETH-USD,0.0,0,0.0,0,0.0,0.0,-0.18,0.0,320575,720114,,,25053847968.827595
2020-03-06,229.16842651367188,243.5549774169922,228.7435760498047,243.5252990722656,19374772256,0.0603283877164707,0.0431914166843818,ETH-USD,0.0,0,0.0,0,0.0,0.0,-0.2199999999999999,0.0,331490,676799,,,26873626775.295128
2020-03-07,243.7501983642578,249.97848510742188,237.55128479003903,237.85308837890625,19431652027,-0.0235676273935335,0.0434174577499278,ETH-USD,0.0,0,0.0,0,0.0,0.0,-0.24,0.0,289779,630992,,,26187209697.394268
2020-03-08,237.7806854248047,237.7806854248047,200.6029815673828,200.6890563964844,21381823651,-0.1698964802163428,0.0590660603287764,ETH-USD,0.0,0,0.0,0,0.0,0.0,-0.3399999999999999,0.0,326707,662565,,,22307571242.412064
2020-03-09,201.3184967041016,207.45140075683597,192.2698974609375,201.986328125,23645428606,0.0064432854179749,0.0594715620496352,ETH-USD,0.0,0,0.0,0,0.0,0.0,-0.6599999999999999,0.0,382701,784085,,,22022599885.449703
2020-03-10,202.86395263671875,205.71424865722656,198.0644989013672,200.76724243164065,18344930072,-0.0060537733521636,0.0578748401031003,ETH-USD,0.0,0,0.0,0,0.0,0.0,-0.6799999999999999,0.0,326143,760588,,,22102362849.45532
2020-03-11,200.76803588867188,202.9542999267578,184.36215209960935,194.8685302734375,16984790291,-0.0298211117487208,0.0535680465085074,ETH-USD,0.0,0,0.0,0,0.0,0.0,-0.6599999999999999,0.0,348052,713065,,,21377073264.56237
2020-03-12,194.73892211914065,195.1479339599609,111.21070861816406,112.3471221923828,22134741655,-0.5507317438220107,0.15364763893707,ETH-USD,0.0,0,0.0,0,0.0,0.0,-0.72,0.0,408227,760781,,,12143917957.32524
2020-03-13,112.68999481201172,137.42953491210938,95.1843032836914,133.20181274414062,27864623061,0.1702719835656919,0.1642934603969625,ETH-USD,0.0,0,0.0,0,0.0,0.0,-0.8,0.0,398976,847947,,,14834953541.2623
2020-03-14,133.5824737548828,134.484375,122.41447448730467,123.30602264404295,12740784545,-0.0771961127760609,0.1646054089449805,ETH-USD,0.0,0,0.0,0,0.0,0.0,-0.84,0.0,460071,681830,,,13440544621.385303
2020-03-15,123.24606323242188,132.2421417236328,121.85365295410156,125.21430206298828,12719251813,0.0153574314438922,0.1650236628617727,ETH-USD,0.0,0,0.0,0,0.0,0.0,-0.76,0.0,437327,657653,,,13626823852.18846
2020-03-16,124.9961166381836,124.9961166381836,105.17144012451172,110.60587310791016,15984904590,-0.1240534959518982,0.1642046254672267,ETH-USD,0.0,0,0.0,0,0.0,0.0,-0.8200000000000001,0.0,472866,784094,,,12152205580.219328
2020-03-17,110.4067840576172,118.98828125,110.4067840576172,113.9427490234375,12087490572,0.0297229307804057,0.165573185209524,ETH-USD,0.0,0,0.0,0,0.0,0.0,-0.84,0.0,444516,763100,,,12972529568.537884
2020-03-18,113.8576431274414,116.02162170410156,111.74311065673828,114.84226989746094,11617854009,0.0078635000962044,0.1657595580859272,ETH-USD,0.0,0,0.0,0,0.0,0.0,-0.78,0.0,434102,768437,,,12963115619.260391
2020-03-19,114.83982849121094,140.52772521972656,114.7328643798828,136.59385681152344,16396753275,0.1734523532317488,0.1753641127907034,ETH-USD,0.0,0,0.0,0,0.0,0.0,-0.76,0.0,464746,864017,,,15132153196.177143
2020-03-20,136.64927673339844,150.8538055419922,122.60565948486328,132.73716735839844,18960388062,-0.0286409863121449,0.1731643544664358,ETH-USD,0.0,0,0.0,0,0.0,0.0,-0.8200000000000001,0.0,497117,822158,,,14492205427.995089
2020-03-21,133.1017608642578,135.972412109375,127.16375732421876,132.81871032714844,13684083308,0.0006141304197336,0.1734971022606552,ETH-USD,0.0,0,0.0,0,0.0,0.0,-0.8200000000000001,0.0,536497,857503,,,14601932583.723627
2020-03-22,132.85113525390625,136.15164184570312,122.90933227539062,123.32115173339844,12497707224,-0.0741931757729025,0.1699022227710077,ETH-USD,0.0,0,0.0,0,0.0,0.0,-0.78,0.0,378553,746195,,,13493983692.643108
2020-03-23,123.36598205566406,134.91160583496094,121.86788177490234,134.91160583496094,14149877968,0.0898278500261019,0.1728938308305983,ETH-USD,0.0,0,0.0,0,0.0,0.0,-0.8,0.0,425569,801238,,,14944830431.968409
2020-03-24,135.1941375732422,141.9485321044922,133.1687774658203,138.76144409179688,14609068673,0.0281364367771294,0.1734807291096808,ETH-USD,0.0,0,0.0,0,0.0,0.0,-0.76,0.0,387085,791900,,,15368322349.051311
2020-03-25,138.9149627685547,141.40379333496094,134.30422973632812,136.19589233398438,13433092920,-0.0186619949805255,0.1734893628071312,ETH-USD,0.0,0,0.0,0,0.0,0.0,-0.74,0.0,380010,765389,,,15004282174.555592
2020-03-26,136.190673828125,138.83056640625,134.8860321044922,138.36155700683594,11367261176,0.0157760031218286,0.0851661551571745,ETH-USD,0.0,0,0.0,0,0.0,0.0,-0.72,0.0,410784,772649,,,15283190455.12891
2020-03-27,138.36993408203125,139.90269470214844,133.9379425048828,133.9379425048828,11396286629,-0.0324936602628999,0.0730922491588996,ETH-USD,0.0,0,0.0,0,0.0,0.0,-0.76,0.0,393140,748776,,,14741811153.46212
2020-03-28,134.03274536132812,134.03274536132812,126.96218872070312,130.9864959716797,12162403960,-0.0222823433425816,0.0700169395016552,ETH-USD,0.0,0,0.0,0,0.0,0.0,-0.84,0.0,375565,667726,,,14450937018.933996
2020-03-29,131.0153350830078,131.17408752441406,125.4500503540039,125.58373260498048,9938133669,-0.0421215055322449,0.0709980404105842,ETH-USD,0.0,0,0.0,0,0.0,0.0,-0.76,0.0,317430,607984,,,13807576535.211773
2020-03-30,125.57789611816406,133.91146850585938,125.28968048095705,132.904541015625,11841123306,0.0566584056310983,0.0625986020836897,ETH-USD,0.0,0,0.0,0,0.0,0.0,-0.8,0.0,343106,724004,,,14661311186.60574
2020-03-31,132.8209228515625,134.27413940429688,131.65289306640625,133.59356689453125,11065246317,0.0051709741553457,0.0624413571509385,ETH-USD,0.0,0,0.0,0,0.0,0.0,-0.76,0.0,353106,731749,,,14729956063.918934
2020-04-01,133.61231994628906,135.63455200195312,129.73094177246094,135.63455200195312,12456564435,0.0151620433660115,0.0624403446918817,ETH-USD,0.0,0,0.0,0,0.0,0.0,-0.76,0.0,332003,683007,,,14990731879.195835
2020-04-02,135.732177734375,146.78709411621094,135.732177734375,142.02914428710938,15322861686,0.0460681266784596,0.0434918598830419,ETH-USD,0.0,0,0.0,0,0.0,0.0,-0.72,0.0,339805,720554,,,15577136434.209616
2020-04-03,142.11045837402344,146.89987182617188,139.619384765625,142.09130859375,13184603402,0.0004375912188107,0.0425598572249682,ETH-USD,0.0,0,0.0,0,0.0,0.0,-0.72,0.0,326579,722688,,,15642576937.08485
2020-04-04,142.21517944335938,145.37730407714844,140.121826171875,145.21939086914062,11946658257,0.0217757701855109,0.0427725558074287,ETH-USD,0.0,0,0.0,0,0.0,0.0,-0.76,0.0,324063,625952,,,15932500517.37965
2020-04-05,145.26101684570312,146.12852478027344,142.10208129882812,143.54664611816406,11280993591,-0.011585596968958,0.0365162436769527,ETH-USD,0.0,0,0.0,0,0.0,0.0,-0.76,0.0,309080,614001,,,15783917713.794403
2020-04-06,143.60821533203125,169.27264404296875,143.5446014404297,169.13587951660156,21636382525,0.164042370243791,0.0512700200760365,ETH-USD,0.0,0,0.0,0,0.0,0.0,-0.76,0.0,388114,771300,,,18726897716.95484
2020-04-07,169.14744567871094,175.20413208007812,164.2033233642578,165.10194396972656,21659346091,-0.0241392873243751,0.0522245301585659,ETH-USD,0.0,0,0.0,0,0.0,0.0,-0.6,0.0,365110,783472,,,18133769083.249733
2020-04-08,165.24032592773438,173.21026611328125,164.49319458007812,172.64173889160156,17063110836,0.044655448460046,0.0520676711595805,ETH-USD,0.0,0,0.0,0,0.0,0.0,-0.5800000000000001,0.0,418777,830223,,,19138519729.723568
2020-04-09,172.76126098632812,172.8977813720703,167.98712158203125,170.80714416503906,14901696210,-0.0106834656715759,0.0525906614415619,ETH-USD,0.0,0,0.0,0,0.0,0.0,-0.56,0.0,382622,727502,,,18808287211.1698
2020-04-10,170.8292694091797,170.94976806640625,154.9144744873047,158.41244506835938,17980944616,-0.0753330644990537,0.0566585635436564,ETH-USD,0.0,0,0.0,0,0.0,0.0,-0.7,0.0,375908,745643,,,17404051136.51764
2020-04-11,158.5389862060547,161.16757202148438,155.29833984375,158.2160186767578,13555089447,-0.0012407375791609,0.0559542701058453,ETH-USD,0.0,0,0.0,0,0.0,0.0,-0.7,0.0,387083,680523,,,17503514314.254234
2020-04-12,158.23239135742188,164.51695251464844,156.3205108642578,161.14242553710938,15123721386,0.0183272985289752,0.0536162569772107,ETH-USD,0.0,0,0.0,0,0.0,0.0,-0.8,0.0,365161,678530,,,17750727980.30329
2020-04-13,160.72067260742188,160.74969482421875,151.61448669433594,156.27955627441406,16465282133,-0.0306421737104065,0.0538265503092779,ETH-USD,0.0,0,0.0,0,0.0,0.0,-0.78,0.0,379831,744306,,,17371602605.4023
2020-04-14,156.35595703125,160.94427490234375,155.86593627929688,157.5963897705078,14723156630,0.0083908387296232,0.0538039678959329,ETH-USD,0.0,0,0.0,0,0.0,0.0,-0.7,0.0,384356,813972,,,17573510966.651707
2020-04-15,157.56564331054688,160.71112060546875,152.80284118652344,153.28689575195312,14171753737,-0.0277259684599075,0.05480953059887,ETH-USD,0.0,0,0.0,0,0.0,0.0,-0.64,0.0,365728,792152,,,16906396014.25808
2020-04-16,153.20042419433594,173.1572723388672,150.3594207763672,172.15737915039062,22910469236,0.1160977523671077,0.0612907513204783,ETH-USD,0.0,0,0.0,0,0.0,0.0,-0.74,0.0,366904,790334,,,19121580177.10892
2020-04-17,172.2794189453125,174.27590942382812,169.75157165527344,171.63858032226562,16714684266,-0.0030180646841802,0.0613553737426049,ETH-USD,0.0,0,0.0,0,0.0,0.0,-0.7,0.0,383745,785639,,,19042305466.55036
2020-04-18,171.61807250976562,187.9404754638672,171.61807250976562,186.91400146484372,20160323443,0.0852576370233322,0.0642900857279044,ETH-USD,0.0,0,0.0,0,0.0,0.0,-0.64,0.0,407052,783111,,,20800266031.23806
2020-04-19,186.8619842529297,188.0989227294922,180.12081909179688,181.61495971679688,19146038381,-0.0287597857907029,0.0650578956787113,ETH-USD,0.0,0,0.0,0,0.0,0.0,-0.6799999999999999,0.0,376420,741675,,,20042136926.75024
2020-04-20,181.480224609375,186.0835418701172,170.32127380371094,172.2971649169922,21266681335,-0.0526681510123076,0.0517499573192974,ETH-USD,0.0,0,0.0,0,0.0,0.0,-0.7,0.0,385538,828885,,,18914582017.707367
2020-04-21,172.01771545410156,175.178466796875,170.55284118652344,172.73770141601562,16458767984,0.0025535780954052,0.0512287944980234,ETH-USD,0.0,0,0.0,0,0.0,0.0,-0.6599999999999999,0.0,370990,812963,,,18969498940.65626
2020-04-22,172.67039489746094,183.75100708007807,171.82659912109375,182.59957885742188,17994666395,0.0555213946388015,0.0519814792854723,ETH-USD,0.0,0,0.0,0,0.0,0.0,-0.62,0.0,368604,790519,,,20199023449.9708
2020-04-23,182.62017822265625,189.0888671875,180.3406524658203,185.02867126464844,21275740032,0.0132151310876993,0.0518542482657879,ETH-USD,0.0,0,0.0,0,0.0,0.0,-0.62,0.0,411521,826397,,,20540584547.352047
2020-04-24,185.22210693359372,190.21038818359372,185.22210693359372,189.2369384765625,16788555028,0.0224890797597538,0.0463969230388925,ETH-USD,0.0,0,0.0,0,0.0,0.0,-0.6,0.0,390131,846807,,,20761718894.213684
2020-04-25,189.2073974609375,196.79237365722656,188.45953369140625,195.5153045654297,18260969748,0.032638787944658,0.0464973137202746,ETH-USD,0.0,0,0.0,0,0.0,0.0,-0.52,0.0,385113,792299,,,21446374558.9956
2020-04-26,195.41358947753903,199.344970703125,194.76806640625,197.31753540039065,18335367012,0.0091756253350234,0.046513079536335,ETH-USD,0.0,0,0.0,0,0.0,0.0,-0.5800000000000001,0.0,397095,801949,,,21811751086.7178
2020-04-27,197.4757232666016,199.55279541015625,193.45416259765625,197.22471618652344,18670194595,-0.0004705159724022,0.0449344709338361,ETH-USD,0.0,0,0.0,0,0.0,0.0,-0.4399999999999999,0.0,390226,841193,,,21759449585.14317
2020-04-28,197.2735137939453,198.7865447998047,194.84942626953125,198.41539001464844,18217507467,0.0060189925345364,0.0449723445977522,ETH-USD,0.0,0,0.0,0,0.0,0.0,-0.48,0.0,403593,838453,,,21861836532.28113
2020-04-29,198.46519470214844,218.4546356201172,198.12451171875,216.96823120117188,26397548759,0.0893881803476596,0.046970525957613,ETH-USD,0.0,0,0.0,0,0.0,0.0,-0.48,0.0,426288,897881,,,23848478278.67052
2020-04-30,216.9091339111328,227.5296936035156,206.4369201660156,207.60205078125,28089191904,-0.0441279130629944,0.0423070495507673,ETH-USD,0.0,0,0.0,0,0.0,0.0,-0.12,0.0,416722,899459,,,22910234921.28057
2020-05-01,207.9017333984375,217.6280212402344,207.7808837890625,214.21910095214844,20816320834,0.031376297718664,0.0422806710539345,ETH-USD,0.0,0,0.0,0,0.0,0.0,-0.1999999999999999,0.0,403318,827138,,,23558639806.923477
2020-05-02,214.23008728027344,215.8475341796875,212.8786773681641,215.32537841796875,18260876092,0.0051509446166887,0.0372877231403537,ETH-USD,0.0,0,0.0,0,0.0,0.0,-0.1999999999999999,0.0,397884,765990,,,23718858206.87904
2020-05-03,215.35206604003903,219.2708740234375,208.6923675537109,210.9331512451172,20469034664,-0.0206090075658076,0.0366930745172792,ETH-USD,0.0,0,0.0,0,0.0,0.0,-0.0999999999999999,0.0,400536,789689,,,23273846688.819386
2020-05-04,210.89085388183597,211.8283843994141,199.0477294921875,208.17401123046875,22602446422,-0.0131669421278068,0.0327536847188674,ETH-USD,0.0,0,0.0,0,0.0,0.0,-0.12,0.0,362240,774035,,,22930096291.00035
2020-05-05,208.01300048828125,211.77862548828125,204.0311279296875,206.7743988037109,19004689099,-0.0067459843235493,0.0330856147811553,ETH-USD,0.0,0,0.0,0,0.0,0.0,-0.1999999999999999,0.0,365620,785518,,,22702822334.845985
2020-05-06,206.4813537597656,211.5346221923828,204.04087829589844,204.0557861328125,20343543799,-0.0132349201877204,0.031319695389123,ETH-USD,0.0,0,0.0,0,0.0,0.0,-0.16,0.0,383615,833506,,,22467386684.71912
2020-05-07,203.9128570556641,214.39247131347656,202.0748443603516,212.28941345214844,23594744655,0.0395570835886508,0.0324327543050577,ETH-USD,0.0,0,0.0,0,0.0,0.0,-0.02,0.0,400810,877129,,,23606747651.087746
2020-05-08,212.1982421875,216.3276824951172,208.8307342529297,212.9915771484375,20445139356,0.0033021195390356,0.0322610234521648,ETH-USD,0.0,0,0.0,0,0.0,0.0,0.1,0.0,406408,887756,,,23545623499.531296
2020-05-09,213.1421661376953,214.73912048339844,209.07151794433597,211.60012817382807,18950547549,-0.0065543153031063,0.0316957936007551,ETH-USD,0.0,0,0.0,0,0.0,0.0,0.1200000000000001,0.0,411314,894382,,,23366876239.73545
2020-05-10,211.5522003173828,211.5522003173828,182.71116638183597,188.5995635986328,25211575193,-0.1150722494227923,0.0451647730951859,ETH-USD,0.0,0,0.0,0,0.0,0.0,-0.04,0.0,413692,879153,,,20793867006.477623
2020-05-11,188.63218688964844,191.36233520507807,180.7183380126953,185.912841796875,20054601647,-0.014348084898085,0.0452518094069911,ETH-USD,0.0,0,0.0,0,0.0,0.0,-0.1999999999999999,0.0,413435,887554,,,20593814372.683823
2020-05-12,185.87733459472656,191.60134887695312,185.7017974853516,189.3125,15899726284,0.0181211173879446,0.0455768529181058,ETH-USD,0.0,0,0.0,0,0.0,0.0,-0.2199999999999999,0.0,376965,880678,,,21051379335.268085
2020-05-13,189.3740997314453,200.19732666015625,189.1277008056641,199.1932830810547,17054662289,0.0508765363219106,0.0404190564054241,ETH-USD,0.0,0,0.0,0,0.0,0.0,-0.18,0.0,365096,856962,,,22176401180.506126
2020-05-14,198.8915100097656,204.1175994873047,196.8688201904297,202.9490966796875,20150524861,0.0186795672155853,0.0393455228287939,ETH-USD,0.0,0,0.0,0,0.0,0.0,-0.1999999999999999,0.0,363123,820300,,,22577916785.992702
2020-05-15,202.9553985595703,203.5663909912109,193.75567626953125,195.62266540527344,16602342092,-0.0367675651322964,0.0391642905654262,ETH-USD,0.0,0,0.0,0,0.0,0.0,-0.12,0.0,377160,888691,,,21647546818.092182
2020-05-16,195.61338806152344,202.7711944580078,194.5015869140625,200.6771240234375,15379081645,0.0255096411638256,0.0399987125025661,ETH-USD,0.0,0,0.0,0,0.0,0.0,-0.18,0.0,374266,875030,,,22282398179.71225
2020-05-17,200.6088714599609,209.1609344482422,200.1027984619141,207.15869140625,15470397303,0.0317878563528923,0.0408709553600285,ETH-USD,0.0,0,0.0,0,0.0,0.0,-0.1999999999999999,0.0,374952,808464,,,22979026769.82925
2020-05-18,207.1797790527344,215.9084625244141,207.10906982421875,214.52505493164065,17411566928,0.0349414130454991,0.0418072193157322,ETH-USD,0.0,0,0.0,0,0.0,0.0,0.0,0.0,380741,857645,,,23833700453.199657
2020-05-19,214.6049346923828,214.6049346923828,210.1430511474609,213.45111083984372,14346192779,-0.0050187203487312,0.0417814987876703,ETH-USD,0.0,0,0.0,0,0.0,0.0,0.0,0.0,398308,848038,,,23733631010.964664
2020-05-20,213.4462432861328,214.71682739257807,207.97581481933597,210.09674072265625,12730175511,-0.0158397226566837,0.0418615777576082,ETH-USD,0.0,0,0.0,0,0.0,0.0,0.04,0.0,385038,855377,,,23290759062.77665
2020-05-21,210.129150390625,211.62518310546875,193.346435546875,199.88360595703125,13308321229,-0.0498328678266611,0.0425182763832007,ETH-USD,0.0,0,0.0,0,0.0,0.0,-0.02,0.0,399018,867704,,,22084862175.414524
2020-05-22,199.8371124267578,208.59153747558597,198.04086303710935,207.169189453125,12041592114,0.0358005728551022,0.0438321493656125,ETH-USD,0.0,0,0.0,0,0.0,0.0,-0.16,0.0,412238,916282,,,22992079534.79388
2020-05-23,207.19448852539065,210.38645935058597,205.29421997070312,208.69439697265625,10665476768,0.0073351666648245,0.0438778084439047,ETH-USD,0.0,0,0.0,0,0.0,0.0,-0.1999999999999999,0.0,402293,868425,,,22977451317.36099
2020-05-24,208.716064453125,210.59507751464844,202.37034606933597,202.37034606933597,11833299572,-0.0307715512784118,0.0308751579942074,ETH-USD,0.0,0,0.0,0,0.0,0.0,-0.14,0.0,366123,825755,,,22477139536.03457
2020-05-25,201.98265075683597,206.3614501953125,200.6675567626953,205.3197479248047,10415044124,0.0144690948083772,0.030441154088973,ETH-USD,0.0,0,0.0,0,0.0,0.0,-0.18,0.0,383360,875607,,,22692687074.57793
2020-05-26,205.2595672607422,205.75254821777344,200.2642822265625,201.90231323242188,10159741290,-0.016784527401939,0.0308944370629638,ETH-USD,0.0,0,0.0,0,0.0,0.0,-0.2199999999999999,0.0,398558,916975,,,22314236110.47335
2020-05-27,201.89300537109372,208.86343383789065,201.7850646972656,208.86343383789065,10631034756,0.033896629204886,0.0292261804069809,ETH-USD,0.0,0,0.0,0,0.0,0.0,-0.2199999999999999,0.0,374181,896217,,,23054442573.739304
2020-05-28,208.88543701171875,220.2765045166016,206.2426605224609,219.8404235839844,12212469604,0.0512213240395366,0.0317234263017905,ETH-USD,0.0,0,0.0,0,0.0,0.0,-0.18,0.0,405005,907265,,,24377420748.07392
2020-05-29,219.925048828125,224.2168731689453,218.2380523681641,220.6751251220703,12265816557,0.0037896620879967,0.029305680902094,ETH-USD,0.0,0,0.0,0,0.0,0.0,-0.04,0.0,446558,949269,,,24536687659.563843
2020-05-30,220.7172088623047,243.94314575195312,218.7444610595703,242.34559631347656,15027397867,0.0936731934514174,0.0369857785158076,ETH-USD,0.0,0,0.0,0,0.0,0.0,-0.04,0.0,419608,881950,,,27072481305.85333
2020-05-31,242.35137939453125,244.04525756835935,230.0528259277344,230.9757080078125,12234904813,-0.0480522465018479,0.0399792691383839,ETH-USD,0.0,0,0.0,0,0.0,0.0,0.02,0.0,410575,850103,,,25727611146.41297
2020-06-01,230.8602600097656,248.2362823486328,230.4880523681641,246.99176025390625,13951727936,0.0670424319228787,0.0424984688785762,ETH-USD,0.0,0,0.0,0,0.0,0.0,0.0,0.0,417798,929874,,,27690866057.44388
2020-06-02,246.82818603515625,252.2220001220703,233.2252960205078,237.21905517578125,13782107567,-0.0403709790852891,0.0444683556234151,ETH-USD,0.0,0,0.0,0,0.0,0.0,0.1200000000000001,0.0,458079,980902,,,26371655363.982544
2020-06-03,237.3952178955078,244.1793212890625,235.4644470214844,244.1793212890625,9861760817,0.0289188809948042,0.0442665848548377,ETH-USD,0.0,0,0.0,0,0.0,0.0,-0.04,0.0,417615,898364,,,27125980068.894104
2020-06-04,244.10528564453125,245.9289703369141,236.7653045654297,244.4263916015625,10170414304,0.0010113280587598,0.0408703414603131,ETH-USD,0.0,0,0.0,0,0.0,0.0,0.08,0.0,463567,930407,,,27097433830.209576
2020-06-05,244.3495941162109,247.3294982910156,240.6820526123047,241.22198486328125,9293963914,-0.0131965981868589,0.0409917093757207,ETH-USD,0.0,0,0.0,0,0.0,0.0,0.06,0.0,561563,901995,,,26729853920.715485
2020-06-06,241.20135498046875,245.9810485839844,239.7245330810547,241.9313201904297,8114873845,0.0029362764545732,0.0410377227847607,ETH-USD,0.0,0,0.0,0,0.0,0.0,0.08,0.0,452815,946196,,,26922981130.210777
2020-06-07,241.9080810546875,245.4352569580078,236.32525634765625,245.1672515869141,9544883157,0.0132867521655134,0.0392762169875365,ETH-USD,0.0,0,0.0,0,0.0,0.0,0.08,0.0,395012,943786,,,27189398546.25508
2020-06-08,245.17857360839844,246.64419555664065,241.5421905517578,246.30990600585935,8076783299,0.0046498864092121,0.0393490883738392,ETH-USD,0.0,0,0.0,0,0.0,0.0,0.06,0.0,439530,966206,,,27368926535.451942
2020-06-09,246.17501831054688,248.34243774414065,242.3385467529297,244.9114532470703,8446545788,-0.005693793685942,0.0388112580524631,ETH-USD,0.0,0,0.0,0,0.0,0.0,0.04,0.0,435346,923075,,,27189553095.85052
2020-06-10,244.8220672607422,248.65115356445312,242.8197479248047,247.4449462890625,8792990206,0.0102913881289675,0.0383811049890681,ETH-USD,0.0,0,0.0,0,0.0,0.0,0.08,0.0,401804,939890,,,27568884901.47907
2020-06-11,247.5485382080078,249.8883056640625,229.94297790527344,231.70266723632807,12356528860,-0.0657331750632922,0.0417895053557859,ETH-USD,0.0,0,0.0,0,0.0,0.0,0.04,0.0,409119,925331,,,25702177728.215214
2020-06-12,231.62545776367188,239.3546905517578,229.6450653076172,237.4932098388672,8868955009,0.0246840899477862,0.0421623310729991,ETH-USD,0.0,0,0.0,0,0.0,0.0,-0.24,0.0,447397,889318,,,26402014078.51056
2020-06-13,237.54461669921875,239.19309997558597,235.88967895507807,238.90884399414065,7141624980,0.0059430403816791,0.0336737889129692,ETH-USD,0.0,0,0.0,0,0.0,0.0,-0.24,0.0,442706,833267,,,26508567845.762653
2020-06-14,238.9681854248047,239.10145568847656,232.95819091796875,234.1147003173828,7439385176,-0.0202709057365182,0.0314330300879398,ETH-USD,0.0,0,0.0,0,0.0,0.0,-0.1999999999999999,0.0,411251,785017,,,25848929526.937183
2020-06-15,234.0583038330078,234.2378387451172,221.24176025390625,229.9289093017578,10536099884,-0.0180409964063313,0.0253016228789735,ETH-USD,0.0,0,0.0,0,0.0,0.0,-0.26,0.0,441200,912281,,,25747471930.102787
2020-06-16,229.7622985839844,236.3943023681641,228.4261474609375,234.41616821289065,7965648016,0.0193278611888229,0.023893874547444,ETH-USD,0.0,0,0.0,0,0.0,0.0,-0.2199999999999999,0.0,428801,904928,,,26189299288.675434
2020-06-17,234.49237060546875,235.9540557861328,229.34164428710935,233.0282745361328,7701391592,-0.0059382361976276,0.0223174833948771,ETH-USD,0.0,0,0.0,0,0.0,0.0,-0.24,0.0,395656,879736,,,26031090456.442287
2020-06-18,232.8986968994141,234.57064819335935,228.9514312744141,232.1011657714844,6713800872,-0.003986460163973,0.0222824916516501,ETH-USD,0.0,0,0.0,0,0.0,0.0,-0.1999999999999999,0.0,469137,913845,,,25771716738.818497
2020-06-19,231.95497131347656,232.15411376953125,226.7951812744141,227.13829040527344,6946372590,-0.0216142951570665,0.0226688011361662,ETH-USD,0.0,0,0.0,0,0.0,0.0,-0.2199999999999999,0.0,456847,945942,,,25490449737.95731
2020-06-20,226.9763641357422,231.4490203857422,226.640625,229.27426147460935,6252830566,0.0093598944834511,0.0228903955946905,ETH-USD,0.0,0,0.0,0,0.0,0.0,-0.24,0.0,495418,941415,,,25509347515.66007
2020-06-21,229.2161407470703,232.35894775390625,228.4929962158203,228.9898223876953,5600408178,-0.001241376461554,0.0223779007595774,ETH-USD,0.0,0,0.0,0,0.0,0.0,-0.26,0.0,469431,987058,,,25363050533.111645
2020-06-22,229.0033721923828,243.7760162353516,228.9347381591797,242.5331878662109,9079586552,0.0574609993489658,0.0278815523696544,ETH-USD,0.0,0,0.0,0,0.0,0.0,-0.24,0.0,446833,1092083,,,27109581716.750183
2020-06-23,242.5370178222656,244.86441040039065,239.75973510742188,244.14215087890625,6624530348,0.0066120830316995,0.0279196655179936,ETH-USD,0.0,0,0.0,0,0.0,0.0,-0.18,0.0,488474,1119442,,,27079509865.17105
2020-06-24,244.18592834472656,248.50802612304688,232.8077392578125,235.7724609375,8815030025,-0.0348834498599048,0.0291922939838572,ETH-USD,0.0,0,0.0,0,0.0,0.0,0.0,0.0,485009,1070862,,,26180061369.118805
2020-06-25,235.70285034179688,236.05340576171875,230.29660034179688,232.94448852539065,7010426122,-0.0120670128571838,0.0233171634715621,ETH-USD,0.0,0,0.0,0,0.0,0.0,-0.14,0.0,497757,1041742,,,25915394279.94472
2020-06-26,232.8774871826172,233.9019317626953,229.25946044921875,229.6680450439453,7187490226,-0.0141651945380485,0.0224998814225607,ETH-USD,0.0,0,0.0,0,0.0,0.0,-0.1999999999999999,0.0,503140,1017505,,,25614425361.386284
2020-06-27,229.6314849853516,232.4934234619141,220.5645751953125,222.9597930908203,6918380955,-0.0296435288073139,0.0234747237963608,ETH-USD,0.0,0,0.0,0,0.0,0.0,-0.14,0.0,488249,1017138,,,24614343963.77607
2020-06-28,222.91448974609372,228.5982818603516,219.47267150878903,225.34716796875,6205925718,0.0106507266382509,0.0233752760683216,ETH-USD,0.0,0,0.0,0,0.0,0.0,-0.1999999999999999,0.0,512464,997731,,,25034993920.44724
2020-06-29,225.36143493652344,229.90321350097656,222.25498962402344,228.1948699951172,6726164653,0.0125577750722379,0.0232634326443855,ETH-USD,0.0,0,0.0,0,0.0,0.0,-0.18,0.0,544440,1056189,,,25437055978.84172
2020-06-30,227.9684295654297,229.476806640625,224.815185546875,226.31500244140625,6094093001,-0.0082721119487541,0.0226104756696579,ETH-USD,0.0,0,0.0,0,0.0,0.0,-0.12,0.0,511173,1111318,,,25183841813.70993
2020-07-01,226.13458251953125,232.7561187744141,224.8357391357422,231.1134185791016,6463737443,0.0209807346211167,0.0234265718149891,ETH-USD,0.0,0,0.0,0,0.0,0.0,-0.16,0.0,503129,1044438,,,25792038110.110703
2020-07-02,231.28890991210935,232.3968811035156,225.4619598388672,229.39219665527344,6212210566,-0.0074753917531014,0.0234839766195076,ETH-USD,0.0,0,0.0,0,0.0,0.0,-0.16,0.0,541706,1039119,,,25299190857.40116
2020-07-03,229.31895446777344,229.6293182373047,224.9139709472656,225.38706970214844,5109032700,-0.0176139538389541,0.0232347598410391,ETH-USD,0.0,0,0.0,0,0.0,0.0,-0.18,0.0,505502,1022098,,,25123416136.05985
2020-07-04,225.2884826660156,230.05413818359372,225.13331604003903,229.07411193847656,5228310135,0.0162263501617704,0.0235306903970419,ETH-USD,0.0,0,0.0,0,0.0,0.0,-0.1999999999999999,0.0,529832,946287,,,25546997596.95716
2020-07-05,228.9761962890625,229.85671997070312,224.54449462890625,227.6645965576172,5292172429,-0.0061721059732774,0.0235865284171218,ETH-USD,0.0,0,0.0,0,0.0,0.0,-0.24,0.0,563037,880075,,,25416258980.71052
2020-07-06,227.6850128173828,242.13270568847656,227.02952575683597,241.51022338867188,8782917553,0.0590383269267271,0.0238861143000967,ETH-USD,0.0,0,0.0,0,0.0,0.0,-0.1999999999999999,0.0,520949,1020012,,,26927972853.36435
2020-07-07,240.97259521484372,242.68185424804688,234.2186584472656,239.07553100585935,6441497597,-0.0101322737509788,0.0239324529837473,ETH-USD,0.0,0,0.0,0,0.0,0.0,-0.14,0.0,547398,1064506,,,26689447482.56308
2020-07-08,239.15997314453125,248.30886840820312,238.39837646484372,246.6700134277344,9892586411,0.0312719340703514,0.0233577070957262,ETH-USD,0.0,0,0.0,0,0.0,0.0,-0.12,0.0,514234,1092210,,,27567241571.1469
2020-07-09,246.748291015625,247.2916717529297,239.89865112304688,243.01596069335935,8429099199,-0.0149243423390708,0.0235135902501561,ETH-USD,0.0,0,0.0,0,0.0,0.0,-0.12,0.0,510551,1070343,,,26990662346.436623
2020-07-10,242.86801147460935,242.8837890625,236.73052978515625,240.9849853515625,7281370522,-0.008392492945225,0.0232379846906369,ETH-USD,0.0,0,0.0,0,0.0,0.0,-0.18,0.0,504988,1034806,,,26924876120.168304
2020-07-11,241.04478454589844,241.5274810791016,238.33123779296875,239.4581756591797,5643067316,-0.0063558604062132,0.0214529074404989,ETH-USD,0.0,0,0.0,0,0.0,0.0,-0.12,0.0,568635,982930,,,26735288582.569897
2020-07-12,239.4596405029297,243.31114196777344,237.7702178955078,242.13169860839844,6596394718,0.0111030175563892,0.0214622494174514,ETH-USD,0.0,0,0.0,0,0.0,0.0,-0.18,0.0,566647,997960,,,26962311536.63741
2020-07-13,242.18186950683597,244.31051635742188,238.2323760986328,239.6045837402344,7787751468,-0.0104917903936,0.0217311372712599,ETH-USD,0.0,0,0.0,0,0.0,0.0,-0.14,0.0,528474,1151834,,,26743992425.653606
2020-07-14,239.97561645507807,242.0037841796875,237.7961883544922,240.21148681640625,7357458555,0.0025297335252932,0.0214718039928038,ETH-USD,0.0,0,0.0,0,0.0,0.0,-0.14,0.0,519047,1098661,,,26893914229.04456
2020-07-15,240.1436462402344,241.40269470214844,237.0961761474609,238.42352294921875,6189328448,-0.0074711299732834,0.0211105471352099,ETH-USD,0.0,0,0.0,0,0.0,0.0,-0.12,0.0,520020,1111360,,,26644882052.350346
2020-07-16,238.45091247558597,239.0062561035156,231.6211700439453,233.6408843994141,5832057567,-0.0202633459394554,0.0218270238927484,ETH-USD,0.0,0,0.0,0,0.0,0.0,-0.14,0.0,446665,1068620,,,26107970752.128174
2020-07-17,233.6913909912109,234.41506958007807,232.10997009277344,232.7730865478516,5859850529,-0.0037211529112848,0.0212074601091419,ETH-USD,0.0,0,0.0,0,0.0,0.0,-0.18,0.0,474068,1078101,,,26032399059.771187
2020-07-18,232.85568237304688,236.54397583007807,232.32489013671875,235.4838104248047,5397402117,0.0115780639892724,0.021008164065271,ETH-USD,0.0,0,0.0,0,0.0,0.0,-0.12,0.0,446411,1071509,,,26378254394.847
2020-07-19,235.4582977294922,239.1606903076172,233.2797393798828,238.48751831054688,6251377305,0.0126748092800729,0.0210500154970831,ETH-USD,0.0,0,0.0,0,0.0,0.0,-0.18,0.0,461740,1082448,,,26767061818.921368
2020-07-20,238.494873046875,239.5762481689453,234.85264587402344,236.15316772460935,5600686192,-0.009836364543039,0.013838915094926,ETH-USD,0.0,0,0.0,0,0.0,0.0,-0.12,0.0,477316,1143700,,,26435139785.618675
2020-07-21,236.3025054931641,246.18626403808597,235.68096923828125,245.0167236328125,6806696015,0.0368458576527106,0.0169559545590796,ETH-USD,0.0,0,0.0,0,0.0,0.0,-0.12,0.0,439255,1120095,,,27432666168.368717
2020-07-22,245.03726196289065,262.98504638671875,242.48434448242188,262.1906433105469,7702077383,0.0677454174374936,0.0234129165604202,ETH-USD,0.0,0,0.0,0,0.0,0.0,0.0,0.0,469922,1138040,,,29555758887.696392
2020-07-23,262.3886413574219,277.5834655761719,261.0470886230469,274.6890563964844,10281309262,0.0465678685473338,0.0252157439051923,ETH-USD,0.0,0,0.0,0,0.0,0.0,0.1,0.0,490259,1147143,,,30792866273.720684
2020-07-24,274.7226867675781,286.1928405761719,269.2397766113281,279.2154235839844,9466060358,0.0163438574996814,0.0247850596826456,ETH-USD,0.0,0,0.0,0,0.0,0.0,0.06,0.0,487179,1146282,,,31320722610.566647
2020-07-25,279.0263671875,306.7409973144531,279.0263671875,304.0567626953125,10785021813,0.0852307919433887,0.0312361377653484,ETH-USD,0.0,0,0.0,0,0.0,0.0,0.1,0.0,509434,1175506,,,34177582482.03387
2020-07-26,303.6923828125,316.3863220214844,300.267822265625,309.64361572265625,12003973026,0.0182076060816042,0.0311895968282731,ETH-USD,0.0,0,0.0,0,0.0,0.0,0.1,0.0,518269,1137893,,,34812771346.532646
2020-07-27,309.6579284667969,330.7012023925781,309.6579284667969,321.5140991210937,15644257058,0.037619387452619,0.0305031334218693,ETH-USD,0.0,0,0.0,0,0.0,0.0,0.1599999999999999,0.0,550501,1261456,,,36181952861.89258
2020-07-28,321.8297424316406,325.9059753417969,307.7213439941406,316.6572570800781,12357108065,-0.0152214159019951,0.0316764874251476,ETH-USD,0.0,0,0.0,0,0.0,0.0,0.52,0.0,595098,1222353,,,35602169877.13608
2020-07-29,316.55535888671875,324.3807983398437,313.1095886230469,318.1908874511719,10878845706,0.0048314966898594,0.0310276675111919,ETH-USD,0.0,0,0.0,0,0.0,0.0,0.4199999999999999,0.0,522641,1163851,,,35607672741.755
2020-07-30,318.1449890136719,338.6311950683594,315.7510986328125,334.5866394042969,11827689045,0.050244380011701,0.0295701864274591,ETH-USD,0.0,0,0.0,0,0.0,0.0,0.52,0.0,520204,1164479,,,37620638891.912415
2020-07-31,334.6337280273437,348.6113586425781,329.3409423828125,345.5546569824219,12030600492,0.0322549697586774,0.028359783097606,ETH-USD,0.0,0,0.0,0,0.0,0.0,0.5,0.0,549742,1218838,,,38769324646.44138
2020-08-01,345.7986145019531,388.8479614257813,343.5874328613281,385.19970703125,14045259477,0.1086110918997197,0.0350480506158892,ETH-USD,0.0,0,0.0,0,0.0,0.0,0.5,0.0,561652,1171566,,,43366955915.68128
2020-08-02,385.54986572265625,411.2283020019531,357.1436462402344,370.6717224121094,18909744275,-0.0384450937105725,0.0398973139975832,ETH-USD,0.0,0,0.0,0,0.0,0.0,0.6000000000000001,0.0,624503,1125886,,,41691372173.2452
2020-08-03,371.13385009765625,396.5069885253906,369.3363342285156,386.295166015625,12834648062,0.0412849303935006,0.0381230034212128,ETH-USD,0.0,0,0.0,0,0.0,0.0,0.5,0.0,574214,1176793,,,43187296587.70037
2020-08-04,386.1564636230469,400.70062255859375,382.985107421875,389.87548828125,14086704221,0.0092256712878853,0.0387382849190841,ETH-USD,0.0,0,0.0,0,0.0,0.0,0.4399999999999999,0.0,593325,1164208,,,43772364123.66641
2020-08-05,389.7108154296875,406.303955078125,386.2184753417969,401.590576171875,12875466638,0.0296056750629129,0.0374397079001081,ETH-USD,0.0,0,0.0,0,0.0,0.0,0.5,0.0,609752,1182699,,,44891355573.78336
2020-08-06,401.5838623046875,403.4886779785156,392.6001892089844,394.9619445800781,11304626458,-0.0166436849701053,0.039120806545242,ETH-USD,0.0,0,0.0,0,0.0,0.0,0.5800000000000001,0.0,580876,1215885,,,44156591358.494415
2020-08-07,395.2268676757813,398.2490234375,367.9355163574219,379.5128479003906,12751687084,-0.0399009663519956,0.0428885752541976,ETH-USD,0.0,0,0.0,0,0.0,0.0,0.54,0.0,528137,1249695,,,42630189303.43324
2020-08-08,379.5515747070313,393.98736572265625,377.3497314453125,393.98736572265625,9342060531,0.0374303910174085,0.0392054435135168,ETH-USD,0.0,0,0.0,0,0.0,0.0,0.54,0.0,531429,1182406,,,43983933679.79014
2020-08-09,395.3052368164063,399.7370910644531,385.8307189941406,391.1204528808594,9451065592,-0.0073032659126014,0.0398086635595404,ETH-USD,0.0,0,0.0,0,0.0,0.0,0.5800000000000001,0.0,492442,1229151,,,43633107486.70879
2020-08-10,391.04150390625,399.3759460449219,391.04150390625,395.8875732421875,11685827893,0.0121146888140647,0.0393579965898149,ETH-USD,0.0,0,0.0,0,0.0,0.0,0.56,0.0,498832,1289980,,,44336365679.60971
2020-08-11,395.8947143554688,398.4789123535156,370.8606262207031,380.3840637207031,12792218737,-0.0399488286765031,0.0413179870941998,ETH-USD,0.0,0,0.0,0,0.0,0.0,0.6799999999999999,0.0,471926,1254244,,,42514230903.73248
2020-08-12,380.0638122558594,391.3123168945313,367.9236145019531,391.024169921875,12408772745,0.0275879374168456,0.0414153042612619,ETH-USD,0.0,0,0.0,0,0.0,0.0,0.5,0.0,438789,1229214,,,43427532505.38049
2020-08-13,390.8381042480469,432.9046020507813,379.71087646484375,428.7417907714844,18480303526,0.0920854776763533,0.0454855151982165,ETH-USD,0.0,0,0.0,0,0.0,0.0,0.5,0.0,485347,1209139,,,47649376741.71351
2020-08-14,428.6772766113281,444.5777587890625,423.3458557128906,437.3978271484375,15064589987,0.0199882891688285,0.0453015851196676,ETH-USD,0.0,0,0.0,0,0.0,0.0,0.56,0.0,519261,1201546,,,49144669695.507324
2020-08-15,437.56298828125,441.7546081542969,429.8746032714844,433.35491943359375,12416067894,-0.0092860729586453,0.0371542488263089,ETH-USD,0.0,0,0.0,0,0.0,0.0,0.5800000000000001,0.0,599255,1107833,,,48537169375.48736
2020-08-16,433.3505859375,436.2658386230469,415.0862426757813,433.78662109375,12168816874,0.0009956891133582,0.0347450556782739,ETH-USD,0.0,0,0.0,0,0.0,0.0,0.6399999999999999,0.0,548520,1152369,,,48580086006.437325
2020-08-17,433.9737548828125,442.7349853515625,422.6472778320313,429.53125,13227089410,-0.0098582589321011,0.034023235755792,ETH-USD,0.0,0,0.0,0,0.0,0.0,0.6599999999999999,0.0,525698,1181976,,,48574926932.84639
2020-08-18,429.6696166992188,432.5802917480469,419.6741027832031,423.6693115234375,11978984079,-0.0137412725201747,0.0344882022654139,ETH-USD,0.0,0,0.0,0,0.0,0.0,0.6399999999999999,0.0,465761,1229256,,,47515172268.72815
2020-08-19,423.7385864257813,427.024658203125,396.6783447265625,406.4637756347656,13137391167,-0.0414584130919685,0.0359359961495002,ETH-USD,0.0,0,0.0,0,0.0,0.0,0.6000000000000001,0.0,474096,1216891,,,45672533761.56989
2020-08-20,406.7589111328125,418.73443603515625,404.0260925292969,416.4397888183594,10043032427,0.024247074307141,0.036065285510551,ETH-USD,0.0,0,0.0,0,0.0,0.0,0.5,0.0,465935,1182994,,,46731165712.84255
2020-08-21,416.1487731933594,418.6379699707031,387.4411315917969,389.1263427734375,11781796374,-0.0678378069879154,0.0392963377023296,ETH-USD,0.0,0,0.0,0,0.0,0.0,0.6200000000000001,0.0,491572,1256752,,,43478608746.690445
2020-08-22,389.0310974121094,396.4665832519531,382.8146362304688,395.8351440429688,10131847985,0.0170937421478642,0.0382390505222338,ETH-USD,0.0,0,0.0,0,0.0,0.0,0.56,0.0,553364,1102479,,,44457618324.740654
2020-08-23,395.5628356933594,396.4904174804688,385.039794921875,391.3844909667969,8137303970,-0.0113073919876339,0.0383154673206364,ETH-USD,0.0,0,0.0,0,0.0,0.0,0.52,0.0,580967,1122524,,,44017778355.39701
2020-08-24,391.6789855957031,409.3885803222656,389.3146057128906,408.1441955566406,10328860398,0.0419301027808843,0.039836175870104,ETH-USD,0.0,0,0.0,0,0.0,0.0,0.56,0.0,488056,1162182,,,45915066246.16836
2020-08-25,408.0716857910156,408.5279235839844,374.3553771972656,384.00103759765625,12428442042,-0.0609752777865103,0.0418900153357348,ETH-USD,0.0,0,0.0,0,0.0,0.0,0.5,0.0,507718,1138199,,,43091225867.22749
2020-08-26,383.9774475097656,391.8732604980469,378.7058410644531,386.4661254882813,9967343483,0.0063989652516582,0.0412203123391665,ETH-USD,0.0,0,0.0,0,0.0,0.0,0.52,0.0,514309,1166218,,,43404201326.91915
2020-08-27,386.60986328125,395.3491821289063,374.8664855957031,382.6326293945313,10457777652,-0.0099688832328993,0.0313703055256233,ETH-USD,0.0,0,0.0,0,0.0,0.0,0.5,0.0,536809,1136576,,,42960602783.62168
2020-08-28,382.6295776367188,397.7576293945313,381.2738342285156,395.8746643066406,9120674421,0.0340223202002058,0.0325402466710312,ETH-USD,0.0,0,0.0,0,0.0,0.0,0.48,0.0,508615,1131912,,,44391895465.6506
2020-08-29,395.6875915527344,405.6163635253906,393.0374145507813,399.9214782714844,8777703481,0.0101705666362067,0.0328548009268401,ETH-USD,0.0,0,0.0,0,0.0,0.0,0.5800000000000001,0.0,452427,1130992,,,44996121010.33788
2020-08-30,399.61669921875,428.6639709472656,399.6083679199219,428.3957214355469,11211948040,0.0687791276952603,0.0384423142301625,ETH-USD,0.0,0,0.0,0,0.0,0.0,0.5,0.0,388718,1142415,,,48129499622.5268
2020-08-31,428.5090026855469,438.5603332519531,419.7701721191406,435.0797424316406,12774741797,0.0154819790114392,0.0385840341038593,ETH-USD,0.0,0,0.0,0,0.0,0.0,0.5,0.0,410572,1235856,,,49022839168.051285
2020-09-01,434.87445068359375,487.2118835449219,432.0791931152344,477.0519104003906,18862763756,0.0920959815791538,0.0452787441037692,ETH-USD,0.0,0,0.0,0,0.0,0.0,0.5,0.0,432937,1245701,,,54049626232.94759
2020-09-02,477.00787353515625,480.33099365234375,424.46002197265625,440.0404968261719,19691854014,-0.0807585508839837,0.0496225941497304,ETH-USD,0.0,0,0.0,0,0.0,0.0,0.6599999999999999,0.0,403519,1181212,,,49610772982.30135
2020-09-03,440.239990234375,449.532470703125,381.1296997070313,385.67193603515625,19622845896,-0.1318796594736132,0.061296714929556,ETH-USD,0.0,0,0.0,0,0.0,0.0,0.5800000000000001,0.0,408643,1149636,,,43131280398.8616
2020-09-04,384.671630859375,402.4117431640625,371.6366882324219,388.24114990234375,16747106257,0.0066395654816125,0.0586431756318501,ETH-USD,0.0,0,0.0,0,0.0,0.0,-0.1999999999999999,0.0,473841,1141207,,,43488229604.48574
2020-09-05,388.0383911132813,394.1722717285156,316.7743530273437,335.26007080078125,29880047640,-0.1467201055415239,0.0701491816755064,ETH-USD,0.0,0,0.0,0,0.0,0.0,-0.18,0.0,401502,1040906,,,37278944501.74332
2020-09-06,335.3345642089844,359.7640380859375,319.0419006347656,353.3622741699219,27643678917,0.0525872417269816,0.0722356190523117,ETH-USD,0.0,0,0.0,0,0.0,0.0,-0.18,0.0,542253,1026667,,,39736730665.164696
2020-09-07,353.45025634765625,358.2118835449219,326.2543640136719,352.6734924316406,21763614732,-0.0019511248278715,0.0708743682749096,ETH-USD,0.0,0,0.0,0,0.0,0.0,-0.18,0.0,469447,1051480,,,39694172820.95557
2020-09-08,353.2022705078125,355.5628662109375,328.8167724609375,337.60211181640625,17991403432,-0.0436746602013454,0.0700716309040615,ETH-USD,0.0,0,0.0,0,0.0,0.0,-0.18,0.0,519031,1026700,,,37888484829.27637
2020-09-09,337.8249206542969,359.1644897460937,332.1650085449219,351.1100158691406,14547933520,0.0392315917972431,0.0711745529705931,ETH-USD,0.0,0,0.0,0,0.0,0.0,-0.24,0.0,405626,1052603,,,39619068728.766014
2020-09-10,351.4293212890625,377.3935852050781,351.1117553710937,368.1018981933594,31421134556,0.0472601872246915,0.0726107801142962,ETH-USD,0.0,0,0.0,0,0.0,0.0,-0.24,0.0,364825,1120964,,,41348916471.333374
2020-09-11,368.1184997558594,376.6304016113281,355.58258056640625,374.6955871582031,27296269329,0.0177541316260454,0.0721051802050788,ETH-USD,0.0,0,0.0,0,0.0,0.0,-0.18,0.0,355438,1074413,,,42095259300.93512
2020-09-12,374.5953979492188,387.5384521484375,367.8421936035156,387.18310546875,13295405814,0.032783793149549,0.072696140539857,ETH-USD,0.0,0,0.0,0,0.0,0.0,-0.18,0.0,402902,1034584,,,43479345004.14432
2020-09-13,387.519287109375,388.9598083496094,354.3401794433594,365.5700073242188,15005899191,-0.0574399225246867,0.0710084626635491,ETH-USD,0.0,0,0.0,0,0.0,0.0,-0.24,0.0,417497,1042047,,,41168100878.04465
2020-09-14,365.6995849609375,384.4851989746094,357.5697631835937,377.2688598632813,17536695361,0.0315002900536054,0.0716002671181327,ETH-USD,0.0,0,0.0,0,0.0,0.0,-0.2199999999999999,0.0,384069,1079688,,,42317036024.73273
2020-09-15,377.1540222167969,381.50830078125,363.6068115234375,364.8392028808594,16140584321,-0.0335013729452614,0.0653991319321314,ETH-USD,0.0,0,0.0,0,0.0,0.0,-0.06,0.0,407614,1089837,,,40986000227.876686
2020-09-16,364.7439880371094,372.7674255371094,356.6827392578125,365.8122863769531,16107612177,0.002663606618804,0.0631150058838295,ETH-USD,0.0,0,0.0,0,0.0,0.0,-0.14,0.0,390534,1035013,,,41146947103.16367
2020-09-17,365.8657836914063,393.901611328125,364.7951354980469,389.0192260742188,19899531080,0.0615084436698432,0.0558908329031851,ETH-USD,0.0,0,0.0,0,0.0,0.0,-0.04,0.0,498388,1406016,,,43869451052.194885
2020-09-18,389.3374938964844,391.9041442871094,376.9649963378906,384.3645324707031,14108357740,-0.0120373611589975,0.055958887874872,ETH-USD,0.0,0,0.0,0,0.0,0.0,-0.02,0.0,478504,1244808,,,43065296801.33962
2020-09-19,384.0416564941406,387.0763549804688,378.72406005859375,385.54437255859375,11049507684,0.0030648846993563,0.0370061960859385,ETH-USD,0.0,0,0.0,0,0.0,0.0,-0.04,0.0,480127,1090001,,,43406819674.85391
2020-09-20,385.5979919433594,385.5979919433594,367.0943603515625,371.0528259277344,12292195784,-0.0383118498761706,0.0369301669263733,ETH-USD,0.0,0,0.0,0,0.0,0.0,0.04,0.0,464897,1095309,,,41830036917.45872
2020-09-21,371.400146484375,375.7370300292969,336.0689697265625,341.7860717773437,17398267133,-0.0821594201928395,0.043479851712475,ETH-USD,0.0,0,0.0,0,0.0,0.0,-0.04,0.0,484834,1133662,,,38594926759.75053
2020-09-22,341.72381591796875,346.600830078125,336.85504150390625,344.503173828125,12732578043,0.0079182830412789,0.0418538474558536,ETH-USD,0.0,0,0.0,0,0.0,0.0,-0.2199999999999999,0.0,430354,1081497,,,38717574918.72729
2020-09-23,344.58990478515625,344.67138671875,318.9692077636719,321.1163024902344,12899346599,-0.0702999327008683,0.0444066272116879,ETH-USD,0.0,0,0.0,0,0.0,0.0,-0.14,0.0,453652,1084100,,,36139108531.71362
2020-09-24,320.9850158691406,351.46148681640625,318.54510498046875,349.3555908203125,15714304470,0.0842869177993191,0.0487383110905219,ETH-USD,0.0,0,0.0,0,0.0,0.0,-0.2199999999999999,0.0,486348,1087537,,,39362832187.22951
2020-09-25,349.41143798828125,357.7727355957031,339.01593017578125,352.1832580566406,14381086966,0.0080613712383879,0.0484777410203179,ETH-USD,0.0,0,0.0,0,0.0,0.0,-0.0799999999999999,0.0,453864,1034790,,,39657310393.41876
2020-09-26,352.35089111328125,355.8547668457031,348.10711669921875,355.48809814453125,13049148579,0.0093401098813363,0.0474883573972209,ETH-USD,0.0,0,0.0,0,0.0,0.0,-0.0999999999999999,0.0,489912,984559,,,39987598879.06345
2020-09-27,354.9598999023437,361.9844055175781,349.8340759277344,357.4385070800781,13598126926,0.0054715696881234,0.0451768628961403,ETH-USD,0.0,0,0.0,0,0.0,0.0,-0.06,0.0,487071,966479,,,40163831868.403694
2020-09-28,357.9259338378906,366.4321594238281,354.5476379394531,355.159423828125,14258455166,-0.0063965692967311,0.0441645689939712,ETH-USD,0.0,0,0.0,0,0.0,0.0,-0.14,0.0,432792,1080187,,,40093894095.62001
2020-09-29,354.3630065917969,360.3533630371094,352.1468505859375,359.75738525390625,11600013236,0.0128631045324772,0.0435414839359048,ETH-USD,0.0,0,0.0,0,0.0,0.0,-0.0999999999999999,0.0,426935,1088234,,,40577084095.88679
2020-09-30,360.0385131835937,361.17877197265625,353.32794189453125,359.9378662109375,11818610610,0.0005015482885214,0.0435313160080117,ETH-USD,0.0,0,0.0,0,0.0,0.0,-0.02,0.0,411868,1079040,,,40612933220.808495
2020-10-01,360.3091430664063,369.264404296875,346.47705078125,353.2059020996094,14679481911,-0.0188802437441313,0.0397688952701358,ETH-USD,0.0,0,0.0,0,0.0,0.0,-0.0999999999999999,0.0,445018,1018741,,,39758391695.70112
2020-10-02,352.9496765136719,354.11541748046875,336.4671630859375,346.2389221191406,14215390463,-0.0199221158414884,0.0399028753552769,ETH-USD,0.0,0,0.0,0,0.0,0.0,-0.18,0.0,457319,1002138,,,39022839809.19753
2020-10-03,346.2186279296875,351.3077087402344,344.66656494140625,346.5220947265625,10060167889,0.0008175189316583,0.0398617699911423,ETH-USD,0.0,0,0.0,0,0.0,0.0,-0.1999999999999999,0.0,469269,956528,,,39123566090.84261
2020-10-04,346.60223388671875,354.0457458496094,345.1310119628906,352.5790100097656,10696959020,0.0173281569663093,0.0393368264554262,ETH-USD,0.0,0,0.0,0,0.0,0.0,-0.16,0.0,471250,985452,,,39770015476.68895
2020-10-05,352.73681640625,355.2140808105469,349.6799011230469,353.956787109375,11809507622,0.0039000963621249,0.0322011730920096,ETH-USD,0.0,0,0.0,0,0.0,0.0,-0.16,0.0,405915,1027690,,,39870969678.65809
2020-10-06,353.9564819335937,354.989013671875,338.0032958984375,340.8158569335937,12830796112,-0.0378325129363322,0.0338863254767366,ETH-USD,0.0,0,0.0,0,0.0,0.0,-0.06,0.0,421913,1083502,,,38398034415.80732
2020-10-07,340.9430847167969,342.4508361816406,334.5455627441406,341.80865478515625,11929918060,0.0029087691242225,0.0273492795109232,ETH-USD,0.0,0,0.0,0,0.0,0.0,-0.14,0.0,426978,1035384,,,38521806016.49599
2020-10-08,342.0446472167969,352.21148681640625,335.6474914550781,350.7661437988281,13461017711,0.0258686528766756,0.0165624096650638,ETH-USD,0.0,0,0.0,0,0.0,0.0,-0.0799999999999999,0.0,428704,1019446,,,39584167809.24169
2020-10-09,351.1128845214844,368.3103332519531,348.2058410644531,365.5904846191406,13043501763,0.041394068053742,0.0198378193138235,ETH-USD,0.0,0,0.0,0,0.0,0.0,-0.04,0.0,461741,1049571,,,41364317572.62778
2020-10-10,365.4024658203125,378.2671508789063,365.3540344238281,370.9675903320313,13618484324,0.0146008887075394,0.0200228720881965,ETH-USD,0.0,0,0.0,0,0.0,0.0,0.06,0.0,471663,1036351,,,41937985052.232445
2020-10-11,370.9284362792969,377.2467956542969,369.8280334472656,375.1420593261719,12584512533,0.0111900779082428,0.0201342118044515,ETH-USD,0.0,0,0.0,0,0.0,0.0,0.1,0.0,565035,1004701,,,42266442521.06648
2020-10-12,374.7987365722656,395.1221618652344,366.642333984375,387.7312622070313,15867455424,0.0330076973670937,0.0213678167507338,ETH-USD,0.0,0,0.0,0,0.0,0.0,0.04,0.0,495534,1092162,,,43799633633.75232
2020-10-13,387.1429443359375,387.3756713867188,375.58245849609375,381.1907653808594,14226744838,-0.017012530113568,0.0221364539217499,ETH-USD,0.0,0,0.0,0,0.0,0.0,0.1200000000000001,0.0,505669,1127396,,,43112673009.42352
2020-10-14,381.9714660644531,387.2961730957031,374.1750183105469,379.4840393066406,13918846567,-0.0044874075694484,0.0222393372942489,ETH-USD,0.0,0,0.0,0,0.0,0.0,0.06,0.0,497061,1093927,,,42811014987.70333
2020-10-15,379.1922302246094,381.2087707519531,371.3541259765625,377.44183349609375,14964182545,-0.0053960654253069,0.0214609603943223,ETH-USD,0.0,0,0.0,0,0.0,0.0,0.1200000000000001,0.0,620270,1249576,,,42666305749.000175
2020-10-16,377.8684997558594,380.0215148925781,362.597412109375,366.22900390625,14670784817,-0.0301576418933688,0.0225142631404988,ETH-USD,0.0,0,0.0,0,0.0,0.0,0.04,0.0,647940,1161135,,,41405061866.40551
2020-10-17,366.0157165527344,369.7681274414063,364.489013671875,368.8559265136719,10951115359,0.0071472932758332,0.0225087925510256,ETH-USD,0.0,0,0.0,0,0.0,0.0,0.1200000000000001,0.0,653170,1051772,,,41638209280.28478
2020-10-18,368.7275390625,378.59765625,368.129150390625,378.2136840820313,11047103109,0.0250532129556171,0.0229390520730564,ETH-USD,0.0,0,0.0,0,0.0,0.0,0.1,0.0,621057,995711,,,42728924786.6002
2020-10-19,378.4696350097656,383.3176574707031,373.7022705078125,379.93560791015625,12811242092,0.0045424477926324,0.0229372967759001,ETH-USD,0.0,0,0.0,0,0.0,0.0,0.1,0.0,489485,1128930,,,42908426781.3694
2020-10-20,379.7196960449219,380.7610168457031,367.60107421875,369.1369018554688,13741586582,-0.0288342025210903,0.0217376616031643,ETH-USD,0.0,0,0.0,0,0.0,0.0,0.1200000000000001,0.0,483042,1105678,,,41712644603.66992
2020-10-21,369.0594177246094,400.6272583007813,368.72796630859375,392.1899719238281,20241324322,0.060578761681115,0.0261783195278957,ETH-USD,0.0,0,0.0,0,0.0,0.0,0.2199999999999999,0.0,497821,1159354,,,44390199440.910286
2020-10-22,391.4886169433594,420.14166259765625,391.27630615234375,413.7729797363281,15772846485,0.053571120643514,0.028434380750989,ETH-USD,0.0,0,0.0,0,0.0,0.0,0.4599999999999999,0.0,518298,1189043,,,46879969296.35542
2020-10-23,414.0513305664063,418.9599304199219,403.08203125,409.7666931152344,14256222052,-0.0097295087465822,0.0276122731911451,ETH-USD,0.0,0,0.0,0,0.0,0.0,0.48,0.0,516755,1132837,,,46308986137.45921
2020-10-24,409.7672424316406,416.59967041015625,407.8517150878906,412.4576110839844,12201739194,0.0065454829353202,0.0275513296999286,ETH-USD,0.0,0,0.0,0,0.0,0.0,0.4599999999999999,0.0,602310,1012156,,,46645974148.02079
2020-10-25,412.4576416015625,417.1592102050781,405.35064697265625,406.2177734375,10890207469,-0.0152440359116152,0.0281829120989966,ETH-USD,0.0,0,0.0,0,0.0,0.0,0.52,0.0,585011,965206,,,46026201771.384094
2020-10-26,406.2179870605469,411.2798767089844,383.7828979492188,393.8883056640625,15155684229,-0.0308220226290325,0.0285828918517419,ETH-USD,0.0,0,0.0,0,0.0,0.0,0.5,0.0,489903,1086139,,,44590776701.90412
2020-10-27,393.88818359375,409.7728576660156,390.60845947265625,403.9970397949219,13940434102,0.0253401697487223,0.0287562861015449,ETH-USD,0.0,0,0.0,0,0.0,0.0,0.2199999999999999,0.0,515413,1078466,,,45731920476.25424
2020-10-28,403.9971008300781,408.9647521972656,381.1463317871094,388.6507568359375,15276441134,-0.0387264076739004,0.0309218546423369,ETH-USD,0.0,0,0.0,0,0.0,0.0,0.3999999999999999,0.0,484504,1139608,,,44023369567.53552
2020-10-29,388.6510620117188,393.2276916503906,381.2887573242188,386.7301025390625,12920477749,-0.004954102753223,0.0309142721383828,ETH-USD,0.0,0,0.0,0,0.0,0.0,0.3400000000000001,0.0,436247,1107849,,,43789226262.31334
2020-10-30,386.7302551269531,391.4647216796875,375.0924072265625,382.8199768066406,13688056970,-0.0101621960344757,0.029768057716954,ETH-USD,0.0,0,0.0,0,0.0,0.0,0.48,0.0,486439,1111013,,,43433013309.68129
2020-10-31,382.8200378417969,393.0101318359375,381.2952575683594,386.59033203125,11276963426,0.0098007145499934,0.0298037904651796,ETH-USD,0.0,0,0.0,0,0.0,0.0,0.4599999999999999,0.0,521508,1089587,,,43776670002.69399
2020-11-01,386.59033203125,397.1161193847656,385.16552734375,396.3581848144531,10475146018,0.0249527507592262,0.0297981756786021,ETH-USD,0.0,0,0.0,0,0.0,0.0,0.4399999999999999,0.0,523516,1050753,,,44800351864.458885
2020-11-02,396.3559875488281,403.2407531738281,381.01763916015625,383.15673828125,13997574252,-0.0338741657439098,0.0314051454693807,ETH-USD,0.0,0,0.0,0,0.0,0.0,0.4199999999999999,0.0,488898,1156870,,,43477115712.44632
2020-11-03,383.1560363769531,389.515380859375,371.312744140625,387.6021728515625,12588494762,0.0115353421153581,0.0303292688015047,ETH-USD,0.0,0,0.0,0,0.0,0.0,0.4199999999999999,0.0,506039,1119359,,,44014721133.111885
2020-11-04,387.6032104492188,407.6656494140625,377.8276062011719,402.1419982910156,15126077675,0.036825769914699,0.0274140929606381,ETH-USD,0.0,0,0.0,0,0.0,0.0,0.48,0.0,624330,1137324,,,45520820968.66388
2020-11-05,402.1429443359375,417.5259399414063,397.2458190917969,414.0673522949219,15440711038,0.0292233914681967,0.0244931409927303,ETH-USD,0.0,0,0.0,0,0.0,0.0,0.4399999999999999,0.0,501094,1128431,,,47248734782.82374
2020-11-06,414.0667114257813,456.20062255859375,412.9822998046875,454.7192993164063,16738305610,0.0936516566993749,0.0347529112851206,ETH-USD,0.0,0,0.0,0,0.0,0.0,0.8,0.0,572052,1171971,,,51724971109.45109
2020-11-07,454.7225646972656,465.6754760742188,428.4563598632813,435.713134765625,18873289788,-0.0426962249742138,0.0372518577934742,ETH-USD,0.0,0,0.0,0,0.0,0.0,0.76,0.0,543961,1131722,,,49501206896.10001
2020-11-08,435.71881103515625,457.7804565429688,433.1537780761719,453.5547790527344,11292383601,0.0401319749763288,0.037993273741643,ETH-USD,0.0,0,0.0,0,0.0,0.0,0.6399999999999999,0.0,606394,1016465,,,51615811182.773415
2020-11-09,453.57415771484375,457.349609375,435.1638793945313,444.1630554199219,13704320630,-0.0209243170452968,0.0373036724243256,ETH-USD,0.0,0,0.0,0,0.0,0.0,0.8,0.0,544077,1147695,,,50394519196.058
2020-11-10,444.1663818359375,453.7583618164063,439.6001281738281,449.67962646484375,12090381666,0.012343651072481,0.0370151077215222,ETH-USD,0.0,0,0.0,0,0.0,0.0,0.8,0.0,490166,1157455,,,51188864451.3444
2020-11-11,449.6796569824219,473.578857421875,449.5249328613281,462.9605407714844,14075403511,0.0291064373141313,0.0348537719349175,ETH-USD,0.0,0,0.0,0,0.0,0.0,0.72,0.0,644638,1096582,,,52636636662.819855
2020-11-12,462.9595336914063,467.6778259277344,452.0724182128906,461.0052795410156,12877327234,-0.0042323300410841,0.0348264957090025,ETH-USD,0.0,0,0.0,0,0.0,0.0,0.74,0.0,587186,1099253,,,52489887339.97212
2020-11-13,461.0054931640625,475.2172546386719,457.2982482910156,474.6264343261719,13191505725,0.0291185452695524,0.0344361852670243,ETH-USD,0.0,0,0.0,0,0.0,0.0,0.78,0.0,521392,1156377,,,54050512182.31899
2020-11-14,474.6264343261719,475.1614379882813,452.986083984375,460.14984130859375,10312037942,-0.0309758621513056,0.0365986063423828,ETH-USD,0.0,0,0.0,0,0.0,0.0,0.8,0.0,570887,1067063,,,52466731076.4776
2020-11-15,460.14990234375,460.99407958984375,440.25433349609375,447.55908203125,10308617165,-0.0277436225303429,0.0378996227387827,ETH-USD,0.0,0,0.0,0,0.0,0.0,0.72,0.0,502933,1037428,,,50974919025.302414
2020-11-16,447.5589904785156,463.8310241699219,445.5016174316406,459.9403076171875,11441239444,0.0272881591276033,0.0360996725349924,ETH-USD,0.0,0,0.0,0,0.0,0.0,0.8,0.0,496246,1105512,,,52445588185.84203
2020-11-17,464.4066467285156,482.2322082519531,460.776611328125,480.3600769042969,14593057877,0.0434392678764759,0.0369928765520293,ETH-USD,0.0,0,0.0,0,0.0,0.0,0.72,0.0,516399,1173012,,,54771213441.08368
2020-11-18,480.3468322753906,491.9999084472656,465.8309631347656,479.4840698242188,17880199224,-0.0018253115910212,0.0367060320743641,ETH-USD,0.0,0,0.0,0,0.0,0.0,0.8200000000000001,0.0,498949,1120798,,,54414177251.19375
2020-11-19,479.4810180664063,480.1217346191406,465.7042541503906,471.6304321289063,12473929218,-0.0165149751819612,0.0371421498398081,ETH-USD,0.0,0,0.0,0,0.0,0.0,0.8799999999999999,0.0,497408,1122748,,,53474003939.27502
2020-11-20,471.6314697265625,513.6103515625,471.6314697265625,509.74456787109375,18629943296,0.0777140568241815,0.0345087208908668,ETH-USD,0.0,0,0.0,0,0.0,0.0,0.72,0.0,528075,1162871,,,57840602350.043
2020-11-21,509.7445983886719,550.2274169921875,504.2377624511719,549.4866333007812,20757099184,0.0750746954036224,0.0354983839680244,ETH-USD,0.0,0,0.0,0,0.0,0.0,0.8200000000000001,0.0,576466,1172183,,,62137690708.8558
2020-11-22,549.4866333007812,579.3724975585938,514.5172119140625,558.068115234375,21967049601,0.0154965768993329,0.0348452242536004,ETH-USD,0.0,0,0.0,0,0.0,0.0,0.8799999999999999,0.0,555649,1148006,,,64163519384.31839
2020-11-23,558.0595092773438,609.9876098632812,551.2652587890625,608.4540405273438,27272302872,0.0864403552061232,0.0380431732191721,ETH-USD,0.0,0,0.0,0,0.0,0.0,0.8,0.0,555903,1213632,,,68949701372.15712
2020-11-24,608.5227661132812,621.1734008789062,593.8351440429688,603.8977661132812,23281758100,-0.0075164582433248,0.0388127412967293,ETH-USD,0.0,0,0.0,0,0.0,0.0,0.76,0.0,543359,1240072,,,68658132503.91695
2020-11-25,603.9020385742188,605.0941772460938,559.67138671875,570.6866455078125,20088492893,-0.0565646451343402,0.0438708988135944,ETH-USD,0.0,0,0.0,0,0.0,0.0,0.8799999999999999,0.0,544008,1205924,,,64540440796.87949
2020-11-26,570.514892578125,575.6414794921875,485.497314453125,518.8011474609375,31104004592,-0.0953196128727419,0.0527825685371462,ETH-USD,0.0,0,0.0,0,0.0,0.0,0.8600000000000001,0.0,550015,1173330,,,58885598655.96443
2020-11-27,519.1080932617188,530.7771606445312,497.24261474609375,517.4937133789062,16831105703,-0.0025232871939014,0.0525055675122837,ETH-USD,0.0,0,0.0,0,0.0,0.0,0.72,0.0,557982,1102889,,,58738522860.17094
2020-11-28,517.5973510742188,548.0448608398438,508.1253662109375,538.2297973632812,14770243833,0.0392882246064562,0.0520371976418818,ETH-USD,0.0,0,0.0,0,0.0,0.0,0.74,0.0,688339,992335,,,61448304280.81785
2020-11-29,538.2645874023438,576.6024169921875,531.987548828125,575.758056640625,15017517758,0.0674019302875686,0.0527684678778906,ETH-USD,0.0,0,0.0,0,0.0,0.0,0.78,0.0,738443,993930,,,65324166330.1412
2020-11-30,575.757080078125,615.2405395507812,571.5377807617188,614.842529296875,20276867833,0.0656786531966828,0.0542650332688836,ETH-USD,0.0,0,0.0,0,0.0,0.0,0.76,0.0,526155,1183915,,,69718300657.21928
2020-12-01,615.0703125,635.1605834960938,571.7539672851562,587.3241577148438,27178964465,-0.0457892898963178,0.056583539426338,ETH-USD,0.0,0,0.0,0,0.0,0.0,0.8999999999999999,0.0,557804,1172361,,,66860458402.59685
2020-12-02,587.2615966796875,604.0224609375,578.7410278320312,598.3523559570312,16883292129,0.0186029092346977,0.0563971408389426,ETH-USD,0.0,0,0.0,0,0.0,0.0,0.8400000000000001,0.0,463102,1071389,,,68081982009.991806
2020-12-03,598.459228515625,622.4526977539062,588.3463745117188,616.708740234375,16146190946,0.0302170500492328,0.0557149978602497,ETH-USD,0.0,0,0.0,0,0.0,0.0,0.8400000000000001,0.0,497766,1114178,,,70208101091.71751
2020-12-04,616.7227783203125,618.983154296875,569.2835083007812,569.3541870117188,16337589997,-0.0798941412336401,0.0588100287894028,ETH-USD,0.0,0,0.0,0,0.0,0.0,0.8400000000000001,0.0,490688,1134337,,,65057203221.15456
2020-12-05,569.34765625,596.595458984375,563.1066284179688,596.595458984375,13498010566,0.0467365473101906,0.0567724891166506,ETH-USD,0.0,0,0.0,0,0.0,0.0,0.8600000000000001,0.0,561873,1055722,,,67650868919.85701
2020-12-06,596.5686645507812,606.7919311523438,584.4117431640625,601.9089965820312,11290893016,0.0088670048528074,0.0567136832640146,ETH-USD,0.0,0,0.0,0,0.0,0.0,0.8999999999999999,0.0,503912,1034515,,,68492966173.33441
2020-12-07,601.797119140625,602.9179077148438,585.4286499023438,591.8433837890625,10720480962,-0.0168642199403828,0.0518726244405602,ETH-USD,0.0,0,0.0,0,0.0,0.0,0.8799999999999999,0.0,502915,1102501,,,67315325127.37643
2020-12-08,591.9008178710938,594.7515869140625,552.46923828125,554.8277587890625,14398919320,-0.0645843244175519,0.0545163033977864,ETH-USD,0.0,0,0.0,0,0.0,0.0,0.8999999999999999,0.0,496764,1149816,,,63057485830.72916
2020-12-09,554.7929077148438,577.2883911132812,532.9984130859375,573.4791259765625,15855915840,0.0330638172519048,0.0533791349955062,ETH-USD,0.0,0,0.0,0,0.0,0.0,0.72,0.0,495314,1150822,,,65328842805.09629
2020-12-10,573.5040283203125,574.6001586914062,549.7840576171875,559.6785278320312,11672582040,-0.024358976854966,0.0465251735668453,ETH-USD,0.0,0,0.0,0,0.0,0.0,0.8799999999999999,0.0,461398,1092429,,,63770626337.24359
2020-12-11,559.67919921875,560.376708984375,537.8116455078125,545.79736328125,11098819124,-0.0251147841145541,0.0472085324176261,ETH-USD,0.0,0,0.0,0,0.0,0.0,0.78,0.0,482121,1122160,,,62075253269.82548
2020-12-12,545.5785522460938,573.3394165039062,545.24560546875,568.5673217773438,8534557897,0.0408719488546324,0.0473019081390355,ETH-USD,0.0,0,0.0,0,0.0,0.0,0.8,0.0,508542,1092064,,,64707582848.02643
2020-12-13,568.60986328125,593.78125,564.5659790039062,589.6632080078125,9070377862,0.0364318138345983,0.0447604441583307,ETH-USD,0.0,0,0.0,0,0.0,0.0,0.8200000000000001,0.0,567529,1142703,,,67217061002.46306
2020-12-14,589.782470703125,590.4929809570312,577.118408203125,586.0111694335938,8125837102,-0.0062126901647627,0.0408056337799142,ETH-USD,0.0,0,0.0,0,0.0,0.0,0.8999999999999999,0.0,540147,1241593,,,66764001253.8542
2020-12-15,586.0217895507812,596.2477416992188,580.6287841796875,589.3555908203125,9326645840,0.0056908711831046,0.0389732956144127,ETH-USD,0.0,0,0.0,0,0.0,0.0,0.8200000000000001,0.0,525004,1215285,,,67060289919.86837
2020-12-16,589.378662109375,636.6403198242188,582.0391235351562,636.1818237304688,15817248373,0.0764546878057103,0.0438332389678515,ETH-USD,0.0,0,0.0,0,0.0,0.0,0.8400000000000001,0.0,568398,1261767,,,72443632867.37183
2020-12-17,636.1541748046875,673.834228515625,628.7493896484375,642.8689575195312,25479532147,0.0104564960468703,0.0432515208226276,ETH-USD,0.0,0,0.0,0,0.0,0.0,0.8400000000000001,0.0,630990,1342281,,,73202278217.36337
2020-12-18,642.9169921875,662.6990966796875,632.3560791015625,654.8119506835938,15756303983,0.0184071913237563,0.0361632445881208,ETH-USD,0.0,0,0.0,0,0.0,0.0,0.8999999999999999,0.0,553060,1193950,,,74261608941.2649
2020-12-19,654.6242065429688,668.7695922851562,646.6162109375,659.2979125976562,12830893778,0.0068274038037558,0.034582105403928,ETH-USD,0.0,0,0.0,0,0.0,0.0,0.8600000000000001,0.0,545505,1162872,,,75148279638.89566
2020-12-20,659.18505859375,659.9237060546875,625.0144653320312,638.2908325195312,13375855442,-0.032381470204766,0.0361453040261338,ETH-USD,0.0,0,0.0,0,0.0,0.0,0.8400000000000001,0.0,486929,1074305,,,72748159623.0637
2020-12-21,638.315185546875,646.8465576171875,600.8360595703125,609.81787109375,14419493621,-0.045633689212268,0.0381942331643299,ETH-USD,0.0,0,0.0,0,0.0,0.0,0.8400000000000001,0.0,485930,1146949,,,69792927337.55864
2020-12-22,609.4205322265625,635.0765991210938,589.552001953125,634.8541870117188,14745890080,0.0402350051628222,0.0341707465777184,ETH-USD,0.0,0,0.0,0,0.0,0.0,0.76,0.0,478231,1147101,,,72266212960.41544
2020-12-23,634.8245849609375,637.122802734375,560.3642578125,583.714599609375,15261413038,-0.0839831816944432,0.0415226112217907,ETH-USD,0.0,0,0.0,0,0.0,0.0,0.8600000000000001,0.0,535033,1254308,,,67070683523.01931
2020-12-24,584.1356201171875,613.815185546875,568.5963745117188,611.607177734375,14317413703,0.0466780459039778,0.0424800045928309,ETH-USD,0.0,0,0.0,0,0.0,0.0,0.72,0.0,524269,1142743,,,69744266303.68777
2020-12-25,611.5545654296875,633.0614013671875,605.4244384765625,626.4107055664062,13520927700,0.0239160251730362,0.0417014889604644,ETH-USD,0.0,0,0.0,0,0.0,0.0,0.8799999999999999,0.0,474892,1140417,,,71342636142.16556
2020-12-26,626.498046875,650.721435546875,617.402099609375,635.8358154296875,14761125202,0.0149341430192819,0.0407828132211906,ETH-USD,0.0,0,0.0,0,0.0,0.0,0.8600000000000001,0.0,464884,1139562,,,72487828164.10576
2020-12-27,635.8871459960938,711.3935546875,628.3349609375,682.642333984375,26093552821,0.0710306751053794,0.0435907283135179,ETH-USD,0.0,0,0.0,0,0.0,0.0,0.8200000000000001,0.0,507618,1177372,,,78502781448.86993
2020-12-28,683.205810546875,745.8777465820312,683.205810546875,730.3973388671875,24222565862,0.0676176326046201,0.0458273113027484,ETH-USD,0.0,0,0.0,0,0.0,0.0,0.8400000000000001,0.0,544394,1256783,,,83306403100.18701
2020-12-29,730.3587036132812,737.952880859375,692.1494140625,731.5201416015625,18710683199,0.0015360688549763,0.0459107162383253,ETH-USD,0.0,0,0.0,0,0.0,0.0,0.8200000000000001,0.0,519248,1206703,,,83478230313.89484
2020-12-30,731.4728393554688,754.30322265625,720.9888916015625,751.6189575195312,17294574210,0.0271047353670458,0.0426435834727314,ETH-USD,0.0,0,0.0,0,0.0,0.0,0.8200000000000001,0.0,521593,1227653,,,85686789710.82678
2020-12-31,751.6266479492188,754.2994384765625,726.5119018554688,737.8034057617188,13926846861,-0.0185520888489327,0.0434173999051007,ETH-USD,0.0,0,0.0,0,0.0,0.0,0.8999999999999999,0.0,488772,1163876,,,84307592980.45122
2021-01-01,737.7083740234375,749.2018432617188,719.792236328125,730.3675537109375,13652004358,-0.0101294955922821,0.0436533890108866,ETH-USD,0.0,0,0.0,0,0.0,0.0,0.8799999999999999,0.0,510102,1136712,,,83392527577.60791
2021-01-02,730.4026489257812,786.7984619140625,718.1094970703125,774.5349731445312,19740771179,0.0587149089443991,0.0457182964339986,ETH-USD,0.0,0,0.0,0,0.0,0.0,0.8799999999999999,0.0,514898,1170839,,,88467283101.45692
2021-01-03,774.5118408203125,1006.5650024414062,771.5616455078125,975.5076904296876,45200463368,0.2306952290011303,0.0725079691630138,ETH-USD,0.0,0,0.0,0,0.0,0.0,0.8600000000000001,0.0,583017,1234419,,,113022171397.96152
2021-01-04,977.058837890625,1153.189208984375,912.3053588867188,1040.2330322265625,56945985763,0.0642419928748038,0.0695428136132982,ETH-USD,0.0,0,0.0,0,0.0,0.0,0.8799999999999999,0.0,622704,1275169,,,117596170885.09988
2021-01-05,1041.498779296875,1129.3714599609375,986.811279296875,1100.006103515625,41535932781,0.0558709709374099,0.0697043179287114,ETH-USD,0.0,0,0.0,0,0.0,0.0,0.8600000000000001,0.0,590568,1258441,,,125742960421.83228
2021-01-06,1101.0050048828125,1209.4285888671875,1064.2333984375,1207.1121826171875,44699914188,0.0929151527017415,0.0611535720024397,ETH-USD,0.0,0,0.0,0,0.0,0.0,0.8999999999999999,0.0,615398,1280434,,,136922869199.13203
2021-01-07,1208.078369140625,1282.57958984375,1167.443115234375,1225.6781005859375,40468027280,0.0152633612010592,0.0619312509583903,ETH-USD,0.0,0,0.0,0,0.0,0.0,0.8200000000000001,0.0,657941,1298568,,,139321539857.9189
2021-01-08,1225.9678955078125,1273.8275146484375,1076.08154296875,1224.1971435546875,44334826666,-0.0012090062260797,0.063087705381277,ETH-USD,0.0,0,0.0,0,0.0,0.0,0.8600000000000001,0.0,625530,1288953,,,139300816746.43192
2021-01-09,1223.740478515625,1303.871826171875,1182.2703857421875,1281.0772705078125,33233105361,0.0454161054380412,0.0623860678635336,ETH-USD,0.0,0,0.0,0,0.0,0.0,0.8600000000000001,0.0,611578,1231759,,,146979958226.2945
2021-01-10,1280.87109375,1347.9261474609375,1194.715576171875,1262.2467041015625,40616938053,-0.0148081099304616,0.0643512622729167,ETH-USD,0.0,0,0.0,0,0.0,0.0,0.8799999999999999,0.0,616426,1210603,,,144538541298.19492
2021-01-11,1261.6229248046875,1261.6229248046875,924.922607421875,1090.1453857421875,60733630300,-0.1465821628624067,0.0814673833518508,ETH-USD,0.0,0,0.0,0,0.0,0.0,0.8,0.0,639489,1280285,,,123705180159.74075
2021-01-12,1088.5267333984375,1149.240234375,1012.76416015625,1043.4345703125,37494601692,-0.0437933253363626,0.0835013685308534,ETH-USD,0.0,0,0.0,0,0.0,0.0,0.6799999999999999,0.0,560454,1165508,,,118686042564.31136
2021-01-13,1043.740966796875,1134.3385009765625,994.549072265625,1130.7393798828125,30109792795,0.0803539938065793,0.0847894034673404,ETH-USD,0.0,0,0.0,0,0.0,0.0,0.56,0.0,544430,1126532,,,128880200418.3336
2021-01-14,1130.231201171875,1244.1630859375,1093.060791015625,1218.4530029296875,33410915929,0.0747102864972543,0.0844143481130211,ETH-USD,0.0,0,0.0,0,0.0,0.0,0.6599999999999999,0.0,569396,1184604,,,138574331450.75235
2021-01-15,1221.877197265625,1250.505859375,1090.7210693359375,1171.8345947265625,35972039310,-0.0390114733133125,0.0859627469526149,ETH-USD,0.0,0,0.0,0,0.0,0.0,0.76,0.0,585279,1227187,,,133451671351.64732
2021-01-16,1171.443115234375,1290.0535888671875,1157.623779296875,1233.53759765625,32319240157,0.0513155865743692,0.0858202085069728,ETH-USD,0.0,0,0.0,0,0.0,0.0,0.6799999999999999,0.0,574480,1193339,,,140768055176.6807
2021-01-17,1233.453369140625,1265.6446533203125,1174.3885498046875,1230.1722412109375,29258032819,-0.0027319439045435,0.0645460017983149,ETH-USD,0.0,0,0.0,0,0.0,0.0,0.5800000000000001,0.0,548826,1133096,,,141990281349.43542
2021-01-18,1230.313232421875,1259.4500732421875,1187.31103515625,1257.279541015625,25817455560,0.0217960992411314,0.063115433271722,ETH-USD,0.0,0,0.0,0,0.0,0.0,0.5800000000000001,0.0,556478,1217953,,,143163465450.51593
2021-01-19,1257.4345703125,1432.300048828125,1254.52294921875,1377.2958984375,47195935190,0.0911717906369976,0.0655933280162622,ETH-USD,0.0,0,0.0,0,0.0,0.0,0.6000000000000001,0.0,601609,1252236,,,158495706458.95572
2021-01-20,1375.2484130859375,1405.744140625,1243.2999267578125,1382.2740478515625,46784030909,0.0036079207347808,0.0617753452675398,ETH-USD,0.0,0,0.0,0,0.0,0.0,0.56,0.0,565813,1213930,,,156426920284.49405
2021-01-21,1382.6844482421875,1382.6844482421875,1098.4761962890625,1121.5709228515625,45932464754,-0.2089996914405339,0.0849466143275862,ETH-USD,0.0,0,0.0,0,0.0,0.0,0.5,0.0,540818,1178190,,,129553109550.88304
2021-01-22,1118.8890380859375,1271.6876220703125,1046.5965576171875,1236.51220703125,43918338506,0.0975643679180988,0.0893911158832598,ETH-USD,0.0,0,0.0,0,0.0,0.0,-0.1999999999999999,0.0,532997,1182794,,,141314431408.77155
2021-01-23,1235.2679443359375,1272.151123046875,1200.893310546875,1230.9906005859375,27253895441,-0.0044754685949392,0.0884616306057045,ETH-USD,0.0,0,0.0,0,0.0,0.0,0.48,0.0,513612,1140666,,,141033354246.51135
2021-01-24,1231.2105712890625,1395.111328125,1225.2740478515625,1391.609375,36418163554,0.122641689541714,0.0944564765448084,ETH-USD,0.0,0,0.0,0,0.0,0.0,0.3999999999999999,0.0,514921,1117744,,,158724870354.96936
2021-01-25,1390.639892578125,1467.784912109375,1304.9739990234375,1324.414794921875,43565777745,-0.0494902034567117,0.0854502329525118,ETH-USD,0.0,0,0.0,0,0.0,0.0,0.48,0.0,545219,1207263,,,151692919224.5062
2021-01-26,1323.74169921875,1376.0850830078125,1253.34033203125,1357.05810546875,41572917750,0.024348501333298,0.083836404836509,ETH-USD,0.0,0,0.0,0,0.0,0.0,0.4199999999999999,0.0,561115,1194595,,,155859496260.0438
2021-01-27,1358.3333740234375,1368.0740966796875,1215.311279296875,1253.1871337890625,39394416990,-0.0796291856420499,0.0856797125754829,ETH-USD,0.0,0,0.0,0,0.0,0.0,0.56,0.0,502563,1140980,,,142611355859.2653
2021-01-28,1251.27978515625,1356.2886962890625,1226.1739501953125,1332.4921875,34637234789,0.0613610006441121,0.084943450074568,ETH-USD,0.0,0,0.0,0,0.0,0.0,0.1,0.0,554633,1190834,,,153599979312.1924
2021-01-29,1369.0867919921875,1428.981201171875,1292.2401123046875,1382.5228271484375,53611955259,0.0368589517765382,0.0842413502631127,ETH-USD,0.0,0,0.0,0,0.0,0.0,0.54,0.0,629039,1293963,,,158385543266.2682
2021-01-30,1382.23193359375,1402.3997802734375,1328.529052734375,1376.115478515625,30616574234,-0.0046453064481842,0.0835474347239774,ETH-USD,0.0,0,0.0,0,0.0,0.0,0.52,0.0,602900,1218241,,,157999493481.5328
2021-01-31,1376.8236083984375,1378.916015625,1288.5015869140625,1314.9862060546875,25198853581,-0.0454384834471713,0.0847332867897751,ETH-USD,0.0,0,0.0,0,0.0,0.0,0.56,0.0,571051,1244924,,,150859483437.80832
2021-02-01,1314.855224609375,1373.8458251953125,1274.3577880859375,1369.04052734375,29210670920,0.0402839735968884,0.0851621592258178,ETH-USD,0.0,0,0.0,0,0.0,0.0,0.54,0.0,577466,1300451,,,156903551687.74548
2021-02-02,1369.505126953125,1542.990966796875,1362.771240234375,1515.1937255859375,45437142801,0.1014331529809868,0.0859909410002769,ETH-USD,0.0,0,0.0,0,0.0,0.0,0.52,0.0,606119,1302891,,,174587545206.45605
2021-02-03,1514.7696533203125,1660.9095458984375,1510.01025390625,1660.9095458984375,41874566399,0.0918220690711203,0.0889198783289447,ETH-USD,0.0,0,0.0,0,0.0,0.0,0.56,0.0,631088,1314906,,,190115116680.58093
2021-02-04,1661.170166015625,1689.1866455078125,1561.853515625,1594.7626953125,44396871836,-0.0406404267318807,0.0646393247498482,ETH-USD,0.0,0,0.0,0,0.0,0.0,0.6000000000000001,0.0,636306,1309863,,,184281491645.1748
2021-02-05,1594.7933349609375,1756.510986328125,1594.7933349609375,1718.65087890625,40108628454,0.0748146655156219,0.0629423289458993,ETH-USD,0.0,0,0.0,0,0.0,0.0,0.6200000000000001,0.0,608628,1316904,,,197147391264.52365
2021-02-06,1717.7974853515625,1738.314453125,1649.0687255859375,1677.8468017578125,39873420648,-0.024028304556216,0.0638220283867329,ETH-USD,0.0,0,0.0,0,0.0,0.0,0.6799999999999999,0.0,631037,1227828,,,192957815798.47928
2021-02-07,1677.605712890625,1690.03662109375,1501.750244140625,1614.227783203125,39889440151,-0.0386546162512713,0.0586273553123073,ETH-USD,0.0,0,0.0,0,0.0,0.0,0.72,0.0,617267,1230638,,,185226378182.62643
2021-02-08,1613.6422119140625,1770.5908203125,1571.5799560546875,1746.6168212890625,48012285956,0.078823982320008,0.058540509852261,ETH-USD,0.0,0,0.0,0,0.0,0.0,0.6599999999999999,0.0,628031,1275739,,,199865012211.0016
2021-02-09,1746.9261474609375,1815.963623046875,1711.62060546875,1768.0350341796875,44180727529,0.012188107903901,0.0585574833103643,ETH-USD,0.0,0,0.0,0,0.0,0.0,0.8999999999999999,0.0,602871,1327544,,,203018236061.66705
2021-02-10,1768.039794921875,1826.69677734375,1686.5423583984375,1744.243408203125,41916084617,-0.013547895059854,0.0523377762716989,ETH-USD,0.0,0,0.0,0,0.0,0.0,0.8400000000000001,0.0,615259,1320357,,,200449828250.74097
2021-02-11,1743.7142333984375,1806.5390625,1708.67919921875,1783.7979736328125,36021495262,0.0224238995941635,0.0511999386073746,ETH-USD,0.0,0,0.0,0,0.0,0.0,0.8600000000000001,0.0,612148,1270521,,,204760269802.63745
2021-02-12,1783.4891357421875,1861.35693359375,1744.1689453125,1843.5325927734373,37905036865,0.0329388341035565,0.05111621637103,ETH-USD,0.0,0,0.0,0,0.0,0.0,0.8400000000000001,0.0,594587,1290300,,,211767007287.8437
2021-02-13,1843.98681640625,1871.603515625,1770.612060546875,1814.10986328125,35359490535,-0.0160887044083459,0.0516390106111325,ETH-USD,0.0,0,0.0,0,0.0,0.0,0.8400000000000001,0.0,563729,1252364,,,208691337249.8214
2021-02-14,1814.372314453125,1848.154052734375,1789.9141845703125,1805.0841064453125,31439114900,-0.0049877268932747,0.0487632886049919,ETH-USD,0.0,0,0.0,0,0.0,0.0,0.8999999999999999,0.0,555363,1206665,,,207817376822.734
2021-02-15,1804.6767578125,1833.83056640625,1683.9066162109375,1779.791015625,38955610883,-0.0141112366088504,0.0494109651322453,ETH-USD,0.0,0,0.0,0,0.0,0.0,0.8600000000000001,0.0,570429,1210500,,,205085473631.30057
2021-02-16,1778.945556640625,1824.5186767578125,1729.6419677734375,1781.0675048828125,34269369268,0.0007169559279818,0.0434132691808576,ETH-USD,0.0,0,0.0,0,0.0,0.0,0.8999999999999999,0.0,569472,1217916,,,204317874330.4668
2021-02-17,1781.35009765625,1853.6676025390625,1736.705810546875,1848.458251953125,35955412703,0.0371390079286722,0.0377222864820742,ETH-USD,0.0,0,0.0,0,0.0,0.0,0.8999999999999999,0.0,583486,1258503,,,211759190997.1492
2021-02-18,1848.206298828125,1949.9034423828125,1848.206298828125,1937.44921875,28255902969,0.0470203579088011,0.03634155875033,ETH-USD,0.0,0,0.0,0,0.0,0.0,0.8200000000000001,0.0,601009,1298425,,,221790387317.9811
2021-02-19,1938.85986328125,1969.5469970703125,1896.6844482421875,1960.164794921875,26268814253,0.0116562765252882,0.0318399279404066,ETH-USD,0.0,0,0.0,0,0.0,0.0,0.8600000000000001,0.0,628240,1323618,,,225102701693.4766
2021-02-20,1959.9029541015625,2036.2864990234373,1830.531494140625,1919.5340576171875,34696091102,-0.020946070485595,0.0316008226692502,ETH-USD,0.0,0,0.0,0,0.0,0.0,0.8200000000000001,0.0,643509,1337507,,,219594687146.4184
2021-02-21,1918.673095703125,1974.2596435546875,1890.3681640625,1935.60107421875,23626547717,0.0083354326524352,0.0284147565810011,ETH-USD,0.0,0,0.0,0,0.0,0.0,0.8200000000000001,0.0,604276,1233518,,,222042492338.9616
2021-02-22,1935.557861328125,1936.4537353515625,1580.6265869140625,1781.992919921875,42409646036,-0.082685554983684,0.0321603507978273,ETH-USD,0.0,0,0.0,0,0.0,0.0,0.8799999999999999,0.0,621855,1312178,,,203389892374.4104
2021-02-23,1781.4090576171875,1781.4090576171875,1378.8409423828125,1570.2039794921875,52029864713,-0.1265268217685559,0.046681546997169,ETH-USD,0.0,0,0.0,0,0.0,0.0,0.8799999999999999,0.0,627533,1302882,,,179508700934.97287
2021-02-24,1571.4764404296875,1710.9837646484375,1511.0189208984375,1626.57568359375,31329000537,0.0352714632513698,0.0480760952205443,ETH-USD,0.0,0,0.0,0,0.0,0.0,0.52,0.0,623762,1285208,,,185678047442.98767
2021-02-25,1625.3939208984375,1670.22412109375,1465.0589599609375,1475.7037353515625,24481681873,-0.0973420126911905,0.0532050660817413,ETH-USD,0.0,0,0.0,0,0.0,0.0,0.5800000000000001,0.0,617443,1232758,,,171330441592.1106
2021-02-26,1478.6533203125,1559.0289306640625,1407.979248046875,1446.03369140625,31435997881,-0.0203105615316981,0.0515026301140989,ETH-USD,0.0,0,0.0,0,0.0,0.0,0.1,0.0,605208,1236241,,,165703892104.9274
2021-02-27,1446.929443359375,1524.932373046875,1433.7869873046875,1459.97314453125,20742103233,0.0095936182015569,0.0520058257245437,ETH-USD,0.0,0,0.0,0,0.0,0.0,0.1200000000000001,0.0,566704,1202432,,,167072208668.00745
2021-02-28,1459.8604736328125,1468.3914794921875,1300.47216796875,1416.0489501953125,27637026080,-0.0305474773733983,0.0520565412522704,ETH-USD,0.0,0,0.0,0,0.0,0.0,0.1,0.0,581313,1179859,,,163800981512.8203
2021-03-01,1417.151123046875,1567.694580078125,1416.4161376953125,1564.7076416015625,24032838645,0.0998284320416368,0.0607762719026138,ETH-USD,0.0,0,0.0,0,0.0,0.0,-0.24,0.0,579329,1185925,,,179664587381.82205
2021-03-02,1564.0634765625,1597.610107421875,1461.325439453125,1492.6087646484375,22523669722,-0.0471735582968951,0.0615183914771115,ETH-USD,0.0,0,0.0,0,0.0,0.0,0.56,0.0,595816,1240182,,,171255085933.43988
2021-03-03,1491.451171875,1650.360595703125,1481.90576171875,1575.8531494140625,22674780680,0.0542713700226924,0.0627425825236147,ETH-USD,0.0,0,0.0,0,0.0,0.0,0.56,0.0,559291,1235048,,,182104024499.242
2021-03-04,1574.623779296875,1622.953857421875,1511.1033935546875,1541.914306640625,22906118718,-0.0217721070575213,0.0604682156667333,ETH-USD,0.0,0,0.0,0,0.0,0.0,0.6799999999999999,0.0,598760,1234903,,,176832941731.48395
2021-03-05,1541.541748046875,1547.878173828125,1450.891357421875,1533.2750244140625,21067146937,-0.0056187141830792,0.0600282770342932,ETH-USD,0.0,0,0.0,0,0.0,0.0,0.54,0.0,523337,1208640,,,176029141469.01932
2021-03-06,1532.372802734375,1669.1065673828125,1519.14111328125,1654.7415771484375,22746262366,0.0762388633509232,0.0650167011227852,ETH-USD,0.0,0,0.0,0,0.0,0.0,0.54,0.0,540483,1160519,,,190886424481.5056
2021-03-07,1655.3924560546875,1730.9241943359375,1636.564453125,1723.15380859375,23809935410,0.0405113715640894,0.0662937947077464,ETH-USD,0.0,0,0.0,0,0.0,0.0,0.52,0.0,499682,1180104,,,197733228967.94928
2021-03-08,1724.229248046875,1835.192138671875,1670.9420166015625,1834.7279052734373,27630991158,0.0627399685441136,0.0651255643398024,ETH-USD,0.0,0,0.0,0,0.0,0.0,0.6200000000000001,0.0,533767,1216417,,,210062199817.27927
2021-03-09,1835.1480712890625,1868.048828125,1804.266357421875,1868.048828125,23461244507,0.0179982887112845,0.0536069858852865,ETH-USD,0.0,0,0.0,0,0.0,0.0,0.6200000000000001,0.0,574925,1275347,,,214218817196.6424
2021-03-10,1868.489013671875,1873.80322265625,1766.490478515625,1799.166259765625,25154173185,-0.0375711101403868,0.0547400478156309,ETH-USD,0.0,0,0.0,0,0.0,0.0,0.3600000000000001,0.0,582840,1256065,,,207502588302.76328
2021-03-11,1798.033935546875,1843.81884765625,1734.6170654296875,1826.1949462890625,24013132909,0.0149111692813626,0.0457281073817436,ETH-USD,0.0,0,0.0,0,0.0,0.0,0.4599999999999999,0.0,623452,1284767,,,210323158993.0417
2021-03-12,1826.5467529296875,1839.497314453125,1728.98095703125,1772.1024169921875,22435821312,-0.0300678899468761,0.0463810111175692,ETH-USD,0.0,0,0.0,0,0.0,0.0,0.3999999999999999,0.0,592345,1325679,,,203534962497.01132
2021-03-13,1772.1663818359375,1937.6455078125,1733.639892578125,1924.6854248046875,25014689475,0.0825958907877346,0.0497643049988118,ETH-USD,0.0,0,0.0,0,0.0,0.0,0.48,0.0,591290,1293352,,,221827734371.9821
2021-03-14,1923.86376953125,1930.77978515625,1845.1199951171875,1854.5643310546875,19344589211,-0.0371127321901929,0.0503026441866299,ETH-USD,0.0,0,0.0,0,0.0,0.0,0.56,0.0,586583,1277890,,,215747658136.0233
2021-03-15,1854.086669921875,1889.1966552734373,1749.6063232421875,1791.7022705078125,26244738810,-0.0344836494503697,0.0464144000888721,ETH-USD,0.0,0,0.0,0,0.0,0.0,0.52,0.0,592457,1321388,,,206881134242.69308
2021-03-16,1792.413818359375,1817.0601806640625,1720.05322265625,1806.9718017578125,23828509590,0.0084862494248442,0.0434600491417072,ETH-USD,0.0,0,0.0,0,0.0,0.0,0.4199999999999999,0.0,587910,1308992,,,206912348624.15817
2021-03-17,1807.05615234375,1839.8189697265625,1749.179931640625,1823.4493408203125,24512917348,0.0090775431077771,0.0418598215053624,ETH-USD,0.0,0,0.0,0,0.0,0.0,0.4199999999999999,0.0,568873,1272298,,,209461979346.26627
2021-03-18,1823.158447265625,1848.6461181640625,1705.716064453125,1782.8551025390625,23263845504,-0.0225138801159978,0.0419041539762448,ETH-USD,0.0,0,0.0,0,0.0,0.0,0.4399999999999999,0.0,593538,1299760,,,205201027897.62503
2021-03-19,1782.5687255859375,1841.196044921875,1746.473388671875,1817.6241455078125,21249297710,0.0193141642605926,0.0417016608287413,ETH-USD,0.0,0,0.0,0,0.0,0.0,0.4199999999999999,0.0,594704,1291231,,,208535831644.5681
2021-03-20,1817.522705078125,1874.708984375,1811.7286376953125,1812.6346435546875,22677674970,-0.0027488426499713,0.0374952206583269,ETH-USD,0.0,0,0.0,0,0.0,0.0,0.5,0.0,578798,1262309,,,208835099586.78943
2021-03-21,1812.6065673828125,1823.35302734375,1764.1392822265625,1788.217041015625,22977404620,-0.0135623341096788,0.0364950095213818,ETH-USD,0.0,0,0.0,0,0.0,0.0,0.4599999999999999,0.0,586232,1206064,,,205632497854.8996
2021-03-22,1788.3621826171875,1811.96826171875,1674.2998046875,1691.333984375,23599296129,-0.0557014995401051,0.0351982860896868,ETH-USD,0.0,0,0.0,0,0.0,0.0,0.3999999999999999,0.0,569908,1307460,,,194640513772.7654
2021-03-23,1690.871826171875,1725.1087646484375,1662.5399169921875,1678.650146484375,21998237965,-0.0075275712237633,0.034524668272207,ETH-USD,0.0,0,0.0,0,0.0,0.0,0.32,0.0,600963,1298959,,,192663932774.564
2021-03-24,1678.0025634765625,1740.42822265625,1570.7879638671875,1593.4134521484375,31228051473,-0.0521114458669693,0.0356933922649852,ETH-USD,0.0,0,0.0,0,0.0,0.0,0.3,0.0,598324,1309468,,,182905748148.4972
2021-03-25,1593.123291015625,1625.9114990234375,1560.3704833984375,1595.3592529296875,29650328701,0.0012204074750494,0.0351813660649596,ETH-USD,0.0,0,0.0,0,0.0,0.0,0.1999999999999999,0.0,631922,1349663,,,183164846643.80432
2021-03-26,1595.2100830078125,1702.9228515625,1594.7366943359375,1702.842041015625,22548516548,0.0651996961901843,0.0398345254162951,ETH-USD,0.0,0,0.0,0,0.0,0.0,0.08,0.0,583328,1265836,,,195493459310.304
2021-03-27,1703.0361328125,1732.8243408203125,1674.3193359375,1716.49462890625,18102277710,0.0079855608029705,0.0316803640132349,ETH-USD,0.0,0,0.0,0,0.0,0.0,0.3,0.0,585374,1230764,,,198106342507.31107
2021-03-28,1716.4056396484375,1728.5841064453125,1672.660400390625,1691.35595703125,16599472938,-0.014753656144677,0.0306564822412646,ETH-USD,0.0,0,0.0,0,0.0,0.0,0.48,0.0,572639,1211918,,,194330488098.80048
2021-03-29,1691.26318359375,1837.18798828125,1683.716552734375,1819.6849365234373,22796570548,0.0731328256330522,0.0361257761483509,ETH-USD,0.0,0,0.0,0,0.0,0.0,0.4399999999999999,0.0,576265,1269901,,,208884494339.3977
2021-03-30,1819.46630859375,1860.9747314453125,1793.92236328125,1846.03369140625,22512781703,0.0143760126439327,0.0362523934014499,ETH-USD,0.0,0,0.0,0,0.0,0.0,0.4399999999999999,0.0,575014,1300973,,,212339971941.2913
2021-03-31,1846.0982666015625,1947.8377685546875,1793.002197265625,1918.362060546875,30226902621,0.0384323415364562,0.037548403559981,ETH-USD,0.0,0,0.0,0,0.0,0.0,0.52,0.0,604979,1354603,,,221134428982.1195
2021-04-01,1919.1572265625,1989.0550537109373,1912.178466796875,1977.27685546875,30914259795,0.0302488440742121,0.0373705700266013,ETH-USD,0.0,0,0.0,0,0.0,0.0,0.48,0.0,650310,1368006,,,227433887911.43076
2021-04-02,1976.9327392578125,2152.451904296875,1960.6787109375,2143.2255859375,34862511022,0.0805914048136389,0.0421562449008805,ETH-USD,0.0,0,0.0,0,0.0,0.0,0.48,0.0,658068,1358619,,,246250783766.1148
2021-04-03,2142.89599609375,2144.96240234375,2028.4224853515625,2028.4224853515625,32011518871,-0.0550535872287539,0.0457098975422277,ETH-USD,0.0,0,0.0,0,0.0,0.0,0.4599999999999999,0.0,599989,1293333,,,233711682648.3249
2021-04-04,2027.6712646484373,2110.353515625,2007.11181640625,2093.122802734375,26006501902,0.0313987246698192,0.0456552644189278,ETH-USD,0.0,0,0.0,0,0.0,0.0,0.48,0.0,598828,1197875,,,239771287366.7548
2021-04-05,2093.2607421875,2140.9853515625,2032.3876953125,2107.88720703125,28889391170,0.0070290073345117,0.0414654907796948,ETH-USD,0.0,0,0.0,0,0.0,0.0,0.4199999999999999,0.0,615639,1296946,,,242355891780.9951
2021-04-06,2109.4931640625,2151.223388671875,2057.609130859375,2118.37890625,29222865881,0.0049650071672498,0.0410590052083826,ETH-USD,0.0,0,0.0,0,0.0,0.0,0.5,0.0,618992,1335799,,,244391805183.87085
2021-04-07,2117.728515625,2133.1875,1945.442138671875,1971.0772705078125,36116271935,-0.0720708982040793,0.0438787657803067,ETH-USD,0.0,0,0.0,0,0.0,0.0,0.4399999999999999,0.0,613189,1312638,,,229238587439.5982
2021-04-08,1969.1331787109373,2091.516357421875,1959.0794677734373,2088.57373046875,25312956529,0.0579011762955268,0.0450886113490069,ETH-USD,0.0,0,0.0,0,0.0,0.0,0.4599999999999999,0.0,623896,1284449,,,240023894711.67648
2021-04-09,2088.772216796875,2102.873779296875,2055.163330078125,2072.10888671875,19812472092,-0.0079145328836893,0.0435644985040867,ETH-USD,0.0,0,0.0,0,0.0,0.0,0.3999999999999999,0.0,604996,1300882,,,238610252683.24216
2021-04-10,2071.111572265625,2196.996337890625,2062.78759765625,2135.942138671875,24986243611,0.0303409575726392,0.0437357020716801,ETH-USD,0.0,0,0.0,0,0.0,0.0,0.3999999999999999,0.0,686486,1315016,,,246047990498.58252
2021-04-11,2136.156982421875,2165.19140625,2119.86572265625,2157.656982421875,19692836132,0.0101150704957792,0.0429044748829226,ETH-USD,0.0,0,0.0,0,0.0,0.0,0.52,0.0,648055,1256904,,,247717304501.33264
2021-04-12,2157.36181640625,2199.71875,2110.368896484375,2139.353271484375,21727936609,-0.0085193288175613,0.0402095568964685,ETH-USD,0.0,0,0.0,0,0.0,0.0,0.48,0.0,647933,1347983,,,247569923868.10352
2021-04-13,2139.3642578125,2318.42333984375,2138.5595703125,2299.187744140625,29456642939,0.0720523320673224,0.0433521266009525,ETH-USD,0.0,0,0.0,0,0.0,0.0,0.48,0.0,639677,1350467,,,265517905596.9076
2021-04-14,2299.347900390625,2449.6875,2284.563720703125,2435.10498046875,35592822986,0.0574339628942365,0.0444039440009645,ETH-USD,0.0,0,0.0,0,0.0,0.0,0.5,0.0,660253,1386341,,,280852111298.9362
2021-04-15,2436.03466796875,2544.267333984375,2409.924072265625,2519.1162109375,32325606817,0.033918261330721,0.0444986564057313,ETH-USD,0.0,0,0.0,0,0.0,0.0,0.5800000000000001,0.0,603417,1197340,,,291206073188.7431
2021-04-16,2516.601806640625,2547.5556640625,2318.675048828125,2431.946533203125,36196928256,-0.0352161509051888,0.0425492270506284,ETH-USD,0.0,0,0.0,0,0.0,0.0,0.56,0.0,679755,1426977,,,280696668526.2164
2021-04-17,2429.98095703125,2497.38525390625,2333.682861328125,2344.89501953125,32349808978,-0.0364513460539675,0.0406418815721009,ETH-USD,0.0,0,0.0,0,0.0,0.0,0.52,0.0,690474,1453000,,,270767114997.47928
2021-04-18,2346.452392578125,2365.46044921875,2011.766845703125,2237.136962890625,50696368718,-0.0470437263249706,0.0428641055157881,ETH-USD,0.0,0,0.0,0,0.0,0.0,0.5800000000000001,0.0,671586,1396766,,,259391685368.7708
2021-04-19,2238.03271484375,2276.77685546875,2086.688720703125,2166.188720703125,34060654971,-0.0322276333255334,0.043973424906212,ETH-USD,0.0,0,0.0,0,0.0,0.0,0.48,0.0,714304,1476842,,,250767422737.01404
2021-04-20,2161.939453125,2345.8349609375,2060.143798828125,2330.2109375,39433483315,0.0729895211406753,0.0479140018145517,ETH-USD,0.0,0,0.0,0,0.0,0.0,0.4599999999999999,0.0,765456,1555560,,,269288971632.49823
2021-04-21,2331.16015625,2467.20068359375,2238.366943359375,2364.751708984375,38899067643,0.0147142362064389,0.0421968614002269,ETH-USD,0.0,0,0.0,0,0.0,0.0,0.4599999999999999,0.0,769062,1565355,,,273427535736.55576
2021-04-22,2357.87109375,2641.094970703125,2315.960205078125,2403.53515625,53575904724,0.0162676045489727,0.0402098141314982,ETH-USD,0.0,0,0.0,0,0.0,0.0,0.3,0.0,765288,1577266,,,279905680451.0357
2021-04-23,2401.25634765625,2439.537109375,2117.03955078125,2363.586181640625,55413933925,-0.0167606011978235,0.040581323018558,ETH-USD,0.0,0,0.0,0,0.0,0.0,0.1,0.0,752703,1537100,,,272700345641.17
2021-04-24,2367.19921875,2367.740966796875,2163.693115234375,2211.625732421875,31854226936,-0.0664521635333015,0.04476861052854,ETH-USD,0.0,0,0.0,0,0.0,0.0,-0.26,0.0,896809,1389103,,,258787233934.0596
2021-04-25,2214.413818359375,2354.086669921875,2172.51513671875,2316.0595703125,31814355546,0.0461394099656255,0.046251493657885,ETH-USD,0.0,0,0.0,0,0.0,0.0,-0.38,0.0,901912,1389350,,,266223290830.88727
2021-04-26,2319.47802734375,2536.33740234375,2308.315185546875,2534.481689453125,35208325408,0.0901218737980942,0.0512652716148928,ETH-USD,0.0,0,0.0,0,0.0,0.0,-0.4599999999999999,0.0,746504,1448466,,,292354997614.4536
2021-04-27,2534.03125,2676.392822265625,2485.375,2662.865234375,32275969215,0.0494135444738534,0.049557543882634,ETH-USD,0.0,0,0.0,0,0.0,0.0,0.0,0.0,763976,1448293,,,306314914674.97174
2021-04-28,2664.685546875,2757.477294921875,2564.08154296875,2746.380126953125,34269031076,0.0308810282423825,0.0481096495972085,ETH-USD,0.0,0,0.0,0,0.0,0.0,0.1799999999999999,0.0,733612,1517604,,,317221220058.33405
2021-04-29,2748.649658203125,2797.972412109375,2672.106689453125,2756.876953125,32578127990,0.0038147732329112,0.0475602424247848,ETH-USD,0.0,0,0.0,0,0.0,0.0,0.04,0.0,732181,1530717,,,319608177770.0839
2021-04-30,2757.734130859375,2796.054931640625,2728.169921875,2773.20703125,29777179889,0.0059059231784215,0.0460349206851859,ETH-USD,0.0,0,0.0,0,0.0,0.0,0.02,0.0,718365,1441230,,,320780430149.63416
2021-05-01,2772.83837890625,2951.44091796875,2755.908447265625,2945.892822265625,28726205272,0.0604075131020398,0.04589541900163,ETH-USD,0.0,0,0.0,0,0.0,0.0,0.3600000000000001,0.0,805199,1427568,,,341553299412.5561
2021-05-02,2945.56005859375,2984.891845703125,2860.526123046875,2952.05615234375,28032013047,0.0020899917405673,0.0424267006815115,ETH-USD,0.0,0,0.0,0,0.0,0.0,0.32,0.0,769733,1417458,,,341961340071.9461
2021-05-03,2951.17578125,3450.037841796875,2951.17578125,3431.086181640625,49174290212,0.1503749537264348,0.052152760240481,ETH-USD,0.0,0,0.0,0,0.0,0.0,0.2199999999999999,0.0,770331,1488804,,,397393607999.9643
2021-05-04,3431.131591796875,3523.5859375,3180.74267578125,3253.62939453125,62402045158,-0.0531057720465971,0.0554703454612483,ETH-USD,0.0,0,0.0,0,0.0,0.0,0.3600000000000001,0.0,783366,1536119,,,379398576174.061
2021-05-05,3240.5546875,3541.462646484375,3213.1015625,3522.783203125,48334198383,0.079480249857261,0.0573202386327946,ETH-USD,0.0,0,0.0,0,0.0,0.0,-0.04,0.0,787176,1518877,,,408531934419.14014
2021-05-06,3524.930908203125,3598.89599609375,3386.239990234375,3490.88037109375,44300394788,-0.0090974001600437,0.0581307385412962,ETH-USD,0.0,0,0.0,0,0.0,0.0,0.3,0.0,771567,1532197,,,405641461471.4884
2021-05-07,3490.105224609375,3573.2900390625,3370.261962890625,3484.72900390625,39607240515,-0.0017636792576329,0.0574027104524241,ETH-USD,0.0,0,0.0,0,0.0,0.0,0.28,0.0,753950,1527890,,,403615942703.01294
2021-05-08,3481.988037109375,3950.1650390625,3453.7685546875,3902.647705078125,50208491286,0.1132649410526831,0.0547547713588715,ETH-USD,0.0,0,0.0,0,0.0,0.0,0.3400000000000001,0.0,843893,1710882,,,450508612743.5664
2021-05-09,3911.463134765625,3981.259033203125,3743.989013671875,3928.8447265625,50568290278,0.0066901984328385,0.0554564768514635,ETH-USD,0.0,0,0.0,0,0.0,0.0,0.4599999999999999,0.0,890714,1716600,,,453962679013.81714
2021-05-10,3924.413330078125,4197.47314453125,3684.45166015625,3952.2939453125,62691789007,0.0059507360353495,0.0538820165079591,ETH-USD,0.0,0,0.0,0,0.0,0.0,0.4399999999999999,0.0,853625,1716489,,,458448519293.4828
2021-05-11,3948.27197265625,4178.208984375,3783.889404296875,4168.701171875,52679737865,0.0533083617253765,0.0539902542040655,ETH-USD,0.0,0,0.0,0,0.0,0.0,0.2199999999999999,0.0,864612,1716051,,,481868354039.0688
2021-05-12,4174.6357421875,4362.3505859375,3785.8486328125,3785.8486328125,69023382175,-0.096334446499729,0.0639774478947466,ETH-USD,0.0,0,0.0,0,0.0,0.0,0.3600000000000001,0.0,838261,1624077,,,461022908425.01294
2021-05-13,3828.91845703125,4032.5634765625,3549.4072265625,3715.1484375,78398214539,-0.0188514375900136,0.0647800839681426,ETH-USD,0.0,0,0.0,0,0.0,0.0,-0.38,0.0,878850,1588560,,,427638705839.8692
2021-05-14,3720.122314453125,4171.01708984375,3703.39990234375,4079.057373046875,48174271215,0.093447292075311,0.0673528767982098,ETH-USD,0.0,0,0.0,0,0.0,0.0,-0.48,0.0,805756,1531689,,,474037688752.9072
2021-05-15,4075.95166015625,4129.185546875,3638.1220703125,3638.1220703125,42422321751,-0.1143982919356845,0.0763919130032934,ETH-USD,0.0,0,0.0,0,0.0,0.0,-0.4599999999999999,0.0,768274,1472680,,,426056388086.0336
2021-05-16,3641.830810546875,3878.89599609375,3350.95166015625,3587.506103515625,47359478734,-0.0140103513568412,0.0767229087133066,ETH-USD,0.0,0,0.0,0,0.0,0.0,-0.6,0.0,745202,1425115,,,413722726911.7529
2021-05-17,3581.343017578125,3587.765625,3129.0087890625,3282.397705078125,54061732774,-0.0888831194268176,0.0703756275481446,ETH-USD,0.0,0,0.0,0,0.0,0.0,-0.4599999999999999,0.0,726563,1446627,,,380608795495.6198
2021-05-18,3276.872314453125,3562.465087890625,3246.404052734375,3380.070068359375,40416525218,0.029322276578025,0.0693161208864212,ETH-USD,0.0,0,0.0,0,0.0,0.0,-0.5800000000000001,0.0,687605,1425053,,,390893107166.1184
2021-05-19,3382.6572265625,3437.935791015625,1952.460205078125,2460.67919921875,84482912776,-0.3174590304840607,0.1066381818358604,ETH-USD,0.0,0,0.0,0,0.0,0.0,-0.54,0.0,793162,1461174,,,294315407960.5034
2021-05-20,2439.638671875,2993.145263671875,2170.22900390625,2784.294189453125,67610826680,0.123556999308465,0.1138685142124326,ETH-USD,0.0,0,0.0,0,0.0,0.0,-0.78,0.0,764072,1459146,,,322465830669.5401
2021-05-21,2772.34130859375,2938.205078125,2113.34716796875,2430.621337890625,53774070802,-0.1358474891149426,0.11812434991794,ETH-USD,0.0,0,0.0,0,0.0,0.0,-0.62,0.0,697499,1367394,,,280253633151.00726
2021-05-22,2436.0146484375,2483.983154296875,2168.124267578125,2295.70556640625,42089937660,-0.0571066866671258,0.111280905814817,ETH-USD,0.0,0,0.0,0,0.0,0.0,-0.76,0.0,686947,1283663,,,269473781561.8469
2021-05-23,2298.3671875,2384.41162109375,1737.46875,2109.579833984375,56005721977,-0.0845514357605226,0.1111402266925111,ETH-USD,0.0,0,0.0,0,0.0,0.0,-0.72,0.0,751221,1264253,,,244512106465.5417
2021-05-24,2099.93603515625,2672.595703125,2090.6396484375,2643.591064453125,53697121740,0.2256494476950749,0.1322962385112941,ETH-USD,0.0,0,0.0,0,0.0,0.0,-0.8,0.0,693847,1312739,,,305001169847.08673
2021-05-25,2649.033203125,2750.534912109375,2394.35546875,2706.62890625,49558333256,0.0235656699745202,0.1311110661985385,ETH-USD,0.0,0,0.0,0,0.0,0.0,-0.56,0.0,652514,1289446,,,313217954899.5232
2021-05-26,2707.052734375,2911.735595703125,2652.094482421875,2888.69873046875,42499766020,0.0651022199349489,0.1320048147655989,ETH-USD,0.0,0,0.0,0,0.0,0.0,-0.56,0.0,685336,1326432,,,333253006663.9831
2021-05-27,2888.75244140625,2888.75244140625,2642.60791015625,2736.488525390625,33373635283,-0.0541305960270889,0.1323315365111159,ETH-USD,0.0,0,0.0,0,0.0,0.0,-0.4599999999999999,0.0,720290,1291385,,,318699807057.73645
2021-05-28,2742.468994140625,2761.36328125,2336.361328125,2419.90625,39999114805,-0.1229467386743918,0.13045437060075,ETH-USD,0.0,0,0.0,0,0.0,0.0,-0.5800000000000001,0.0,644047,1305078,,,280650177206.9773
2021-05-29,2414.067138671875,2566.9384765625,2208.490966796875,2279.51416015625,33773720220,-0.0597664671395904,0.1287769010080499,ETH-USD,0.0,0,0.0,0,0.0,0.0,-0.64,0.0,794192,1293425,,,265990903596.2277
2021-05-30,2278.288818359375,2472.187744140625,2188.83447265625,2390.305419921875,25876619428,0.0474588159319835,0.1305246340430299,ETH-USD,0.0,0,0.0,0,0.0,0.0,-0.8,0.0,734624,1280282,,,277978165597.68933
2021-05-31,2387.198486328125,2715.85498046875,2279.505126953125,2714.9453125,31007383150,0.1273506619162666,0.1355892296960365,ETH-USD,0.0,0,0.0,0,0.0,0.0,-0.64,0.0,733140,1297889,,,313756612486.78125
2021-06-01,2707.560546875,2739.737548828125,2531.16064453125,2633.518310546875,27363223090,-0.0304510976081253,0.1350752629842166,ETH-USD,0.0,0,0.0,0,0.0,0.0,-0.6,0.0,677920,1274354,,,305307516839.5112
2021-06-02,2634.4560546875,2801.392333984375,2555.4013671875,2706.125,27723267359,0.0271970094761499,0.1041271784048374,ETH-USD,0.0,0,0.0,0,0.0,0.0,-0.54,0.0,648077,1314178,,,315456282852.2753
2021-06-03,2708.376220703125,2891.2548828125,2667.684326171875,2855.12646484375,30038207402,0.0535984157187314,0.0996760959622684,ETH-USD,0.0,0,0.0,0,0.0,0.0,-0.52,0.0,683741,1337711,,,332407619081.8725
2021-06-04,2857.16552734375,2857.16552734375,2562.637451171875,2688.195068359375,34173841611,-0.0602461479421939,0.0935022407984743,ETH-USD,0.0,0,0.0,0,0.0,0.0,-0.4599999999999999,0.0,711636,1301803,,,312757374481.50543
2021-06-05,2691.619384765625,2817.48486328125,2558.233642578125,2630.576904296875,30496672724,-0.021666812721206,0.0920966535191673,ETH-USD,0.0,0,0.0,0,0.0,0.0,-0.52,0.0,826004,1176676,,,302990056642.4116
2021-06-06,2629.748779296875,2743.441162109375,2616.162353515625,2715.0927734375,25311639414,0.0316229461165166,0.0880954642790677,ETH-USD,0.0,0,0.0,0,0.0,0.0,-0.6599999999999999,0.0,801579,1134526,,,314791964111.42474
2021-06-07,2713.04736328125,2845.18505859375,2583.9951171875,2590.26318359375,30600111277,-0.0470666376611806,0.0660458022451477,ETH-USD,0.0,0,0.0,0,0.0,0.0,-0.7,0.0,655320,1225549,,,302505824025.3855
2021-06-08,2594.602294921875,2620.84619140625,2315.546630859375,2517.438720703125,41909736778,-0.0285174818512434,0.0659948376207404,ETH-USD,0.0,0,0.0,0,0.0,0.0,-0.74,0.0,614894,1221063,,,293106829361.7027
2021-06-09,2510.19921875,2625.070556640625,2412.19775390625,2608.26708984375,36075832186,0.035444046585704,0.0640115863639896,ETH-USD,0.0,0,0.0,0,0.0,0.0,-0.72,0.0,626011,1194275,,,303217707297.0373
2021-06-10,2611.142578125,2619.957763671875,2435.401611328125,2471.5185546875,28753626390,-0.0538532893738447,0.0639960196018476,ETH-USD,0.0,0,0.0,0,0.0,0.0,-0.5800000000000001,0.0,653958,1188556,,,288794342352.6786
2021-06-11,2472.85888671875,2495.414794921875,2326.86962890625,2353.768798828125,24832564195,-0.0488149734829039,0.0562920827592398,ETH-USD,0.0,0,0.0,0,0.0,0.0,-0.5800000000000001,0.0,612641,1183286,,,272959286750.81235
2021-06-12,2354.752197265625,2447.227783203125,2265.758056640625,2372.484375,25724364410,0.0079198778865485,0.0537986135360796,ETH-USD,0.0,0,0.0,0,0.0,0.0,-0.4399999999999999,0.0,689502,1131777,,,277161699942.1984
2021-06-13,2372.690185546875,2547.367919921875,2312.64013671875,2508.3916015625,27092945370,0.0557040859554393,0.0543665931177875,ETH-USD,0.0,0,0.0,0,0.0,0.0,-0.54,0.0,668513,1124736,,,291610564458.4109
2021-06-14,2508.7705078125,2606.432861328125,2469.38818359375,2537.89111328125,26964576331,0.0116917142475702,0.0413095112443987,ETH-USD,0.0,0,0.0,0,0.0,0.0,-0.4399999999999999,0.0,632306,1188556,,,300077164363.5303
2021-06-15,2587.7626953125,2639.229248046875,2515.153076171875,2610.936767578125,29005279219,0.0283756059175956,0.0414929512211603,ETH-USD,0.0,0,0.0,0,0.0,0.0,-0.24,0.0,624917,1224101,,,297284436547.3074
2021-06-16,2544.86474609375,2554.62890625,2354.3505859375,2367.66357421875,24101926180,-0.097805436490534,0.0479887596408289,ETH-USD,0.0,0,0.0,0,0.0,0.0,-0.3399999999999999,0.0,587775,1201109,,,274988669633.8022
2021-06-17,2367.306396484375,2457.175537109375,2312.301513671875,2372.001953125,21871633186,0.0018306693131994,0.0446257814949119,ETH-USD,0.0,0,0.0,0,0.0,0.0,-0.48,0.0,584095,1218956,,,275883697418.4274
2021-06-18,2374.5869140625,2377.195068359375,2147.308349609375,2231.733154296875,22752818388,-0.0609558216982932,0.0446836473020722,ETH-USD,0.0,0,0.0,0,0.0,0.0,-0.5,0.0,575623,1170182,,,259163370250.25247
2021-06-19,2235.1591796875,2278.4150390625,2168.885009765625,2178.4990234375,18765854896,-0.0241423645429976,0.0447242167350197,ETH-USD,0.0,0,0.0,0,0.0,0.0,-0.54,0.0,577194,1050189,,,253390754860.92688
2021-06-20,2171.337890625,2275.3828125,2049.962646484375,2246.364501953125,22535930423,0.0306770142289024,0.044651509772505,ETH-USD,0.0,0,0.0,0,0.0,0.0,-0.5800000000000001,0.0,640273,1057288,,,261335606239.5412
2021-06-21,2245.31787109375,2259.464111328125,1867.1854248046875,1888.447509765625,33745173825,-0.1735580644172144,0.0615558391048319,ETH-USD,0.0,0,0.0,0,0.0,0.0,-0.54,0.0,642471,1209567,,,221478198093.15665
2021-06-22,1886.6676025390625,1993.1597900390625,1707.6005859375,1874.9500732421875,35547251725,-0.0071730366503666,0.0616614852033807,ETH-USD,0.0,0,0.0,0,0.0,0.0,-0.8,0.0,664525,1297644,,,217686296797.1608
2021-06-23,1878.625,2043.5303955078125,1827.571533203125,1989.736328125,28408659206,0.0594201000643738,0.0636519778266567,ETH-USD,0.0,0,0.0,0,0.0,0.0,-0.72,0.0,627659,1201974,,,228727785443.85547
2021-06-24,1968.9573974609373,2032.33935546875,1887.4320068359373,1988.456298828125,20272845769,-0.0006435230573685,0.0630177290137215,ETH-USD,0.0,0,0.0,0,0.0,0.0,-0.56,0.0,655167,1207012,,,231618827240.60464
2021-06-25,1989.2158203125,2017.759521484375,1794.400390625,1813.21728515625,22774334998,-0.0922558354753354,0.0657909738101886,ETH-USD,0.0,0,0.0,0,0.0,0.0,-0.4599999999999999,0.0,630078,1227331,,,211962715229.16257
2021-06-26,1810.88427734375,1850.1798095703125,1719.5594482421875,1829.2392578125,20637542361,0.008797401314845,0.0658186332562743,ETH-USD,0.0,0,0.0,0,0.0,0.0,-0.6,0.0,681695,1150460,,,210138253215.55356
2021-06-27,1830.9969482421875,1979.9581298828125,1811.245849609375,1978.8946533203125,19885474742,0.0786382586145683,0.0680568917055736,ETH-USD,0.0,0,0.0,0,0.0,0.0,-0.56,0.0,707381,1104703,,,229122056912.11487
2021-06-28,1981.386474609375,2139.805419921875,1963.615478515625,2079.657470703125,25514602841,0.0496647696810463,0.0700141429539267,ETH-USD,0.0,0,0.0,0,0.0,0.0,-0.5,0.0,819820,1404100,,,242536413262.36008
2021-06-29,2083.44873046875,2242.23876953125,2076.240234375,2160.768310546875,24815124419,0.0382606551715059,0.0705247734398972,ETH-USD,0.0,0,0.0,0,0.0,0.0,-0.5,0.0,675964,1264320,,,253148736651.3454
2021-06-30,2164.21630859375,2282.989013671875,2090.7607421875,2274.547607421875,25828056268,0.0513173209710426,0.0680324414995244,ETH-USD,0.0,0,0.0,0,0.0,0.0,-0.4399999999999999,0.0,624034,1212214,,,265113480439.28052
2021-07-01,2274.3974609375,2274.3974609375,2081.0810546875,2113.60546875,29061701793,-0.0733859365556824,0.0705561858733381,ETH-USD,0.0,0,0.0,0,0.0,0.0,-0.4399999999999999,0.0,614828,1211710,,,246742819216.41714
2021-07-02,2109.892578125,2155.596435546875,2021.8248291015625,2150.040283203125,31796212554,0.0170913361449117,0.0691395845494157,ETH-USD,0.0,0,0.0,0,0.0,0.0,-0.5800000000000001,0.0,629288,1181574,,,250909823734.99927
2021-07-03,2150.8349609375,2237.567138671875,2117.590087890625,2226.1142578125,17433361641,0.0347710019552217,0.0695235320064954,ETH-USD,0.0,0,0.0,0,0.0,0.0,-0.52,0.0,654247,1122543,,,258632841276.4638
2021-07-04,2226.55029296875,2384.286865234375,2190.837646484375,2321.72412109375,18787107473,0.0420524850258386,0.0699553333024399,ETH-USD,0.0,0,0.0,0,0.0,0.0,-0.4599999999999999,0.0,653685,1105343,,,271507121938.9128
2021-07-05,2321.9228515625,2321.9228515625,2163.04150390625,2198.58251953125,20103794829,-0.0544972219148028,0.0518077130970345,ETH-USD,0.0,0,0.0,0,0.0,0.0,-0.42,0.0,618615,1147895,,,259015725479.84265
2021-07-06,2197.91943359375,2346.294921875,2197.91943359375,2324.679443359375,20891861314,0.0557693123060736,0.0528430356987902,ETH-USD,0.0,0,0.0,0,0.0,0.0,-0.6,0.0,582960,1355421,,,270662641523.6385
2021-07-07,2323.20849609375,2403.7734375,2298.02685546875,2315.161865234375,22398345285,-0.0041025504283955,0.0514781034186267,ETH-USD,0.0,0,0.0,0,0.0,0.0,-0.4399999999999999,0.0,588423,1290979,,,270576226190.3131
2021-07-08,2317.94921875,2324.0068359375,2089.414306640625,2120.0263671875,23188123689,-0.0880510793223577,0.0578780302862152,ETH-USD,0.0,0,0.0,0,0.0,0.0,-0.6,0.0,588538,1262627,,,247467522266.4052
2021-07-09,2115.573974609375,2185.376220703125,2051.066650390625,2146.6923828125,23029574602,0.0124997049882662,0.0507260499573214,ETH-USD,0.0,0,0.0,0,0.0,0.0,-0.6,0.0,593720,1223691,,,251568607064.88016
2021-07-10,2146.999755859375,2190.1240234375,2081.923583984375,2111.403564453125,17581542471,-0.0165753081812575,0.0513015351434996,ETH-USD,0.0,0,0.0,0,0.0,0.0,-0.6,0.0,544549,1139265,,,247311563995.4488
2021-07-11,2110.875732421875,2172.6533203125,2083.8037109375,2139.664794921875,14705386138,0.0132962561116099,0.0474268120253677,ETH-USD,0.0,0,0.0,0,0.0,0.0,-0.6,0.0,578124,1101766,,,250044331347.50507
2021-07-12,2140.5068359375,2167.710205078125,2011.0189208984373,2036.7210693359373,17768129077,-0.0493079830975723,0.0477254482072422,ETH-USD,0.0,0,0.0,0,0.0,0.0,-0.5,0.0,551183,1191465,,,237553540113.68024
2021-07-13,2034.098388671875,2040.693603515625,1922.577880859375,1940.083984375,16621628658,-0.0486099327270579,0.0478068648180335,ETH-USD,0.0,0,0.0,0,0.0,0.0,-0.6,0.0,564378,1183412,,,226668781430.43225
2021-07-14,1941.1678466796875,2015.107421875,1869.22314453125,1994.331298828125,17342819679,0.0275775425430947,0.0459371528320625,ETH-USD,0.0,0,0.0,0,0.0,0.0,-0.5800000000000001,0.0,588607,1223130,,,232868067134.8004
2021-07-15,1994.7120361328125,2037.7425537109373,1883.272216796875,1911.1756591796875,15688092552,-0.0425902245312729,0.0432985827157182,ETH-USD,0.0,0,0.0,0,0.0,0.0,-0.6,0.0,602431,1259972,,,223596325948.16748
2021-07-16,1916.598388671875,1959.6962890625,1853.59033203125,1880.3829345703125,14884569147,-0.0162431363636011,0.0427739142243963,ETH-USD,0.0,0,0.0,0,0.0,0.0,-0.56,0.0,568019,1199018,,,219559408476.26547
2021-07-17,1876.88134765625,1917.597900390625,1855.5908203125,1898.8251953125,13364282076,0.0097599319768668,0.0412754618559623,ETH-USD,0.0,0,0.0,0,0.0,0.0,-0.7,0.0,546153,1164624,,,221791231542.43527
2021-07-18,1900.1943359375,1988.33642578125,1883.0125732421875,1895.5521240234373,13791868728,-0.0017252222567385,0.0384815475025914,ETH-USD,0.0,0,0.0,0,0.0,0.0,-0.62,0.0,533205,1168843,,,221318343722.37848
2021-07-19,1893.0535888671875,1916.1180419921875,1807.909912109375,1817.296630859375,14157735481,-0.0421601252446476,0.0376265698753906,ETH-USD,0.0,0,0.0,0,0.0,0.0,-0.52,0.0,581805,1195218,,,213103316946.52087
2021-07-20,1819.08203125,1836.998046875,1722.05078125,1787.5107421875,17368597636,-0.0165260239935093,0.0318980896287371,ETH-USD,0.0,0,0.0,0,0.0,0.0,-0.62,0.0,586375,1192750,,,208816452231.7488
2021-07-21,1786.2762451171875,2025.680419921875,1759.0233154296875,1990.9708251953125,21253359756,0.1077983664489609,0.0465229457369442,ETH-USD,0.0,0,0.0,0,0.0,0.0,-0.8,0.0,600059,1195171,,,232256221737.06396
2021-07-22,1994.8228759765625,2044.116455078125,1954.2978515625,2025.2027587890625,17495480331,0.0170474517108036,0.0412782533283617,ETH-USD,0.0,0,0.0,0,0.0,0.0,-0.5800000000000001,0.0,590183,1202844,,,236429941777.5117
2021-07-23,2025.105712890625,2129.441162109375,2000.436279296875,2124.776611328125,16200392492,0.0479968494264572,0.0433590727363262,ETH-USD,0.0,0,0.0,0,0.0,0.0,-0.54,0.0,612742,1203397,,,247199327175.88943
2021-07-24,2123.961181640625,2197.6494140625,2107.323486328125,2189.21875,16057446601,0.0298780722538939,0.0438283703680118,ETH-USD,0.0,0,0.0,0,0.0,0.0,-0.56,0.0,627527,1225509,,,255026165930.39587
2021-07-25,2187.1455078125,2194.438232421875,2108.829833984375,2191.373779296875,14566483636,0.0009838986193359,0.0437203052706551,ETH-USD,0.0,0,0.0,0,0.0,0.0,-0.4599999999999999,0.0,566614,1128848,,,256006429055.66943
2021-07-26,2191.309814453125,2428.817138671875,2177.32958984375,2233.36669921875,29614324233,0.0189815339231006,0.0413354047360121,ETH-USD,0.0,0,0.0,0,0.0,0.0,-0.48,0.0,651897,1260619,,,262324968301.82965
2021-07-27,2230.197021484375,2316.9501953125,2154.731201171875,2298.33349609375,23067480378,0.0286741158279631,0.0384578231476328,ETH-USD,0.0,0,0.0,0,0.0,0.0,-0.36,0.0,731645,1318124,,,267632857072.8036
2021-07-28,2302.081298828125,2341.77783203125,2250.9140625,2296.54541015625,18991302378,-0.0007782951691405,0.0383266654327649,ETH-USD,0.0,0,0.0,0,0.0,0.0,0.0,0.0,691120,1300283,,,268930143892.36816
2021-07-29,2299.011962890625,2396.451904296875,2273.40478515625,2380.956787109375,16313373113,0.0360964200642207,0.0356875698360281,ETH-USD,0.0,0,0.0,0,0.0,0.0,0.0,0.0,628698,1259128,,,279199513887.51984
2021-07-30,2382.545166015625,2469.704833984375,2322.337158203125,2466.96142578125,20212848934,0.0354847830522203,0.0347926832200023,ETH-USD,0.0,0,0.0,0,0.0,0.0,0.06,0.0,625795,1242337,,,287061940958.2852
2021-07-31,2461.57568359375,2551.1611328125,2423.816162109375,2536.2099609375,18001710283,0.0276836239745124,0.0347406510779227,ETH-USD,0.0,0,0.0,0,0.0,0.0,0.1999999999999999,0.0,615234,1212322,,,297997364391.88495
2021-08-01,2530.462890625,2695.429443359375,2520.931884765625,2561.85205078125,22697987055,0.0100596289431055,0.0342960945685097,ETH-USD,0.0,0,0.0,0,0.0,0.0,0.1999999999999999,0.0,609619,1190618,,,300301563867.2737
2021-08-02,2557.774658203125,2665.73095703125,2511.375244140625,2610.1533203125,22162754104,0.0186785087652397,0.0290621886768049,ETH-USD,0.0,0,0.0,0,0.0,0.0,-0.04,0.0,647157,1269470,,,306817250236.93365
2021-08-03,2609.4130859375,2630.314208984375,2449.353515625,2502.349609375,22696753413,-0.0421788287764799,0.0325407583175503,ETH-USD,0.0,0,0.0,0,0.0,0.0,-0.04,0.0,597708,1219663,,,294420747945.8123
2021-08-04,2508.544921875,2764.443603515625,2463.469482421875,2724.619873046875,25038698173,0.085098788007584,0.0283401318919438,ETH-USD,0.0,0,0.0,0,0.0,0.0,-0.16,0.0,605814,1223841,,,319652053694.4101
2021-08-05,2725.669677734375,2840.4306640625,2540.68408203125,2827.328857421875,31057928075,0.037003477042033,0.0285508750589838,ETH-USD,0.0,0,0.0,0,0.0,0.0,0.0,0.0,527820,1159663,,,331120625715.1732
2021-08-06,2827.50341796875,2944.9033203125,2727.792724609375,2890.941650390625,26528577879,0.0222498803409118,0.027690943222349,ETH-USD,0.0,0,0.0,0,0.0,0.0,0.04,0.0,528548,1212021,,,338474970296.6237
2021-08-07,2891.70751953125,3170.229736328125,2868.53564453125,3157.23876953125,33081467129,0.0881155588584077,0.0328585501193982,ETH-USD,0.0,0,0.0,0,0.0,0.0,0.3799999999999999,0.0,515004,1198433,,,368434278847.32654
2021-08-08,3161.232666015625,3184.60400390625,2951.747314453125,3013.732666015625,28433638008,-0.0465184396329193,0.0377465732329581,ETH-USD,0.0,0,0.0,0,0.0,0.0,0.48,0.0,528091,1184278,,,354865825056.6812
2021-08-09,3012.8857421875,3185.701171875,2900.926025390625,3167.856201171875,31983260936,0.0498756830141801,0.0384059394279464,ETH-USD,0.0,0,0.0,0,0.0,0.0,0.3,0.0,515125,1218594,,,370245331176.7728
2021-08-10,3163.050048828125,3228.940673828125,3059.22900390625,3141.691162109375,27605221710,-0.0082938402842835,0.0393897401928029,ETH-USD,0.0,0,0.0,0,0.0,0.0,0.4199999999999999,0.0,521466,1212289,,,368335120580.3573
2021-08-11,3142.830322265625,3269.20947265625,3122.91650390625,3164.2451171875,26729035052,0.0071532759773377,0.0390877376905428,ETH-USD,0.0,0,0.0,0,0.0,0.0,0.3999999999999999,0.0,524067,1234409,,,371510944633.9413
2021-08-12,3164.17578125,3236.314697265625,2984.1669921875,3043.414306640625,25403699845,-0.0389345052037417,0.0421611641784336,ETH-USD,0.0,0,0.0,0,0.0,0.0,0.3999999999999999,0.0,527452,1195283,,,356239367015.8738
2021-08-13,3049.001220703125,3324.671630859375,3037.676025390625,3322.211669921875,23868866254,0.0876507144106246,0.0460000523701582,ETH-USD,0.0,0,0.0,0,0.0,0.0,0.3999999999999999,0.0,522902,1197050,,,388919007596.465
2021-08-14,3322.7626953125,3329.281005859375,3214.519775390625,3265.443359375,19860862133,-0.017235181729072,0.0470716148045956,ETH-USD,0.0,0,0.0,0,0.0,0.0,0.52,0.0,500097,1159942,,,383381125747.9592
2021-08-15,3266.276123046875,3320.084228515625,3117.791748046875,3310.504150390625,22166205051,0.0137049440384367,0.0470340722707755,ETH-USD,0.0,0,0.0,0,0.0,0.0,0.4199999999999999,0.0,490025,1125295,,,388309546924.6944
2021-08-16,3309.422119140625,3333.994873046875,3139.778564453125,3156.509521484375,23080039949,-0.0476336537970587,0.0502250876207117,ETH-USD,0.0,0,0.0,0,0.0,0.0,0.4399999999999999,0.0,542706,1253968,,,370401146304.3434
2021-08-17,3149.38037109375,3288.812744140625,2996.46826171875,3014.845947265625,25509056745,-0.0459181018505405,0.0505532603897593,ETH-USD,0.0,0,0.0,0,0.0,0.0,0.4399999999999999,0.0,530631,1252163,,,354338959205.5842
2021-08-18,3011.963623046875,3124.97607421875,2959.0283203125,3020.08984375,21539248425,0.0017378470909151,0.0461659940529805,ETH-USD,0.0,0,0.0,0,0.0,0.0,0.4599999999999999,0.0,513849,1201544,,,356805254344.38525
2021-08-19,3019.126953125,3184.435546875,2963.150146484375,3182.7021484375,19546290360,0.0524439876567426,0.0471037069334498,ETH-USD,0.0,0,0.0,0,0.0,0.0,0.3999999999999999,0.0,563048,1255453,,,372403736729.0183
2021-08-20,3182.16259765625,3298.24658203125,3178.103759765625,3286.935302734375,20885619828,0.0322250435310774,0.0474028872650477,ETH-USD,0.0,0,0.0,0,0.0,0.0,0.3999999999999999,0.0,562206,1260054,,,384671481681.8197
2021-08-21,3286.931640625,3307.3515625,3209.8662109375,3226.083984375,18113977628,-0.0186865987597976,0.0420074728895485,ETH-USD,0.0,0,0.0,0,0.0,0.0,0.56,0.0,529226,1186758,,,379602959059.7695
2021-08-22,3226.227294921875,3272.733154296875,3142.007080078125,3242.115478515625,15983278460,0.0049570292505447,0.039664822066846,ETH-USD,0.0,0,0.0,0,0.0,0.0,0.52,0.0,512238,1183893,,,380953369343.33887
2021-08-23,3241.357421875,3373.38427734375,3235.851318359375,3319.25732421875,20511110509,0.0235150181709729,0.0379713382357886,ETH-USD,0.0,0,0.0,0,0.0,0.0,0.5800000000000001,0.0,538781,1245624,,,389990873411.18896
2021-08-24,3324.85546875,3358.688232421875,3154.121337890625,3172.456298828125,20131028906,-0.0452349148634463,0.0400672548424272,ETH-USD,0.0,0,0.0,0,0.0,0.0,0.5800000000000001,0.0,521033,1247051,,,373696458363.92505
2021-08-25,3174.269775390625,3248.727294921875,3086.114990234375,3224.915283203125,18902728235,0.0164005356120259,0.040257661175376,ETH-USD,0.0,0,0.0,0,0.0,0.0,0.4599999999999999,0.0,499356,1184780,,,379009871177.87854
2021-08-26,3228.747314453125,3249.6552734375,3060.228759765625,3100.325439453125,17405668117,-0.0393995946786939,0.040293642811147,ETH-USD,0.0,0,0.0,0,0.0,0.0,0.5,0.0,498865,1175063,,,366339411040.35297
2021-08-27,3096.406005859375,3281.840576171875,3064.485107421875,3270.600830078125,18489602004,0.0534666216662867,0.0353983368068096,ETH-USD,0.0,0,0.0,0,0.0,0.0,0.4199999999999999,0.0,484937,1119072,,,383891365383.6621
2021-08-28,3275.1044921875,3284.845947265625,3217.403564453125,3244.4033203125,13709633698,-0.0080422515045357,0.0351608404442456,ETH-USD,0.0,0,0.0,0,0.0,0.0,0.56,0.0,507968,1131721,,,380703752659.5512
2021-08-29,3246.77099609375,3283.235595703125,3158.84033203125,3227.002685546875,13296586731,-0.0053777113304463,0.0349385869280884,ETH-USD,0.0,0,0.0,0,0.0,0.0,0.4399999999999999,0.0,492972,1147150,,,379343810431.9653
2021-08-30,3227.192626953125,3346.5810546875,3151.444580078125,3224.374267578125,19306924485,-0.0008148394159196,0.0323623207910013,ETH-USD,0.0,0,0.0,0,0.0,0.0,0.4599999999999999,0.0,518590,1198993,,,380232814778.897
2021-08-31,3227.758056640625,3466.9921875,3195.216552734375,3433.732666015625,27280502987,0.062909004428756,0.0331518236357071,ETH-USD,0.0,0,0.0,0,0.0,0.0,0.4599999999999999,0.0,552051,1206314,,,402975688992.0458
2021-09-01,3430.762451171875,3836.867431640625,3387.408447265625,3834.828125,30070890104,0.1104767060502939,0.0426290699256191,ETH-USD,0.0,0,0.0,0,0.0,0.0,0.4199999999999999,0.0,557664,1225104,,,445479541762.75415
2021-09-02,3825.02783203125,3830.71142578125,3726.75048828125,3790.989990234375,24387397330,-0.0114974202159431,0.0419665934781918,ETH-USD,0.0,0,0.0,0,0.0,0.0,0.48,0.0,567054,1261258,,,445272051510.7564
2021-09-03,3787.486572265625,4022.46923828125,3712.67822265625,3940.61474609375,26207765094,0.0387095419379765,0.0422360487770596,ETH-USD,0.0,0,0.0,0,0.0,0.0,0.48,0.0,512273,1198777,,,460151781118.15735
2021-09-04,3937.91015625,3969.44873046875,3837.93115234375,3887.828369140625,20806963328,-0.0134859961819771,0.0419582988732896,ETH-USD,0.0,0,0.0,0,0.0,0.0,0.4399999999999999,0.0,520028,1189085,,,456367947251.0358
2021-09-05,3886.3310546875,3979.1865234375,3838.4873046875,3952.133544921875,18371468576,0.0164048291616595,0.0418941290491469,ETH-USD,0.0,0,0.0,0,0.0,0.0,0.4599999999999999,0.0,497385,1136467,,,464418124113.2662
2021-09-06,3951.520751953125,3968.426513671875,3868.994384765625,3928.37939453125,18674691198,-0.0060285980155047,0.0421292560514206,ETH-USD,0.0,0,0.0,0,0.0,0.0,0.5800000000000001,0.0,526971,1206493,,,461406568140.7464
2021-09-07,3926.527587890625,3945.314208984375,3062.222412109375,3426.394287109375,39131346397,-0.1367184930285307,0.0563800747011891,ETH-USD,0.0,0,0.0,0,0.0,0.0,0.5800000000000001,0.0,558574,1308071,,,403159442272.45953
2021-09-08,3428.378173828125,3559.121337890625,3224.764892578125,3497.315185546875,31738430771,0.0204871042857564,0.0564513841883717,ETH-USD,0.0,0,0.0,0,0.0,0.0,-0.06,0.0,525184,1178449,,,411960561237.0325
2021-09-09,3452.54833984375,3562.99267578125,3400.51708984375,3427.340087890625,24118055831,-0.0202111085335126,0.0554945896108872,ETH-USD,0.0,0,0.0,0,0.0,0.0,-0.0999999999999999,0.0,531348,1219850,,,403167458486.4416
2021-09-10,3425.56494140625,3512.5712890625,3157.05908203125,3211.505859375,22355974097,-0.0650445335422018,0.0569088751644448,ETH-USD,0.0,0,0.0,0,0.0,0.0,-0.0799999999999999,0.0,570843,1244706,,,376328908274.8247
2021-09-11,3209.030517578125,3346.5263671875,3208.9619140625,3270.278076171875,18627122934,0.0181350776663139,0.0571001178031963,ETH-USD,0.0,0,0.0,0,0.0,0.0,-0.38,0.0,627702,1249438,,,382821083929.1449
2021-09-12,3270.291748046875,3462.46826171875,3235.109375,3410.134521484375,16810411424,0.0418767197547241,0.0581093942010821,ETH-USD,0.0,0,0.0,0,0.0,0.0,-0.36,0.0,571552,1211328,,,401470193959.9133
2021-09-13,3407.471923828125,3426.502197265625,3121.51416015625,3285.51171875,22721552948,-0.0372293254748526,0.0591444835820021,ETH-USD,0.0,0,0.0,0,0.0,0.0,-0.12,0.0,631800,1267491,,,386439694705.22833
2021-09-14,3286.31640625,3429.169677734375,3273.630859375,3429.169677734375,19125420848,0.0427957412522014,0.0577620563277537,ETH-USD,0.0,0,0.0,0,0.0,0.0,-0.4,0.0,582576,1231240,,,401753721388.1735
2021-09-15,3431.21728515625,3615.28271484375,3365.9130859375,3615.28271484375,17548551804,0.0528519031849951,0.0509252879364538,ETH-USD,0.0,0,0.0,0,0.0,0.0,-0.02,0.0,573831,1207590,,,421918727315.4844
2021-09-16,3613.07373046875,3673.310791015625,3489.8056640625,3571.294921875,20093903064,-0.0122418053576544,0.0509338686208559,ETH-USD,0.0,0,0.0,0,0.0,0.0,0.06,0.0,548933,1224358,,,419201908930.6449
2021-09-17,3569.568115234375,3589.30517578125,3356.449951171875,3398.538818359375,17722363229,-0.049582673294619,0.0506690345802967,ETH-USD,0.0,0,0.0,0,0.0,0.0,-0.04,0.0,524419,1187578,,,399112720700.7914
2021-09-18,3397.4228515625,3540.8076171875,3371.892333984375,3432.018310546875,15995220233,0.0098029369093618,0.0509474944409548,ETH-USD,0.0,0,0.0,0,0.0,0.0,0.0,0.0,536378,1143196,,,402495415107.4491
2021-09-19,3433.287841796875,3448.322021484375,3286.17236328125,3329.447998046875,14257609743,-0.030341992953112,0.0506921819913286,ETH-USD,0.0,0,0.0,0,0.0,0.0,0.06,0.0,516797,1128226,,,390184716258.9429
2021-09-20,3329.670654296875,3343.325439453125,2940.839111328125,2958.993408203125,27371684581,-0.1179573781947198,0.0579438474465176,ETH-USD,0.0,0,0.0,0,0.0,0.0,0.0,0.0,495259,1174559,,,348527562054.2668
2021-09-21,2977.310546875,3101.697509765625,2676.407470703125,2764.43115234375,30405062665,-0.0680142634171645,0.0496336707934995,ETH-USD,0.0,0,0.0,0,0.0,0.0,-0.4599999999999999,0.0,524490,1193295,,,322742214113.2495
2021-09-22,2763.209228515625,3089.0830078125,2741.440673828125,3077.867919921875,23742102645,0.1074022412020276,0.0590090811220741,ETH-USD,0.0,0,0.0,0,0.0,0.0,-0.5800000000000001,0.0,534705,1174030,,,360130466630.74414
2021-09-23,3077.974365234375,3173.544677734375,3038.097900390625,3155.523681640625,18516291047,0.0249173434019467,0.059586714835261,ETH-USD,0.0,0,0.0,0,0.0,0.0,-0.4599999999999999,0.0,534321,1193053,,,370002950823.0999
2021-09-24,3154.56201171875,3159.64404296875,2747.337646484375,2931.669189453125,25595422789,-0.0735825168405753,0.0602782645474188,ETH-USD,0.0,0,0.0,0,0.0,0.0,-0.3399999999999999,0.0,506369,1152685,,,344759967802.2557
2021-09-25,2930.884765625,2968.99462890625,2818.970458984375,2925.565673828125,18932786754,-0.0020840953032145,0.0598832364856383,ETH-USD,0.0,0,0.0,0,0.0,0.0,-0.4399999999999999,0.0,520155,1121078,,,344783940231.3216
2021-09-26,2926.343017578125,3114.857421875,2744.5830078125,3062.265380859375,21172766310,0.0456671078568888,0.06013391426999,ETH-USD,0.0,0,0.0,0,0.0,0.0,-0.4599999999999999,0.0,473719,1088537,,,358460273448.986
2021-09-27,3065.837890625,3163.6650390625,2932.69287109375,2934.138916015625,19164053681,-0.0427409370326099,0.0603598285672834,ETH-USD,0.0,0,0.0,0,0.0,0.0,-0.48,0.0,502882,1133903,,,347181513945.8816
2021-09-28,2928.96337890625,2970.7705078125,2793.360595703125,2807.296630859375,16895079070,-0.0441920583712646,0.0591857626663103,ETH-USD,0.0,0,0.0,0,0.0,0.0,-0.5,0.0,495482,1108122,,,331101835637.4896
2021-09-29,2809.297607421875,2946.88134765625,2786.98828125,2853.143310546875,15763456158,0.0161993352963057,0.0567476367117024,ETH-USD,0.0,0,0.0,0,0.0,0.0,-0.52,0.0,507212,1135869,,,334377106685.7493
2021-09-30,2852.558837890625,3046.51953125,2840.28955078125,3001.678955078125,17661065099,0.0507504813172919,0.0595732402771228,ETH-USD,0.0,0,0.0,0,0.0,0.0,-0.6,0.0,499026,1116157,,,353001301547.0518
2021-10-01,3001.12939453125,3329.853515625,2978.654296875,3307.51611328125,22307625573,0.0970257049212551,0.0651601850787027,ETH-USD,0.0,0,0.0,0,0.0,0.0,-0.4599999999999999,0.0,571554,1207263,,,388060659780.019
2021-10-02,3308.870361328125,3464.83740234375,3260.027587890625,3391.6943359375,19202671704,0.0251321119077734,0.0655005803891626,ETH-USD,0.0,0,0.0,0,0.0,0.0,0.08,0.0,520147,1117899,,,399195912517.3
2021-10-03,3390.767578125,3484.605712890625,3348.1201171875,3418.358642578125,15516566862,0.0078309061577296,0.0649705809939435,ETH-USD,0.0,0,0.0,0,0.0,0.0,-0.02,0.0,522882,1130224,,,402353509667.626
2021-10-04,3418.7763671875,3434.775390625,3283.44873046875,3380.089111328125,17747154101,-0.0112584333553155,0.0553820340300989,ETH-USD,0.0,0,0.0,0,0.0,0.0,0.08,0.0,495268,1121513,,,398982093097.1545
2021-10-05,3381.784423828125,3541.45166015625,3365.817626953125,3518.5185546875,16632591670,0.0401379624301596,0.0511160962392964,ETH-USD,0.0,0,0.0,0,0.0,0.0,0.1799999999999999,0.0,562663,1235674,,,414144010641.5226
2021-10-06,3516.5703125,3622.55126953125,3354.4697265625,3580.56201171875,21855226591,0.0174797387293159,0.0440789343886186,ETH-USD,0.0,0,0.0,0,0.0,0.0,0.3600000000000001,0.0,663597,1337833,,,422150905895.4837
2021-10-07,3576.814453125,3650.01318359375,3479.9091796875,3587.974853515625,19090322927,0.0020681610706543,0.0439390360501404,ETH-USD,0.0,0,0.0,0,0.0,0.0,0.52,0.0,629637,1344295,,,422260065138.7263
2021-10-08,3587.832763671875,3667.95751953125,3547.828125,3563.75927734375,16222029488,-0.0067719711811867,0.0374012860341778,ETH-USD,0.0,0,0.0,0,0.0,0.0,0.48,0.0,600443,1287034,,,418952311061.67664
2021-10-09,3559.997802734375,3628.2373046875,3544.640380859375,3575.716796875,12707036942,0.0033496941757835,0.0372500276579646,ETH-USD,0.0,0,0.0,0,0.0,0.0,0.4399999999999999,0.0,585763,1191856,,,421187829031.2356
2021-10-10,3575.0205078125,3603.244873046875,3414.970947265625,3425.852783203125,16171746693,-0.0428152301519798,0.0389905410571738,ETH-USD,0.0,0,0.0,0,0.0,0.0,0.4199999999999999,0.0,537497,1137901,,,403815267127.6764
2021-10-11,3419.726806640625,3622.28955078125,3385.76171875,3545.35400390625,18579189588,0.0342875865381833,0.0366415480560093,ETH-USD,0.0,0,0.0,0,0.0,0.0,0.4199999999999999,0.0,538818,1183486,,,414135490610.63525
2021-10-12,3546.477783203125,3546.477783203125,3407.338134765625,3492.5732421875,18109578443,-0.0149992318497639,0.0338274639495816,ETH-USD,0.0,0,0.0,0,0.0,0.0,0.56,0.0,546484,1203566,,,410827628722.87695
2021-10-13,3492.753662109375,3607.74169921875,3417.60205078125,3606.20166015625,16211275589,0.03201626351487,0.0341119108164388,ETH-USD,0.0,0,0.0,0,0.0,0.0,0.3999999999999999,0.0,531985,1189854,,,423357216826.854
2021-10-14,3604.958984375,3819.258544921875,3590.275146484375,3786.01416015625,19443499909,0.0486587461948006,0.0339556670700854,ETH-USD,0.0,0,0.0,0,0.0,0.0,0.3999999999999999,0.0,554283,1227097,,,445606262000.336
2021-10-15,3790.154296875,3895.46630859375,3735.363525390625,3862.634765625,20966841512,0.0200357394753993,0.024970934452788,ETH-USD,0.0,0,0.0,0,0.0,0.0,0.4199999999999999,0.0,556421,1302993,,,454463309684.7605
2021-10-16,3865.66650390625,3962.453125,3805.885986328125,3830.382080078125,16578095629,-0.0083849743634975,0.0251265300790007,ETH-USD,0.0,0,0.0,0,0.0,0.0,0.56,0.0,583223,1181031,,,451554383318.24347
2021-10-17,3829.85888671875,3914.89794921875,3660.723388671875,3847.1044921875,15908090346,0.0043562273659929,0.025152796765495,ETH-USD,0.0,0,0.0,0,0.0,0.0,0.5800000000000001,0.0,551918,1144184,,,451540875443.9622
2021-10-18,3847.72998046875,3888.209228515625,3686.75048828125,3748.76025390625,17386204158,-0.0258955990302861,0.0263120676370452,ETH-USD,0.0,0,0.0,0,0.0,0.0,0.56,0.0,571994,1197673,,,440931286400.8823
2021-10-19,3747.162841796875,3883.9287109375,3736.7802734375,3877.65087890625,15998757133,0.0338043403352395,0.025754318292919,ETH-USD,0.0,0,0.0,0,0.0,0.0,0.5,0.0,590941,1243503,,,456143788747.0906
2021-10-20,3877.73095703125,4167.47216796875,3833.2880859375,4155.9921875,20338319988,0.0693216667235517,0.0306480031835348,ETH-USD,0.0,0,0.0,0,0.0,0.0,0.6399999999999999,0.0,617867,1259885,,,488939146850.01294
2021-10-21,4161.71337890625,4366.08837890625,4032.48388671875,4054.32275390625,28220661820,-0.0247675348703638,0.0320335792272151,ETH-USD,0.0,0,0.0,0,0.0,0.0,0.6799999999999999,0.0,614826,1277275,,,478578939504.999
2021-10-22,4055.6865234375,4162.9755859375,3908.34033203125,3970.181884765625,19432937968,-0.0209717501004732,0.0327782570618084,ETH-USD,0.0,0,0.0,0,0.0,0.0,0.5,0.0,599968,1256044,,,468055052564.5768
2021-10-23,3971.3564453125,4171.66357421875,3944.6318359375,4171.66357421875,14781537792,0.049502986465353,0.0345771205781316,ETH-USD,0.0,0,0.0,0,0.0,0.0,0.48,0.0,613428,1235169,,,489758679809.54016
2021-10-24,4171.85595703125,4185.7294921875,3967.120361328125,4087.903076171875,14978083638,-0.020282751648381,0.0323303744611431,ETH-USD,0.0,0,0.0,0,0.0,0.0,0.4599999999999999,0.0,597172,1261312,,,480020502230.8012
2021-10-25,4084.42578125,4236.6669921875,4072.03466796875,4217.876953125,15995727040,0.0312997665092726,0.03218588190374,ETH-USD,0.0,0,0.0,0,0.0,0.0,0.4399999999999999,0.0,601353,1299495,,,496273211182.5224
2021-10-26,4217.337890625,4289.13134765625,4106.82373046875,4131.10205078125,17157714562,-0.0207876980180544,0.0325995429987938,ETH-USD,0.0,0,0.0,0,0.0,0.0,0.52,0.0,611277,1344772,,,486421987242.1184
2021-10-27,4132.17333984375,4299.15283203125,3930.25732421875,3930.25732421875,26219530404,-0.0498393111221512,0.0359050467777952,ETH-USD,0.0,0,0.0,0,0.0,0.0,0.4599999999999999,0.0,619064,1370504,,,464869510529.9601
2021-10-28,3924.8154296875,4293.15087890625,3905.7060546875,4287.31884765625,25958154575,0.0869566596858413,0.0405514598566119,ETH-USD,0.0,0,0.0,0,0.0,0.0,0.32,0.0,692894,1510502,,,503855939943.7048
2021-10-29,4288.6865234375,4455.7353515625,4271.70751953125,4414.74658203125,22967641914,0.0292888727711617,0.0408217426659753,ETH-USD,0.0,0,0.0,0,0.0,0.0,0.3999999999999999,0.0,711169,1456333,,,519680026113.75055
2021-10-30,4414.24365234375,4426.8486328125,4252.494140625,4325.650390625,14615490626,-0.0203879246818355,0.041349863822393,ETH-USD,0.0,0,0.0,0,0.0,0.0,0.4599999999999999,0.0,659889,1379095,,,507688617243.75433
2021-10-31,4322.744140625,4394.44970703125,4179.01611328125,4288.07421875,17498160238,-0.0087247763174075,0.0416022379750584,ETH-USD,0.0,0,0.0,0,0.0,0.0,0.48,0.0,627757,1304184,,,505647872219.575
2021-11-01,4288.21728515625,4377.322265625,4160.966796875,4324.626953125,17985288261,0.0084881509552126,0.0404624137784632,ETH-USD,0.0,0,0.0,0,0.0,0.0,0.48,0.0,659285,1341733,,,509397160059.5144
2021-11-02,4322.5009765625,4599.9482421875,4288.6865234375,4584.798828125,20794448222,0.0584203456042626,0.0420696225457343,ETH-USD,0.0,0,0.0,0,0.0,0.0,0.4599999999999999,0.0,676772,1395656,,,540079413508.7344
2021-11-03,4589.6845703125,4664.91015625,4462.97607421875,4607.19384765625,21220463155,0.0048727331782231,0.0387019928040433,ETH-USD,0.0,0,0.0,0,0.0,0.0,0.52,0.0,698045,1417221,,,541549139416.1844
2021-11-04,4604.6787109375,4606.51611328125,4426.62255859375,4537.32421875,18415244464,-0.0152815026624075,0.0381756761468621,ETH-USD,0.0,0,0.0,0,0.0,0.0,0.4599999999999999,0.0,667719,1352186,,,534108570501.3231
2021-11-05,4537.42333984375,4570.89599609375,4447.4873046875,4486.2431640625,15086003586,-0.0113218194457628,0.0376956686795223,ETH-USD,0.0,0,0.0,0,0.0,0.0,0.4599999999999999,0.0,653772,1339661,,,527207543315.6946
2021-11-06,4482.64794921875,4530.9970703125,4334.9736328125,4521.5810546875,14429076700,0.007846083816261,0.0358273884564659,ETH-USD,0.0,0,0.0,0,0.0,0.0,0.4199999999999999,0.0,626349,1255921,,,531318817815.2857
2021-11-07,4523.98193359375,4640.921875,4510.984375,4620.5546875,13541376033,0.0216530365745464,0.035231246811724,ETH-USD,0.0,0,0.0,0,0.0,0.0,0.4599999999999999,0.0,635934,1276998,,,542845482844.76886
2021-11-08,4619.6494140625,4822.36328125,4619.6494140625,4812.08740234375,19290896267,0.0406162012443695,0.0357737720977828,ETH-USD,0.0,0,0.0,0,0.0,0.0,0.5,0.0,652985,1329018,,,566636453619.9932
2021-11-09,4810.0712890625,4837.58935546875,4718.0390625,4735.06884765625,20834172627,-0.0161346946685121,0.0354921017855224,ETH-USD,0.0,0,0.0,0,0.0,0.0,0.6799999999999999,0.0,615663,1334145,,,557743978685.1968
2021-11-10,4733.36279296875,4859.5029296875,4485.09326171875,4636.17431640625,22748160545,-0.021106741316112,0.0324848383918993,ETH-USD,0.0,0,0.0,0,0.0,0.0,0.5,0.0,667073,1390746,,,544110883749.7438
2021-11-11,4635.45361328125,4778.05908203125,4580.990234375,4730.38427734375,17933201129,0.0201169163952947,0.0245260166660605,ETH-USD,0.0,0,0.0,0,0.0,0.0,0.54,0.0,648381,1347643,,,556807418899.1359
2021-11-12,4724.306640625,4808.73876953125,4510.92041015625,4667.115234375,18316060208,-0.0134652837916872,0.0242001371377921,ETH-USD,0.0,0,0.0,0,0.0,0.0,0.48,0.0,643077,1345131,,,549159537640.1035
2021-11-13,4666.71923828125,4702.115234375,4582.1806640625,4651.46044921875,14457436261,-0.003359912590733,0.0232926009703044,ETH-USD,0.0,0,0.0,0,0.0,0.0,0.4399999999999999,0.0,645914,1300464,,,547073425617.2922
2021-11-14,4648.6328125,4689.8427734375,4516.935546875,4626.35888671875,12172962219,-0.0054111042345165,0.0231567999778564,ETH-USD,0.0,0,0.0,0,0.0,0.0,0.48,0.0,643453,1275744,,,542921206398.5056
2021-11-15,4627.0908203125,4764.63623046875,4546.59912109375,4557.50390625,16275851299,-0.0149950564803061,0.0237603948651021,ETH-USD,0.0,0,0.0,0,0.0,0.0,0.4399999999999999,0.0,606035,1289636,,,538201149416.2986
2021-11-16,4570.47802734375,4891.70458984375,4144.3349609375,4216.365234375,27417502801,-0.0778016466427818,0.0272800422897054,ETH-USD,0.0,0,0.0,0,0.0,0.0,0.4199999999999999,0.0,609878,1310153,,,498718135439.8968
2021-11-17,4213.91064453125,4300.306640625,4107.1259765625,4287.59375,22183461850,0.0167522401110088,0.0278230556249548,ETH-USD,0.0,0,0.0,0,0.0,0.0,0.04,0.0,695411,1353219,,,502435550608.6768
2021-11-18,4287.80224609375,4343.55712890625,3959.227783203125,4000.65087890625,21383250893,-0.0692686105331816,0.0326585462980095,ETH-USD,0.0,0,0.0,0,0.0,0.0,0.08,0.0,591158,1284250,,,469470683314.2488
2021-11-19,3995.7294921875,4311.7138671875,3982.91748046875,4298.306640625,20626269711,0.0717640730233107,0.0391137227255643,ETH-USD,0.0,0,0.0,0,0.0,0.0,-0.3199999999999999,0.0,609854,1255788,,,505483705761.818
2021-11-20,4298.3505859375,4434.38818359375,4209.24267578125,4409.93115234375,15448261277,0.0256379369911101,0.0397786041521049,ETH-USD,0.0,0,0.0,0,0.0,0.0,-0.14,0.0,557039,1160128,,,519860205007.2675
2021-11-21,4412.1953125,4422.49169921875,4255.455078125,4269.73291015625,14094831413,-0.03230780265397,0.0399466993353217,ETH-USD,0.0,0,0.0,0,0.0,0.0,-0.02,0.0,607663,1260939,,,507741036264.7453
2021-11-22,4266.50927734375,4302.02294921875,4033.572265625,4088.457763671875,19752218877,-0.0433834509222423,0.0387551470800882,ETH-USD,0.0,0,0.0,0,0.0,0.0,0.0,0.0,546020,1221508,,,482617786844.5856
2021-11-23,4089.680419921875,4385.4833984375,4069.7666015625,4340.763671875,22133497059,0.0598824698472244,0.0431527129044772,ETH-USD,0.0,0,0.0,0,0.0,0.0,-0.3399999999999999,0.0,580960,1264994,,,512242820326.5907
2021-11-24,4340.0361328125,4376.8759765625,4176.18359375,4239.9814453125,21838037128,-0.0234914007657185,0.0432206876153848,ETH-USD,0.0,0,0.0,0,0.0,0.0,-0.16,0.0,603666,1342491,,,502102050396.5277
2021-11-25,4271.39453125,4550.51806640625,4249.7744140625,4274.7431640625,18705358318,0.008165128873313,0.0427727579594535,ETH-USD,0.0,0,0.0,0,0.0,0.0,-0.36,0.0,593203,1301578,,,533228809424.6405
2021-11-26,4522.208984375,4550.84228515625,3933.506591796875,4030.908935546875,26281795488,-0.0587321291549916,0.0449362267948515,ETH-USD,0.0,0,0.0,0,0.0,0.0,-0.06,0.0,600396,1297524,,,477399630500.5501
2021-11-27,4042.9990234375,4187.68408203125,4033.513916015625,4096.912109375,16515693874,0.0162416530528487,0.0454768468890626,ETH-USD,0.0,0,0.0,0,0.0,0.0,-0.5800000000000001,0.0,550277,1213284,,,481532317986.0693
2021-11-28,4101.64892578125,4297.91650390625,3989.969970703125,4294.45361328125,15953126340,0.0470907868411,0.0479016475171406,ETH-USD,0.0,0,0.0,0,0.0,0.0,-0.4599999999999999,0.0,527846,1135653,,,505605120970.0283
2021-11-29,4296.94677734375,4460.8486328125,4284.5048828125,4445.10498046875,19086475837,0.0344791535992185,0.0489463368410022,ETH-USD,0.0,0,0.0,0,0.0,0.0,-0.3399999999999999,0.0,600952,1247688,,,524158910322.3718
2021-11-30,4447.76806640625,4753.26611328125,4358.07421875,4631.47900390625,28626354111,0.0410727700366452,0.0448872517018032,ETH-USD,0.0,0,0.0,0,0.0,0.0,-0.1999999999999999,0.0,626326,1280926,,,547338074200.4776
2021-12-01,4623.6796875,4780.732421875,4530.2724609375,4586.990234375,27634826695,-0.0096521697427494,0.0449873349872532,ETH-USD,0.0,0,0.0,0,0.0,0.0,-0.3199999999999999,0.0,580963,1221643,,,540216421714.2253
2021-12-02,4586.3330078125,4628.919921875,4441.5078125,4511.30224609375,21502671027,-0.0166382284365037,0.040271697344102,ETH-USD,0.0,0,0.0,0,0.0,0.0,-0.36,0.0,608129,1265286,,,533520501887.4818
2021-12-03,4514.35595703125,4647.2890625,4100.1455078125,4220.7060546875,25879591528,-0.0665834326074011,0.040548041761932,ETH-USD,0.0,0,0.0,0,0.0,0.0,-0.38,0.0,565386,1211488,,,498824234177.6621
2021-12-04,4227.76220703125,4242.7255859375,3525.494140625,4119.58740234375,38478999182,-0.0242494123058416,0.0401889670953423,ETH-USD,0.0,0,0.0,0,0.0,0.0,-0.5,0.0,552442,1235697,,,482902175008.86224
2021-12-05,4119.62890625,4246.92333984375,4040.217529296875,4198.32275390625,25533062707,0.0189320879377268,0.0398290747678117,ETH-USD,0.0,0,0.0,0,0.0,0.0,-0.64,0.0,827716,1386491,,,493863538704.0809
2021-12-06,4199.0,4375.5205078125,3930.806640625,4358.7373046875,28229518513,0.0374973051774108,0.0390996321077295,ETH-USD,0.0,0,0.0,0,0.0,0.0,-0.6799999999999999,0.0,590752,1244773,,,511723151723.6043
2021-12-07,4358.5869140625,4428.58935546875,4264.32373046875,4315.0615234375,22366213354,-0.0100708239269602,0.0358199051950325,ETH-USD,0.0,0,0.0,0,0.0,0.0,-0.5,0.0,596211,1224771,,,507249757130.0473
2021-12-08,4311.67431640625,4453.1123046875,4234.53759765625,4439.35791015625,18704315119,0.0283981686841627,0.0359338730792302,ETH-USD,0.0,0,0.0,0,0.0,0.0,-0.4399999999999999,0.0,646033,1296307,,,521843913831.6398
2021-12-09,4433.02490234375,4482.31396484375,4078.84423828125,4119.81591796875,22296131874,-0.0747012688981501,0.0414666247622762,ETH-USD,0.0,0,0.0,0,0.0,0.0,-0.42,0.0,607679,1251338,,,490045796730.3035
2021-12-10,4113.58837890625,4227.11181640625,3897.767578125,3908.49609375,28014595631,-0.0526558130051599,0.0408617098787262,ETH-USD,0.0,0,0.0,0,0.0,0.0,-0.52,0.0,615402,1237735,,,463470599459.3465
2021-12-11,3909.667724609375,4095.6484375,3846.054443359375,4084.452392578125,19131502454,0.0440349968481634,0.0424702529576578,ETH-USD,0.0,0,0.0,0,0.0,0.0,-0.6799999999999999,0.0,580529,1199384,,,480946755166.4603
2021-12-12,4084.811279296875,4173.60888671875,3993.055908203125,4134.453125,14057603914,0.0121673984885353,0.0404556556644279,ETH-USD,0.0,0,0.0,0,0.0,0.0,-0.4599999999999999,0.0,597666,1181898,,,488223764661.86633
2021-12-13,4136.35986328125,4145.955078125,3680.609130859375,3784.226806640625,23999841386,-0.0885134768667389,0.0448714033098242,ETH-USD,0.0,0,0.0,0,0.0,0.0,-0.4399999999999999,0.0,610119,1242978,,,446644413674.59216
2021-12-14,3782.82275390625,3866.6337890625,3700.104736328125,3745.4404296875,23836759957,-0.0103023729461233,0.0422665950137008,ETH-USD,0.0,0,0.0,0,0.0,0.0,-0.5800000000000001,0.0,617851,1214900,,,454065472773.9266
2021-12-15,3862.25146484375,4086.372802734375,3664.719970703125,4018.388671875,26411188833,0.0703417796089132,0.0480771008007795,ETH-USD,0.0,0,0.0,0,0.0,0.0,-0.4399999999999999,0.0,607023,1258462,,,473534633238.7436
2021-12-16,4020.4150390625,4110.36865234375,3956.05712890625,3962.4697265625,19825531254,-0.0140134951961796,0.0480520375051392,ETH-USD,0.0,0,0.0,0,0.0,0.0,-0.42,0.0,601543,1155456,,,468580265672.29205
2021-12-17,3959.012451171875,3992.79248046875,3711.424560546875,3879.486572265625,23143541098,-0.0211646810464235,0.0453413417919565,ETH-USD,0.0,0,0.0,0,0.0,0.0,-0.54,0.0,615023,1270355,,,458227001743.94574
2021-12-18,3880.29150390625,3993.829833984375,3774.614990234375,3960.860107421875,19530895889,0.0207583823824795,0.0455446424873887,ETH-USD,0.0,0,0.0,0,0.0,0.0,-0.52,0.0,567903,1159873,,,467749283349.1126
2021-12-19,3960.872314453125,4018.658447265625,3894.398681640625,3922.592529296875,16167785597,-0.009708405810989,0.045134468720235,ETH-USD,0.0,0,0.0,0,0.0,0.0,-0.42,0.0,565355,1137581,,,464449835222.0165
2021-12-20,3923.69580078125,3980.0986328125,3759.4033203125,3933.844482421875,21589690675,0.002864392803379,0.0435562828123954,ETH-USD,0.0,0,0.0,0,0.0,0.0,-0.5,0.0,591470,1201239,,,464734021753.41925
2021-12-21,3938.4638671875,4058.8212890625,3918.837890625,4020.260009765625,16388555198,0.0217293920670726,0.044226168653386,ETH-USD,0.0,0,0.0,0,0.0,0.0,-0.4599999999999999,0.0,597365,1203638,,,475305966952.4622
2021-12-22,4018.69580078125,4073.79150390625,3947.690185546875,3982.099609375,13921756199,-0.00953735934552,0.0431683759668083,ETH-USD,0.0,0,0.0,0,0.0,0.0,-0.0999999999999999,0.0,628066,1233315,,,470112757261.5281
2021-12-23,3981.961669921875,4149.02685546875,3897.234375,4108.015625,18007273742,0.0311308753731334,0.0396696581652169,ETH-USD,0.0,0,0.0,0,0.0,0.0,-0.3199999999999999,0.0,593940,1245242,,,483963725505.1692
2021-12-24,4111.34521484375,4134.1064453125,4029.064453125,4047.98291015625,12769090623,-0.014721385436212,0.0370183996296005,ETH-USD,0.0,0,0.0,0,0.0,0.0,-0.18,0.0,629177,1298329,,,477310212229.8957
2021-12-25,4049.781982421875,4138.56494140625,4027.927001953125,4093.281005859375,10894785525,0.0111281402074255,0.0351775244160024,ETH-USD,0.0,0,0.0,0,0.0,0.0,-0.2199999999999999,0.0,609518,1299519,,,483805725306.05896
2021-12-26,4094.151611328125,4105.02392578125,4013.0263671875,4067.328125,11197244172,-0.006360546851384,0.035039057963229,ETH-USD,0.0,0,0.0,0,0.0,0.0,-0.26,0.0,592616,1206942,,,480356471354.03485
2021-12-27,4064.746337890625,4126.00146484375,4033.492431640625,4037.547607421875,11424360002,-0.0073488237417713,0.0246501320164047,ETH-USD,0.0,0,0.0,0,0.0,0.0,-0.1999999999999999,0.0,621784,1252037,,,477323854844.0604
2021-12-28,4037.5380859375,4037.5380859375,3769.280029296875,3800.89306640625,17299472803,-0.0604014231957891,0.0300331037598222,ETH-USD,0.0,0,0.0,0,0.0,0.0,-0.18,0.0,595032,1241032,,,449223038035.5124
2021-12-29,3797.436279296875,3827.98193359375,3612.7958984375,3628.53173828125,15722555672,-0.0464079699549809,0.0251198408643067,ETH-USD,0.0,0,0.0,0,0.0,0.0,-0.4599999999999999,0.0,564074,1252468,,,429472726157.11554
2021-12-30,3632.2197265625,3767.559814453125,3595.204833984375,3713.85205078125,12925377999,0.0232415399504062,0.0262984010344046,ETH-USD,0.0,0,0.0,0,0.0,0.0,-0.56,0.0,602454,1255688,,,437679314133.7394
2021-12-31,3713.43017578125,3807.288818359375,3636.869873046875,3682.6328125,14157285268,-0.0084416920345198,0.0258998177906479,ETH-USD,0.0,0,0.0,0,0.0,0.0,-0.4399999999999999,0.0,578540,1214585,,,435213696992.3496
2022-01-01,3683.047119140625,3769.91796875,3682.28662109375,3769.697021484375,9776191466,0.0233666980201213,0.026098065724106,ETH-USD,0.0,0,0.0,0,0.0,0.0,-0.5800000000000001,0.0,581310,1180989,,,443989998321.9019
2022-01-02,3769.29833984375,3836.161865234375,3727.357421875,3829.56494140625,9881471548,0.0157565718419149,0.0265185959088342,ETH-USD,0.0,0,0.0,0,0.0,0.0,-0.42,0.0,551998,1158900,,,452429174354.97
2022-01-03,3829.53564453125,3836.19873046875,3698.047607421875,3761.38037109375,12080777893,-0.0179651944168333,0.0268244997734144,ETH-USD,0.0,0,0.0,0,0.0,0.0,-0.42,0.0,591354,1209173,,,444548274117.2104
2022-01-04,3761.361572265625,3876.78515625,3723.349853515625,3794.056640625,14030925983,0.0086497903996256,0.0261075648047097,ETH-USD,0.0,0,0.0,0,0.0,0.0,-0.54,0.0,601544,1221316,,,448242980435.2165
2022-01-05,3794.26904296875,3842.059814453125,3456.745361328125,3550.386962890625,18061338502,-0.0663791992231001,0.0309777401449664,ETH-USD,0.0,0,0.0,0,0.0,0.0,-0.52,0.0,632107,1249628,,,418628856566.12415
2022-01-06,3549.708984375,3549.708984375,3335.376708984375,3418.408203125,24293791313,-0.0378815961359965,0.0297029099090977,ETH-USD,0.0,0,0.0,0,0.0,0.0,-0.7,0.0,607697,1212495,,,402991368628.69794
2022-01-07,3417.837890625,3420.4619140625,3117.38134765625,3193.21044921875,24494179209,-0.0681481839233026,0.0331551329644747,ETH-USD,0.0,0,0.0,0,0.0,0.0,-0.64,0.0,589283,1188490,,,376653407264.55255
2022-01-08,3193.50244140625,3240.304443359375,3020.880859375,3091.97265625,16037732700,-0.0322175338188083,0.0323462025294993,ETH-USD,0.0,0,0.0,0,0.0,0.0,-0.8,0.0,596125,1183873,,,365184816978.98346
2022-01-09,3091.6962890625,3206.790771484375,3075.911376953125,3157.75146484375,12334683863,0.0210509252603742,0.0340239472738987,ETH-USD,0.0,0,0.0,0,0.0,0.0,-0.54,0.0,534489,1108322,,,372503346874.9416
2022-01-10,3157.570556640625,3177.21337890625,2947.68359375,3083.097900390625,19535744145,-0.0239253092494483,0.0339099994148008,ETH-USD,0.0,0,0.0,0,0.0,0.0,-0.54,0.0,524870,1233195,,,363636631911.7309
2022-01-11,3082.990966796875,3247.511962890625,3061.140625,3238.111572265625,15211447193,0.049055408505269,0.036234418745393,ETH-USD,0.0,0,0.0,0,0.0,0.0,-0.5800000000000001,0.0,591386,1277649,,,382767642994.3016
2022-01-12,3238.449951171875,3401.219970703125,3216.718017578125,3372.25830078125,16662871689,0.0405923270449172,0.0372240137533963,ETH-USD,0.0,0,0.0,0,0.0,0.0,-0.56,0.0,634922,1283346,,,398215028021.8861
2022-01-13,3372.10498046875,3396.9697265625,3247.91748046875,3248.28857421875,15294466275,-0.0374543737660075,0.0371872312641025,ETH-USD,0.0,0,0.0,0,0.0,0.0,-0.5800000000000001,0.0,658808,1282921,,,384072341193.07086
2022-01-14,3248.648681640625,3330.76611328125,3203.82373046875,3310.00146484375,13562957230,0.018820366844836,0.0379565282068183,ETH-USD,0.0,0,0.0,0,0.0,0.0,-0.5800000000000001,0.0,593126,1218460,,,390634066567.6148
2022-01-15,3309.84423828125,3364.537841796875,3278.6708984375,3330.53076171875,9619999078,0.0061830472551231,0.0371466258243195,ETH-USD,0.0,0,0.0,0,0.0,0.0,-0.54,0.0,616538,1174849,,,393681658307.6936
2022-01-16,3330.38720703125,3376.401123046875,3291.563720703125,3350.921875,9505934874,0.006103815352282,0.0367422021300906,ETH-USD,0.0,0,0.0,0,0.0,0.0,-0.5800000000000001,0.0,591290,1162954,,,396274948183.30286
2022-01-17,3350.947265625,3355.8193359375,3157.22412109375,3212.304931640625,12344309617,-0.0422467678378457,0.0377304721838536,ETH-USD,0.0,0,0.0,0,0.0,0.0,-0.56,0.0,592963,1198719,,,379137977560.9488
2022-01-18,3212.28759765625,3236.01611328125,3096.12353515625,3164.025146484375,13024154091,-0.0151437291477348,0.0372975168456878,ETH-USD,0.0,0,0.0,0,0.0,0.0,-0.52,0.0,584159,1169526,,,373799460225.11066
2022-01-19,3163.850341796875,3171.158447265625,3055.21240234375,3095.825927734375,13187424144,-0.0217902683068758,0.0341576356604748,ETH-USD,0.0,0,0.0,0,0.0,0.0,-0.52,0.0,606823,1223143,,,366681698411.0703
2022-01-20,3095.271728515625,3265.3369140625,3000.908203125,3001.1201171875,10645922764,-0.0310691378769889,0.0337729584077291,ETH-USD,0.0,0,0.0,0,0.0,0.0,-0.52,0.0,591925,1190018,,,355642436480.8016
2022-01-21,3002.956787109375,3029.0810546875,2496.81298828125,2557.931640625,26796291874,-0.1597866123370464,0.0506962197053832,ETH-USD,0.0,0,0.0,0,0.0,0.0,-0.62,0.0,567601,1189898,,,302877590300.80896
2022-01-22,2561.145263671875,2615.247314453125,2330.247314453125,2405.18115234375,27369692036,-0.0615737550998413,0.0520154555169353,ETH-USD,0.0,0,0.0,0,0.0,0.0,-0.74,0.0,566830,1204920,,,283486903274.0112
2022-01-23,2406.92431640625,2542.144775390625,2381.51513671875,2535.0390625,16481489511,0.0525838222537141,0.054459089444979,ETH-USD,0.0,0,0.0,0,0.0,0.0,-0.78,0.0,541674,1077884,,,299160671633.61053
2022-01-24,2535.89111328125,2537.20849609375,2172.30126953125,2440.352294921875,28220804648,-0.0380666341470744,0.0547539452093171,ETH-USD,0.0,0,0.0,0,0.0,0.0,-0.74,0.0,550404,1147109,,,288023313314.2561
2022-01-25,2440.3935546875,2498.507080078125,2359.384765625,2455.93505859375,16179776932,0.0063651559470786,0.0519260025453518,ETH-USD,0.0,0,0.0,0,0.0,0.0,-0.76,0.0,571545,1177640,,,290303674073.46466
2022-01-26,2455.5791015625,2705.7841796875,2417.68310546875,2468.0302734375,21229909340,0.0049128043579881,0.0495582341760284,ETH-USD,0.0,0,0.0,0,0.0,0.0,-0.54,0.0,559574,1146116,,,291339250006.67035
2022-01-27,2467.1884765625,2510.45166015625,2328.4521484375,2423.001220703125,16126522783,-0.0184134267201369,0.0493711939228563,ETH-USD,0.0,0,0.0,0,0.0,0.0,-0.6,0.0,537711,1133684,,,284907333431.5477
2022-01-28,2421.64697265625,2548.778564453125,2367.833740234375,2547.092041015625,14666227351,0.0499453867419801,0.051933518093395,ETH-USD,0.0,0,0.0,0,0.0,0.0,-0.52,0.0,563345,1137559,,,300610130478.91785
2022-01-29,2546.590576171875,2627.609375,2526.98974609375,2597.084716796875,11172062661,0.0194372207971351,0.052539566843993,ETH-USD,0.0,0,0.0,0,0.0,0.0,-0.52,0.0,564639,1147157,,,306248581536.96246
2022-01-30,2598.56494140625,2631.408447265625,2550.4609375,2603.466552734375,9501221177,0.002454293327838,0.0524209371436212,ETH-USD,0.0,0,0.0,0,0.0,0.0,-0.42,0.0,581901,1183850,,,308311140628.4357
2022-01-31,2603.263427734375,2697.7353515625,2489.072265625,2688.27880859375,13778234614,0.0320572942177235,0.0535300281490432,ETH-USD,0.0,0,0.0,0,0.0,0.0,-0.6,0.0,603862,1177345,,,317263513418.3904
2022-02-01,2687.89892578125,2802.3154296875,2682.621826171875,2792.1171875,13194846235,0.0378990159024132,0.0551965244443803,ETH-USD,0.0,0,0.0,0,0.0,0.0,-0.48,0.0,596580,1173199,,,330176676062.7516
2022-02-02,2791.958984375,2802.212158203125,2630.120361328125,2682.85400390625,13876301217,-0.0399190018984637,0.0557314469809553,ETH-USD,0.0,0,0.0,0,0.0,0.0,-0.4399999999999999,0.0,582512,1152665,,,317315297598.9672
2022-02-03,2682.22607421875,2712.482666015625,2587.783447265625,2679.16259765625,12755505065,-0.0013768725863691,0.0554414882350533,ETH-USD,0.0,0,0.0,0,0.0,0.0,-0.6,0.0,564022,1111215,,,315436571253.7528
2022-02-04,2681.0576171875,2983.5869140625,2675.44384765625,2983.5869140625,18987223729,0.1076219569987735,0.0440603116005726,ETH-USD,0.0,0,0.0,0,0.0,0.0,-0.6,0.0,600857,1168994,,,350800802013.3118
2022-02-05,2984.446044921875,3054.130126953125,2966.781005859375,3014.648193359375,13102093957,0.0103568987843999,0.038830679867016,ETH-USD,0.0,0,0.0,0,0.0,0.0,-0.3399999999999999,0.0,664334,1235023,,,356456006867.45746
2022-02-06,3014.959716796875,3061.26123046875,2965.429931640625,3057.47607421875,9466018022,0.0141066253546838,0.0373871160011451,ETH-USD,0.0,0,0.0,0,0.0,0.0,-0.26,0.0,631736,1173884,,,360233186220.1321
2022-02-07,3057.422119140625,3182.5283203125,3002.927001953125,3142.470703125,15197063785,0.0274195753738331,0.0344348010992306,ETH-USD,0.0,0,0.0,0,0.0,0.0,-0.0999999999999999,0.0,607608,1163338,,,371588320600.71216
2022-02-08,3143.008544921875,3219.47265625,3038.3779296875,3122.608642578125,17136080906,-0.0063405827743599,0.0349306551021756,ETH-USD,0.0,0,0.0,0,0.0,0.0,-0.04,0.0,610323,1180780,,,369395588835.68976
2022-02-09,3121.1826171875,3263.15576171875,3063.16015625,3239.45703125,13951308490,0.0367369769410309,0.0351077899560758,ETH-USD,0.0,0,0.0,0,0.0,0.0,0.08,0.0,618614,1205889,,,383014056559.1854
2022-02-10,3240.113037109375,3271.316162109375,3070.378173828125,3077.482177734375,18629485080,-0.0512939449039006,0.0387453274281043,ETH-USD,0.0,0,0.0,0,0.0,0.0,0.0,0.0,623464,1205676,,,363993338559.66187
2022-02-11,3077.4130859375,3127.45068359375,2888.707763671875,2927.383544921875,16043881065,-0.0500027519128909,0.041344524025377,ETH-USD,0.0,0,0.0,0,0.0,0.0,0.0,0.0,628135,1183966,,,345527783403.0372
2022-02-12,2927.386474609375,2980.079345703125,2870.177001953125,2917.36279296875,11254355757,-0.0034289808975118,0.0413921025344837,ETH-USD,0.0,0,0.0,0,0.0,0.0,-0.12,0.0,593930,1114648,,,343988805356.2671
2022-02-13,2916.78955078125,2947.776611328125,2845.397705078125,2883.46337890625,9054963563,-0.0116879213293838,0.0417171996073824,ETH-USD,0.0,0,0.0,0,0.0,0.0,-0.12,0.0,609734,1115296,,,340455424967.8945
2022-02-14,2880.187744140625,2957.963623046875,2840.257568359375,2933.47900390625,12164552172,0.0171969582361696,0.041224866004702,ETH-USD,0.0,0,0.0,0,0.0,0.0,-0.0799999999999999,0.0,616653,1147522,,,347054493303.65027
2022-02-15,2933.72900390625,3185.520751953125,2917.857177734375,3179.877197265625,13921257873,0.0806534868287558,0.0451478858945239,ETH-USD,0.0,0,0.0,0,0.0,0.0,-0.0799999999999999,0.0,603711,1192633,,,375327152577.64575
2022-02-16,3180.44677734375,3181.616943359375,3055.168212890625,3127.830078125,12352406833,-0.0165030804768928,0.0435916029957592,ETH-USD,0.0,0,0.0,0,0.0,0.0,0.02,0.0,574473,1194693,,,371245915304.3328
2022-02-17,3126.8583984375,3154.615234375,2861.85205078125,2881.48193359375,15860206214,-0.0820347762747413,0.0501799153462334,ETH-USD,0.0,0,0.0,0,0.0,0.0,0.04,0.0,571833,1141997,,,341415846101.2936
2022-02-18,2884.340576171875,2937.30859375,2761.643310546875,2785.7275390625,15748173433,-0.0337956479674698,0.0414508302640799,ETH-USD,0.0,0,0.0,0,0.0,0.0,-0.4,0.0,532857,1252754,,,329224725190.61945
2022-02-19,2784.872802734375,2826.347900390625,2707.37841796875,2763.701171875,9774183169,-0.0079382884268929,0.0412205442842914,ETH-USD,0.0,0,0.0,0,0.0,0.0,-0.5,0.0,560677,1150162,,,326042636607.5945
2022-02-20,2763.756591796875,2763.756591796875,2585.9462890625,2628.6484375,11641437834,-0.0501009736828753,0.0423430730630606,ETH-USD,0.0,0,0.0,0,0.0,0.0,-0.4599999999999999,0.0,573519,1343869,,,311735818583.9793
2022-02-21,2627.66552734375,2752.45849609375,2568.25439453125,2573.816162109375,18646392740,-0.0210801264740832,0.0409367709077978,ETH-USD,0.0,0,0.0,0,0.0,0.0,-0.5,0.0,539817,1134349,,,304951719979.8673
2022-02-22,2572.898681640625,2648.916748046875,2510.6787109375,2639.29931640625,16360200507,0.025123785947061,0.0422476298649119,ETH-USD,0.0,0,0.0,0,0.0,0.0,-0.6,0.0,550464,1129213,,,311752643766.78955
2022-02-23,2639.447021484375,2741.368408203125,2587.412841796875,2590.359619140625,13382637240,-0.0187167563166111,0.0398575825579976,ETH-USD,0.0,0,0.0,0,0.0,0.0,-0.5,0.0,579757,1147632,,,306517062695.28534
2022-02-24,2588.166259765625,2689.047607421875,2308.914794921875,2598.067138671875,29312342666,0.0029710451975588,0.0387824520736469,ETH-USD,0.0,0,0.0,0,0.0,0.0,-0.54,0.0,581027,1181182,,,306802531124.2691
2022-02-25,2598.436279296875,2821.972412109375,2579.2080078125,2764.53564453125,17208902048,0.0621049200162798,0.0418092308614362,ETH-USD,0.0,0,0.0,0,0.0,0.0,-0.4599999999999999,0.0,596415,1137898,,,329837514553.4212
2022-02-26,2764.989501953125,2849.424072265625,2745.009033203125,2781.11181640625,11724648351,0.0059781013336719,0.041896144680911,ETH-USD,0.0,0,0.0,0,0.0,0.0,-0.48,0.0,623437,1167802,,,328577626564.4855
2022-02-27,2780.50439453125,2831.12548828125,2581.61572265625,2621.8017578125,16150857254,-0.0589890064678319,0.0444442738191491,ETH-USD,0.0,0,0.0,0,0.0,0.0,-0.48,0.0,582203,1125065,,,309300957603.47736
2022-02-28,2621.172119140625,2929.180419921875,2586.38818359375,2919.201171875,19266124733,0.1074482323355306,0.0537608059052456,ETH-USD,0.0,0,0.0,0,0.0,0.0,-0.6,0.0,559824,1108112,,,344814046314.0025
2022-03-01,2919.77587890625,3029.651611328125,2868.93896484375,2972.485107421875,18757425786,0.0180883318743941,0.0488891285022887,ETH-USD,0.0,0,0.0,0,0.0,0.0,0.02,0.0,591290,1161564,,,351357844750.8877
2022-03-02,2972.471923828125,3026.8681640625,2919.943115234375,2950.118408203125,16636517503,-0.0075530315313056,0.0487829708731341,ETH-USD,0.0,0,0.0,0,0.0,0.0,0.04,0.0,615639,1191369,,,349626702102.9695
2022-03-03,2950.15673828125,2964.67333984375,2797.3193359375,2834.468994140625,13091199728,-0.0399906919380514,0.044748645890346,ETH-USD,0.0,0,0.0,0,0.0,0.0,-0.2199999999999999,0.0,603657,1167187,,,335728574596.01715
2022-03-04,2834.9873046875,2835.17626953125,2587.748291015625,2617.156005859375,14496939024,-0.0797663817311391,0.0488272341500872,ETH-USD,0.0,0,0.0,0,0.0,0.0,-0.3399999999999999,0.0,606641,1167450,,,309824449515.40344
2022-03-05,2618.4736328125,2679.1025390625,2596.989990234375,2664.8310546875,8072368396,0.0180524272438521,0.0491776003146124,ETH-USD,0.0,0,0.0,0,0.0,0.0,-0.56,0.0,570463,1077981,,,315188765576.95807
2022-03-06,2664.943603515625,2673.63720703125,2555.037353515625,2555.037353515625,8872976607,-0.0420738181747259,0.0486248944582762,ETH-USD,0.0,0,0.0,0,0.0,0.0,-0.56,0.0,588892,1123245,,,302789734330.08545
2022-03-07,2555.297607421875,2639.943115234375,2455.59375,2497.771240234375,14594098731,-0.022668012978125,0.048674577726904,ETH-USD,0.0,0,0.0,0,0.0,0.0,-0.54,0.0,604545,1174568,,,296082482789.92474
2022-03-08,2497.721435546875,2618.166015625,2489.755126953125,2576.74755859375,13922922903,0.0311291371173426,0.0489589786167384,ETH-USD,0.0,0,0.0,0,0.0,0.0,-0.5800000000000001,0.0,662168,1195626,,,305200035242.8161
2022-03-09,2577.165283203125,2761.79638671875,2573.6552734375,2729.783447265625,14173665398,0.0576943152453811,0.0511286865870294,ETH-USD,0.0,0,0.0,0,0.0,0.0,-0.56,0.0,636798,1178322,,,322897535771.1622
2022-03-10,2729.116455078125,2729.116455078125,2566.193115234375,2608.048583984375,13292477213,-0.0456200099854237,0.0528069625379973,ETH-USD,0.0,0,0.0,0,0.0,0.0,-0.4399999999999999,0.0,705372,1229591,,,309245862617.8305
2022-03-11,2608.271240234375,2664.55859375,2534.688232421875,2559.56298828125,12382419582,-0.0187657365026406,0.0498642489075537,ETH-USD,0.0,0,0.0,0,0.0,0.0,-0.56,0.0,587448,1119334,,,303498430789.2502
2022-03-12,2559.66064453125,2606.438720703125,2559.126953125,2574.754150390625,6532996574,0.005917517764544,0.0498631785490411,ETH-USD,0.0,0,0.0,0,0.0,0.0,-0.56,0.0,603452,1120627,,,305376733564.21375
2022-03-13,2573.488037109375,2594.5498046875,2503.88525390625,2518.944580078125,8632000379,-0.0219140576156588,0.047743749479523,ETH-USD,0.0,0,0.0,0,0.0,0.0,-0.5800000000000001,0.0,554862,1041827,,,298100690308.7325
2022-03-14,2518.486328125,2604.034423828125,2505.29931640625,2590.696044921875,11244398839,0.0280865864540355,0.0371826760429596,ETH-USD,0.0,0,0.0,0,0.0,0.0,-0.54,0.0,565713,1097913,,,306766217630.95056
2022-03-15,2590.6689453125,2662.32958984375,2515.765869140625,2620.149658203125,12861105614,0.0113048547736751,0.0368518892747057,ETH-USD,0.0,0,0.0,0,0.0,0.0,-0.5800000000000001,0.0,637927,1190207,,,310571002686.1724
2022-03-16,2620.028564453125,2781.30712890625,2610.764404296875,2772.0556640625,17915109769,0.0563577243634554,0.0407941444302468,ETH-USD,0.0,0,0.0,0,0.0,0.0,-0.52,0.0,688363,1236011,,,328099370472.1783
2022-03-17,2771.964111328125,2826.16064453125,2751.560791015625,2814.8544921875,12685265194,0.0153214081347053,0.0397521160828267,ETH-USD,0.0,0,0.0,0,0.0,0.0,-0.4599999999999999,0.0,576394,1174532,,,333713383471.5035
2022-03-18,2814.4345703125,2973.6162109375,2774.855712890625,2945.343017578125,15830879093,0.0453147147891774,0.034239325646033,ETH-USD,0.0,0,0.0,0,0.0,0.0,-0.5,0.0,708137,1265944,,,349128735196.0857
2022-03-19,2944.7216796875,2979.987060546875,2910.80224609375,2946.257080078125,11576463120,0.0003102934660135,0.0341844084459296,ETH-USD,0.0,0,0.0,0,0.0,0.0,-0.4399999999999999,0.0,602552,1127607,,,349511144135.40106
2022-03-20,2946.547607421875,2956.965576171875,2826.107421875,2860.459228515625,12684727326,-0.0295533969936329,0.032938041506256,ETH-USD,0.0,0,0.0,0,0.0,0.0,-0.38,0.0,589913,1119066,,,339234082068.7267
2022-03-21,2860.103271484375,2954.556640625,2838.25048828125,2897.9765625,15206116098,0.013030575038736,0.0317356549596271,ETH-USD,0.0,0,0.0,0,0.0,0.0,-0.4,0.0,622971,1162829,,,343594964687.7506
2022-03-22,2897.774169921875,3040.3828125,2892.54443359375,2973.131103515625,16830539230,0.0256028847063674,0.031494324176913,ETH-USD,0.0,0,0.0,0,0.0,0.0,-0.48,0.0,662271,1220571,,,352913580784.1796
2022-03-23,2973.14501953125,3036.752197265625,2933.306640625,3031.067138671875,16008767658,0.0192991073993747,0.0285791265483095,ETH-USD,0.0,0,0.0,0,0.0,0.0,-0.38,0.0,615398,1164437,,,358223561121.5272
2022-03-24,3031.060791015625,3118.3876953125,3012.32666015625,3108.06201171875,18070503166,0.0250846360994077,0.0244185813610899,ETH-USD,0.0,0,0.0,0,0.0,0.0,-0.1999999999999999,0.0,591502,1151969,,,368802603334.44495
2022-03-25,3108.448974609375,3183.9580078125,3087.49072265625,3106.67138671875,17030503831,-0.000447525238511,0.0230660541292818,ETH-USD,0.0,0,0.0,0,0.0,0.0,-0.06,0.0,587955,1146814,,,368169842378.8666
2022-03-26,3106.4052734375,3146.825439453125,3091.825439453125,3143.178955078125,8876420740,0.0116828345002927,0.02296503583135,ETH-USD,0.0,0,0.0,0,0.0,0.0,0.02,0.0,598766,1123878,,,373091951039.5672
2022-03-27,3143.795654296875,3291.57763671875,3129.997802734375,3291.57763671875,13431866834,0.0461322808219141,0.0218987183892205,ETH-USD,0.0,0,0.0,0,0.0,0.0,-0.02,0.0,589698,1122675,,,390100025024.9491
2022-03-28,3292.322509765625,3424.019287109375,3279.027099609375,3336.634521484375,20620450770,0.0135956960113339,0.021783908610345,ETH-USD,0.0,0,0.0,0,0.0,0.0,0.1999999999999999,0.0,600048,1218023,,,396975439106.2752
2022-03-29,3335.021240234375,3470.186279296875,3335.021240234375,3401.98779296875,19533323636,0.0193972350827789,0.0216976685617933,ETH-USD,0.0,0,0.0,0,0.0,0.0,0.1200000000000001,0.0,606799,1199899,,,403203633895.1166
2022-03-30,3401.526123046875,3435.2861328125,3349.237060546875,3385.157958984375,15302506131,-0.0049593361019793,0.0195870374458223,ETH-USD,0.0,0,0.0,0,0.0,0.0,0.1,0.0,578060,1152200,,,402096496205.33246
2022-03-31,3385.289306640625,3435.12841796875,3272.9345703125,3281.642822265625,17685495686,-0.0310564122184837,0.0230174296301929,ETH-USD,0.0,0,0.0,0,0.0,0.0,0.04,0.0,588465,1167121,,,389403908128.80927
2022-04-01,3282.576171875,3467.555908203125,3223.891357421875,3449.55224609375,20982988937,0.0499002814255258,0.0235699094341324,ETH-USD,0.0,0,0.0,0,0.0,0.0,0.0,0.0,565447,1159493,,,408981510383.854
2022-04-02,3449.78857421875,3521.28466796875,3442.000244140625,3445.059326171875,23571556215,-0.0013033136125988,0.0236315799066858,ETH-USD,0.0,0,0.0,0,0.0,0.0,0.04,0.0,540619,1094668,,,409662033840.1547
2022-04-03,3444.810546875,3573.960205078125,3421.259765625,3522.83349609375,15333808649,0.0223245110091206,0.0206313282401031,ETH-USD,0.0,0,0.0,0,0.0,0.0,-0.04,0.0,533294,1060779,,,417953425564.6764
2022-04-04,3522.364990234375,3535.148193359375,3422.0009765625,3521.2412109375,18209969743,-0.000452092077269,0.0210348977415044,ETH-USD,0.0,0,0.0,0,0.0,0.0,0.04,0.0,522069,1105170,,,418444843138.9184
2022-04-05,3521.23974609375,3546.706787109375,3410.547607421875,3411.79248046875,16681503199,-0.0315757369148262,0.0239410607189881,ETH-USD,0.0,0,0.0,0,0.0,0.0,0.06,0.0,542184,1087129,,,406585274506.4114
2022-04-06,3411.672119140625,3411.672119140625,3171.205078125,3171.69189453125,25632563639,-0.0729726411008266,0.0323559062801896,ETH-USD,0.0,0,0.0,0,0.0,0.0,-0.04,0.0,553413,1127174,,,377932184918.2474
2022-04-07,3172.197265625,3263.474609375,3155.5810546875,3233.274658203125,16745496605,0.0192302835457947,0.0320885860969953,ETH-USD,0.0,0,0.0,0,0.0,0.0,-0.3199999999999999,0.0,545393,1127793,,,384429653074.0854
2022-04-08,3233.2724609375,3301.607421875,3179.142333984375,3192.073974609375,17557050669,-0.0128245954071193,0.0323549644554727,ETH-USD,0.0,0,0.0,0,0.0,0.0,-0.26,0.0,539721,1104419,,,378237318251.115
2022-04-09,3191.97607421875,3261.963134765625,3187.46923828125,3261.916259765625,9908112156,0.0216439781082326,0.0326935223509251,ETH-USD,0.0,0,0.0,0,0.0,0.0,-0.4,0.0,568479,1085399,,,386847010329.398
2022-04-10,3261.29150390625,3303.003173828125,3211.866943359375,3211.866943359375,10427054790,-0.0154624620606951,0.0304598692856245,ETH-USD,0.0,0,0.0,0,0.0,0.0,-0.3199999999999999,0.0,564604,1104239,,,382155324406.553
2022-04-11,3209.576904296875,3214.4619140625,2962.756591796875,2981.05224609375,21891804831,-0.0745760294622567,0.0357061723897349,ETH-USD,0.0,0,0.0,0,0.0,0.0,-0.36,0.0,547339,1113264,,,354538550563.24097
2022-04-12,2981.420654296875,3077.45263671875,2957.872314453125,3030.37646484375,20235707410,0.0164105167191808,0.0355380993031251,ETH-USD,0.0,0,0.0,0,0.0,0.0,-0.6,0.0,531996,1112524,,,359636917000.0669
2022-04-13,3029.8779296875,3123.575439453125,3006.481689453125,3118.34423828125,16088473629,0.0286153104690973,0.0368854451480498,ETH-USD,0.0,0,0.0,0,0.0,0.0,-0.5,0.0,511890,1067983,,,370428780620.2366
2022-04-14,3117.82177734375,3139.9287109375,2988.435302734375,3019.909423828125,15821419931,-0.0320753292684082,0.0369399413513105,ETH-USD,0.0,0,0.0,0,0.0,0.0,-0.4399999999999999,0.0,553038,1117285,,,358730552672.0143
2022-04-15,3020.134521484375,3044.287353515625,3001.123291015625,3040.91650390625,11256651536,0.0069321127026953,0.0335756445069938,ETH-USD,0.0,0,0.0,0,0.0,0.0,-0.56,0.0,550349,1110994,,,361087716353.2374
2022-04-16,3041.123291015625,3074.886962890625,3016.421142578125,3062.310302734375,8766710365,0.007010680458268,0.0337951724743249,ETH-USD,0.0,0,0.0,0,0.0,0.0,-0.4399999999999999,0.0,548320,1059286,,,364252922997.1885
2022-04-17,3061.8818359375,3075.77587890625,2989.0439453125,2993.4033203125,10463091281,-0.0227586576646847,0.0327735480171962,ETH-USD,0.0,0,0.0,0,0.0,0.0,-0.4399999999999999,0.0,528863,1043251,,,356077322435.2663
2022-04-18,2993.48388671875,3062.52099609375,2893.912841796875,3057.606689453125,18629381299,0.0212215079898092,0.0338369403375329,ETH-USD,0.0,0,0.0,0,0.0,0.0,-0.52,0.0,555385,1103439,,,363447371337.4933
2022-04-19,3057.5703125,3125.084228515625,3035.53515625,3104.1064453125,14156035096,0.0150934123683958,0.0338556550067334,ETH-USD,0.0,0,0.0,0,0.0,0.0,-0.4599999999999999,0.0,651247,1214496,,,368964491507.1429
2022-04-20,3103.93505859375,3157.8857421875,3045.288330078125,3077.745849609375,15547362265,-0.008528432651459,0.0280409828222977,ETH-USD,0.0,0,0.0,0,0.0,0.0,-0.4599999999999999,0.0,655981,1241534,,,365918718328.66376
2022-04-21,3077.829345703125,3173.451416015625,2962.410400390625,2987.480712890625,20783591093,-0.0297670007295413,0.0282246272743208,ETH-USD,0.0,0,0.0,0,0.0,0.0,-0.4599999999999999,0.0,544777,1119925,,,354744896017.5175
2022-04-22,2986.938720703125,3024.8544921875,2942.358642578125,2964.835693359375,16782795477,-0.0076088457795259,0.0281569469856915,ETH-USD,0.0,0,0.0,0,0.0,0.0,-0.48,0.0,572976,1144822,,,352354534609.0748
2022-04-23,2964.80224609375,2975.32275390625,2926.740234375,2938.114013671875,9116955609,-0.0090537319628186,0.0270738558612399,ETH-USD,0.0,0,0.0,0,0.0,0.0,-0.52,0.0,540859,1051478,,,349711925196.07965
2022-04-24,2937.34716796875,2961.882080078125,2922.128662109375,2922.732666015625,9696829579,-0.0052488603816371,0.0269792972639532,ETH-USD,0.0,0,0.0,0,0.0,0.0,-0.52,0.0,559200,1071778,,,347696717281.1342
2022-04-25,2922.990234375,3018.41552734375,2804.507080078125,3009.3935546875,22332690614,0.0292195584369758,0.0203505860079662,ETH-USD,0.0,0,0.0,0,0.0,0.0,-0.54,0.0,559293,1149227,,,358195536319.566
2022-04-26,3008.9462890625,3026.4150390625,2786.253173828125,2808.29833984375,19052045399,-0.0691598547106716,0.027018984831327,ETH-USD,0.0,0,0.0,0,0.0,0.0,-0.4599999999999999,0.0,564643,1125250,,,333153917601.94507
2022-04-27,2808.64599609375,2911.87744140625,2802.2734375,2888.9296875,17419284041,0.0283073562787742,0.026989239208483,ETH-USD,0.0,0,0.0,0,0.0,0.0,-0.5800000000000001,0.0,572913,1161504,,,343347605118.89703
2022-04-28,2888.849853515625,2973.135009765625,2861.821533203125,2936.94091796875,18443524633,0.0164824523764582,0.0264196292981124,ETH-USD,0.0,0,0.0,0,0.0,0.0,-0.52,0.0,567858,1155514,,,348998096029.4837
2022-04-29,2936.776611328125,2943.44580078125,2782.435302734375,2815.601806640625,18771041399,-0.0421925111526522,0.0283362160197296,ETH-USD,0.0,0,0.0,0,0.0,0.0,-0.54,0.0,556135,1168081,,,334935607139.40985
2022-04-30,2815.533447265625,2836.82763671875,2727.40625,2730.186767578125,13520941867,-0.0308060045164158,0.0288498148942856,ETH-USD,0.0,0,0.0,0,0.0,0.0,-0.6,0.0,555823,1211671,,,324746931478.47095
2022-05-01,2729.994140625,2838.704345703125,2728.078857421875,2827.756103515625,15332730152,0.0351134809733128,0.0306906727341882,ETH-USD,0.0,0,0.0,0,0.0,0.0,-0.56,0.0,516314,1154787,,,336406685697.2194
2022-05-02,2827.614013671875,2874.14599609375,2785.52294921875,2857.410400390625,18609741545,0.0104322593890358,0.0301373105962903,ETH-USD,0.0,0,0.0,0,0.0,0.0,-0.4399999999999999,0.0,508839,1112065,,,340288368000.28955
2022-05-03,2857.15234375,2859.193359375,2762.11865234375,2783.476318359375,13026093219,-0.0262151395106234,0.0300579862183754,ETH-USD,0.0,0,0.0,0,0.0,0.0,-0.4599999999999999,0.0,508627,1077506,,,330728437975.5447
2022-05-04,2783.131103515625,2956.686767578125,2779.273681640625,2940.644775390625,18186749944,0.0549282479219163,0.03440747512589,ETH-USD,0.0,0,0.0,0,0.0,0.0,-0.5800000000000001,0.0,557482,1102254,,,349292320625.9672
2022-05-05,2940.2265625,2948.960693359375,2704.916259765625,2749.213134765625,22642925048,-0.0673141307405492,0.0379172794008671,ETH-USD,0.0,0,0.0,0,0.0,0.0,-0.4599999999999999,0.0,593851,1187804,,,326704972289.3031
2022-05-06,2748.931640625,2754.837646484375,2645.335205078125,2694.979736328125,21027599270,-0.0199240525771923,0.0381014580927344,ETH-USD,0.0,0,0.0,0,0.0,0.0,-0.56,0.0,557019,1116562,,,320887324275.6534
2022-05-07,2694.991943359375,2696.65283203125,2599.5234375,2636.093017578125,13369276367,-0.0220927819304479,0.0383190955291779,ETH-USD,0.0,0,0.0,0,0.0,0.0,-0.54,0.0,536753,1051489,,,313667956321.8131
2022-05-08,2636.121826171875,2638.83056640625,2498.43017578125,2517.4599609375,20802269935,-0.0460474622253657,0.0396429353883174,ETH-USD,0.0,0,0.0,0,0.0,0.0,-0.64,0.0,560544,1087198,,,299792674682.8692
2022-05-09,2518.50830078125,2528.258056640625,2238.062744140625,2245.430419921875,36333567678,-0.1143532145756753,0.0465082791270006,ETH-USD,0.0,0,0.0,0,0.0,0.0,-0.78,0.0,558479,1158340,,,268677456167.59583
2022-05-10,2242.650390625,2450.76025390625,2206.7568359375,2343.510986328125,38202099639,0.0427529997561935,0.0471912668079794,ETH-USD,0.0,0,0.0,0,0.0,0.0,-0.8,0.0,576970,1202934,,,278811607113.6309
2022-05-11,2342.754150390625,2441.079345703125,2018.8555908203125,2072.108642578125,45743399154,-0.1230834696703477,0.053886893930424,ETH-USD,0.0,0,0.0,0,0.0,0.0,-0.76,0.0,520754,1210708,,,246132822826.8101
2022-05-12,2072.504638671875,2170.4580078125,1748.3031005859375,1961.7015380859373,42463486402,-0.0547545283887719,0.0531553279070027,ETH-USD,0.0,0,0.0,0,0.0,0.0,-0.76,0.0,658062,1327755,,,233056064229.88257
2022-05-13,1960.12255859375,2139.71337890625,1941.9759521484373,2014.418212890625,24816096567,0.0265181973041139,0.0549673824467302,ETH-USD,0.0,0,0.0,0,0.0,0.0,-0.8,0.0,695591,1342405,,,239926429792.72504
2022-05-14,2014.2806396484373,2063.429931640625,1956.572998046875,2056.27392578125,15457044616,0.0205651454874667,0.0561735838083935,ETH-USD,0.0,0,0.0,0,0.0,0.0,-0.8200000000000001,0.0,567897,1139785,,,244358110681.88028
2022-05-15,2056.18310546875,2147.1943359375,2008.1627197265625,2145.706787109375,14846088335,0.0425734314830471,0.0567713334747992,ETH-USD,0.0,0,0.0,0,0.0,0.0,-0.8,0.0,549377,1089441,,,254605611336.89404
2022-05-16,2145.8369140625,2145.8369140625,1988.811767578125,2022.7259521484373,21459552191,-0.0590229196419662,0.0569685700333558,ETH-USD,0.0,0,0.0,0,0.0,0.0,-0.72,0.0,573392,1124352,,,240782478744.9741
2022-05-17,2022.88232421875,2113.059814453125,2015.9715576171875,2090.4091796875,18509929297,0.032913743625919,0.0590012782544894,ETH-USD,0.0,0,0.0,0,0.0,0.0,-0.84,0.0,546736,1135718,,,249171264983.47723
2022-05-18,2090.4599609375,2102.32666015625,1916.6561279296875,1916.6561279296875,17740965589,-0.0867777589145837,0.0572022715755265,ETH-USD,0.0,0,0.0,0,0.0,0.0,-0.76,0.0,605317,1177913,,,228732451401.7555
2022-05-19,1916.1495361328125,2028.38818359375,1907.0205078125,2018.336181640625,18734247914,0.0516914318988702,0.0600920137350408,ETH-USD,0.0,0,0.0,0,0.0,0.0,-0.74,0.0,538886,1093367,,,240111883742.04
2022-05-20,2018.0001220703125,2054.7958984375,1926.6767578125,1961.315673828125,15892482289,-0.0286579893494737,0.0601133051367405,ETH-USD,0.0,0,0.0,0,0.0,0.0,-0.74,0.0,525097,1112811,,,233664177857.4518
2022-05-21,1961.0179443359373,1985.39599609375,1944.26513671875,1974.518310546875,8546822406,0.0067089650083052,0.0606262740531797,ETH-USD,0.0,0,0.0,0,0.0,0.0,-0.74,0.0,539737,1094539,,,235087706728.65784
2022-05-22,1974.670654296875,2047.19140625,1966.038818359375,2043.170166015625,10941123403,0.0341781293795885,0.0618198398327247,ETH-USD,0.0,0,0.0,0,0.0,0.0,-0.72,0.0,512640,1055644,,,243544487687.68716
2022-05-23,2042.3447265625,2080.33349609375,1964.3865966796875,1972.181884765625,16434529708,-0.0353621190107059,0.055307353254158,ETH-USD,0.0,0,0.0,0,0.0,0.0,-0.8,0.0,516478,1085863,,,234760623478.52893
2022-05-24,1972.390869140625,1991.5355224609373,1920.6881103515625,1978.9827880859373,13057109007,0.0034424837230023,0.053429111055066,ETH-USD,0.0,0,0.0,0,0.0,0.0,-0.76,0.0,529361,1100715,,,235639767483.4436
2022-05-25,1978.677001953125,2014.3695068359373,1943.9385986328125,1944.827880859375,13364545730,-0.0174094892809174,0.0429838105555584,ETH-USD,0.0,0,0.0,0,0.0,0.0,-0.78,0.0,508394,1094639,,,231673797114.3004
2022-05-26,1945.0333251953125,1962.171142578125,1759.1995849609375,1803.913330078125,23458681818,-0.075215102730858,0.0451177601973419,ETH-USD,0.0,0,0.0,0,0.0,0.0,-0.76,0.0,474789,1071180,,,215410440618.982
2022-05-27,1802.5438232421875,1814.656494140625,1721.2647705078125,1724.9228515625,25470760032,-0.0447760515410735,0.045189800670061,ETH-USD,0.0,0,0.0,0,0.0,0.0,-0.76,0.0,494939,1093469,,,205133028068.0864
2022-05-28,1724.635986328125,1757.9417724609375,1724.635986328125,1757.9417724609375,23214777872,0.0189613514961108,0.045105357436496,ETH-USD,0.0,0,0.0,0,0.0,0.0,-0.74,0.0,540979,1069802,,,213781585780.34515
2022-05-29,1792.1844482421875,1818.776611328125,1765.9373779296875,1812.031005859375,10642556101,0.0303046416283964,0.0440880225351881,ETH-USD,0.0,0,0.0,0,0.0,0.0,-0.72,0.0,525079,1065407,,,215878221063.95007
2022-05-30,1811.885986328125,2005.2108154296875,1804.4560546875,1996.4412841796875,19580808705,0.0969179188362991,0.0505405603355003,ETH-USD,0.0,0,0.0,0,0.0,0.0,-0.8,0.0,467010,1070320,,,238005746884.4788
2022-05-31,1996.4080810546875,2005.490966796875,1932.35205078125,1942.3280029296875,18363115560,-0.0274789825530524,0.0500037999974655,ETH-USD,0.0,0,0.0,0,0.0,0.0,-0.6799999999999999,0.0,535077,1149142,,,232162439561.54108
2022-06-01,1942.0506591796875,1965.1666259765625,1776.05322265625,1823.5693359375,21037797760,-0.0630915010685851,0.0473640864794024,ETH-USD,0.0,0,0.0,0,0.0,0.0,-0.6599999999999999,0.0,497974,1091283,,,217911356816.95145
2022-06-02,1822.412109375,1845.31396484375,1789.6641845703125,1834.1505126953125,17065041354,0.005785684367309,0.0447626956543571,ETH-USD,0.0,0,0.0,0,0.0,0.0,-0.74,0.0,469844,1092776,,,218852059958.12488
2022-06-03,1834.135009765625,1840.058837890625,1746.509765625,1775.07861328125,14878001811,-0.0327367273386029,0.0449286212616018,ETH-USD,0.0,0,0.0,0,0.0,0.0,-0.8,0.0,471612,1067485,,,211468640976.9911
2022-06-04,1775.2208251953125,1810.2996826171875,1751.5333251953125,1801.6094970703125,8677951273,0.0148357192945896,0.0451729619802951,ETH-USD,0.0,0,0.0,0,0.0,0.0,-0.72,0.0,452819,1029121,,,214551456101.67188
2022-06-05,1801.8189697265625,1825.859619140625,1777.13330078125,1805.2049560546875,8850385937,0.0019937039856387,0.0437371850886954,ETH-USD,0.0,0,0.0,0,0.0,0.0,-0.8,0.0,449159,1007109,,,215360134664.82568
2022-06-06,1805.635986328125,1915.030517578125,1804.990234375,1859.2896728515625,16518471852,0.0295203840683699,0.0441468466772907,ETH-USD,0.0,0,0.0,0,0.0,0.0,-0.74,0.0,480143,1044319,,,221503743956.82687
2022-06-07,1859.333740234375,1862.9149169921875,1729.41357421875,1814.04833984375,24020076750,-0.0246335189249546,0.0444093754756985,ETH-USD,0.0,0,0.0,0,0.0,0.0,-0.7,0.0,471285,1050984,,,216212872782.23093
2022-06-08,1814.1007080078125,1830.676025390625,1770.231201171875,1793.572265625,18041476023,-0.0113516892921602,0.0443213460700937,ETH-USD,0.0,0,0.0,0,0.0,0.0,-0.6599999999999999,0.0,445135,1042749,,,214072989487.4596
2022-06-09,1793.5128173828125,1827.2930908203125,1779.8675537109375,1789.8260498046875,12013083393,-0.0020908740002338,0.0395628617716113,ETH-USD,0.0,0,0.0,0,0.0,0.0,-0.78,0.0,468652,1022462,,,213213980470.0848
2022-06-10,1789.68994140625,1797.6077880859375,1663.4339599609375,1665.042236328125,18504740451,-0.0722679459757223,0.0424996334151237,ETH-USD,0.0,0,0.0,0,0.0,0.0,-0.74,0.0,502689,1079448,,,198354858171.60715
2022-06-11,1665.2178955078125,1679.314208984375,1507.0389404296875,1529.6634521484375,21127089064,-0.0848027449824652,0.0472473097758548,ETH-USD,0.0,0,0.0,0,0.0,0.0,-0.76,0.0,504859,1031618,,,182502839943.4822
2022-06-12,1530.189697265625,1539.705078125,1436.1839599609375,1445.216552734375,23465074882,-0.0567885714722578,0.047275103438755,ETH-USD,0.0,0,0.0,0,0.0,0.0,-0.72,0.0,479435,1021635,,,172958147267.76874
2022-06-13,1443.83544921875,1448.738037109375,1181.9482421875,1204.582763671875,45162788786,-0.1821259210514069,0.0542447727660531,ETH-USD,0.0,0,0.0,0,0.0,0.0,-0.78,0.0,495554,1109435,,,142272301481.38916
2022-06-14,1204.5552978515625,1252.4718017578125,1094.701904296875,1211.662841796875,33327826525,0.0058604128424744,0.0553718928577403,ETH-USD,0.0,0,0.0,0,0.0,0.0,-0.84,0.0,502774,1086757,,,143879882245.3824
2022-06-15,1211.365966796875,1236.6275634765625,1025.6842041015625,1233.2064208984375,37539999450,0.0176239581020083,0.0562717418813807,ETH-USD,0.0,0,0.0,0,0.0,0.0,-0.86,0.0,485344,1097000,,,146632659914.14587
2022-06-16,1233.603515625,1246.140625,1058.7845458984375,1067.730712890625,18907671369,-0.1440820564562429,0.0631916946171649,ETH-USD,0.0,0,0.0,0,0.0,0.0,-0.86,0.0,512976,1100312,,,126774665475.14133
2022-06-17,1067.9876708984375,1112.4715576171875,1060.86767578125,1086.519287109375,14591486540,0.0174437048962702,0.0649513189549929,ETH-USD,0.0,0,0.0,0,0.0,0.0,-0.8200000000000001,0.0,520393,1110579,,,129765222193.73332
2022-06-18,1086.3779296875,1095.1668701171875,896.1090087890625,993.6367797851562,21655406608,-0.0893628239491236,0.0647635171666714,ETH-USD,0.0,0,0.0,0,0.0,0.0,-0.88,0.0,486081,1058336,,,118526879127.75124
2022-06-19,993.400634765625,1142.3408203125,943.1163330078124,1127.656494140625,21795481981,0.1265251320232271,0.0784510112147943,ETH-USD,0.0,0,0.0,0,0.0,0.0,-0.88,0.0,471524,1018674,,,134248636330.19832
2022-06-20,1127.65625,1159.9853515625,1066.1131591796875,1127.6424560546875,19739691429,-1.244898015539338e-05,0.0770066817204128,ETH-USD,0.0,0,0.0,0,0.0,0.0,-0.8200000000000001,0.0,481392,1042748,,,134024779381.54968
2022-06-21,1127.5118408203125,1185.4324951171875,1112.5726318359375,1124.8245849609375,15632089439,-0.0025020322273017,0.0774774749386141,ETH-USD,0.0,0,0.0,0,0.0,0.0,-0.8200000000000001,0.0,456202,1012862,,,134324606737.52296
2022-06-22,1125.3729248046875,1126.26171875,1049.7633056640625,1051.421875,15010593493,-0.0674836842404107,0.0776597682473064,ETH-USD,0.0,0,0.0,0,0.0,0.0,-0.78,0.0,458693,988683,,,125699394063.5976
2022-06-23,1051.329345703125,1146.4942626953125,1050.2196044921875,1143.38671875,14657862919,0.0838512494246007,0.0838770003926201,ETH-USD,0.0,0,0.0,0,0.0,0.0,-0.78,0.0,439159,967965,,,136728701297.64632
2022-06-24,1143.2047119140625,1238.616943359375,1134.5140380859375,1226.8447265625,16981552654,0.0704509462982519,0.0872140920603632,ETH-USD,0.0,0,0.0,0,0.0,0.0,-0.78,0.0,469974,1019472,,,147391348537.05792
2022-06-25,1226.7247314453125,1246.394287109375,1184.56201171875,1243.4468994140625,12481946184,0.0134416703255067,0.0856953238747618,ETH-USD,0.0,0,0.0,0,0.0,0.0,-0.72,0.0,411050,939290,,,148424330810.9764
2022-06-26,1242.987548828125,1272.1312255859375,1199.4063720703125,1199.8316650390625,12096607824,-0.0357060130078778,0.0850837166706889,ETH-USD,0.0,0,0.0,0,0.0,0.0,-0.72,0.0,392526,919721,,,143867796717.28784
2022-06-27,1199.713134765625,1234.1807861328125,1179.79248046875,1193.6806640625,12492225250,-0.0051397391545835,0.0698536821728591,ETH-USD,0.0,0,0.0,0,0.0,0.0,-0.76,0.0,452419,994102,,,142765306254.53815
2022-06-28,1193.2540283203125,1229.739013671875,1141.15966796875,1144.5792236328125,14023205651,-0.0420044494771346,0.0706770528537365,ETH-USD,0.0,0,0.0,0,0.0,0.0,-0.8,0.0,433686,976577,,,136551020228.45496
2022-06-29,1144.5244140625,1152.684814453125,1092.09912109375,1098.94384765625,15386286815,-0.0406874991062935,0.0710177283257281,ETH-USD,0.0,0,0.0,0,0.0,0.0,-0.74,0.0,434797,1005566,,,130947450082.26038
2022-06-30,1099.3531494140625,1103.6904296875,1009.0948486328124,1067.298828125,16350755497,-0.0292185831254971,0.0598773471061595,ETH-USD,0.0,0,0.0,0,0.0,0.0,-0.78,0.0,444774,1054433,,,124470292276.905
2022-07-01,1068.3167724609375,1100.223876953125,1040.1507568359375,1059.767333984375,17499453625,-0.0070816091662984,0.0596852915123714,ETH-USD,0.0,0,0.0,0,0.0,0.0,-0.78,0.0,528527,1178620,,,127418877795.21445
2022-07-02,1060.1212158203125,1073.0526123046875,1033.962158203125,1066.5128173828125,9935603640,0.0063448892412823,0.054102080796561,ETH-USD,0.0,0,0.0,0,0.0,0.0,-0.72,0.0,557002,1189382,,,127483081266.18633
2022-07-03,1066.4674072265625,1083.4189453125,1044.005615234375,1073.7669677734375,8557248150,0.0067787195103117,0.0413942956465459,ETH-USD,0.0,0,0.0,0,0.0,0.0,-0.78,0.0,501278,1157052,,,128356565298.48178
2022-07-04,1073.7943115234375,1152.94384765625,1048.3963623046875,1151.05908203125,13670889311,0.0695094629244216,0.04578210219536,ETH-USD,0.0,0,0.0,0,0.0,0.0,-0.72,0.0,498451,1151999,,,137512022703.22256
2022-07-05,1150.509765625,1165.6827392578125,1086.8299560546875,1134.541015625,16195518291,-0.0144542818407692,0.0459728746195607,ETH-USD,0.0,0,0.0,0,0.0,0.0,-0.62,0.0,495235,1182504,,,135660485617.4398
2022-07-06,1134.822265625,1193.63671875,1116.24755859375,1186.9739990234375,15373536703,0.0451790329800999,0.042893067927285,ETH-USD,0.0,0,0.0,0,0.0,0.0,-0.64,0.0,506042,1161432,,,142307041503.48993
2022-07-07,1186.9609375,1246.8948974609375,1165.6231689453125,1237.5933837890625,14230795894,0.0417614636560077,0.0384639544415595,ETH-USD,0.0,0,0.0,0,0.0,0.0,-0.64,0.0,523021,1194330,,,148112273535.59677
2022-07-08,1237.580322265625,1262.8857421875,1200.6322021484375,1222.5062255859375,16315929082,-0.012265639403591,0.0338175542148076,ETH-USD,0.0,0,0.0,0,0.0,0.0,-0.6,0.0,512454,1192819,,,147270320526.353
2022-07-09,1222.306884765625,1228.7679443359375,1209.3775634765625,1216.978271484375,8821353104,-0.004532075174142,0.033598122962766,ETH-USD,0.0,0,0.0,0,0.0,0.0,-0.52,0.0,525366,1170747,,,145558350241.27036
2022-07-10,1216.9044189453125,1216.9044189453125,1157.175537109375,1168.401611328125,10984558039,-0.0407342890636578,0.0340157672981546,ETH-USD,0.0,0,0.0,0,0.0,0.0,-0.52,0.0,530270,1148902,,,139614274575.63583
2022-07-11,1168.1390380859375,1169.19384765625,1095.0028076171875,1097.236572265625,12064180410,-0.0628418587339451,0.0377318357251719,ETH-USD,0.0,0,0.0,0,0.0,0.0,-0.56,0.0,475953,1146369,,,131198075351.26144
2022-07-12,1097.2591552734375,1097.2591552734375,1038.1356201171875,1038.191650390625,12583282453,-0.0553144098974354,0.0388591699405047,ETH-USD,0.0,0,0.0,0,0.0,0.0,-0.6799999999999999,0.0,490073,1135896,,,124484017584.70811
2022-07-13,1038.1866455078125,1113.587158203125,1019.2203369140624,1113.587158203125,18302588147,0.0701060767569624,0.0425686212457331,ETH-USD,0.0,0,0.0,0,0.0,0.0,-0.7,0.0,518760,1174882,,,132827254155.98424
2022-07-14,1113.5157470703125,1202.953369140625,1077.40576171875,1191.5262451171875,16688640823,0.0676485655237861,0.0450865273963367,ETH-USD,0.0,0,0.0,0,0.0,0.0,-0.64,0.0,546310,1189567,,,142518327590.7423
2022-07-15,1191.6748046875,1275.7781982421875,1182.9031982421875,1233.129150390625,17411448225,0.0343199192698795,0.0453875588389969,ETH-USD,0.0,0,0.0,0,0.0,0.0,-0.7,0.0,577324,1217596,,,147879682097.7739
2022-07-16,1232.7916259765625,1377.944580078125,1195.60595703125,1352.62646484375,18364013796,0.0924932683335656,0.0503071088578136,ETH-USD,0.0,0,0.0,0,0.0,0.0,-0.5800000000000001,0.0,619314,1241502,,,161918623629.26
2022-07-17,1353.205078125,1378.41748046875,1329.7633056640625,1338.6357421875,16079711737,-0.0103972393738366,0.0507820988147153,ETH-USD,0.0,0,0.0,0,0.0,0.0,-0.52,0.0,581176,1245545,,,161064574677.4536
2022-07-18,1338.8060302734375,1578.7178955078125,1338.8060302734375,1578.7178955078125,27440420623,0.164962066589887,0.0633963972064629,ETH-USD,0.0,0,0.0,0,0.0,0.0,-0.6,0.0,537891,1213565,,,187808748087.1792
2022-07-19,1578.3839111328125,1607.0330810546875,1501.7974853515625,1542.9752197265625,27753529276,-0.0229005456380782,0.0638146107711124,ETH-USD,0.0,0,0.0,0,0.0,0.0,-0.4,0.0,519793,1175526,,,185093931535.0373
2022-07-20,1542.954345703125,1612.645751953125,1500.80322265625,1520.20068359375,22942708340,-0.0148701586274787,0.0641513306264505,ETH-USD,0.0,0,0.0,0,0.0,0.0,-0.38,0.0,528020,1191452,,,182417245766.5711
2022-07-21,1520.37451171875,1595.761962890625,1472.1854248046875,1576.74951171875,20009556587,0.0365231020625538,0.0640151628352913,ETH-USD,0.0,0,0.0,0,0.0,0.0,-0.3199999999999999,0.0,545645,1204397,,,189065071843.00372
2022-07-22,1576.745361328125,1641.209228515625,1523.6417236328125,1537.4051513671875,18926100582,-0.0252694282578821,0.0645690916131568,ETH-USD,0.0,0,0.0,0,0.0,0.0,-0.3399999999999999,0.0,576567,1201699,,,184065340046.18463
2022-07-23,1536.4573974609375,1591.632568359375,1495.6781005859375,1549.2974853515625,14998811383,0.007705564304018,0.0643467975091691,ETH-USD,0.0,0,0.0,0,0.0,0.0,-0.38,0.0,530546,1144468,,,185747592315.89224
2022-07-24,1549.2225341796875,1654.4287109375,1548.671142578125,1599.4766845703125,17217849557,0.0318749106704672,0.0622046782965601,ETH-USD,0.0,0,0.0,0,0.0,0.0,-0.4,0.0,524671,1122303,,,192105061194.7873
2022-07-25,1599.1572265625,1605.3369140625,1445.3834228515625,1445.3834228515625,20585056021,-0.1013018727017073,0.0669300589209672,ETH-USD,0.0,0,0.0,0,0.0,0.0,-0.4,0.0,640296,1275861,,,175153444595.5511
2022-07-26,1445.151123046875,1445.151123046875,1362.95166015625,1441.8067626953125,18238563509,-0.0024776074702502,0.0637918270895674,ETH-USD,0.0,0,0.0,0,0.0,0.0,-0.48,0.0,1093869,1679068,,,171520131808.52103
2022-07-27,1443.726806640625,1636.7994384765625,1423.618896484375,1636.232666015625,23007524016,0.1264994210292679,0.0685657797527453,ETH-USD,0.0,0,0.0,0,0.0,0.0,-0.4399999999999999,0.0,567464,1197448,,,195646672740.56784
2022-07-28,1636.23193359375,1774.576416015625,1604.8909912109375,1725.4681396484375,27231399966,0.0531019545087028,0.0680183817235764,ETH-USD,0.0,0,0.0,0,0.0,0.0,-0.36,0.0,535301,1158611,,,206728334040.97647
2022-07-29,1725.6239013671875,1759.884033203125,1662.7911376953125,1727.406982421875,23249531113,0.0011230310443704,0.0683008799072114,ETH-USD,0.0,0,0.0,0,0.0,0.0,-0.2199999999999999,0.0,562772,1192330,,,209325264848.49823
2022-07-30,1727.0618896484375,1738.016845703125,1678.1080322265625,1695.969482421875,15576977870,-0.0183668866600118,0.0661512209026347,ETH-USD,0.0,0,0.0,0,0.0,0.0,-0.16,0.0,573180,1179749,,,202974325871.41376
2022-07-31,1695.884765625,1745.8831787109375,1672.61279296875,1681.517333984375,14200735370,-0.0085579825640438,0.0660962301189187,ETH-USD,0.0,0,0.0,0,0.0,0.0,-0.2199999999999999,0.0,559164,1158621,,,201774947426.4712
2022-08-01,1681.445556640625,1700.1708984375,1613.416015625,1635.19580078125,16191371176,-0.0279340077801791,0.0511313954495446,ETH-USD,0.0,0,0.0,0,0.0,0.0,-0.3399999999999999,0.0,698752,1342202,,,196179491468.24493
2022-08-02,1634.6458740234375,1672.6297607421875,1567.85107421875,1632.9454345703125,20426082309,-0.0013771538036708,0.0506296887734863,ETH-USD,0.0,0,0.0,0,0.0,0.0,-0.38,0.0,571530,1206185,,,196767524929.17
2022-08-03,1633.05126953125,1678.0982666015625,1595.634521484375,1618.87451171875,16786218830,-0.0086542372609666,0.0504780527280207,ETH-USD,0.0,0,0.0,0,0.0,0.0,-0.3199999999999999,0.0,613693,1250888,,,193872172911.6389
2022-08-04,1618.88671875,1658.5115966796875,1585.3265380859375,1608.205810546875,14467440626,-0.0066120077437599,0.0496827235591312,ETH-USD,0.0,0,0.0,0,0.0,0.0,-0.4,0.0,877419,1459603,,,192782107419.84912
2022-08-05,1607.52392578125,1732.254638671875,1606.4970703125,1732.254638671875,18546491876,0.0743046651520902,0.0526105286661543,ETH-USD,0.0,0,0.0,0,0.0,0.0,-0.38,0.0,587625,1207188,,,207043670478.03632
2022-08-06,1732.6611328125,1744.326416015625,1691.6580810546875,1691.6580810546875,11757911705,-0.0237146583440093,0.0533135777157212,ETH-USD,0.0,0,0.0,0,0.0,0.0,-0.38,0.0,589391,1148225,,,203457064442.02808
2022-08-07,1691.7779541015625,1724.7891845703125,1672.908447265625,1699.350830078125,10252090340,0.0045371524651142,0.0528021674598525,ETH-USD,0.0,0,0.0,0,0.0,0.0,-0.4,0.0,582020,1166932,,,203715229635.36835
2022-08-08,1699.6934814453125,1806.886474609375,1697.407958984375,1775.51611328125,16841424404,0.0438448352349501,0.043979400532811,ETH-USD,0.0,0,0.0,0,0.0,0.0,-0.4,0.0,541581,1167115,,,213169557187.73392
2022-08-09,1776.0712890625,1786.12255859375,1675.849853515625,1703.0250244140625,16368619692,-0.0416850528233007,0.0463418521777248,ETH-USD,0.0,0,0.0,0,0.0,0.0,-0.16,0.0,522334,1125139,,,204542126071.34286
2022-08-10,1702.906494140625,1869.400634765625,1665.0904541015625,1851.74267578125,23512477984,0.0837210867227555,0.0390387841344642,ETH-USD,0.0,0,0.0,0,0.0,0.0,-0.38,0.0,533069,1160380,,,222191305589.1659
2022-08-11,1851.828369140625,1927.939208984375,1851.828369140625,1881.22412109375,23826986482,0.0157955105834221,0.0370052356272625,ETH-USD,0.0,0,0.0,0,0.0,0.0,-0.18,0.0,503734,1098707,,,225490723876.63287
2022-08-12,1880.899169921875,1957.552978515625,1860.08349609375,1957.2464599609373,17168141904,0.039615924932988,0.038017319469613,ETH-USD,0.0,0,0.0,0,0.0,0.0,-0.16,0.0,534168,1130848,,,234721455296.87537
2022-08-13,1957.333984375,2013.7557373046875,1948.59521484375,1981.3365478515625,16038975216,0.0122330230233778,0.03719850332643,ETH-USD,0.0,0,0.0,0,0.0,0.0,-0.0799999999999999,0.0,532368,1106236,,,237926481879.23315
2022-08-14,1981.782470703125,2022.79150390625,1919.0101318359373,1936.802001953125,14062754456,-0.0227334808668106,0.0379601253648629,ETH-USD,0.0,0,0.0,0,0.0,0.0,-0.06,0.0,512568,1102367,,,232561677400.71896
2022-08-15,1936.760498046875,2007.2103271484373,1881.8568115234373,1904.2281494140625,20349931313,-0.0169614047172513,0.037220600264852,ETH-USD,0.0,0,0.0,0,0.0,0.0,-0.0999999999999999,0.0,494818,1104408,,,228431918104.7831
2022-08-16,1902.8331298828125,1910.745361328125,1862.2734375,1878.139404296875,15637578930,-0.0137951473423229,0.0376802847151434,ETH-USD,0.0,0,0.0,0,0.0,0.0,-0.12,0.0,525862,1086312,,,225439479445.8902
2022-08-17,1877.934326171875,1951.6756591796875,1823.5322265625,1832.9996337890625,20308508124,-0.0243278391513737,0.0385008395869534,ETH-USD,0.0,0,0.0,0,0.0,0.0,-0.18,0.0,537548,1099261,,,220249850127.20853
2022-08-18,1833.715576171875,1876.376953125,1826.957763671875,1847.0078125,14999352229,0.0076131619705149,0.0382476112557293,ETH-USD,0.0,0,0.0,0,0.0,0.0,-0.4,0.0,538528,1117868,,,222196921632.606
2022-08-19,1847.0953369140625,1847.0953369140625,1611.3388671875,1612.9873046875,25906358731,-0.1354790025497318,0.0502734484844318,ETH-USD,0.0,0,0.0,0,0.0,0.0,-0.3399999999999999,0.0,502429,1093309,,,194179472810.3458
2022-08-20,1612.650634765625,1652.21875,1534.298828125,1577.0037841796875,18334580263,-0.022561220905913,0.0502415229967517,ETH-USD,0.0,0,0.0,0,0.0,0.0,-0.42,0.0,497772,1096088,,,189392798346.82584
2022-08-21,1576.5435791015625,1640.9365234375,1569.0465087890625,1619.3189697265625,15849221752,0.0264789642136902,0.0509002714633676,ETH-USD,0.0,0,0.0,0,0.0,0.0,-0.4599999999999999,0.0,528550,1077250,,,194896881364.62036
2022-08-22,1619.1668701171875,1622.77880859375,1535.0147705078125,1622.505859375,18557078599,0.0019661091163398,0.0491062457001905,ETH-USD,0.0,0,0.0,0,0.0,0.0,-0.42,0.0,484055,1059940,,,193296199404.77536
2022-08-23,1622.9393310546875,1666.676513671875,1569.4285888671875,1662.7698974609375,18322041914,0.0245130437941594,0.0486359974771627,ETH-USD,0.0,0,0.0,0,0.0,0.0,-0.4399999999999999,0.0,485443,1075718,,,200044244003.22583
2022-08-24,1662.6954345703125,1686.5577392578125,1610.0992431640625,1657.0592041015625,16780932907,-0.0034403572095689,0.0419826784642162,ETH-USD,0.0,0,0.0,0,0.0,0.0,-0.5,0.0,496825,1043820,,,199449318439.71332
2022-08-25,1657.3365478515625,1718.1832275390625,1656.8560791015625,1696.45703125,14818795695,0.0234975095411669,0.0423662684149445,ETH-USD,0.0,0,0.0,0,0.0,0.0,-0.5,0.0,514001,1074563,,,203843028065.26248
2022-08-26,1696.3245849609375,1698.56103515625,1498.771240234375,1507.7828369140625,26713710143,-0.1179017251761675,0.0492766955776726,ETH-USD,0.0,0,0.0,0,0.0,0.0,-0.4599999999999999,0.0,488293,1057768,,,181461735526.59296
2022-08-27,1508.156982421875,1517.1500244140625,1454.282958984375,1491.39501953125,18120831899,-0.0109283152010413,0.0485439675647671,ETH-USD,0.0,0,0.0,0,0.0,0.0,-0.4399999999999999,0.0,500365,1047949,,,179564520630.93924
2022-08-28,1491.206787109375,1505.7919921875,1430.54736328125,1430.54736328125,12823572918,-0.0416547941044176,0.0488794673575573,ETH-USD,0.0,0,0.0,0,0.0,0.0,-0.4399999999999999,0.0,482671,1025044,,,173336690866.07443
2022-08-29,1430.439453125,1556.3095703125,1427.7283935546875,1553.037353515625,17965837488,0.0821554538075937,0.0562342694178411,ETH-USD,0.0,0,0.0,0,0.0,0.0,-0.52,0.0,476802,1083202,,,186513532979.28012
2022-08-30,1553.18896484375,1600.461181640625,1480.831787109375,1523.8388671875,21835784470,-0.0189798748837328,0.0562459038103489,ETH-USD,0.0,0,0.0,0,0.0,0.0,-0.4599999999999999,0.0,466380,1051964,,,184043556699.6716
2022-08-31,1524.2864990234375,1612.35888671875,1524.2864990234375,1553.6849365234375,20591680941,0.0193967663575976,0.0568942675937905,ETH-USD,0.0,0,0.0,0,0.0,0.0,-0.54,0.0,467317,1035135,,,186727617679.97653
2022-09-01,1553.75634765625,1593.082763671875,1520.1883544921875,1586.1767578125,16434276817,0.0206970779723057,0.0573435286717076,ETH-USD,0.0,0,0.0,0,0.0,0.0,-0.6,0.0,491474,1085160,,,190914035650.32587
2022-09-02,1586.0179443359375,1643.1832275390625,1551.8779296875,1577.220458984375,17708478709,-0.0056624711632627,0.0447598205692332,ETH-USD,0.0,0,0.0,0,0.0,0.0,-0.5,0.0,516909,1083220,,,189761729149.20084
2022-09-03,1577.2137451171875,1579.454345703125,1541.672119140625,1556.8726806640625,9516825994,-0.0129849773541942,0.0444872213302266,ETH-USD,0.0,0,0.0,0,0.0,0.0,-0.5800000000000001,0.0,528322,1035586,,,187190919958.4884
2022-09-04,1556.8958740234375,1578.00927734375,1543.6988525390625,1577.6416015625,8884144998,0.0132519573821918,0.0439984028424303,ETH-USD,0.0,0,0.0,0,0.0,0.0,-0.6,0.0,592327,1113119,,,189737797183.5269
2022-09-05,1577.884033203125,1621.661376953125,1559.7818603515625,1617.1832275390625,13060541168,0.0247548127567165,0.0445687886824848,ETH-USD,0.0,0,0.0,0,0.0,0.0,-0.54,0.0,529155,1091350,,,194217865302.09525
2022-09-06,1617.240234375,1680.5953369140625,1561.74853515625,1561.74853515625,22946059125,-0.0348798379931632,0.044857696943381,ETH-USD,0.0,0,0.0,0,0.0,0.0,-0.56,0.0,506982,1076929,,,188535687884.32388
2022-09-07,1560.90673828125,1651.0511474609375,1500.013671875,1629.9063720703125,19560363854,0.0427165232803579,0.0466020404432174,ETH-USD,0.0,0,0.0,0,0.0,0.0,-0.52,0.0,481829,1068296,,,196768076174.15488
2022-09-08,1629.80517578125,1655.0640869140625,1603.0638427734375,1635.34765625,17621046717,0.0033328428166607,0.0460894525129906,ETH-USD,0.0,0,0.0,0,0.0,0.0,-0.6,0.0,508057,1078689,,,196870497557.24036
2022-09-09,1635.187744140625,1735.809814453125,1632.8365478515625,1719.08544921875,20242323690,0.0499370183061094,0.0340536667695568,ETH-USD,0.0,0,0.0,0,0.0,0.0,-0.56,0.0,519562,1093966,,,206883792767.0538
2022-09-10,1718.9613037109375,1784.497802734375,1710.2969970703125,1776.2037353515625,13130928217,0.0326859199977087,0.0340490496622633,ETH-USD,0.0,0,0.0,0,0.0,0.0,-0.4399999999999999,0.0,496883,998158,,,214404057985.83344
2022-09-11,1775.97607421875,1782.7298583984375,1730.164794921875,1761.800048828125,12464301922,-0.0081423124332573,0.0309908824481102,ETH-USD,0.0,0,0.0,0,0.0,0.0,-0.48,0.0,491233,1024482,,,211861995969.5
2022-09-12,1762.0848388671875,1778.1634521484375,1698.29345703125,1713.7652587890625,17688391310,-0.0276431858110108,0.0261741474206689,ETH-USD,0.0,0,0.0,0,0.0,0.0,-0.5,0.0,485852,1068969,,,206138661151.41727
2022-09-13,1713.9625244140625,1745.779052734375,1564.0318603515625,1580.7879638671875,23066821734,-0.0807694215653878,0.0347143996759415,ETH-USD,0.0,0,0.0,0,0.0,0.0,-0.3199999999999999,0.0,523705,1093205,,,189683892316.5941
2022-09-14,1574.858154296875,1642.1572265625,1564.0318603515625,1634.7550048828125,17897150206,0.0335695149810278,0.0354403153235723,ETH-USD,0.0,0,0.0,0,0.0,0.0,-0.4599999999999999,0.0,573357,1109172,,,196901330102.32983
2022-09-15,1635.0830078125,1648.9456787109375,1466.139404296875,1471.6934814453125,26946275878,-0.1050791831036346,0.0453409420438834,ETH-USD,0.0,0,0.0,0,0.0,0.0,-0.4399999999999999,0.0,646709,1265640,,,177478031051.3124
2022-09-16,1471.9283447265625,1480.564208984375,1415.581298828125,1432.44775390625,16764804299,-0.027029068935535,0.0457103331688501,ETH-USD,0.0,0,0.0,0,0.0,0.0,-0.6,0.0,666896,1311849,,,172357791977.3262
2022-09-17,1432.87646484375,1473.0604248046875,1415.0423583984375,1469.74169921875,10798098671,0.0257019735598855,0.0464756622729258,ETH-USD,0.0,0,0.0,0,0.0,0.0,-0.56,0.0,698249,1322077,,,177096645487.42633
2022-09-18,1469.7054443359375,1469.7054443359375,1331.4947509765625,1335.3291015625,15762284723,-0.0959088910378288,0.0521487996755784,ETH-USD,0.0,0,0.0,0,0.0,0.0,-0.4599999999999999,0.0,512039,1156893,,,161247314540.04193
2022-09-19,1335.270751953125,1388.272216796875,1287.4208984375,1377.5413818359375,18712714223,0.0311225233579294,0.0525196449678651,ETH-USD,0.0,0,0.0,0,0.0,0.0,-0.5800000000000001,0.0,489805,1138210,,,166260110891.84457
2022-09-20,1377.6190185546875,1381.9656982421875,1319.201416015625,1324.38818359375,14722317220,-0.0393496982854006,0.0526863173641141,ETH-USD,0.0,0,0.0,0,0.0,0.0,-0.54,0.0,491038,1149031,,,159507376939.81207
2022-09-21,1324.215576171875,1384.4769287109375,1229.4267578125,1252.6077880859375,20643507800,-0.0557229959423897,0.0514077823249943,ETH-USD,0.0,0,0.0,0,0.0,0.0,-0.54,0.0,484980,1100130,,,150555415228.40012
2022-09-22,1251.5673828125,1336.1578369140625,1240.96826171875,1327.68017578125,18461527259,0.058205581933538,0.0551791137644547,ETH-USD,0.0,0,0.0,0,0.0,0.0,-0.56,0.0,483507,1118297,,,160142960681.55167
2022-09-23,1327.481201171875,1353.288330078125,1270.1983642578125,1328.259521484375,18771106339,0.000436264206533,0.0522119539477597,ETH-USD,0.0,0,0.0,0,0.0,0.0,-0.6,0.0,499931,1119895,,,160419533319.24136
2022-09-24,1328.24462890625,1346.2552490234375,1312.6402587890625,1317.9932861328125,12098209717,-0.0077591126800254,0.050248531538547,ETH-USD,0.0,0,0.0,0,0.0,0.0,-0.52,0.0,522080,1109206,,,158739975305.5344
2022-09-25,1317.9384765625,1333.371337890625,1275.627685546875,1294.216796875,11802651633,-0.0182046199518597,0.0501174596946771,ETH-USD,0.0,0,0.0,0,0.0,0.0,-0.52,0.0,479298,1107217,,,156034243695.67407
2022-09-26,1294.3861083984375,1335.5263671875,1282.04931640625,1335.3201904296875,16034549271,0.0312653839786595,0.0520458237986685,ETH-USD,0.0,0,0.0,0,0.0,0.0,-0.5800000000000001,0.0,493645,1141218,,,160836639504.1505
2022-09-27,1335.3370361328125,1396.8914794921875,1308.991455078125,1330.127685546875,17870598937,-0.0038961643168271,0.0488510893583342,ETH-USD,0.0,0,0.0,0,0.0,0.0,-0.6,0.0,555088,1214294,,,160370957246.70398
2022-09-28,1329.5413818359375,1351.9644775390625,1267.8692626953125,1337.410888671875,18994979566,0.0054606304802654,0.047374746899955,ETH-USD,0.0,0,0.0,0,0.0,0.0,-0.6,0.0,472581,1109706,,,161409226528.00845
2022-09-29,1337.554443359375,1348.107666015625,1293.193359375,1335.65234375,13796915736,-0.0013157527695159,0.0395588154846687,ETH-USD,0.0,0,0.0,0,0.0,0.0,-0.56,0.0,490188,1129558,,,160747318026.76724
2022-09-30,1335.646484375,1368.743408203125,1320.3831787109375,1327.9786376953125,14250100093,-0.0057618546548361,0.0391336020931298,ETH-USD,0.0,0,0.0,0,0.0,0.0,-0.5800000000000001,0.0,484535,1225886,,,159956012382.0073
2022-10-01,1328.1937255859375,1332.5164794921875,1306.1025390625,1311.6444091796875,6227961237,-0.0123763406539651,0.0381149913107446,ETH-USD,0.0,0,0.0,0,0.0,0.0,-0.6,0.0,485677,1158038,,,158046210965.68835
2022-10-02,1311.75341796875,1316.330078125,1275.3360595703125,1276.093505859375,7578351650,-0.0274781615063153,0.0293786573180599,ETH-USD,0.0,0,0.0,0,0.0,0.0,-0.52,0.0,490309,1163876,,,153868849720.1706
2022-10-03,1276.1634521484375,1326.554443359375,1271.15087890625,1323.439208984375,10153070907,0.0364303469280446,0.0298860959294899,ETH-USD,0.0,0,0.0,0,0.0,0.0,-0.52,0.0,454753,1307142,,,159637497866.25577
2022-10-04,1323.2783203125,1364.970947265625,1320.07666015625,1362.1265869140625,10139774963,0.028813335722636,0.0290244091064419,ETH-USD,0.0,0,0.0,0,0.0,0.0,-0.6,0.0,478071,1185269,,,164270420163.70605
2022-10-05,1361.972900390625,1362.4517822265625,1320.8551025390625,1352.837158203125,9774451820,-0.0068431594924296,0.0240613565162942,ETH-USD,0.0,0,0.0,0,0.0,0.0,-0.5,0.0,494940,1169356,,,163030726093.85748
2022-10-06,1352.806640625,1380.4049072265625,1349.449951171875,1351.70947265625,12033514861,-0.0008339184093623,0.0186864830252918,ETH-USD,0.0,0,0.0,0,0.0,0.0,-0.48,0.0,554370,1202667,,,162886285103.13303
2022-10-07,1351.83642578125,1359.328125,1321.74609375,1332.5169677734375,10061619355,-0.0143004566751767,0.0191471276858609,ETH-USD,0.0,0,0.0,0,0.0,0.0,-0.54,0.0,543473,1180358,,,160619639646.9276
2022-10-08,1332.371337890625,1335.954833984375,1307.072998046875,1315.50048828125,5804676208,-0.0128524180919345,0.0193578026449054,ETH-USD,0.0,0,0.0,0,0.0,0.0,-0.52,0.0,580345,1180084,,,158560294754.82013
2022-10-09,1315.460205078125,1327.6688232421875,1309.3446044921875,1322.604248046875,5486230123,0.0053855154705946,0.0186787512660598,ETH-USD,0.0,0,0.0,0,0.0,0.0,-0.56,0.0,585311,1068531,,,159218549540.04053
2022-10-10,1322.61865234375,1335.6627197265625,1291.337646484375,1291.337646484375,8794491050,-0.0239240917573635,0.017724349933273,ETH-USD,0.0,0,0.0,0,0.0,0.0,-0.56,0.0,596926,1123390,,,155734374063.36224
2022-10-11,1291.109619140625,1296.27392578125,1272.7376708984375,1279.57568359375,9274845260,-0.0091500906049782,0.0178140345707565,ETH-USD,0.0,0,0.0,0,0.0,0.0,-0.52,0.0,575645,1130309,,,154105075988.12045
2022-10-12,1279.7322998046875,1303.0751953125,1277.5274658203125,1294.9063720703125,8355638578,0.0119098671963547,0.0181238710784563,ETH-USD,0.0,0,0.0,0,0.0,0.0,-0.6,0.0,557899,1074204,,,156044142691.16357
2022-10-13,1294.9173583984375,1297.564208984375,1209.2781982421875,1288.1239013671875,17499038202,-0.0052515732089481,0.018137833518591,ETH-USD,0.0,0,0.0,0,0.0,0.0,-0.6,0.0,533764,1124129,,,155267995652.29407
2022-10-14,1288.0487060546875,1339.7447509765625,1285.3782958984375,1297.422119140625,13113767755,0.0071924907034789,0.0182932370156298,ETH-USD,0.0,0,0.0,0,0.0,0.0,-0.52,0.0,547755,1071895,,,156367235446.19815
2022-10-15,1297.305908203125,1300.7459716796875,1268.468505859375,1274.8717041015625,6798512624,-0.0175337611593255,0.0185753366173359,ETH-USD,0.0,0,0.0,0,0.0,0.0,-0.52,0.0,590641,1037870,,,153676326468.0705
2022-10-16,1275.0054931640625,1312.634521484375,1275.0054931640625,1306.296630859375,7491625206,0.0243505850460033,0.0182759473621248,ETH-USD,0.0,0,0.0,0,0.0,0.0,-0.52,0.0,495690,980678,,,157366417408.86447
2022-10-17,1306.3095703125,1335.6478271484375,1297.447265625,1331.713623046875,9401189650,0.0192704169309533,0.0162258677885548,ETH-USD,0.0,0,0.0,0,0.0,0.0,-0.6,0.0,478307,1073063,,,160591134989.64197
2022-10-18,1331.669921875,1339.0859375,1291.66064453125,1310.447021484375,10416747806,-0.0160982345112951,0.0145377042933477,ETH-USD,0.0,0,0.0,0,0.0,0.0,-0.56,0.0,442717,1062562,,,158050545482.52524
2022-10-19,1310.5631103515625,1312.4423828125,1283.96533203125,1285.7442626953125,8350692785,-0.0190305733402313,0.0151527231827867,ETH-USD,0.0,0,0.0,0,0.0,0.0,-0.54,0.0,462799,1088602,,,154838957780.593
2022-10-20,1285.6602783203125,1307.8551025390625,1275.323974609375,1283.200927734375,9009111996,-0.0019800623239236,0.0151395256424912,ETH-USD,0.0,0,0.0,0,0.0,0.0,-0.54,0.0,503252,1155589,,,154504742482.41708
2022-10-21,1283.1881103515625,1305.081298828125,1260.666748046875,1299.9464111328125,10412565245,0.0129653602974341,0.0154241522116529,ETH-USD,0.0,0,0.0,0,0.0,0.0,-0.54,0.0,489561,1116822,,,156668406866.37732
2022-10-22,1299.90234375,1317.10107421875,1295.9468994140625,1314.2991943359375,7175324564,0.0109805500947319,0.0154218343582716,ETH-USD,0.0,0,0.0,0,0.0,0.0,-0.6,0.0,503130,959417,,,158407486649.7441
2022-10-23,1314.24951171875,1367.7607421875,1302.9088134765625,1363.447021484375,9909510925,0.0367124762446653,0.0182811819359597,ETH-USD,0.0,0,0.0,0,0.0,0.0,-0.54,0.0,481224,1009771,,,164380433878.0249
2022-10-24,1363.4918212890625,1368.425537109375,1327.85400390625,1344.99853515625,13092820173,-0.0136231438016515,0.0173327488883106,ETH-USD,0.0,0,0.0,0,0.0,0.0,-0.56,0.0,503643,1039240,,,162053015544.21237
2022-10-25,1344.7113037109375,1509.9854736328125,1336.9788818359375,1461.6654052734375,25367291294,0.0831835502227897,0.0271679760513352,ETH-USD,0.0,0,0.0,0,0.0,0.0,-0.6,0.0,477854,1048003,,,176122197681.00943
2022-10-26,1461.1331787109375,1584.63671875,1460.4287109375,1566.566650390625,32705548427,0.0693099036609962,0.0315387059334108,ETH-USD,0.0,0,0.0,0,0.0,0.0,-0.3399999999999999,0.0,501034,1104723,,,189375934908.9104
2022-10-27,1566.8414306640625,1574.4034423828125,1510.8167724609375,1514.3748779296875,22813499245,-0.0338836458529034,0.0337090764897377,ETH-USD,0.0,0,0.0,0,0.0,0.0,-0.36,0.0,518491,1111785,,,182569258990.95447
2022-10-28,1514.3231201171875,1568.6339111328125,1493.87109375,1555.4779052734375,19974623205,0.0267801010136558,0.0339197722144398,ETH-USD,0.0,0,0.0,0,0.0,0.0,-0.4,0.0,461379,1059633,,,187533084412.49283
2022-10-29,1555.274658203125,1652.3822021484375,1549.983642578125,1619.698486328125,21618154775,0.0404571793767717,0.0334474090692594,ETH-USD,0.0,0,0.0,0,0.0,0.0,-0.3199999999999999,0.0,469781,1038800,,,195118077874.3088
2022-10-30,1619.6978759765625,1637.037841796875,1579.4852294921875,1590.7833251953125,13930073427,-0.0180134600994688,0.0346361706275405,ETH-USD,0.0,0,0.0,0,0.0,0.0,-0.3199999999999999,0.0,483185,1033475,,,191577832787.47372
2022-10-31,1590.4813232421875,1630.452880859375,1555.9189453125,1572.7144775390625,19306919714,-0.0114234592684269,0.0352479518756482,ETH-USD,0.0,0,0.0,0,0.0,0.0,-0.38,0.0,476136,1063248,,,189370916640.20212
2022-11-01,1572.6453857421875,1606.605712890625,1568.0985107421875,1579.70458984375,14507311208,0.0044347681013086,0.0344114495851802,ETH-USD,0.0,0,0.0,0,0.0,0.0,-0.4,0.0,497231,1071986,,,190462397276.42697
2022-11-02,1579.4979248046875,1613.41064453125,1507.2447509765625,1519.7117919921875,23254218281,-0.0387171547563925,0.0361924776202212,ETH-USD,0.0,0,0.0,0,0.0,0.0,-0.4,0.0,498423,1015945,,,183149199322.63937
2022-11-03,1519.724853515625,1556.7596435546875,1517.1016845703125,1531.541748046875,14248351007,0.0077542001508459,0.0359974285924418,ETH-USD,0.0,0,0.0,0,0.0,0.0,-0.4,0.0,511457,1093977,,,184380445920.03812
2022-11-04,1531.3975830078125,1661.334716796875,1529.2684326171875,1645.0933837890625,20806964347,0.0715222443676809,0.0392898909136718,ETH-USD,0.0,0,0.0,0,0.0,0.0,-0.4,0.0,490402,1014135,,,198237008690.3109
2022-11-05,1645.156494140625,1660.4864501953125,1625.9642333984375,1627.968017578125,11006973190,-0.01046452870181,0.0399475817725561,ETH-USD,0.0,0,0.0,0,0.0,0.0,-0.24,0.0,527978,952067,,,196138698918.0601
2022-11-06,1627.901123046875,1634.1324462890625,1572.2347412109375,1572.2347412109375,11632744705,-0.0348346128361073,0.0415406350592719,ETH-USD,0.0,0,0.0,0,0.0,0.0,-0.1999999999999999,0.0,482454,962845,,,189826866254.16013
2022-11-07,1572.0169677734375,1604.475341796875,1550.41552734375,1568.59130859375,15279963349,-0.0023200484163604,0.0411504874187595,ETH-USD,0.0,0,0.0,0,0.0,0.0,-0.3399999999999999,0.0,500251,1106711,,,188921442897.9904
2022-11-08,1568.32958984375,1574.7998046875,1259.443115234375,1332.8355712890625,42048003440,-0.1628692796958825,0.0573127662189845,ETH-USD,0.0,0,0.0,0,0.0,0.0,-0.38,0.0,478828,1132048,,,160521827828.10617
2022-11-09,1333.1224365234375,1335.7435302734375,1083.28564453125,1100.1697998046875,38864492427,-0.1918441498664273,0.0714618100031323,ETH-USD,0.0,0,0.0,0,0.0,0.0,-0.42,0.0,510134,1219648,,,131728579554.4824
2022-11-10,1100.107177734375,1341.7911376953125,1093.12255859375,1299.464599609375,28581002122,0.1664878018308016,0.0877965813063652,ETH-USD,0.0,0,0.0,0,0.0,0.0,-0.56,0.0,494968,1184632,,,156379964505.91693
2022-11-11,1298.8824462890625,1302.2952880859375,1211.32958984375,1287.2210693359375,20920539099,-0.0094666482722933,0.0871308491937201,ETH-USD,0.0,0,0.0,0,0.0,0.0,-0.5,0.0,508830,1118967,,,154371389527.9132
2022-11-12,1287.4383544921875,1288.15087890625,1242.1522216796875,1255.268310546875,10964962767,-0.0251363419111608,0.0857577644523429,ETH-USD,0.0,0,0.0,0,0.0,0.0,-0.5800000000000001,0.0,544637,1033438,,,150889054645.8352
2022-11-13,1255.4412841796875,1271.7125244140625,1208.52099609375,1221.8192138671875,10717455214,-0.0270084360184241,0.0857898963531939,ETH-USD,0.0,0,0.0,0,0.0,0.0,-0.56,0.0,535954,1133442,,,147050025301.2513
2022-11-14,1221.8955078125,1284.2176513671875,1178.4290771484375,1241.604248046875,15028035663,0.0160633848912282,0.0862859960546038,ETH-USD,0.0,0,0.0,0,0.0,0.0,-0.52,0.0,549655,1192824,,,149529703828.9566
2022-11-15,1241.677734375,1283.19873046875,1238.688232421875,1251.7362060546875,11798011594,0.008127260568099,0.0863617890546135,ETH-USD,0.0,0,0.0,0,0.0,0.0,-0.56,0.0,565783,1136911,,,150592840389.7884
2022-11-16,1251.808837890625,1264.486328125,1192.98779296875,1215.6025390625,11939561598,-0.029291681648348,0.0862129023556479,ETH-USD,0.0,0,0.0,0,0.0,0.0,-0.54,0.0,560372,1083796,,,146404244321.79037
2022-11-17,1215.8486328125,1224.9656982421875,1189.1527099609375,1200.80859375,9723646871,-0.0122447127915067,0.0859552501649279,ETH-USD,0.0,0,0.0,0,0.0,0.0,-0.6,0.0,566821,1103401,,,144588044483.70236
2022-11-18,1200.8021240234375,1226.7374267578125,1200.8021240234375,1212.30029296875,7979913378,0.0095244654352301,0.0825525526570534,ETH-USD,0.0,0,0.0,0,0.0,0.0,-0.54,0.0,562812,1008485,,,145764195685.7786
2022-11-19,1212.2154541015625,1227.8372802734375,1200.4755859375,1218.4267578125,5978745776,0.0050408603588001,0.0828199851884908,ETH-USD,0.0,0,0.0,0,0.0,0.0,-0.54,0.0,535697,911890,,,146864792964.89893
2022-11-20,1218.436279296875,1224.0777587890625,1137.9332275390625,1142.4666748046875,9651002684,-0.0643708090930409,0.0835805027892682,ETH-USD,0.0,0,0.0,0,0.0,0.0,-0.52,0.0,511794,927233,,,137348810056.5136
2022-11-21,1142.395751953125,1142.395751953125,1084.8572998046875,1108.35302734375,14080099208,-0.0303145203859086,0.0833872957771456,ETH-USD,0.0,0,0.0,0,0.0,0.0,-0.5800000000000001,0.0,501171,963954,,,133492534855.2681
2022-11-22,1107.89599609375,1136.442626953125,1081.13818359375,1135.1734619140625,12040670755,0.0239103148225056,0.074014107280226,ETH-USD,0.0,0,0.0,0,0.0,0.0,-0.56,0.0,491439,962924,,,136762648084.0072
2022-11-23,1135.4215087890625,1184.997314453125,1130.0228271484375,1183.1995849609375,11242676044,0.0414368125013304,0.0537733176410547,ETH-USD,0.0,0,0.0,0,0.0,0.0,-0.56,0.0,527114,972566,,,142595414821.49954
2022-11-24,1183.3450927734375,1211.62744140625,1180.3797607421875,1203.983154296875,9706372376,0.0174130737033383,0.0279250832936223,ETH-USD,0.0,0,0.0,0,0.0,0.0,-0.6,0.0,617123,990202,,,144948545776.6288
2022-11-25,1203.7994384765625,1203.7994384765625,1174.8233642578125,1198.9259033203125,5483308196,-0.0042092799372292,0.0279022717499124,ETH-USD,0.0,0,0.0,0,0.0,0.0,-0.6,0.0,622610,999123,,,144512436238.45483
2022-11-26,1198.79052734375,1227.0380859375,1198.097900390625,1205.89794921875,5074160558,0.0057984000992445,0.0274120126531486,ETH-USD,0.0,0,0.0,0,0.0,0.0,-0.56,0.0,597731,934988,,,145207140248.84036
2022-11-27,1205.9052734375,1220.3494873046875,1195.0390625,1195.126953125,4486976868,-0.0089720588375672,0.0266019550610323,ETH-USD,0.0,0,0.0,0,0.0,0.0,-0.48,0.0,582750,881336,,,144249485277.48773
2022-11-28,1194.9603271484375,1198.7376708984375,1156.0625,1170.086181640625,7275411870,-0.0211750110465806,0.0265640378000206,ETH-USD,0.0,0,0.0,0,0.0,0.0,-0.4399999999999999,0.0,613370,1087721,,,140881278838.8176
2022-11-29,1169.8743896484375,1222.1641845703125,1163.4775390625,1216.9012451171875,7639405818,0.0392302589290186,0.0288775834650985,ETH-USD,0.0,0,0.0,0,0.0,0.0,-0.48,0.0,573661,1047387,,,146686803345.39725
2022-11-30,1216.9287109375,1302.0386962890625,1215.4979248046875,1295.6885986328125,9836925304,0.062734625677937,0.0324448108440692,ETH-USD,0.0,0,0.0,0,0.0,0.0,-0.42,0.0,525544,1026508,,,156444791465.81738
2022-12-01,1295.76953125,1295.9998779296875,1267.70849609375,1276.27392578125,6857935276,-0.0150974529655011,0.0325671793660227,ETH-USD,0.0,0,0.0,0,0.0,0.0,-0.4599999999999999,0.0,512900,984139,,,153754220436.7671
2022-12-02,1276.32861328125,1294.3033447265625,1269.2431640625,1294.3033447265625,6213645709,0.0140277553999222,0.0326443287415986,ETH-USD,0.0,0,0.0,0,0.0,0.0,-0.4599999999999999,0.0,574442,1032952,,,155823065222.87088
2022-12-03,1294.45654296875,1299.84033203125,1241.431884765625,1243.3348388671875,5672609405,-0.0401754367881954,0.0347727666564115,ETH-USD,0.0,0,0.0,0,0.0,0.0,-0.4599999999999999,0.0,595930,963761,,,149563656576.97745
2022-12-04,1243.21923828125,1281.4923095703125,1242.9117431640625,1280.256591796875,5174128454,0.0292633643109253,0.0297873236371125,ETH-USD,0.0,0,0.0,0,0.0,0.0,-0.48,0.0,631536,962172,,,154277160079.7796
2022-12-05,1279.9989013671875,1302.237548828125,1252.472412109375,1259.6767578125,6120359523,-0.0162053735505869,0.0286015170022364,ETH-USD,0.0,0,0.0,0,0.0,0.0,-0.48,0.0,541940,1008205,,,151685785494.03207
2022-12-06,1259.854248046875,1271.9232177734375,1247.6298828125,1271.65380859375,5089212680,0.0094631181872598,0.0282865595457204,ETH-USD,0.0,0,0.0,0,0.0,0.0,-0.5,0.0,543715,1049066,,,153090877542.4927
2022-12-07,1271.5531005859375,1272.694091796875,1224.447998046875,1232.4375,5752205180,-0.0313243491098491,0.0283763759367286,ETH-USD,0.0,0,0.0,0,0.0,0.0,-0.42,0.0,517420,972121,,,148555152907.67883
2022-12-08,1232.4517822265625,1286.229736328125,1226.3585205078125,1281.1163330078125,6227269815,0.0387379172952175,0.0297535587004167,ETH-USD,0.0,0,0.0,0,0.0,0.0,-0.5,0.0,528926,923887,,,154470856902.57565
2022-12-09,1281.0772705078125,1290.055419921875,1260.8187255859375,1264.2847900390625,5706183865,-0.0132252540832769,0.0300511466446646,ETH-USD,0.0,0,0.0,0,0.0,0.0,-0.48,0.0,1505651,1932711,,,152248268252.305
2022-12-10,1264.37548828125,1279.5279541015625,1262.119873046875,1266.3841552734375,3282499999,0.0016591389560043,0.0300502445816237,ETH-USD,0.0,0,0.0,0,0.0,0.0,-0.4599999999999999,0.0,733794,1103199,,,152677859894.72507
2022-12-11,1266.4178466796875,1281.783203125,1260.6636962890625,1263.8685302734375,3362005848,-0.0019884384221736,0.0298848678941024,ETH-USD,0.0,0,0.0,0,0.0,0.0,-0.48,0.0,723882,1068092,,,152231868108.20074
2022-12-12,1263.573486328125,1275.6103515625,1243.477783203125,1274.6190185546875,5151109364,0.0084700455258373,0.029001477526071,ETH-USD,0.0,0,0.0,0,0.0,0.0,-0.4599999999999999,0.0,671702,1182001,,,153643299851.46863
2022-12-13,1274.6624755859375,1341.4393310546875,1258.472412109375,1320.5491943359375,8812883119,0.035400381404578,0.0286813496523159,ETH-USD,0.0,0,0.0,0,0.0,0.0,-0.4599999999999999,0.0,554771,1151038,,,159141672924.3717
2022-12-14,1320.6885986328125,1346.1744384765625,1305.8333740234375,1309.3287353515625,7830915428,-0.0085331162648824,0.0236978581621105,ETH-USD,0.0,0,0.0,0,0.0,0.0,-0.4,0.0,562476,1095120,,,157664918842.08383
2022-12-15,1309.1907958984375,1311.067138671875,1262.6893310546875,1266.3538818359375,6032859783,-0.0333727779430866,0.0250997148307843,ETH-USD,0.0,0,0.0,0,0.0,0.0,-0.38,0.0,538073,1080176,,,152359311421.02515
2022-12-16,1266.4605712890625,1278.156982421875,1162.1756591796875,1168.2593994140625,9297811507,-0.0806268638905218,0.0325202657469957,ETH-USD,0.0,0,0.0,0,0.0,0.0,-0.42,0.0,559966,1153272,,,140357231411.2079
2022-12-17,1168.0667724609375,1189.0450439453125,1165.4078369140625,1188.1495361328125,5077258586,0.0168821368974204,0.0316494268960039,ETH-USD,0.0,0,0.0,0,0.0,0.0,-0.4399999999999999,0.0,537857,1040618,,,143073670397.44867
2022-12-18,1188.1285400390625,1194.2144775390625,1176.185791015625,1184.7152099609375,3350092519,-0.0028946686283548,0.0302445421611271,ETH-USD,0.0,0,0.0,0,0.0,0.0,-0.48,0.0,517630,916817,,,143112266650.2884
2022-12-19,1184.75830078125,1192.923828125,1160.377197265625,1167.60986328125,4943628091,-0.0145436091113012,0.0302026964965543,ETH-USD,0.0,0,0.0,0,0.0,0.0,-0.42,0.0,515433,994746,,,140669961099.47217
2022-12-20,1167.8826904296875,1224.0926513671875,1165.5994873046875,1217.70361328125,6684951715,0.0420079933812273,0.0325942016746992,ETH-USD,0.0,0,0.0,0,0.0,0.0,-0.42,0.0,464890,992470,,,146775184341.36545
2022-12-21,1217.58642578125,1218.1922607421875,1206.4400634765625,1213.5999755859375,4217182733,-0.0033756718913286,0.0315721873753939,ETH-USD,0.0,0,0.0,0,0.0,0.0,-0.48,0.0,543410,1029079,,,146123164773.72745
2022-12-22,1213.672607421875,1221.98681640625,1187.1278076171875,1218.18212890625,5297471739,0.0037685602956308,0.029492791368087,ETH-USD,0.0,0,0.0,0,0.0,0.0,-0.4399999999999999,0.0,522781,989565,,,146662095033.10406
2022-12-23,1218.079345703125,1226.998779296875,1215.994873046875,1220.159423828125,4835831923,0.0016218362460934,0.0293867306449297,ETH-USD,0.0,0,0.0,0,0.0,0.0,-0.4599999999999999,0.0,522082,1044772,,,147026684681.7293
2022-12-24,1220.117919921875,1224.91162109375,1216.3387451171875,1221.1485595703125,2626153345,0.0008103326602292,0.0293782807401186,ETH-USD,0.0,0,0.0,0,0.0,0.0,-0.42,0.0,598443,911507,,,147113300786.86923
2022-12-25,1221.1715087890625,1223.517822265625,1203.7196044921875,1218.9620361328125,3942720070,-0.0017921515742562,0.0293786409287523,ETH-USD,0.0,0,0.0,0,0.0,0.0,-0.42,0.0,570853,836424,,,146776808441.97678
2022-12-26,1218.920166015625,1226.974365234375,1214.3359375,1226.974365234375,3282098400,0.0065515667181816,0.0293275433484955,ETH-USD,0.0,0,0.0,0,0.0,0.0,-0.4399999999999999,0.0,530742,937653,,,147572403933.0898
2022-12-27,1226.987060546875,1230.4180908203125,1205.8956298828125,1212.7916259765625,4091530737,-0.0116264421015753,0.0272445476747981,ETH-USD,0.0,0,0.0,0,0.0,0.0,-0.4599999999999999,0.0,505048,1025274,,,146029584309.57288
2022-12-28,1212.736572265625,1213.12890625,1185.7021484375,1189.986083984375,4991669631,-0.0189832182551463,0.0274592292917278,ETH-USD,0.0,0,0.0,0,0.0,0.0,-0.4399999999999999,0.0,507677,977389,,,143201142187.14627
2022-12-29,1190.0101318359375,1204.1416015625,1188.3602294921875,1201.5953369140625,4132233940,0.0097085083652788,0.0266577498036705,ETH-USD,0.0,0,0.0,0,0.0,0.0,-0.4399999999999999,0.0,505412,945627,,,144745504353.9091
2022-12-30,1201.569580078125,1202.03466796875,1187.4625244140625,1199.2327880859375,4055668253,-0.0019681122243845,0.0149083091750631,ETH-USD,0.0,0,0.0,0,0.0,0.0,-0.4399999999999999,0.0,528156,944771,,,144463686134.88348
2022-12-31,1199.360107421875,1205.088623046875,1194.2037353515625,1196.771240234375,3018513333,-0.0020547116686693,0.0142875399919951,ETH-USD,0.0,0,0.0,0,0.0,0.0,-0.5,0.0,519100,865806,,,144071759610.4498
2023-01-01,1196.713623046875,1203.475341796875,1192.8853759765625,1200.96484375,2399674550,0.0034979727916243,0.0142722814332266,ETH-USD,0.0,0,0.0,0,0.0,0.0,-0.48,0.0,522460,742785,,,144635534176.36087
2023-01-02,1201.103271484375,1219.860595703125,1195.2149658203125,1214.6566162109375,3765758498,0.0113361462571855,0.0137752860837209,ETH-USD,0.0,0,0.0,0,0.0,0.0,-0.4599999999999999,0.0,473406,920276,,,146423295549.03033
2023-01-03,1214.7440185546875,1219.0953369140625,1207.4915771484375,1214.77880859375,3392972131,0.0001005932338583,0.0079093288464289,ETH-USD,0.0,0,0.0,0,0.0,0.0,-0.48,0.0,472981,948116,,,146349341009.2418
2023-01-04,1214.7186279296875,1264.8074951171875,1213.1688232421875,1256.526611328125,6404416893,0.0337892470301153,0.0119539940369797,ETH-USD,0.0,0,0.0,0,0.0,0.0,-0.42,0.0,507141,1046389,,,151374560808.80115
2023-01-05,1256.484619140625,1258.571533203125,1245.173095703125,1250.4385986328125,4001786456,-0.0048568880324405,0.012103967786402,ETH-USD,0.0,0,0.0,0,0.0,0.0,-0.42,0.0,626236,1142818,,,150678079502.56467
2023-01-06,1250.458984375,1273.2203369140625,1240.947509765625,1269.3790283203125,4977252792,0.0150334581381282,0.0126035171383863,ETH-USD,0.0,0,0.0,0,0.0,0.0,-0.48,0.0,501852,1028132,,,152980209341.53333
2023-01-07,1269.4197998046875,1270.5982666015625,1262.2711181640625,1264.2703857421875,2565213548,-0.0040326411956712,0.0127288976521689,ETH-USD,0.0,0,0.0,0,0.0,0.0,-0.5,0.0,577380,957607,,,152287577991.347
2023-01-08,1264.181884765625,1287.3594970703125,1260.226806640625,1287.3594970703125,3495088905,0.0180980334924205,0.0133121789033695,ETH-USD,0.0,0,0.0,0,0.0,0.0,-0.5,0.0,784959,1184114,,,154834843478.67236
2023-01-09,1287.4508056640625,1342.1441650390625,1286.6807861328125,1321.5389404296875,7990438824,0.0262037023568131,0.0145882981688454,ETH-USD,0.0,0,0.0,0,0.0,0.0,-0.5,0.0,553880,1093675,,,159170800152.4889
2023-01-10,1321.3955078125,1342.7572021484375,1318.5272216796875,1336.5860595703125,5830173253,0.0113217248025687,0.0138081114568547,ETH-USD,0.0,0,0.0,0,0.0,0.0,-0.48,0.0,520294,1061055,,,160982298017.48215
2023-01-11,1336.48681640625,1387.9327392578125,1323.5831298828125,1387.9327392578125,6314904311,0.0376967558913645,0.0139307336202694,ETH-USD,0.0,0,0.0,0,0.0,0.0,-0.48,0.0,508868,1083178,,,166388176463.8716
2023-01-12,1405.3514404296875,1432.28125,1378.422119140625,1417.9384765625,12230193038,0.0213886375326417,0.0141952624005304,ETH-USD,0.0,0,0.0,0,0.0,0.0,-0.4,0.0,515485,1085563,,,170802435108.30176
2023-01-13,1417.9461669921875,1461.6727294921875,1404.02392578125,1451.6148681640625,7684148212,0.0234725992132714,0.0139193911553526,ETH-USD,0.0,0,0.0,0,0.0,0.0,-0.38,0.0,508590,1076328,,,174747167488.54327
2023-01-14,1451.428466796875,1563.7391357421875,1450.9884033203125,1550.7069091796875,15444626014,0.0660342584927616,0.0189860065773357,ETH-USD,0.0,0,0.0,0,0.0,0.0,-0.0799999999999999,0.0,541020,1107804,,,187003107980.06763
2023-01-15,1550.7315673828125,1556.9508056640625,1520.893798828125,1552.4794921875,6774614499,0.0011424277960363,0.0191390581136064,ETH-USD,0.0,0,0.0,0,0.0,0.0,0.04,0.0,534997,1000777,,,187091767585.56708
2023-01-16,1552.519287109375,1594.039794921875,1529.5736083984375,1576.83349609375,8454485431,0.0155653945168567,0.0190532295868005,ETH-USD,0.0,0,0.0,0,0.0,0.0,-0.0999999999999999,0.0,518753,1057284,,,190180220044.84912
2023-01-17,1577.107421875,1594.0009765625,1553.3359375,1567.8460693359375,7599462786,-0.0057159726711905,0.019545641276564,ETH-USD,0.0,0,0.0,0,0.0,0.0,0.02,0.0,489795,1018353,,,189243812500.60272
2023-01-18,1567.698974609375,1602.106689453125,1509.4228515625,1515.5069580078125,10354880595,-0.0339527383084987,0.0234008778886818,ETH-USD,0.0,0,0.0,0,0.0,0.0,0.04,0.0,548397,1118225,,,183190700145.29648
2023-01-19,1515.2496337890625,1557.9703369140625,1514.3800048828125,1552.5565185546875,6432638856,0.0241529302946443,0.0229411413760825,ETH-USD,0.0,0,0.0,0,0.0,0.0,-0.0999999999999999,0.0,502409,1007125,,,186847518595.57727
2023-01-20,1552.3736572265625,1659.8857421875,1544.9178466796875,1659.754150390625,8528894754,0.0667665501969204,0.0267223542439642,ETH-USD,0.0,0,0.0,0,0.0,0.0,0.02,0.0,522810,1024504,,,199832810113.94968
2023-01-21,1659.7060546875,1674.1793212890625,1626.81298828125,1627.1181640625,8859250310,-0.0198590366671015,0.0280789656281832,ETH-USD,0.0,0,0.0,0,0.0,0.0,0.06,0.0,544098,994076,,,196223567559.4762
2023-01-22,1627.365966796875,1658.0234375,1612.085693359375,1628.382080078125,7517988734,0.0007764804081359,0.0284544940745463,ETH-USD,0.0,0,0.0,0,0.0,0.0,0.06,0.0,538685,889814,,,196240874022.45435
2023-01-23,1628.55078125,1641.2181396484375,1607.903076171875,1628.2510986328125,8264507375,-8.043979054159996e-05,0.0286516950948357,ETH-USD,0.0,0,0.0,0,0.0,0.0,0.0,0.0,504730,947725,,,196200710929.0373
2023-01-24,1627.8482666015625,1639.723876953125,1551.3897705078125,1556.604248046875,8180274691,-0.0449998085820742,0.0328416248348463,ETH-USD,0.0,0,0.0,0,0.0,0.0,0.04,0.0,487133,1032293,,,187257990737.7249
2023-01-25,1556.8074951171875,1632.24169921875,1530.7978515625,1611.7110595703125,10598973448,0.0347896999813384,0.0326677918950166,ETH-USD,0.0,0,0.0,0,0.0,0.0,0.02,0.0,495479,1020705,,,193764339634.66672
2023-01-26,1611.0809326171875,1626.1982421875,1586.59814453125,1603.10595703125,8395315241,-0.0053534139242019,0.0327749497489807,ETH-USD,0.0,0,0.0,0,0.0,0.0,0.08,0.0,498585,1048864,,,193065121886.63696
2023-01-27,1603.080078125,1617.0008544921875,1565.2449951171875,1598.156494140625,8124465373,-0.0030921968503883,0.0326267332869715,ETH-USD,0.0,0,0.0,0,0.0,0.0,0.1,0.0,545774,1100192,,,192592581216.95367
2023-01-28,1598.1253662109375,1604.7041015625,1565.39013671875,1572.43505859375,5803653357,-0.0162253632529956,0.0282681310235244,ETH-USD,0.0,0,0.0,0,0.0,0.0,0.04,0.0,516329,964429,,,189238580818.8375
2023-01-29,1572.6295166015625,1653.7249755859375,1568.98486328125,1646.1556396484375,8801292300,0.0458172435236449,0.030702899748719,ETH-USD,0.0,0,0.0,0,0.0,0.0,0.1,0.0,511731,998228,,,198410913779.34244
2023-01-30,1646.147705078125,1646.651611328125,1546.6607666015625,1567.3265380859375,9180418120,-0.0490713281784073,0.0335845428638864,ETH-USD,0.0,0,0.0,0,0.0,0.0,0.2199999999999999,0.0,516109,1074566,,,188731993435.50787
2023-01-31,1567.419921875,1598.517578125,1563.8043212890625,1586.535400390625,6585191019,0.0121813194132605,0.0337083351446369,ETH-USD,0.0,0,0.0,0,0.0,0.0,0.02,0.0,519408,1086364,,,191000455950.1343
2023-02-01,1586.4881591796875,1644.7275390625,1566.8572998046875,1641.792724609375,8116969489,0.0342361242655025,0.0332161244252822,ETH-USD,0.0,0,0.0,0,0.0,0.0,0.1200000000000001,0.0,516810,1064236,,,197878282904.48337
2023-02-02,1641.365966796875,1704.4581298828125,1641.3226318359375,1643.2415771484375,10558081069,0.0008820928489129,0.0328022706370304,ETH-USD,0.0,0,0.0,0,0.0,0.0,0.1999999999999999,0.0,501303,1104114,,,198411029308.84253
2023-02-03,1642.9046630859375,1670.6968994140625,1634.223388671875,1664.74560546875,8169519805,0.0130014598296385,0.0276359070162439,ETH-USD,0.0,0,0.0,0,0.0,0.0,0.1999999999999999,0.0,457501,1072608,,,200731055289.71536
2023-02-04,1664.4722900390625,1690.099609375,1648.189208984375,1667.0592041015625,5843302512,0.0013887962452246,0.0270254130462389,ETH-USD,0.0,0,0.0,0,0.0,0.0,0.1599999999999999,0.0,500595,1064597,,,201385893390.00644
2023-02-05,1667.16650390625,1671.770263671875,1616.391845703125,1631.6458740234375,6926696531,-0.0214718744556889,0.0277308592633856,ETH-USD,0.0,0,0.0,0,0.0,0.0,0.1599999999999999,0.0,537665,1069625,,,196573733122.00424
2023-02-06,1631.645263671875,1653.7154541015625,1611.319091796875,1616.2470703125,6919871886,-0.0094824055829028,0.0278502756205087,ETH-USD,0.0,0,0.0,0,0.0,0.0,0.1200000000000001,0.0,503555,1077149,,,194542326912.55453
2023-02-07,1616.0096435546875,1673.7978515625,1614.863037109375,1672.0035400390625,8030277434,0.0339157934512358,0.0260873942318385,ETH-USD,0.0,0,0.0,0,0.0,0.0,0.08,0.0,477571,1142836,,,201583543708.047
2023-02-08,1671.9052734375,1688.5272216796875,1635.2650146484375,1650.716796875,7806089579,-0.0128130159816064,0.0250007779351571,ETH-USD,0.0,0,0.0,0,0.0,0.0,0.1599999999999999,0.0,483612,1121215,,,198870465994.68152
2023-02-09,1651.082275390625,1655.23486328125,1537.1822509765625,1546.438232421875,10524969124,-0.065255243819588,0.0307638981370592,ETH-USD,0.0,0,0.0,0,0.0,0.0,0.1,0.0,475694,1082467,,,186261072070.65182
2023-02-10,1546.5965576171875,1553.32568359375,1504.83447265625,1514.869140625,8397387897,-0.0206253127016737,0.0311413264796285,ETH-USD,0.0,0,0.0,0,0.0,0.0,-0.04,0.0,497617,1071635,,,182478878134.89795
2023-02-11,1514.94189453125,1541.334716796875,1510.14697265625,1539.9267578125,5064007416,0.0164057960268752,0.0313620255745047,ETH-USD,0.0,0,0.0,0,0.0,0.0,-0.02,0.0,509167,961493,,,185603684832.60596
2023-02-12,1539.7760009765625,1545.55419921875,1501.4620361328125,1515.03369140625,5319698775,-0.0162971781664789,0.0284089865491483,ETH-USD,0.0,0,0.0,0,0.0,0.0,0.0,0.0,494505,953020,,,182421319275.8323
2023-02-13,1514.9169921875,1524.7314453125,1470.02392578125,1507.1658935546875,9363855114,-0.0052066816930738,0.0255609909217593,ETH-USD,0.0,0,0.0,0,0.0,0.0,-0.04,0.0,492362,1054742,,,181510258162.88248
2023-02-14,1506.9920654296875,1562.0343017578125,1497.1944580078125,1556.8751220703125,9249575045,0.0324496898686049,0.0270075771789031,ETH-USD,0.0,0,0.0,0,0.0,0.0,0.0,0.0,537767,1141796,,,187674794282.76428
2023-02-15,1556.76513671875,1674.289794921875,1545.689697265625,1673.7459716796875,10015035156,0.0723835258153351,0.0322829832736791,ETH-USD,0.0,0,0.0,0,0.0,0.0,0.06,0.0,478642,1160879,,,201579180130.9525
2023-02-16,1673.867431640625,1732.8011474609375,1638.1455078125,1640.067626953125,12704861676,-0.0203267343239499,0.0328014457003749,ETH-USD,0.0,0,0.0,0,0.0,0.0,0.24,0.0,477690,1138195,,,198087170822.25897
2023-02-17,1640.2801513671875,1716.7818603515625,1636.173828125,1694.7833251953125,9802443159,0.0328174239851052,0.0338236641977234,ETH-USD,0.0,0,0.0,0,0.0,0.0,0.2199999999999999,0.0,471665,1066755,,,204367936526.31567
2023-02-18,1694.7418212890625,1705.30908203125,1683.670166015625,1691.8194580078125,5491437195,-0.0017503487323079,0.0338332720835967,ETH-USD,0.0,0,0.0,0,0.0,0.0,0.1999999999999999,0.0,456014,972865,,,203750564961.84805
2023-02-19,1691.68017578125,1718.9476318359375,1673.9066162109375,1681.4361572265625,6959144003,-0.0061562684594375,0.0332922022542435,ETH-USD,0.0,0,0.0,0,0.0,0.0,0.1999999999999999,0.0,451883,1002399,,,202817955576.06287
2023-02-20,1682.3370361328125,1716.4893798828125,1659.2950439453125,1702.6751708984375,7703604237,0.0125523604179185,0.0332208969234426,ETH-USD,0.0,0,0.0,0,0.0,0.0,0.1599999999999999,0.0,466024,1059640,,,204945561619.02087
2023-02-21,1702.7978515625,1714.28564453125,1642.396728515625,1658.036376953125,8721608198,-0.026566647410582,0.0329235519708155,ETH-USD,0.0,0,0.0,0,0.0,0.0,0.1999999999999999,0.0,482474,1084290,,,199425540811.74323
2023-02-22,1658.1409912109375,1663.996826171875,1604.8033447265625,1643.231689453125,9189387004,-0.0089691515198551,0.032829755365703,ETH-USD,0.0,0,0.0,0,0.0,0.0,0.1799999999999999,0.0,478581,1080839,,,197837484557.214
2023-02-23,1643.298583984375,1674.6015625,1632.566162109375,1651.0738525390625,9013236167,0.0047610507280248,0.0269914843635042,ETH-USD,0.0,0,0.0,0,0.0,0.0,0.1200000000000001,0.0,513684,1093537,,,198731777045.41995
2023-02-24,1650.8951416015625,1661.09130859375,1583.1478271484375,1608.3731689453125,8909129423,-0.0262026818695581,0.0274312337397309,ETH-USD,0.0,0,0.0,0,0.0,0.0,0.06,0.0,551238,1095771,,,193778190103.63516
2023-02-25,1608.6583251953125,1608.8651123046875,1567.6317138671875,1594.9149169921875,5657686235,-0.0084028228368414,0.0273888089115121,ETH-USD,0.0,0,0.0,0,0.0,0.0,0.04,0.0,569007,995229,,,192043075573.1748
2023-02-26,1594.7611083984375,1645.2734375,1590.39306640625,1640.817138671875,5727967432,0.0283739818004635,0.0276307460569114,ETH-USD,0.0,0,0.0,0,0.0,0.0,0.02,0.0,566024,982721,,,197666090417.6484
2023-02-27,1640.763671875,1662.57568359375,1615.387939453125,1634.326416015625,7239824677,-0.0039636315450042,0.0275949870712888,ETH-USD,0.0,0,0.0,0,0.0,0.0,0.0,0.0,524438,1034112,,,196828629198.0312
2023-02-28,1634.50244140625,1644.435791015625,1602.4281005859375,1605.8951416015625,6323676957,-0.0175494197532211,0.0271098577758465,ETH-USD,0.0,0,0.0,0,0.0,0.0,0.06,0.0,480872,1044634,,,193578342136.6192
2023-03-01,1606.0404052734375,1663.4337158203125,1601.548583984375,1663.4337158203125,7701847224,0.0352026477292296,0.0207920955447532,ETH-USD,0.0,0,0.0,0,0.0,0.0,0.0,0.0,478680,1081357,,,200208064313.60696
2023-03-02,1663.549072265625,1672.0511474609375,1622.5999755859375,1647.3193359375,7080950926,-0.0097346476074134,0.0201970509045005,ETH-USD,0.0,0,0.0,0,0.0,0.0,0.02,0.0,514379,1088950,,,198537243456.10547
2023-03-03,1647.5577392578125,1648.475341796875,1552.4515380859375,1569.1676025390625,9922240199,-0.0486040325649592,0.0217788261510919,ETH-USD,0.0,0,0.0,0,0.0,0.0,0.0,0.0,487088,1092189,,,189054958974.782
2023-03-04,1569.278076171875,1575.63720703125,1551.73681640625,1566.9239501953125,4389045367,-0.0014308592008995,0.0217832251279703,ETH-USD,0.0,0,0.0,0,0.0,0.0,0.0,0.0,462695,971157,,,188658092486.73752
2023-03-05,1567.1793212890625,1584.2088623046875,1559.9541015625,1564.46875,5020886238,-0.0015681205990365,0.0218067348252119,ETH-USD,0.0,0,0.0,0,0.0,0.0,-0.06,0.0,432041,940858,,,188385300743.31204
2023-03-06,1564.3831787109375,1579.456298828125,1557.363525390625,1567.398681640625,5245153345,0.0018710450294194,0.0213211831532738,ETH-USD,0.0,0,0.0,0,0.0,0.0,-0.04,0.0,460020,1037182,,,188853195198.278
2023-03-07,1567.4246826171875,1579.1622314453125,1543.1275634765625,1561.93310546875,6854058349,-0.0034931302279607,0.0204769406446584,ETH-USD,0.0,0,0.0,0,0.0,0.0,-0.02,0.0,444134,1035152,,,187946252643.70688
2023-03-08,1561.9779052734375,1568.17529296875,1534.0882568359375,1534.0882568359375,7130327525,-0.017987989214627,0.0207759994691967,ETH-USD,0.0,0,0.0,0,0.0,0.0,0.0,0.0,449531,1011772,,,184835465408.17496
2023-03-09,1534.0316162109375,1544.1083984375,1423.2647705078125,1438.6607666015625,9457897583,-0.0642235774267601,0.0258637131753441,ETH-USD,0.0,0,0.0,0,0.0,0.0,-0.12,0.0,460423,1037747,,,173079347246.83615
2023-03-10,1438.7601318359375,1438.7601318359375,1378.525390625,1429.1580810546875,12665194936,-0.006627141274041,0.0254364885506584,ETH-USD,0.0,0,0.0,0,0.0,0.0,-0.3199999999999999,0.0,464631,1065950,,,172773752590.0483
2023-03-11,1429.100830078125,1484.136962890625,1428.72314453125,1482.61669921875,14917080154,0.0367230502651749,0.0281551978098426,ETH-USD,0.0,0,0.0,0,0.0,0.0,-0.3399999999999999,0.0,412067,1031282,,,177954530955.63647
2023-03-12,1482.431884765625,1607.152587890625,1461.6109619140625,1590.29296875,11480965122,0.0701096896885746,0.033657183424079,ETH-USD,0.0,0,0.0,0,0.0,0.0,-0.3399999999999999,0.0,481016,974883,,,191114704252.18408
2023-03-13,1590.8311767578125,1699.9117431640625,1572.07470703125,1680.3089599609375,15711468959,0.0550594249110556,0.0369585907752644,ETH-USD,0.0,0,0.0,0,0.0,0.0,-0.02,0.0,584948,1173725,,,202121054849.7573
2023-03-14,1680.2952880859375,1779.9178466796875,1665.90234375,1703.507080078125,16159781303,0.013711433059796,0.0366306845645394,ETH-USD,0.0,0,0.0,0,0.0,0.0,0.1200000000000001,0.0,510874,1105574,,,205612921102.0204
2023-03-15,1705.18994140625,1721.0792236328125,1616.63037109375,1656.1805419921875,12715339905,-0.0281750413425723,0.0364221432660372,ETH-USD,0.0,0,0.0,0,0.0,0.0,0.0,0.0,494979,1076742,,,199412254388.8767
2023-03-16,1656.33203125,1693.1392822265625,1639.26171875,1677.2154541015625,9364980166,0.0126208775364013,0.0364672920148452,ETH-USD,0.0,0,0.0,0,0.0,0.0,0.04,0.0,467209,1042763,,,202040223238.1152
2023-03-17,1677.2967529296875,1799.343994140625,1667.1318359375,1792.485107421875,12467445117,0.0664680346857668,0.037316093806149,ETH-USD,0.0,0,0.0,0,0.0,0.0,0.02,0.0,504502,1068367,,,215742537095.5164
2023-03-18,1793.5924072265625,1840.3575439453125,1751.2628173828125,1761.65966796875,10317822213,-0.0173466273094231,0.037912527203456,ETH-USD,0.0,0,0.0,0,0.0,0.0,0.28,0.0,504683,1023641,,,212531663643.51776
2023-03-19,1762.9632568359375,1843.8441162109373,1762.9632568359375,1785.5765380859375,9170565472,0.0134849957303406,0.0378224289462091,ETH-USD,0.0,0,0.0,0,0.0,0.0,0.26,0.0,491964,992358,,,217034967814.9556
2023-03-20,1785.416259765625,1807.7252197265625,1728.103759765625,1735.3212890625,10978325507,-0.0285487763349419,0.0391416387662262,ETH-USD,0.0,0,0.0,0,0.0,0.0,0.32,0.0,524591,1123422,,,209280166576.37723
2023-03-21,1735.617919921875,1836.28857421875,1725.00732421875,1806.7607421875,10758627746,0.0403430194784905,0.0399592430386937,ETH-USD,0.0,0,0.0,0,0.0,0.0,0.3600000000000001,0.0,512051,1081542,,,217436527921.22287
2023-03-22,1804.95703125,1821.458251953125,1717.76513671875,1737.717041015625,12484103560,-0.0389633904013346,0.0414702011326843,ETH-USD,0.0,0,0.0,0,0.0,0.0,0.24,0.0,515905,1073049,,,209386995425.58527
2023-03-23,1737.140869140625,1853.8880615234373,1732.524658203125,1816.4051513671875,11012966854,0.0442871499209605,0.0366067485138004,ETH-USD,0.0,0,0.0,0,0.0,0.0,0.1399999999999999,0.0,518217,1077305,,,219139655128.3379
2023-03-24,1815.81982421875,1819.935302734375,1730.3494873046875,1752.0447998046875,10913669383,-0.0360757934168494,0.0388261791281692,ETH-USD,0.0,0,0.0,0,0.0,0.0,0.2199999999999999,0.0,491152,1084231,,,210934603026.438
2023-03-25,1751.469482421875,1762.674560546875,1716.6519775390625,1743.7647705078125,6614309912,-0.0047371257582731,0.0385852642601204,ETH-USD,0.0,0,0.0,0,0.0,0.0,0.28,0.0,500188,1052415,,,209891076598.91916
2023-03-26,1743.8421630859375,1797.8802490234375,1741.182861328125,1775.6767578125,6990313307,0.0181351851749408,0.0348401421695654,ETH-USD,0.0,0,0.0,0,0.0,0.0,0.28,0.0,484571,1011463,,,214234691791.5515
2023-03-27,1775.4813232421875,1781.3792724609375,1690.5166015625,1715.4608154296875,8585750760,-0.0344998806998519,0.0337141535211628,ETH-USD,0.0,0,0.0,0,0.0,0.0,0.28,0.0,497906,1100122,,,206565105599.9817
2023-03-28,1715.327392578125,1791.1109619140625,1702.564697265625,1772.78564453125,8346890042,0.0328703783446537,0.0346254091921175,ETH-USD,0.0,0,0.0,0,0.0,0.0,0.1799999999999999,0.0,543283,1149677,,,213796356482.17984
2023-03-29,1772.89990234375,1825.6009521484373,1772.89990234375,1793.0018310546875,9136176952,0.0113390959329842,0.0334941334394083,ETH-USD,0.0,0,0.0,0,0.0,0.0,0.1399999999999999,0.0,583946,1165012,,,216182370570.1352
2023-03-30,1793.345947265625,1827.2802734375,1766.2489013671875,1792.7371826171875,9724496987,-0.0001476116566049,0.0334641255216985,ETH-USD,0.0,0,0.0,0,0.0,0.0,0.1999999999999999,0.0,558559,1187924,,,215823973061.25333
2023-03-31,1793.6201171875,1844.6773681640625,1783.1422119140625,1822.0220947265625,9149379763,0.0162033212080177,0.0286898478206571,ETH-USD,0.0,0,0.0,0,0.0,0.0,0.26,0.0,547486,1150727,,,219701303525.28183
2023-04-01,1821.704345703125,1840.173095703125,1811.1185302734373,1813.860595703125,5556443606,-0.0044894257742665,0.0282540915232211,ETH-USD,0.0,0,0.0,0,0.0,0.0,0.2199999999999999,0.0,500064,1020143,,,219509559004.97412
2023-04-02,1821.192138671875,1824.328857421875,1774.8724365234375,1795.7081298828125,6199721188,-0.0100580541511264,0.0282240461994722,ETH-USD,0.0,0,0.0,0,0.0,0.0,0.26,0.0,508193,981226,,,216177406933.90988
2023-04-03,1794.9224853515625,1839.1578369140625,1765.5189208984375,1810.297119140625,9643826401,0.0080915405547189,0.0270052537482295,ETH-USD,0.0,0,0.0,0,0.0,0.0,0.26,0.0,499715,1052294,,,218154253837.05768
2023-04-04,1810.14208984375,1886.5946044921875,1802.9554443359373,1871.005126953125,10398322335,0.0329848014817582,0.0262850088921956,ETH-USD,0.0,0,0.0,0,0.0,0.0,0.24,0.0,511592,1068725,,,225018121847.33423
2023-04-05,1870.965087890625,1937.49755859375,1865.94189453125,1909.114013671875,10319231689,0.0201634797423699,0.0237378302821902,ETH-USD,0.0,0,0.0,0,0.0,0.0,0.24,0.0,517726,1123693,,,230185945121.89304
2023-04-06,1909.1435546875,1909.271728515625,1857.0850830078125,1872.922607421875,8263191830,-0.0191391647595781,0.022005660495072,ETH-USD,0.0,0,0.0,0,0.0,0.0,0.26,0.0,488852,1036898,,,225481749663.00012
2023-04-07,1872.734130859375,1882.2991943359373,1845.993896484375,1865.6361083984373,8356130492,-0.0038980306602721,0.0192036898566299,ETH-USD,0.0,0,0.0,0,0.0,0.0,0.28,0.0,537161,1043552,,,224788448707.7445
2023-04-08,1864.6790771484373,1879.1077880859373,1848.87548828125,1849.4981689453125,5016362733,-0.0086877295685059,0.0193778950965438,ETH-USD,0.0,0,0.0,0,0.0,0.0,0.2199999999999999,0.0,510447,924776,,,223030222709.4766
2023-04-09,1849.6722412109373,1873.057373046875,1828.7000732421875,1859.3878173828125,6361497715,0.005332960847435,0.0189676812569706,ETH-USD,0.0,0,0.0,0,0.0,0.0,0.2199999999999999,0.0,518856,956899,,,224159691911.4554
2023-04-10,1859.7412109375,1917.3001708984373,1848.1641845703125,1911.20751953125,8380134275,0.0274879483667184,0.0165482971368939,ETH-USD,0.0,0,0.0,0,0.0,0.0,0.24,0.0,548020,1016480,,,230298895987.47327
2023-04-11,1911.3758544921875,1936.728271484375,1886.5341796875,1892.189697265625,8877222956,-0.010000523048081,0.0154671696503091,ETH-USD,0.0,0,0.0,0,0.0,0.0,0.3600000000000001,0.0,545041,1084502,,,227840913673.7407
2023-04-12,1891.94970703125,1929.8812255859373,1860.036865234375,1920.68212890625,11010714187,0.01494566998722,0.0156163586238614,ETH-USD,0.0,0,0.0,0,0.0,0.0,0.3,0.0,526191,1021632,,,231459758120.00284
2023-04-13,1917.6983642578125,2022.150146484375,1901.8603515625,2012.6346435546875,12546950499,0.0467642332859832,0.0190928741588784,ETH-USD,0.0,0,0.0,0,0.0,0.0,0.2199999999999999,0.0,576453,1094764,,,242186229717.2689
2023-04-14,2013.9306640625,2126.316650390625,2011.5032958984373,2101.635498046875,16298099411,0.043271218506791,0.0212115922691533,ETH-USD,0.0,0,0.0,0,0.0,0.0,0.3600000000000001,0.0,597355,1166392,,,253187814740.4552
2023-04-15,2101.616455078125,2111.075439453125,2076.5107421875,2092.466796875,8036468153,-0.0043721946356807,0.0212053704580154,ETH-USD,0.0,0,0.0,0,0.0,0.0,0.3600000000000001,0.0,653705,1056292,,,252253779311.78696
2023-04-16,2092.281005859375,2137.445068359375,2076.83203125,2120.005859375,7898126856,0.0130751969628316,0.0203905125740985,ETH-USD,0.0,0,0.0,0,0.0,0.0,0.3600000000000001,0.0,559661,854249,,,255248199146.17807
2023-04-17,2120.001220703125,2120.113525390625,2063.03857421875,2076.242919921875,9648882546,-0.0208588806282877,0.0221904718438667,ETH-USD,0.0,0,0.0,0,0.0,0.0,0.3799999999999999,0.0,457397,1011979,,,250092417761.34344
2023-04-18,2075.855224609375,2121.531494140625,2057.65380859375,2104.537353515625,9134015143,0.013535686517087,0.0212140350836805,ETH-USD,0.0,0,0.0,0,0.0,0.0,0.1599999999999999,0.0,442615,1070108,,,253102962302.77
2023-04-19,2103.9462890625,2104.857177734375,1928.5828857421875,1936.4034423828125,13779745451,-0.0832633016202134,0.0320461868578445,ETH-USD,0.0,0,0.0,0,0.0,0.0,0.26,0.0,414942,1085066,,,233176872098.81772
2023-04-20,1936.41796875,1979.5733642578125,1918.1328125,1943.09765625,11324135406,0.0034510728781589,0.0315177636349219,ETH-USD,0.0,0,0.0,0,0.0,0.0,0.04,0.0,428139,1073576,,,233976888241.12836
2023-04-21,1943.409912109375,1955.649169921875,1827.7889404296875,1849.9998779296875,12044274581,-0.0490978565767,0.0344191263640996,ETH-USD,0.0,0,0.0,0,0.0,0.0,0.0,0.0,488479,1009840,,,222724217796.26416
2023-04-22,1849.2864990234373,1886.7816162109373,1845.8492431640625,1874.2286376953125,6970642726,0.0130116084415185,0.0345154080276528,ETH-USD,0.0,0,0.0,0,0.0,0.0,0.06,0.0,485507,862010,,,225847086616.82568
2023-04-23,1874.1715087890625,1882.229736328125,1838.992431640625,1862.06201171875,6607451862,-0.0065126994243078,0.0345448468277999,ETH-USD,0.0,0,0.0,0,0.0,0.0,0.1200000000000001,0.0,461961,867666,,,224308503703.0432
2023-04-24,1862.0853271484373,1888.1937255859373,1811.7921142578125,1842.7574462890625,8438191338,-0.0104214201874869,0.0337087687982584,ETH-USD,0.0,0,0.0,0,0.0,0.0,0.06,0.0,461974,940804,,,221901259454.5624
2023-04-25,1842.204345703125,1877.4849853515625,1805.3228759765625,1866.753662109375,8677255481,0.012937850752477,0.0338787025730653,ETH-USD,0.0,0,0.0,0,0.0,0.0,0.06,0.0,496299,976311,,,224930155379.3849
2023-04-26,1866.14892578125,1962.567626953125,1792.4638671875,1866.564208984375,14356524696,-0.0001014931659742,0.0335723520904538,ETH-USD,0.0,0,0.0,0,0.0,0.0,0.1200000000000001,0.0,496218,978121,,,224786252846.51303
2023-04-27,1866.6932373046875,1936.9451904296875,1863.14794921875,1908.786376953125,14008145806,0.0223682158443065,0.031407568404064,ETH-USD,0.0,0,0.0,0,0.0,0.0,0.1799999999999999,0.0,511244,939262,,,229895931294.32556
2023-04-28,1909.2730712890625,1923.19921875,1876.2918701171875,1892.5128173828125,7691759733,-0.0085621563348833,0.0283391307992514,ETH-USD,0.0,0,0.0,0,0.0,0.0,0.28,0.0,490402,987649,,,228034148797.65564
2023-04-29,1892.5650634765625,1916.9737548828125,1887.990478515625,1908.9169921875,4796651246,0.008630582412971,0.0286602995864215,ETH-USD,0.0,0,0.0,0,0.0,0.0,0.28,0.0,514443,887098,,,229465042811.35
2023-04-30,1908.7413330078125,1938.41796875,1876.92431640625,1876.92431640625,6539641957,-0.0169016262271187,0.0281967355799863,ETH-USD,0.0,0,0.0,0,0.0,0.0,0.1999999999999999,0.0,447064,974972,,,227016335265.85257
2023-05-01,1868.89111328125,1886.2064208984373,1809.1932373046875,1831.954833984375,8625783201,-0.0242508232084152,0.0283235457031526,ETH-USD,0.0,0,0.0,0,0.0,0.0,0.26,0.0,402269,1102060,,,220532041357.25485
2023-05-02,1831.7265625,1879.759521484375,1824.3270263671875,1870.789306640625,7536785767,0.0209768189152126,0.0288428421513951,ETH-USD,0.0,0,0.0,0,0.0,0.0,0.1,0.0,433988,1127805,,,225399757046.16147
2023-05-03,1870.6871337890625,1915.504150390625,1845.871826171875,1904.65185546875,8306390869,0.0179388079179388,0.019950777995499,ETH-USD,0.0,0,0.0,0,0.0,0.0,0.28,0.0,452868,1117146,,,229335064621.5764
2023-05-04,1905.1689453125,1915.8717041015625,1868.6297607421875,1877.7041015625,6578438233,-0.0142494308737444,0.0201940336579365,ETH-USD,0.0,0,0.0,0,0.0,0.0,0.28,0.0,450578,1110210,,,225946703232.1901
2023-05-05,1877.8331298828125,1998.41357421875,1876.9466552734373,1995.0609130859373,9498261360,0.0606247747820925,0.0219138498775141,ETH-USD,0.0,0,0.0,0,0.0,0.0,0.2199999999999999,0.0,484923,1208548,,,240191570355.48447
2023-05-06,1995.4791259765625,2017.5594482421875,1870.6055908203125,1900.2218017578125,9623243037,-0.048703965624523,0.0260754593935724,ETH-USD,0.0,0,0.0,0,0.0,0.0,0.1999999999999999,0.0,409974,1145565,,,228701205587.22748
2023-05-07,1899.9176025390625,1933.9984130859373,1873.076416015625,1873.076416015625,6883942236,-0.0143883957696601,0.0263333092181224,ETH-USD,0.0,0,0.0,0,0.0,0.0,0.28,0.0,418073,1101487,,,228678322627.42422
2023-05-08,1872.47509765625,1886.162109375,1818.4505615234373,1849.042724609375,9895102899,-0.0129141623450054,0.0264205445082565,ETH-USD,0.0,0,0.0,0,0.0,0.0,0.1999999999999999,0.0,443089,1145960,,,222639135290.2572
2023-05-09,1849.06103515625,1860.66748046875,1832.906982421875,1848.6031494140625,6129516088,-0.0002377594893396,0.0261670153614613,ETH-USD,0.0,0,0.0,0,0.0,0.0,0.02,0.0,454485,1126707,,,222380813666.2703
2023-05-10,1848.2135009765625,1886.80029296875,1795.6688232421875,1842.4014892578125,9945549603,-0.0033604216734156,0.0261757957885233,ETH-USD,0.0,0,0.0,0,0.0,0.0,0.04,0.0,427186,1086375,,,221673226318.57184
2023-05-11,1842.4920654296875,1842.4920654296875,1774.132568359375,1796.4906005859375,8353828312,-0.0252347823613429,0.0260077355582893,ETH-USD,0.0,0,0.0,0,0.0,0.0,0.04,0.0,410160,1099638,,,216019054240.3729
2023-05-12,1795.1766357421875,1812.4249267578125,1742.40380859375,1808.019775390625,9047198660,0.0063971041386441,0.0261275454134564,ETH-USD,0.0,0,0.0,0,0.0,0.0,-0.02,0.0,462843,1070884,,,217486264559.2837
2023-05-13,1808.375,1816.0584716796875,1788.4755859375,1796.1148681640625,4647630864,-0.0066062740163349,0.0259104795499986,ETH-USD,0.0,0,0.0,0,0.0,0.0,-0.04,0.0,502560,994500,,,216485437794.933
2023-05-14,1796.10791015625,1823.49072265625,1793.228759765625,1800.5009765625,4711210241,0.0024390208808186,0.0257046018456282,ETH-USD,0.0,0,0.0,0,0.0,0.0,-0.04,0.0,517668,992354,,,216520217840.604
2023-05-15,1800.3712158203125,1845.6954345703125,1787.536376953125,1817.5499267578125,6748889346,0.0094244535755912,0.0251291157686623,ETH-USD,0.0,0,0.0,0,0.0,0.0,0.0,0.0,479793,1091921,,,218846603659.68863
2023-05-16,1816.82421875,1830.3515625,1797.84375,1824.1214599609373,5595959668,0.003609079259699,0.0244020940460135,ETH-USD,0.0,0,0.0,0,0.0,0.0,0.08,0.0,438043,1072600,,,219437771917.4551
2023-05-17,1824.068359375,1835.5545654296875,1786.6719970703125,1821.859619140625,6352161579,-0.0012407311290979,0.0237377590853773,ETH-USD,0.0,0,0.0,0,0.0,0.0,0.0,0.0,444193,1043585,,,219178923373.99463
2023-05-18,1822.0682373046875,1831.4503173828125,1774.195068359375,1801.728515625,5673124255,-0.0111112576165232,0.0236397474868227,ETH-USD,0.0,0,0.0,0,0.0,0.0,0.02,0.0,462762,1054402,,,216961020863.5081
2023-05-19,1800.994384765625,1826.1942138671875,1797.4344482421875,1812.5894775390625,4796110259,0.0060099828659149,0.0154181152826023,ETH-USD,0.0,0,0.0,0,0.0,0.0,-0.04,0.0,452814,1073998,,,218081196173.2672
2023-05-20,1812.76611328125,1829.0096435546875,1808.0467529296875,1820.47802734375,2951655969,0.0043426455419902,0.0098566643189481,ETH-USD,0.0,0,0.0,0,0.0,0.0,-0.04,0.0,567922,1049772,,,218819026995.8809
2023-05-21,1820.1380615234373,1827.9219970703125,1799.9468994140625,1804.5313720703125,3386768865,-0.0087981885744089,0.0094681126731712,ETH-USD,0.0,0,0.0,0,0.0,0.0,0.04,0.0,505370,1014742,,,217271746152.6438
2023-05-22,1804.8419189453125,1826.696533203125,1793.2239990234375,1817.5347900390625,4534841049,0.0071801415280875,0.0093164231149728,ETH-USD,0.0,0,0.0,0,0.0,0.0,-0.02,0.0,440862,1075234,,,218676261430.21008
2023-05-23,1817.7811279296875,1869.343994140625,1816.2879638671875,1854.380615234375,6820047160,0.0200696682171806,0.0109245088735129,ETH-USD,0.0,0,0.0,0,0.0,0.0,0.0,0.0,443649,1113165,,,223042212294.4228
2023-05-24,1854.2996826171875,1854.2996826171875,1780.925537109375,1800.0999755859375,7101647419,-0.0297085348072324,0.013544644861117,ETH-USD,0.0,0,0.0,0,0.0,0.0,0.0,0.0,457564,1054823,,,216612530091.67017
2023-05-25,1799.84521484375,1815.9947509765625,1763.3651123046875,1805.9537353515625,6321689859,0.0032466321229346,0.0117514600164955,ETH-USD,0.0,0,0.0,0,0.0,0.0,0.02,0.0,457571,1062757,,,217306180550.77856
2023-05-26,1805.7254638671875,1837.8658447265625,1798.406005859375,1828.689697265625,5451414258,0.0125108604960108,0.0121008544132596,ETH-USD,0.0,0,0.0,0,0.0,0.0,-0.02,0.0,455922,1059510,,,219985152657.12
2023-05-27,1828.57568359375,1836.1845703125,1817.4920654296875,1831.1182861328125,3216737652,0.0013271675643503,0.0119110107639737,ETH-USD,0.0,0,0.0,0,0.0,0.0,-0.04,0.0,484034,982620,,,220168790721.71988
2023-05-28,1831.0986328125,1915.7232666015625,1825.46728515625,1910.9141845703125,6359610561,0.0426548926812999,0.0162467048813813,ETH-USD,0.0,0,0.0,0,0.0,0.0,0.0,0.0,425747,968996,,,229849137198.9388
2023-05-29,1909.2974853515625,1926.4217529296875,1879.0775146484373,1893.078125,5884674572,-0.0093776163707665,0.0165602659172842,ETH-USD,0.0,0,0.0,0,0.0,0.0,0.04,0.0,452819,1082245,,,227869845714.73956
2023-05-30,1893.0931396484373,1916.574951171875,1883.9346923828125,1901.026611328125,5363439784,0.0041899201570658,0.0165628843075859,ETH-USD,0.0,0,0.0,0,0.0,0.0,0.02,0.0,495825,1190789,,,228582717591.42252
2023-05-31,1901.0982666015625,1907.035400390625,1852.0947265625,1874.1304931640625,5984512548,-0.014249247118842,0.0171698196566567,ETH-USD,0.0,0,0.0,0,0.0,0.0,0.02,0.0,485068,1098149,,,225224717650.35773
2023-06-01,1873.9146728515625,1887.705322265625,1846.2274169921875,1862.201416015625,5640027197,-0.006385470012631,0.0169366630104939,ETH-USD,0.0,0,0.0,0,0.0,0.0,0.04,0.0,441316,1071180,,,223889913017.2416
2023-06-02,1862.4237060546875,1910.2784423828125,1851.9647216796875,1907.256591796875,6097746022,0.0239065252896256,0.0178824783009197,ETH-USD,0.0,0,0.0,0,0.0,0.0,0.0,0.0,519377,1102996,,,229308247736.63727
2023-06-03,1907.4207763671875,1908.822265625,1885.4854736328125,1892.4124755859373,3472274607,-0.0078134129400964,0.0181388310416593,ETH-USD,0.0,0,0.0,0,0.0,0.0,0.06,0.0,520912,1003794,,,227496100926.48004
2023-06-04,1892.398193359375,1912.2056884765625,1885.65185546875,1890.5135498046875,3747042696,-0.0010039455849781,0.0178742047780899,ETH-USD,0.0,0,0.0,0,0.0,0.0,0.04,0.0,499026,962454,,,227545330604.3444
2023-06-05,1890.4176025390625,1890.6405029296875,1780.2115478515625,1811.828369140625,9246593033,-0.0425120275185372,0.0215961320506574,ETH-USD,0.0,0,0.0,0,0.0,0.0,0.06,0.0,553237,1151611,,,217974645394.80423
2023-06-06,1810.5814208984373,1896.22265625,1801.4052734375,1884.494873046875,8704411776,0.0393233290133351,0.0235156429431474,ETH-USD,0.0,0,0.0,0,0.0,0.0,-0.12,0.0,521356,1095144,,,226439455252.73752
2023-06-07,1884.3729248046875,1893.80908203125,1822.3031005859373,1832.39599609375,7919894455,-0.0280354151638739,0.0233504211566898,ETH-USD,0.0,0,0.0,0,0.0,0.0,0.06,0.0,534812,1071257,,,220274555389.5421
2023-06-08,1832.5135498046875,1861.1361083984373,1830.1650390625,1846.3018798828125,4536041931,0.0075602566414878,0.0234068990364725,ETH-USD,0.0,0,0.0,0,0.0,0.0,0.0,0.0,506910,1008582,,,222118399931.13507
2023-06-09,1846.077880859375,1854.824951171875,1828.5445556640625,1840.2252197265625,4610831509,-0.0032966884526088,0.0232194767211733,ETH-USD,0.0,0,0.0,0,0.0,0.0,0.0,0.0,568104,1046976,,,221058122734.61087
2023-06-10,1840.3919677734373,1844.78564453125,1721.443115234375,1752.384765625,10788500406,-0.0489103826705831,0.0266951375587144,ETH-USD,0.0,0,0.0,0,0.0,0.0,-0.02,0.0,645859,1204433,,,210773730172.63528
2023-06-11,1752.527587890625,1776.84716796875,1741.1104736328125,1753.415283203125,4559112981,0.0005878929736166,0.0232950669626933,ETH-USD,0.0,0,0.0,0,0.0,0.0,-0.06,0.0,722848,1106073,,,210645679899.25504
2023-06-12,1753.075439453125,1757.6597900390625,1722.9063720703125,1742.5286865234375,6031384958,-0.0062281500874895,0.0232766378514503,ETH-USD,0.0,0,0.0,0,0.0,0.0,-0.06,0.0,527637,975959,,,209517882772.3816
2023-06-13,1742.39013671875,1761.9554443359375,1727.7498779296875,1739.03759765625,6214125203,-0.0020054709589315,0.0231280838161724,ETH-USD,0.0,0,0.0,0,0.0,0.0,-0.0999999999999999,0.0,532081,952433,,,208853423983.95657
2023-06-14,1739.2501220703125,1749.1632080078125,1637.187744140625,1650.519287109375,7462905534,-0.05224189755336,0.0261555880277271,ETH-USD,0.0,0,0.0,0,0.0,0.0,-0.0799999999999999,0.0,526308,1023424,,,198419247550.608
2023-06-15,1650.4981689453125,1676.4066162109375,1624.1383056640625,1665.519775390625,7328564880,0.0090472942680289,0.0265991248179731,ETH-USD,0.0,0,0.0,0,0.0,0.0,-0.18,0.0,556918,1110065,,,200065118017.43155
2023-06-16,1665.41064453125,1727.28955078125,1653.1708984375,1716.6688232421875,6281023479,0.0302484301373665,0.0272303218537344,ETH-USD,0.0,0,0.0,0,0.0,0.0,-0.06,0.0,570083,1146585,,,206410853327.06427
2023-06-17,1716.6717529296875,1766.76318359375,1714.15087890625,1727.2041015625,4875187477,0.0061182926401126,0.0274722645197846,ETH-USD,0.0,0,0.0,0,0.0,0.0,-0.06,0.0,559942,984217,,,207728512253.7632
2023-06-18,1727.1937255859375,1746.5091552734375,1718.1114501953125,1720.5775146484375,3820038842,-0.0038439761048233,0.0274388263209726,ETH-USD,0.0,0,0.0,0,0.0,0.0,-0.02,0.0,597861,1001818,,,206832440052.9236
2023-06-19,1720.50537109375,1745.1346435546875,1705.8134765625,1737.659423828125,5210480121,0.0098790501692058,0.025700601502478,ETH-USD,0.0,0,0.0,0,0.0,0.0,-0.06,0.0,572877,1046350,,,208619800559.38205
2023-06-20,1736.8797607421875,1793.31396484375,1715.342529296875,1792.1199951171875,7171072578,0.0308602249030178,0.02470931228212,ETH-USD,0.0,0,0.0,0,0.0,0.0,-0.02,0.0,501731,1072045,,,215211025530.48657
2023-06-21,1791.9949951171875,1898.6689453125,1788.4892578125,1891.0072021484373,11731457711,0.0537103244426162,0.0279361838398344,ETH-USD,0.0,0,0.0,0,0.0,0.0,0.1799999999999999,0.0,521987,1091714,,,227777401856.2841
2023-06-22,1889.79443359375,1932.0655517578125,1867.8765869140625,1872.9429931640625,8477657143,-0.0095986114267149,0.0280613596698793,ETH-USD,0.0,0,0.0,0,0.0,0.0,0.3,0.0,499018,1052333,,,225378886179.9064
2023-06-23,1872.540771484375,1932.5316162109373,1865.1920166015625,1892.862060546875,8290615074,0.010579014510562,0.0281419689222572,ETH-USD,0.0,0,0.0,0,0.0,0.0,0.3,0.0,538476,1054976,,,227449041504.4228
2023-06-24,1893.77197265625,1905.2274169921875,1867.8115234375,1876.0596923828125,5026191704,-0.0089163323531027,0.0243492356649059,ETH-USD,0.0,0,0.0,0,0.0,0.0,0.24,0.0,560995,1004563,,,225589631241.0896
2023-06-25,1875.84912109375,1929.0791015625,1870.85009765625,1900.506103515625,6937581709,0.0129465519283098,0.0244059650835594,ETH-USD,0.0,0,0.0,0,0.0,0.0,0.28,0.0,558073,934895,,,228439884141.67773
2023-06-26,1900.05029296875,1905.3604736328125,1840.215087890625,1859.432861328125,8619702292,-0.0218486930083543,0.0253352445023154,ETH-USD,0.0,0,0.0,0,0.0,0.0,0.1,0.0,542329,996984,,,223362583222.23785
2023-06-27,1859.34619140625,1911.3111572265625,1856.83837890625,1889.703369140625,7686042202,0.0161483412441935,0.0254334371937474,ETH-USD,0.0,0,0.0,0,0.0,0.0,0.1799999999999999,0.0,498328,1067370,,,227135520462.6652
2023-06-28,1889.906494140625,1890.208984375,1822.102783203125,1827.97119140625,7135265016,-0.033213155926169,0.0224145295834768,ETH-USD,0.0,0,0.0,0,0.0,0.0,0.24,0.0,502634,1094481,,,220007896539.77493
2023-06-29,1828.059326171875,1876.5302734375,1828.059326171875,1852.227294921875,5677228612,0.0131821448496191,0.0224665894215312,ETH-USD,0.0,0,0.0,0,0.0,0.0,0.08,0.0,446169,1064346,,,222831902731.0857
2023-06-30,1852.0084228515625,1945.2742919921875,1831.281005859375,1933.18896484375,12895131248,0.0427820946065856,0.0236571545672717,ETH-USD,0.0,0,0.0,0,0.0,0.0,0.1200000000000001,0.0,492936,1129184,,,232622677095.3176
2023-07-01,1933.3238525390625,1942.7015380859373,1910.8486328125,1924.56591796875,5136809625,-0.0044705075870395,0.0239065817523984,ETH-USD,0.0,0,0.0,0,0.0,0.0,0.1799999999999999,0.0,496384,1015838,,,231242385064.5171
2023-07-02,1924.4481201171875,1958.1607666015625,1895.906982421875,1937.4383544921875,6343966490,0.0066662195505525,0.0236791700056831,ETH-USD,0.0,0,0.0,0,0.0,0.0,0.26,0.0,495119,925771,,,232741811436.1607
2023-07-03,1937.8837890625,1974.7750244140625,1934.6888427734373,1955.38916015625,7858509087,0.0092225678282851,0.0236768342310166,ETH-USD,0.0,0,0.0,0,0.0,0.0,0.24,0.0,493543,1061564,,,234978806594.91257
2023-07-04,1955.524169921875,1966.3653564453125,1932.611328125,1936.633544921875,5683423776,-0.0096380529317039,0.0231949358741601,ETH-USD,0.0,0,0.0,0,0.0,0.0,0.28,0.0,468826,931944,,,233074157580.20325
2023-07-05,1936.7967529296875,1942.4324951171875,1897.124755859375,1910.5880126953125,6034088075,-0.0135401248702241,0.0190437035875392,ETH-USD,0.0,0,0.0,0,0.0,0.0,0.2199999999999999,0.0,330408,760586,,,229913487956.26297
2023-07-06,1910.4171142578125,1956.0123291015625,1847.8507080078125,1848.636474609375,8905008384,-0.032962728138784,0.0209475800502108,ETH-USD,0.0,0,0.0,0,0.0,0.0,0.1200000000000001,0.0,357008,914280,,,222963240943.95596
2023-07-07,1847.5125732421875,1876.9632568359373,1832.025390625,1870.6025390625,6468885150,0.0118122657788366,0.0210022365679998,ETH-USD,0.0,0,0.0,0,0.0,0.0,0.1,0.0,410247,1038341,,,224758619691.29245
2023-07-08,1871.0020751953125,1872.5015869140625,1844.6417236328125,1865.53955078125,4299007854,-0.00271027774572,0.0208839328796314,ETH-USD,0.0,0,0.0,0,0.0,0.0,0.1599999999999999,0.0,441020,1014086,,,224124904986.48044
2023-07-09,1865.594970703125,1878.6689453125,1857.748291015625,1863.009765625,4392863807,-0.0013569811365045,0.0205275171392875,ETH-USD,0.0,0,0.0,0,0.0,0.0,0.1,0.0,444382,954379,,,223954124896.514
2023-07-10,1863.240234375,1905.4608154296875,1848.7772216796875,1880.556396484375,6336468234,0.0093743551453533,0.0198216820424592,ETH-USD,0.0,0,0.0,0,0.0,0.0,0.1200000000000001,0.0,505778,1057858,,,226082572900.82047
2023-07-11,1880.6549072265625,1889.3817138671875,1863.2186279296875,1878.3360595703125,4905225892,-0.0011813783970974,0.0193248126681892,ETH-USD,0.0,0,0.0,0,0.0,0.0,0.1399999999999999,0.0,493934,1091428,,,225845007119.83392
2023-07-12,1878.322021484375,1901.1484375,1865.7100830078125,1872.11376953125,6379007000,-0.0033181597043778,0.0169266666613387,ETH-USD,0.0,0,0.0,0,0.0,0.0,0.28,0.0,444909,1041317,,,225028701237.5081
2023-07-13,1872.040283203125,2011.88525390625,1864.49609375,2006.511474609375,11114853969,0.0693294788963688,0.0247151313460561,ETH-USD,0.0,0,0.0,0,0.0,0.0,0.1399999999999999,0.0,461538,1121269,,,240707817829.38803
2023-07-14,2005.6861572265625,2026.2049560546875,1901.3612060546875,1939.3470458984373,10627449471,-0.0340462872850881,0.0243788259335306,ETH-USD,0.0,0,0.0,0,0.0,0.0,0.1999999999999999,0.0,512709,1110332,,,232665531317.1389
2023-07-15,1939.129638671875,1946.0191650390625,1928.1873779296875,1931.466552734375,4380084234,-0.0040717558988269,0.0243731476328918,ETH-USD,0.0,0,0.0,0,0.0,0.0,0.1200000000000001,0.0,495888,950700,,,232135247799.63916
2023-07-16,1931.64501953125,1942.0308837890625,1917.2940673828125,1923.681884765625,4329306566,-0.0040385882285679,0.0243244324259248,ETH-USD,0.0,0,0.0,0,0.0,0.0,0.1399999999999999,0.0,460558,946750,,,231393974002.21155
2023-07-17,1923.6943359375,1936.1776123046875,1875.120361328125,1911.6461181640625,6678090758,-0.0062762851581441,0.0241998329557047,ETH-USD,0.0,0,0.0,0,0.0,0.0,0.08,0.0,432935,1036419,,,229919511362.26263
2023-07-18,1911.697021484375,1916.4683837890625,1878.718505859375,1897.5992431640625,5814708445,-0.0073751818740169,0.024149636325663,ETH-USD,0.0,0,0.0,0,0.0,0.0,0.1200000000000001,0.0,495815,1175963,,,228127495082.68542
2023-07-19,1897.7972412109373,1919.264404296875,1883.067138671875,1889.0079345703125,6018487800,-0.0045377420643504,0.0239218562559193,ETH-USD,0.0,0,0.0,0,0.0,0.0,0.0,0.0,466872,1093783,,,227178590307.35773
2023-07-20,1889.07373046875,1919.264404296875,1879.734375,1890.9691162109373,7366830684,0.0010376686367426,0.0220601517921581,ETH-USD,0.0,0,0.0,0,0.0,0.0,0.1200000000000001,0.0,431813,1049510,,,227473088233.31607
2023-07-21,1891.581298828125,1905.38623046875,1885.2962646484373,1892.080078125,4668158260,0.000587336769325,0.0218642238761195,ETH-USD,0.0,0,0.0,0,0.0,0.0,0.0,0.0,462143,1110882,,,227487360984.049
2023-07-22,1891.955078125,1897.0880126953125,1855.0927734375,1864.912353515625,4101305643,-0.0144627377669293,0.0222325161695212,ETH-USD,0.0,0,0.0,0,0.0,0.0,0.04,0.0,432180,1004374,,,223781389161.15216
2023-07-23,1866.09423828125,1904.4832763671875,1859.56884765625,1889.191650390625,4480604100,0.0129349828190898,0.0224931972368433,ETH-USD,0.0,0,0.0,0,0.0,0.0,0.08,0.0,424115,977305,,,226990024193.74527
2023-07-24,1888.8095703125,1889.761962890625,1836.8524169921875,1850.0020751953125,6344373569,-0.0209622785597671,0.0230777187813392,ETH-USD,0.0,0,0.0,0,0.0,0.0,0.1,0.0,420593,1036300,,,222413222989.67465
2023-07-25,1850.0279541015625,1867.3232421875,1845.9815673828125,1857.741943359375,4163381707,0.0041749804559229,0.0231218751291905,ETH-USD,0.0,0,0.0,0,0.0,0.0,0.0,0.0,389259,990249,,,223328577435.86365
2023-07-26,1857.696533203125,1886.97412109375,1849.4368896484373,1872.159912109375,5781548155,0.0077310562696787,0.0232172265882103,ETH-USD,0.0,0,0.0,0,0.0,0.0,0.02,0.0,428906,1029348,,,224964126031.26056
2023-07-27,1872.0863037109373,1885.591552734375,1855.321533203125,1860.357177734375,4291339248,-0.0063242972129055,0.0118723350549795,ETH-USD,0.0,0,0.0,0,0.0,0.0,0.02,0.0,414078,998420,,,223504041413.11627
2023-07-28,1860.7025146484373,1881.457275390625,1857.0489501953125,1874.744873046875,3800973336,0.0077040821264939,0.0090262637169189,ETH-USD,0.0,0,0.0,0,0.0,0.0,0.04,0.0,423058,1014601,,,225421043603.6854
2023-07-29,1874.5604248046875,1885.529296875,1870.3338623046875,1881.06884765625,2497302218,0.0033675688178804,0.0091398026538919,ETH-USD,0.0,0,0.0,0,0.0,0.0,0.04,0.0,443989,991161,,,226140545788.4908
2023-07-30,1880.87158203125,1884.1441650390625,1851.72802734375,1861.643798828125,4003005547,-0.0103802910263626,0.0094077810995305,ETH-USD,0.0,0,0.0,0,0.0,0.0,0.04,0.0,449643,981157,,,223796689527.53195
2023-07-31,1861.7552490234373,1875.62939453125,1851.9154052734373,1856.162353515625,4391613314,-0.0029487547546707,0.0093425325486907,ETH-USD,0.0,0,0.0,0,0.0,0.0,0.0,0.0,532895,1048101,,,223156114812.3512
2023-08-01,1856.190185546875,1873.0299072265625,1817.9207763671875,1871.7921142578125,7634860636,0.0083852163200918,0.0096043605782397,ETH-USD,0.0,0,0.0,0,0.0,0.0,0.06,0.0,430764,1068108,,,224454495736.9229
2023-08-02,1873.4681396484373,1877.511474609375,1822.3482666015625,1839.0897216796875,6448512422,-0.0176255890830373,0.0105662806249967,ETH-USD,0.0,0,0.0,0,0.0,0.0,0.06,0.0,439016,1042149,,,221003950761.20663
2023-08-03,1838.89794921875,1856.4075927734373,1825.3477783203125,1835.136474609375,4710581074,-0.0021518809047709,0.0105320978657954,ETH-USD,0.0,0,0.0,0,0.0,0.0,0.04,0.0,463901,1049539,,,220717455957.0204
2023-08-04,1834.8905029296875,1847.9122314453125,1817.413818359375,1827.712890625,4861242484,-0.0040534531500283,0.0105126431738707,ETH-USD,0.0,0,0.0,0,0.0,0.0,0.08,0.0,483717,1075359,,,219558297308.6776
2023-08-05,1827.798583984375,1836.46484375,1824.8079833984373,1834.9879150390625,2866049749,0.0039724969999792,0.0100391188464804,ETH-USD,0.0,0,0.0,0,0.0,0.0,0.0,0.0,456526,1124372,,,220653875630.6724
2023-08-06,1834.84521484375,1836.2489013671875,1824.9866943359373,1827.4620361328125,2963395076,-0.0041097569109865,0.0091971028509921,ETH-USD,0.0,0,0.0,0,0.0,0.0,-0.02,0.0,470221,987506,,,219640473195.1284
2023-08-07,1827.239501953125,1842.5225830078125,1804.7166748046875,1826.9388427734373,5837881974,-0.0002863360535892,0.0074827053128782,ETH-USD,0.0,0,0.0,0,0.0,0.0,-0.02,0.0,434031,1047336,,,219510411361.94904
2023-08-08,1826.9310302734373,1873.84716796875,1824.4300537109373,1855.807373046875,5812855406,0.0156780401934835,0.0086265043657567,ETH-USD,0.0,0,0.0,0,0.0,0.0,0.08,0.0,426439,1098689,,,223216765513.99805
2023-08-09,1855.7794189453125,1869.736572265625,1845.48974609375,1854.297607421875,5870081833,-0.0008138668400405,0.0083289181120605,ETH-USD,0.0,0,0.0,0,0.0,0.0,0.0,0.0,479009,1076595,,,223050876575.03653
2023-08-10,1854.3482666015625,1863.3109130859373,1845.4422607421875,1850.75341796875,3760304518,-0.0019131669226014,0.0081812931820788,ETH-USD,0.0,0,0.0,0,0.0,0.0,0.06,0.0,435345,1037733,,,222517266863.16888
2023-08-11,1850.74169921875,1855.0660400390625,1839.5692138671875,1847.1243896484373,3353025102,-0.0019627633330058,0.0078486326533157,ETH-USD,0.0,0,0.0,0,0.0,0.0,0.02,0.0,462207,1050203,,,221999945950.4104
2023-08-12,1847.1719970703125,1852.281005859375,1845.71923828125,1848.889892578125,2291124840,0.0009553551091288,0.0077700373155625,ETH-USD,0.0,0,0.0,0,0.0,0.0,0.08,0.0,456717,972839,,,222244055147.18747
2023-08-13,1849.0538330078125,1859.9163818359373,1834.8043212890625,1839.2801513671875,3054625661,-0.005211127926941,0.0074166852672526,ETH-USD,0.0,0,0.0,0,0.0,0.0,0.08,0.0,472123,920802,,,221085140671.868
2023-08-14,1839.323486328125,1853.8363037109373,1834.8004150390625,1844.185791015625,4083364724,0.0026636014153724,0.007446906376465,ETH-USD,0.0,0,0.0,0,0.0,0.0,0.0,0.0,452925,1009971,,,221672256501.92627
2023-08-15,1844.1641845703125,1845.547607421875,1816.3250732421875,1826.9327392578125,4483923893,-0.0093994125438565,0.0073376366276761,ETH-USD,0.0,0,0.0,0,0.0,0.0,0.06,0.0,450149,1056395,,,219661088203.63315
2023-08-16,1827.036376953125,1829.3612060546875,1798.9666748046875,1805.6590576171875,4976573383,-0.0117128078467285,0.0064715549998398,ETH-USD,0.0,0,0.0,0,0.0,0.0,0.04,0.0,419867,1076026,,,217233014584.67572
2023-08-17,1805.5673828125,1807.71484375,1551.7132568359375,1684.9334716796875,14208462072,-0.0691995736731214,0.0192785065868929,ETH-USD,0.0,0,0.0,0,0.0,0.0,0.0,0.0,442604,1065879,,,203038445474.3102
2023-08-18,1682.0384521484375,1698.124267578125,1644.930908203125,1660.945068359375,9645084584,-0.0143393216851267,0.0193902081203992,ETH-USD,0.0,0,0.0,0,0.0,0.0,-0.26,0.0,466951,1081417,,,199642075197.11533
2023-08-19,1660.8443603515625,1693.2281494140625,1654.0758056640625,1669.471923828125,4871231360,0.0051206044890732,0.0194417882464061,ETH-USD,0.0,0,0.0,0,0.0,0.0,-0.2199999999999999,0.0,523589,1041484,,,200629823980.3228
2023-08-20,1669.5877685546875,1692.3287353515625,1662.9014892578125,1684.85205078125,4105056995,0.0091703931125707,0.0198992256095158,ETH-USD,0.0,0,0.0,0,0.0,0.0,-0.26,0.0,468619,943440,,,202397927330.03745
2023-08-21,1685.0223388671875,1685.0826416015625,1651.9598388671875,1667.26904296875,5077248383,-0.0104907720100263,0.0198684536386019,ETH-USD,0.0,0,0.0,0,0.0,0.0,-0.24,0.0,426008,1010718,,,200440934733.1008
2023-08-22,1667.279296875,1668.638671875,1596.384033203125,1633.892578125,7244623133,-0.0202217316335095,0.0190825172927608,ETH-USD,0.0,0,0.0,0,0.0,0.0,-0.26,0.0,412243,1040834,,,196183260267.4045
2023-08-23,1634.4017333984375,1696.593994140625,1629.5810546875,1679.2744140625,7191868448,0.0273965511145221,0.0213760514150124,ETH-USD,0.0,0,0.0,0,0.0,0.0,-0.26,0.0,425302,1045220,,,201833969278.93896
2023-08-24,1679.248291015625,1682.48974609375,1641.6270751953125,1659.944580078125,5104531920,-0.0115775874136504,0.0213523367789796,ETH-USD,0.0,0,0.0,0,0.0,0.0,-0.18,0.0,431316,1055235,,,199158644817.6945
2023-08-25,1660.2698974609375,1671.970703125,1635.9674072265625,1652.93505859375,5396997823,-0.0042316852460319,0.0213134273459218,ETH-USD,0.0,0,0.0,0,0.0,0.0,-0.2199999999999999,0.0,420800,1025742,,,198716859248.17236
2023-08-26,1652.92724609375,1654.7777099609375,1643.712646484375,1646.3067626953125,2423247747,-0.0040180775919214,0.0211949819129471,ETH-USD,0.0,0,0.0,0,0.0,0.0,-0.24,0.0,495985,990794,,,197871805108.23734
2023-08-27,1646.27197265625,1659.26708984375,1645.90283203125,1657.5130615234375,2624065031,0.006783869824214,0.0215681456765286,ETH-USD,0.0,0,0.0,0,0.0,0.0,-0.24,0.0,500556,907110,,,199174568417.6872
2023-08-28,1657.4398193359375,1659.3287353515625,1627.44677734375,1652.4573974609375,4855588534,-0.0030548115499609,0.0214158463753697,ETH-USD,0.0,0,0.0,0,0.0,0.0,-0.2199999999999999,0.0,392699,995843,,,198699864913.79327
2023-08-29,1652.274169921875,1742.6373291015625,1639.576171875,1729.7257080078125,11304916729,0.045699333902423,0.0257347322278679,ETH-USD,0.0,0,0.0,0,0.0,0.0,-0.2199999999999999,0.0,412991,1019692,,,207610901616.7568
2023-08-30,1729.6766357421875,1730.564697265625,1697.147216796875,1705.1121826171875,5023904190,-0.0143319408273447,0.0258052780787326,ETH-USD,0.0,0,0.0,0,0.0,0.0,-0.02,0.0,465457,1027316,,,204976313567.9596
2023-08-31,1705.364501953125,1720.011962890625,1634.8509521484375,1645.63916015625,6593153505,-0.0355020488675533,0.020235877524324,ETH-USD,0.0,0,0.0,0,0.0,0.0,0.04,0.0,454064,1010128,,,197839193427.6484
2023-09-01,1645.581298828125,1653.53173828125,1603.0341796875,1628.4912109375,6104510092,-0.0104749072697508,0.0200757172826164,ETH-USD,0.0,0,0.0,0,0.0,0.0,-0.1999999999999999,0.0,496632,1006635,,,195805173737.25812
2023-09-02,1628.5596923828125,1644.0306396484375,1627.97607421875,1637.025390625,2943590996,0.0052268600398092,0.0200783958100384,ETH-USD,0.0,0,0.0,0,0.0,0.0,-0.2199999999999999,0.0,580665,1024172,,,196784032517.21048
2023-09-03,1637.0435791015625,1645.6451416015625,1626.0892333984375,1636.11767578125,3151878318,-0.0005546441744855,0.0198514382127227,ETH-USD,0.0,0,0.0,0,0.0,0.0,-0.1999999999999999,0.0,590095,1038128,,,196627029264.7671
2023-09-04,1635.7247314453125,1642.6531982421875,1618.523681640625,1629.6552734375,3887968912,-0.0039576607923014,0.0197152552726322,ETH-USD,0.0,0,0.0,0,0.0,0.0,-0.1999999999999999,0.0,415077,952440,,,195648441580.9122
2023-09-05,1629.9110107421875,1645.9483642578125,1610.1412353515625,1633.62939453125,4417491902,0.0024356582172813,0.018988236377987,ETH-USD,0.0,0,0.0,0,0.0,0.0,-0.1999999999999999,0.0,453263,994049,,,196287511882.092
2023-09-06,1633.912109375,1656.9327392578125,1611.147705078125,1632.2523193359375,4987397046,-0.000843309952762,0.0172754100300125,ETH-USD,0.0,0,0.0,0,0.0,0.0,-0.16,0.0,472724,1058940,,,196248521706.68457
2023-09-07,1632.2628173828125,1657.3037109375,1623.220458984375,1647.5982666015625,4907290296,0.0093577794767834,0.0172913473694911,ETH-USD,0.0,0,0.0,0,0.0,0.0,-0.18,0.0,454333,1017089,,,197894159962.4426
2023-09-08,1647.8076171875,1657.1363525390625,1617.7965087890625,1636.1378173828125,4598495496,-0.0069801564178675,0.0173520639156918,ETH-USD,0.0,0,0.0,0,0.0,0.0,-0.0799999999999999,0.0,455177,1014297,,,196729323799.032
2023-09-09,1636.0504150390625,1636.8707275390625,1629.660888671875,1635.162353515625,2081625742,-0.0005963768808357,0.0173262601824817,ETH-USD,0.0,0,0.0,0,0.0,0.0,-0.18,0.0,472142,929400,,,196525701533.39087
2023-09-10,1635.211669921875,1635.43310546875,1604.04052734375,1616.828857421875,4339499949,-0.0112753627781058,0.0174154766685465,ETH-USD,0.0,0,0.0,0,0.0,0.0,-0.1999999999999999,0.0,480768,866548,,,194452705420.8659
2023-09-11,1616.769775390625,1618.3057861328125,1533.4267578125,1551.6376953125,7693700923,-0.0411557846607781,0.0203590703159023,ETH-USD,0.0,0,0.0,0,0.0,0.0,-0.1999999999999999,0.0,506669,1021616,,,186270491674.28464
2023-09-12,1551.497802734375,1619.114013671875,1549.4937744140625,1592.429443359375,6813819740,0.0259498511330005,0.0170246126757927,ETH-USD,0.0,0,0.0,0,0.0,0.0,-0.4,0.0,580314,1092958,,,191639415690.83716
2023-09-13,1592.892333984375,1615.05029296875,1582.217529296875,1607.988525390625,4979469106,0.0097232328803597,0.0173202702155952,ETH-USD,0.0,0,0.0,0,0.0,0.0,-0.18,0.0,1146469,1627860,,,193288058297.27283
2023-09-14,1608.0316162109375,1640.522705078125,1607.7353515625,1626.974365234375,5538958553,0.0117380374839952,0.0152256373108101,ETH-USD,0.0,0,0.0,0,0.0,0.0,-0.0999999999999999,0.0,496984,1071590,,,195669470003.6536
2023-09-15,1626.8701171875,1652.1131591796875,1613.2486572265625,1641.640380859375,4348584771,0.0089739019042854,0.0151635746931269,ETH-USD,0.0,0,0.0,0,0.0,0.0,-0.0999999999999999,0.0,451903,1002709,,,197641881164.86777
2023-09-16,1641.4464111328125,1649.9886474609375,1632.577880859375,1635.2216796875,2819575929,-0.0039175951032131,0.0151446924587827,ETH-USD,0.0,0,0.0,0,0.0,0.0,-0.14,0.0,472439,922374,,,196537335311.30225
2023-09-17,1635.2010498046875,1635.512939453125,1616.779296875,1622.896728515625,3032716258,-0.0075657225538315,0.0152769798963161,ETH-USD,0.0,0,0.0,0,0.0,0.0,-0.0799999999999999,0.0,479039,879624,,,194839363621.79996
2023-09-18,1623.0819091796875,1669.015380859375,1609.9573974609375,1637.3470458984375,5916674789,0.0088646205681869,0.0154423399723918,ETH-USD,0.0,0,0.0,0,0.0,0.0,-0.0799999999999999,0.0,452238,979571,,,196892190195.89505
2023-09-19,1637.31201171875,1659.53173828125,1628.4132080078125,1643.544677734375,4405868861,0.0037780211782601,0.0154605342469634,ETH-USD,0.0,0,0.0,0,0.0,0.0,-0.0799999999999999,0.0,453301,1002911,,,197595054599.7692
2023-09-20,1643.495361328125,1649.619140625,1610.4207763671875,1622.890625,5156431986,-0.0126464026309169,0.0158522944455111,ETH-USD,0.0,0,0.0,0,0.0,0.0,-0.06,0.0,462906,1012663,,,195093891420.6436
2023-09-21,1622.591796875,1625.20458984375,1573.3057861328125,1584.3070068359375,5191732312,-0.0240618035679864,0.0167584720235868,ETH-USD,0.0,0,0.0,0,0.0,0.0,-0.06,0.0,607789,1131119,,,190527878989.11093
2023-09-22,1584.0025634765625,1601.5377197265625,1579.101318359375,1593.268310546875,3460791634,0.00564035566334,0.0168553589542586,ETH-USD,0.0,0,0.0,0,0.0,0.0,-0.14,0.0,485197,974991,,,191604397582.1384
2023-09-23,1593.213134765625,1598.001708984375,1588.3289794921875,1593.8577880859375,2101436678,0.0003699116555426,0.0168630689852584,ETH-USD,0.0,0,0.0,0,0.0,0.0,-0.06,0.0,529009,863503,,,191523484156.38928
2023-09-24,1593.82568359375,1600.207275390625,1576.7833251953125,1580.8533935546875,3086456944,-0.0081925356496866,0.0167499548817758,ETH-USD,0.0,0,0.0,0,0.0,0.0,-0.12,0.0,509942,883746,,,190119910487.46167
2023-09-25,1580.7474365234375,1595.8441162109375,1565.0255126953125,1588.3228759765625,4394930984,0.0047138408329368,0.0123190840688297,ETH-USD,0.0,0,0.0,0,0.0,0.0,-0.06,0.0,463901,990751,,,190880225813.88766
2023-09-26,1588.023193359375,1598.0977783203125,1580.16552734375,1593.417236328125,3544861160,0.0032022506710494,0.0101856368066556,ETH-USD,0.0,0,0.0,0,0.0,0.0,-0.0799999999999999,0.0,461614,1041222,,,191420619777.40475
2023-09-27,1593.1082763671875,1631.9107666015625,1585.368896484375,1597.4912109375,5533036096,0.0025534902616827,0.0098357900925508,ETH-USD,0.0,0,0.0,0,0.0,0.0,-0.12,0.0,480193,1056862,,,191955491423.873
2023-09-28,1597.6719970703125,1666.024169921875,1597.294677734375,1652.8826904296875,6658092168,0.0340864431495676,0.0132054636155367,ETH-USD,0.0,0,0.0,0,0.0,0.0,-0.0799999999999999,0.0,482888,1030538,,,198741273785.69464
2023-09-29,1652.9998779296875,1687.28125,1648.656494140625,1667.94384765625,5529687537,0.0090707902518011,0.0132099160798899,ETH-USD,0.0,0,0.0,0,0.0,0.0,-0.04,0.0,488093,1024678,,,200506542881.6789
2023-09-30,1667.83447265625,1692.5311279296875,1666.5638427734375,1671.161865234375,3155292192,0.0019274733123827,0.0131300556529221,ETH-USD,0.0,0,0.0,0,0.0,0.0,-0.06,0.0,472166,977771,,,200939047048.93503
2023-10-01,1671.1614990234375,1750.595703125,1670.0821533203125,1733.8104248046875,5054880180,0.0368024319183155,0.0158355699145525,ETH-USD,0.0,0,0.0,0,0.0,0.0,-0.04,0.0,474950,922694,,,208205738286.41812
2023-10-02,1732.9840087890625,1743.5635986328125,1646.07763671875,1663.6275634765625,8420552922,-0.0413210468044494,0.0199670029719253,ETH-USD,0.0,0,0.0,0,0.0,0.0,0.0,0.0,440326,1016845,,,199987427210.07104
2023-10-03,1662.88720703125,1670.3563232421875,1644.4964599609375,1656.6856689453125,4742827302,-0.0041814757585094,0.0199993222397314,ETH-USD,0.0,0,0.0,0,0.0,0.0,0.0,0.0,452017,1002455,,,199232909522.88464
2023-10-04,1656.7359619140625,1657.2535400390625,1629.4266357421875,1647.838134765625,5127524863,-0.0053548140951199,0.0197217119463461,ETH-USD,0.0,0,0.0,0,0.0,0.0,-0.02,0.0,470040,983598,,,198281236469.4382
2023-10-05,1647.7882080078125,1654.3790283203125,1609.8499755859375,1611.4764404296875,5403759057,-0.0223134049540472,0.0195550228626848,ETH-USD,0.0,0,0.0,0,0.0,0.0,-0.04,0.0,482454,955796,,,193959491197.4659
2023-10-06,1611.36572265625,1659.60986328125,1611.36572265625,1645.83154296875,4941208729,0.0210949512282873,0.0202480164272174,ETH-USD,0.0,0,0.0,0,0.0,0.0,0.0,0.0,496999,993544,,,197895767703.93903
2023-10-07,1645.8109130859375,1648.1837158203125,1631.158203125,1634.51123046875,2578994988,-0.0069019356941436,0.0203945878775011,ETH-USD,0.0,0,0.0,0,0.0,0.0,-0.02,0.0,516225,996807,,,196626137809.6751
2023-10-08,1634.6573486328125,1641.182373046875,1618.189208984375,1633.548583984375,3315554175,-0.0005891241696125,0.0202084373586175,ETH-USD,0.0,0,0.0,0,0.0,0.0,0.0,0.0,478609,924403,,,196369560847.4066
2023-10-09,1633.454833984375,1635.4478759765625,1553.0069580078125,1579.806640625,7020801716,-0.0334522336796812,0.0223271438526923,ETH-USD,0.0,0,0.0,0,0.0,0.0,0.0,0.0,459613,993579,,,189946117818.44528
2023-10-10,1580.112060546875,1593.7413330078125,1553.03173828125,1567.7130126953125,5254966125,-0.0076845826398135,0.0223821505818195,ETH-USD,0.0,0,0.0,0,0.0,0.0,0.0,0.0,454990,1005950,,,188598423655.27484
2023-10-11,1567.6807861328125,1578.2235107421875,1548.98046875,1566.2547607421875,5416504273,-0.0009306107553027,0.0223570204343074,ETH-USD,0.0,0,0.0,0,0.0,0.0,-0.06,0.0,486645,1005828,,,188238045386.17737
2023-10-12,1566.35595703125,1566.878173828125,1523.237548828125,1539.6124267578125,5003930677,-0.0171565529889217,0.020187994488765,ETH-USD,0.0,0,0.0,0,0.0,0.0,-0.0999999999999999,0.0,478310,1004069,,,184967904211.9864
2023-10-13,1539.432861328125,1571.7506103515625,1537.921142578125,1552.0894775390625,4575141511,0.0080713593380655,0.0201358409142671,ETH-USD,0.0,0,0.0,0,0.0,0.0,-0.12,0.0,477264,1007291,,,186432435719.51645
2023-10-14,1552.2637939453125,1560.3250732421875,1545.73876953125,1555.2568359375,2429214718,0.0020386266452902,0.0201388645499257,ETH-USD,0.0,0,0.0,0,0.0,0.0,-0.06,0.0,499942,898577,,,187084692502.79288
2023-10-15,1555.0760498046875,1565.7608642578125,1550.5545654296875,1558.06982421875,2923337883,0.0018070632180871,0.0163483364967814,ETH-USD,0.0,0,0.0,0,0.0,0.0,-0.0999999999999999,0.0,509670,921231,,,187163539843.90665
2023-10-16,1558.3134765625,1628.15625,1555.9896240234375,1600.5343017578125,8846928526,0.0268897490832338,0.0156873277316272,ETH-USD,0.0,0,0.0,0,0.0,0.0,-0.06,0.0,445496,1027904,,,192540809584.78708
2023-10-17,1600.6356201171875,1601.294677734375,1554.4029541015625,1565.4395751953125,5032686973,-0.0221708488271609,0.0165268665133593,ETH-USD,0.0,0,0.0,0,0.0,0.0,0.04,0.0,469524,1002389,,,188249629388.69485
2023-10-18,1565.3828125,1584.7269287109375,1556.736328125,1563.7498779296875,4354138855,-0.0010799585356926,0.0165403220975228,ETH-USD,0.0,0,0.0,0,0.0,0.0,0.0,0.0,443137,1010682,,,188024935495.8889
2023-10-19,1563.9581298828125,1573.7376708984375,1543.5850830078125,1567.45703125,5035110867,0.0023678761320827,0.0157026552803904,ETH-USD,0.0,0,0.0,0,0.0,0.0,0.04,0.0,438038,997931,,,188390109296.98367
2023-10-20,1567.5709228515625,1628.6090087890625,1562.3028564453125,1604.6668701171875,6747486127,0.0234615966110297,0.0159804383534689,ETH-USD,0.0,0,0.0,0,0.0,0.0,0.06,0.0,469116,1087921,,,193099485845.7049
2023-10-21,1604.822265625,1641.2418212890625,1593.447998046875,1629.304443359375,4212179634,0.0152370244020293,0.0165238709718394,ETH-USD,0.0,0,0.0,0,0.0,0.0,0.26,0.0,467937,987400,,,195889538097.25388
2023-10-22,1629.2977294921875,1667.6666259765625,1623.9847412109375,1663.429931640625,5248406817,0.0207284926620939,0.0174445891062575,ETH-USD,0.0,0,0.0,0,0.0,0.0,0.06,0.0,466832,980622,,,200014370740.0251
2023-10-23,1674.8492431640625,1794.0704345703125,1663.447998046875,1765.3826904296875,14362295879,0.059485794112344,0.0206023773970615,ETH-USD,0.0,0,0.0,0,0.0,0.0,0.06,0.0,443611,1063574,,,212045300673.242
2023-10-24,1766.0146484375,1852.6844482421875,1758.6900634765625,1784.4375,15888690475,0.0107357508625241,0.0201105705618032,ETH-USD,0.0,0,0.0,0,0.0,0.0,0.32,0.0,462901,1098323,,,214637684002.69644
2023-10-25,1784.905029296875,1814.4847412109373,1762.1470947265625,1787.3975830078125,9439066475,0.0016574582065942,0.0200214970238043,ETH-USD,0.0,0,0.0,0,0.0,0.0,0.4399999999999999,0.0,452980,1081158,,,214837299092.8946
2023-10-26,1787.48193359375,1865.09521484375,1764.0130615234375,1804.039306640625,11196672635,0.0092675122813854,0.0185104766776475,ETH-USD,0.0,0,0.0,0,0.0,0.0,0.4199999999999999,0.0,446883,1091779,,,217040660414.36276
2023-10-27,1803.794921875,1804.1358642578125,1751.4400634765625,1780.0452880859375,7493399771,-0.0133894032812731,0.0196536311797319,ETH-USD,0.0,0,0.0,0,0.0,0.0,0.3999999999999999,0.0,431981,1034649,,,214182913255.1461
2023-10-28,1780.084228515625,1800.6053466796875,1773.4366455078125,1776.6181640625,4226112731,-0.0019271573654481,0.0198019409670845,ETH-USD,0.0,0,0.0,0,0.0,0.0,0.3,0.0,430136,991315,,,213626773392.6663
2023-10-29,1776.56396484375,1810.4886474609373,1766.052978515625,1795.5460205078125,4358528382,0.0105975160220886,0.019678051017584,ETH-USD,0.0,0,0.0,0,0.0,0.0,0.4399999999999999,0.0,442265,1071556,,,216215228566.22876
2023-10-30,1795.589111328125,1829.24951171875,1779.364501953125,1810.088623046875,7534051038,0.0080666417065267,0.0190789972554046,ETH-USD,0.0,0,0.0,0,0.0,0.0,0.3600000000000001,0.0,451831,1094713,,,217618310857.9813
2023-10-31,1810.131591796875,1819.97265625,1784.567626953125,1816.458984375,6477922747,0.0035131858560219,0.016993973497432,ETH-USD,0.0,0,0.0,0,0.0,0.0,0.32,0.0,443637,1089606,,,218117786556.80875
2023-11-01,1815.8720703125,1858.3128662109373,1786.4095458984375,1847.0897216796875,10628825648,0.0167222840715646,0.0167146660974271,ETH-USD,0.0,0,0.0,0,0.0,0.0,0.32,0.0,448247,1101380,,,222030361844.8621
2023-11-02,1847.2598876953125,1873.885009765625,1790.11474609375,1800.6209716796875,9004197724,-0.0254796873407727,0.0193800620662701,ETH-USD,0.0,0,0.0,0,0.0,0.0,0.4399999999999999,0.0,430684,1045341,,,216393666196.29428
2023-11-03,1800.91650390625,1835.072509765625,1779.635498046875,1832.795166015625,7622864055,0.0177106249924294,0.0191299569679276,ETH-USD,0.0,0,0.0,0,0.0,0.0,0.3,0.0,449646,1104674,,,220409740045.07367
2023-11-04,1833.368896484375,1867.2613525390625,1825.736572265625,1857.6986083984373,4845080427,0.0134961996481003,0.0190953872871715,ETH-USD,0.0,0,0.0,0,0.0,0.0,0.3600000000000001,0.0,424516,1013882,,,223648007470.49445
2023-11-05,1857.3956298828125,1911.608642578125,1848.6201171875,1894.15771484375,8867152645,0.019435847754151,0.019039285598284,ETH-USD,0.0,0,0.0,0,0.0,0.0,0.3999999999999999,0.0,412472,1034459,,,228101025215.8672
2023-11-06,1894.027099609375,1914.5826416015625,1871.9730224609373,1899.83740234375,8104122602,0.0029940427266941,0.012413224879359,ETH-USD,0.0,0,0.0,0,0.0,0.0,0.48,0.0,425120,1101645,,,228377819924.6528
2023-11-07,1900.5997314453125,1907.5614013671875,1852.7908935546875,1888.124267578125,9203228152,-0.0061844195475059,0.0126585613418317,ETH-USD,0.0,0,0.0,0,0.0,0.0,0.3600000000000001,0.0,452904,1055975,,,226852300965.668
2023-11-08,1887.1190185546875,1904.5462646484373,1874.545654296875,1889.3223876953125,6751627017,0.0006343545080602,0.0126762795698869,ETH-USD,0.0,0,0.0,0,0.0,0.0,0.32,0.0,435097,1066274,,,227628332105.04184
2023-11-09,1888.9403076171875,2130.88525390625,1884.204345703125,2120.56103515625,24709695029,0.1154624531406324,0.0324485153965441,ETH-USD,0.0,0,0.0,0,0.0,0.0,0.3799999999999999,0.0,465799,1125199,,,254460314800.6124
2023-11-10,2121.0673828125,2134.69140625,2068.13427734375,2078.289794921875,14740624457,-0.0201353513677363,0.0328943194454928,ETH-USD,0.0,0,0.0,0,0.0,0.0,0.3999999999999999,0.0,503810,1146191,,,250239215675.34256
2023-11-11,2078.058349609375,2089.530517578125,2035.0821533203125,2052.7138671875,10228351203,-0.0123825862277621,0.0333278019298119,ETH-USD,0.0,0,0.0,0,0.0,0.0,0.3999999999999999,0.0,477097,1107685,,,246098573286.51083
2023-11-12,2053.11865234375,2066.00341796875,2019.028076171875,2045.18701171875,7951011698,-0.0036735217154319,0.033536187532045,ETH-USD,0.0,0,0.0,0,0.0,0.0,0.4599999999999999,0.0,445257,1061494,,,245931430048.2509
2023-11-13,2045.3544921875,2116.0107421875,2031.9542236328125,2055.265380859375,14322027970,0.0049157451279263,0.0335556584212916,ETH-USD,0.0,0,0.0,0,0.0,0.0,0.4399999999999999,0.0,404394,1088278,,,248041374424.5866
2023-11-14,2054.765380859375,2065.06689453125,1939.2803955078125,1979.0526123046875,13087862495,-0.0377867271497619,0.0358210285018875,ETH-USD,0.0,0,0.0,0,0.0,0.0,0.3799999999999999,0.0,411867,1050000,,,238406304665.33743
2023-11-15,1979.47265625,2061.99169921875,1968.774658203125,2060.408447265625,12626326991,0.0402859869541703,0.0368948390392706,ETH-USD,0.0,0,0.0,0,0.0,0.0,0.1999999999999999,0.0,432358,1075386,,,247282473649.76608
2023-11-16,2059.9658203125,2088.662353515625,1940.57421875,1960.881591796875,14651619483,-0.0495100746696423,0.0390581007161181,ETH-USD,0.0,0,0.0,0,0.0,0.0,0.3999999999999999,0.0,447363,1093005,,,235658458179.938
2023-11-17,1961.8675537109373,1990.050537109375,1910.4454345703125,1961.28076171875,11881648738,0.0002035458439884,0.0389375072925639,ETH-USD,0.0,0,0.0,0,0.0,0.0,0.26,0.0,442407,1084679,,,235562574722.24765
2023-11-18,1961.6712646484373,1971.4622802734373,1921.0623779296875,1963.2850341796875,8064677046,0.0010213984116557,0.0388668449765192,ETH-USD,0.0,0,0.0,0,0.0,0.0,0.3799999999999999,0.0,435562,1134614,,,235988486694.27432
2023-11-19,1963.1800537109373,2015.6339111328125,1944.90087890625,2013.2044677734373,7716048818,0.0251086070521511,0.0390697635709433,ETH-USD,0.0,0,0.0,0,0.0,0.0,0.32,0.0,445712,983460,,,241687427766.12207
2023-11-20,2011.8533935546875,2066.409912109375,1996.0443115234373,2022.2391357421875,12866464824,0.004477665382766,0.0390678036401989,ETH-USD,0.0,0,0.0,0,0.0,0.0,0.3799999999999999,0.0,478802,1151945,,,243425936075.7508
2023-11-21,2022.21728515625,2035.035888671875,1937.0667724609373,1937.0667724609373,13653500841,-0.0430305246077269,0.0410317602715118,ETH-USD,0.0,0,0.0,0,0.0,0.0,0.4199999999999999,0.0,454803,1129495,,,233951871053.24167
2023-11-22,1933.5831298828125,2089.51416015625,1933.1629638671875,2064.42529296875,13372200584,0.063677023255911,0.0442257074320285,ETH-USD,0.0,0,0.0,0,0.0,0.0,0.24,0.0,468822,1142003,,,248243755106.72443
2023-11-23,2063.905517578125,2088.031982421875,2041.4642333984373,2062.210693359375,7828437946,-0.0010733196866971,0.0311349093868911,ETH-USD,0.0,0,0.0,0,0.0,0.0,0.32,0.0,472550,1123339,,,248100001870.9367
2023-11-24,2062.411865234375,2132.481201171875,2060.9990234375,2081.152099609375,12141148820,0.0091430749119162,0.0308041092863482,ETH-USD,0.0,0,0.0,0,0.0,0.0,0.32,0.0,459777,1068410,,,250031678627.0236
2023-11-25,2081.296142578125,2091.3427734375,2067.917236328125,2084.4130859375,5362623390,0.0015656876553503,0.0305942361559631,ETH-USD,0.0,0,0.0,0,0.0,0.0,0.4599999999999999,0.0,447357,985612,,,250661184415.77808
2023-11-26,2084.177490234375,2094.095947265625,2038.6004638671875,2063.2861328125,8054814154,-0.0101874001603619,0.030721594331689,ETH-USD,0.0,0,0.0,0,0.0,0.0,0.4599999999999999,0.0,445942,989613,,,248356345002.92224
2023-11-27,2062.390869140625,2070.606201171875,1988.120361328125,2027.4173583984373,10574810069,-0.0175371760778174,0.0310647610365067,ETH-USD,0.0,0,0.0,0,0.0,0.0,0.32,0.0,427313,1077314,,,243768743788.73303
2023-11-28,2027.5172119140625,2074.9541015625,1996.814697265625,2049.338134765625,9910633038,0.010754134098833,0.0292986824348537,ETH-USD,0.0,0,0.0,0,0.0,0.0,0.3600000000000001,0.0,435397,1155016,,,246470053307.87244
2023-11-29,2049.186767578125,2071.994384765625,2020.756591796875,2029.92919921875,8945151861,-0.0095159647161867,0.0273131246065656,ETH-USD,0.0,0,0.0,0,0.0,0.0,0.4399999999999999,0.0,435185,1151825,,,243954373407.3826
2023-11-30,2029.3583984375,2054.4443359375,2022.4617919921875,2052.55615234375,8107789163,0.0110850047806455,0.0235934456554894,ETH-USD,0.0,0,0.0,0,0.0,0.0,0.48,0.0,444493,1119717,,,246618749073.38272
2023-12-01,2052.0966796875,2109.319091796875,2046.5570068359373,2087.139892578125,10866891430,0.0167087363185323,0.0238398578807225,ETH-USD,0.0,0,0.0,0,0.0,0.0,0.4199999999999999,0.0,455498,1119260,,,250829909221.05933
2023-12-02,2087.66357421875,2182.81787109375,2087.407958984375,2165.7041015625,9130124831,0.0369508723905937,0.0253305470472773,ETH-USD,0.0,0,0.0,0,0.0,0.0,0.48,0.0,448231,1210135,,,260282765586.54865
2023-12-03,2165.895751953125,2213.17578125,2151.720947265625,2193.691650390625,8278465782,0.0128402810626674,0.0248641446114264,ETH-USD,0.0,0,0.0,0,0.0,0.0,0.4599999999999999,0.0,484971,1030989,,,263743672937.45312
2023-12-04,2193.663330078125,2273.06982421875,2193.00732421875,2243.2158203125,16149367134,0.0223246606319142,0.025227613906223,ETH-USD,0.0,0,0.0,0,0.0,0.0,0.48,0.0,501479,1158630,,,269084023727.36087
2023-12-05,2243.092529296875,2306.5703125,2191.17626953125,2293.841796875,15383072559,0.0223175820582328,0.0208417316885287,ETH-USD,0.0,0,0.0,0,0.0,0.0,0.5,0.0,478540,1197166,,,275506595270.64545
2023-12-06,2293.628173828125,2310.713134765625,2225.0810546875,2231.661376953125,12790612571,-0.0274817322810275,0.0174429915545318,ETH-USD,0.0,0,0.0,0,0.0,0.0,0.4399999999999999,0.0,470269,1126986,,,268298419851.9532
2023-12-07,2233.2177734375,2380.729736328125,2225.050537109375,2357.57958984375,14766891042,0.054889175053788,0.0216982535519269,ETH-USD,0.0,0,0.0,0,0.0,0.0,0.4399999999999999,0.0,514384,1159526,,,283052087495.11487
2023-12-08,2357.169189453125,2387.514404296875,2340.92041015625,2358.73193359375,12543458699,0.0004886631288898,0.0218339380160666,ETH-USD,0.0,0,0.0,0,0.0,0.0,0.4399999999999999,0.0,512163,1182465,,,283636040794.5392
2023-12-09,2358.68603515625,2401.760498046875,2331.666015625,2341.17529296875,10613312823,-0.007471093126813,0.0221993352852842,ETH-USD,0.0,0,0.0,0,0.0,0.0,0.4599999999999999,0.0,514381,1120555,,,281548755375.92944
2023-12-10,2341.440185546875,2376.749755859375,2323.40576171875,2352.462646484375,7369608905,0.0048096488992784,0.0215922764073104,ETH-USD,0.0,0,0.0,0,0.0,0.0,0.48,0.0,530417,1129096,,,282638879627.46204
2023-12-11,2352.49658203125,2354.9140625,2160.358154296875,2224.578857421875,17989249470,-0.0558950939902875,0.0270203488717253,ETH-USD,0.0,0,0.0,0,0.0,0.0,0.48,0.0,477448,1087662,,,267105263406.4986
2023-12-12,2224.39111328125,2242.55126953125,2166.77001953125,2202.0380859375,11391132228,-0.0101842859227533,0.0273518966365786,ETH-USD,0.0,0,0.0,0,0.0,0.0,0.3400000000000001,0.0,460872,1076667,,,264620982863.85928
2023-12-13,2202.600341796875,2283.09912109375,2150.75439453125,2260.648681640625,12576395493,0.0262684651573702,0.027548932819034,ETH-USD,0.0,0,0.0,0,0.0,0.0,0.3,0.0,436280,1081514,,,271782996002.96616
2023-12-14,2260.736083984375,2331.6015625,2239.3662109375,2316.5791015625,12608711052,0.0244397729331826,0.0279044730996596,ETH-USD,0.0,0,0.0,0,0.0,0.0,0.4399999999999999,0.0,472896,1157276,,,278832103880.7036
2023-12-15,2316.1103515625,2316.892822265625,2214.26318359375,2219.33740234375,10259157898,-0.0428828883863424,0.0309575550628198,ETH-USD,0.0,0,0.0,0,0.0,0.0,0.3999999999999999,0.0,460372,1162222,,,267032304913.82004
2023-12-16,2220.41552734375,2260.809814453125,2213.55078125,2226.926513671875,6866555430,0.0034137059074212,0.0295074913623036,ETH-USD,0.0,0,0.0,0,0.0,0.0,0.3400000000000001,0.0,422688,1056961,,,267414141169.10107
2023-12-17,2226.892578125,2244.366455078125,2195.76171875,2196.481201171875,7410453853,-0.013765763969279,0.0296116053349624,ETH-USD,0.0,0,0.0,0,0.0,0.0,0.4599999999999999,0.0,473059,1081782,,,264449372810.90555
2023-12-18,2195.341796875,2222.019287109375,2120.12744140625,2217.2734375,10366536490,0.009421633885768,0.0290620561562054,ETH-USD,0.0,0,0.0,0,0.0,0.0,0.3,0.0,469668,1137970,,,266343025922.6493
2023-12-19,2218.240966796875,2253.348876953125,2139.723388671875,2177.87255859375,10619179629,-0.0179297499886516,0.0285827512301483,ETH-USD,0.0,0,0.0,0,0.0,0.0,0.4599999999999999,0.0,494272,1153138,,,261549539421.9816
2023-12-20,2177.239501953125,2263.3291015625,2161.21875,2201.911376953125,12652290807,0.01097728111882,0.0279632957211738,ETH-USD,0.0,0,0.0,0,0.0,0.0,0.48,0.0,548565,1246531,,,263923558093.5524
2023-12-21,2201.7900390625,2278.12158203125,2184.856689453125,2239.54248046875,12616530536,0.016945804339104,0.0236383881788078,ETH-USD,0.0,0,0.0,0,0.0,0.0,0.3999999999999999,0.0,567353,1242003,,,268946081401.91785
2023-12-22,2239.59814453125,2341.947509765625,2233.53271484375,2326.52490234375,16137246310,0.0381041008107179,0.0261514565729351,ETH-USD,0.0,0,0.0,0,0.0,0.0,0.48,0.0,559864,1205712,,,279589971631.7469
2023-12-23,2326.7158203125,2332.072021484375,2270.428955078125,2309.04638671875,7995772945,-0.0075410763271413,0.026152799011434,ETH-USD,0.0,0,0.0,0,0.0,0.0,0.3999999999999999,0.0,520957,1121929,,,277753859978.1204
2023-12-24,2309.626708984375,2325.705078125,2249.984375,2265.692138671875,9450799236,-0.0189543274554341,0.026516294326223,ETH-USD,0.0,0,0.0,0,0.0,0.0,0.4199999999999999,0.0,527103,1140411,,,272609588572.65408
2023-12-25,2265.340576171875,2303.551025390625,2254.574462890625,2272.561767578125,8036302656,0.00302743491001,0.0216506243444225,ETH-USD,0.0,0,0.0,0,0.0,0.0,0.4599999999999999,0.0,522614,1102694,,,273335490769.7156
2023-12-26,2272.21875,2274.557373046875,2180.225341796875,2231.46533203125,10668581464,-0.0182492579103169,0.0220889817046587,ETH-USD,0.0,0,0.0,0,0.0,0.0,0.4199999999999999,0.0,513646,1116447,,,267950445079.74304
2023-12-27,2231.39306640625,2392.608642578125,2215.140380859375,2378.739990234375,14161342927,0.0639124623831933,0.0271252959579983,ETH-USD,0.0,0,0.0,0,0.0,0.0,0.4599999999999999,0.0,505094,1137685,,,285871524727.5289
2023-12-28,2380.20068359375,2445.017578125,2338.703857421875,2347.566162109375,15660799060,-0.0131918158501429,0.0267674731046834,ETH-USD,0.0,0,0.0,0,0.0,0.0,0.4599999999999999,0.0,543618,1185508,,,282608964784.6786
2023-12-29,2346.84375,2386.004638671875,2262.975830078125,2300.690673828125,12536968996,-0.0201697449503237,0.0244986371532313,ETH-USD,0.0,0,0.0,0,0.0,0.0,0.3,0.0,480676,1110469,,,275939133740.6993
2023-12-30,2300.399658203125,2322.021484375,2270.011962890625,2292.0654296875,6888195427,-0.003756025395834,0.0245545515878448,ETH-USD,0.0,0,0.0,0,0.0,0.0,0.3600000000000001,0.0,514594,1090893,,,275676714946.2193
2023-12-31,2291.9453125,2318.512939453125,2261.394287109375,2281.47119140625,6871481744,-0.0046328511643845,0.0242208292997227,ETH-USD,0.0,0,0.0,0,0.0,0.0,0.3400000000000001,0.0,503085,1061956,,,273914618990.41263
2024-01-01,2282.870361328125,2352.327880859375,2267.01806640625,2352.327880859375,6906765990,0.0305849311829478,0.0253078480317415,ETH-USD,0.0,0,0.0,0,0.0,0.0,0.3,0.0,562773,1101465,,,282133427486.7092
2024-01-02,2352.593505859375,2431.21240234375,2348.892333984375,2355.83642578125,12910543630,0.0014904091458289,0.0245201688877085,ETH-USD,0.0,0,0.0,0,0.0,0.0,0.4199999999999999,0.0,512753,1128657,,,283359366280.1601
2024-01-03,2355.9814453125,2385.11767578125,2113.92529296875,2210.761962890625,19332933581,-0.0635585988981477,0.0306027146167745,ETH-USD,0.0,0,0.0,0,0.0,0.0,0.3999999999999999,0.0,477192,1092220,,,265293790915.38196
2024-01-04,2210.529052734375,2294.608154296875,2204.86572265625,2269.0380859375,11044564896,0.0260187553019354,0.0310750653464331,ETH-USD,0.0,0,0.0,0,0.0,0.0,0.3600000000000001,0.0,475972,1116573,,,273086305344.0916
2024-01-05,2269.409423828125,2276.7646484375,2209.537109375,2268.647216796875,10860953290,-0.0001722768837038,0.0291792611222439,ETH-USD,0.0,0,0.0,0,0.0,0.0,0.4399999999999999,0.0,489211,1069252,,,272541767132.76257
2024-01-06,2269.5400390625,2271.359375,2219.781982421875,2241.624755859375,5970741680,-0.0119827737394821,0.0292704963763383,ETH-USD,0.0,0,0.0,0,0.0,0.0,0.3999999999999999,0.0,483964,994947,,,269092350636.286
2024-01-07,2242.0126953125,2257.1279296875,2211.5625,2222.865966796875,6490053615,-0.0084036010483546,0.0289375633266505,ETH-USD,0.0,0,0.0,0,0.0,0.0,0.4199999999999999,0.0,523419,1049831,,,266630923706.5044
2024-01-08,2222.857666015625,2358.815673828125,2171.99365234375,2333.03271484375,13830287095,0.0483716762657834,0.031857105718995,ETH-USD,0.0,0,0.0,0,0.0,0.0,0.4199999999999999,0.0,508589,1073535,,,280311865330.14355
2024-01-09,2332.8681640625,2369.6416015625,2243.21923828125,2344.8271484375,14891130716,0.0050426729023095,0.0313290688721794,ETH-USD,0.0,0,0.0,0,0.0,0.0,0.52,0.0,512092,1078832,,,281196631712.77386
2024-01-10,2344.923583984375,2626.976806640625,2341.943115234375,2582.103515625,29042100476,0.0963926943837523,0.0368584638643284,ETH-USD,0.0,0,0.0,0,0.0,0.0,0.4599999999999999,0.0,624690,1247106,,,311381248197.2948
2024-01-11,2584.171630859375,2687.779052734375,2567.99365234375,2619.619140625,22575246883,0.0144245581550595,0.0364976632096104,ETH-USD,0.0,0,0.0,0,0.0,0.0,0.52,0.0,596971,1209246,,,314726093675.1405
2024-01-12,2619.177001953125,2710.421875,2460.925537109375,2524.460205078125,23623839263,-0.0370016813266483,0.0377468912492081,ETH-USD,0.0,0,0.0,0,0.0,0.0,0.4199999999999999,0.0,579744,1209875,,,302760352950.6545
2024-01-13,2522.933837890625,2589.079833984375,2498.594482421875,2576.597900390625,12250316867,0.0204426257929975,0.0377887458082359,ETH-USD,0.0,0,0.0,0,0.0,0.0,0.28,0.0,495542,1212202,,,310078136113.07623
2024-01-14,2578.003662109375,2578.332275390625,2470.42431640625,2472.2412109375,9405587417,-0.0413447734238203,0.039970392277054,ETH-USD,0.0,0,0.0,0,0.0,0.0,0.1999999999999999,0.0,403225,1961144,,,297947123167.0192
2024-01-15,2471.6669921875,2550.76904296875,2470.82080078125,2511.36376953125,9700630000,0.0157008279903788,0.0394532099269802,ETH-USD,0.0,0,0.0,0,0.0,0.0,0.04,0.0,522570,1154132,,,301989720118.87885
2024-01-16,2510.627197265625,2613.56689453125,2500.00390625,2587.691162109375,11063317095,0.0299400948730868,0.0400054949156347,ETH-USD,0.0,0,0.0,0,0.0,0.0,0.28,0.0,460330,1269778,,,311342907184.1429
2024-01-17,2587.044677734375,2592.737060546875,2508.432861328125,2528.369384765625,10441017520,-0.0231914519366796,0.0357836932484147,ETH-USD,0.0,0,0.0,0,0.0,0.0,0.1999999999999999,0.0,452249,1181029,,,303399684626.2461
2024-01-18,2528.59326171875,2546.263916015625,2426.135498046875,2467.018798828125,11900028080,-0.0245641253669919,0.0365427279836045,ETH-USD,0.0,0,0.0,0,0.0,0.0,0.26,0.0,499927,1204406,,,296451109518.5997
2024-01-19,2468.68896484375,2501.30517578125,2414.7109375,2489.49853515625,11405278376,0.0090708410561318,0.0365065951836334,ETH-USD,0.0,0,0.0,0,0.0,0.0,0.02,0.0,526104,1173934,,,299252917420.53406
2024-01-20,2489.84765625,2489.84765625,2456.095703125,2469.589111328125,5297826161,-0.0080295135782195,0.0363665265214768,ETH-USD,0.0,0,0.0,0,0.0,0.0,0.04,0.0,538236,1062400,,,296812121980.3945
2024-01-21,2469.798583984375,2479.760498046875,2452.377685546875,2453.9130859375,4578471955,-0.0063678567547607,0.0363045685987944,ETH-USD,0.0,0,0.0,0,0.0,0.0,0.1200000000000001,0.0,546924,1119258,,,294994205694.8564
2024-01-22,2454.9873046875,2463.447265625,2303.502685546875,2310.826416015625,13923771728,-0.0600787119528733,0.0383263815228843,ETH-USD,0.0,0,0.0,0,0.0,0.0,0.1,0.0,516458,1076456,,,277883337589.31256
2024-01-23,2310.95166015625,2348.03125,2167.282470703125,2240.68603515625,16182147521,-0.0308231317333179,0.0391049890514123,ETH-USD,0.0,0,0.0,0,0.0,0.0,0.0,0.0,525689,1083406,,,269085896661.34576
2024-01-24,2241.749755859375,2261.384521484375,2197.65673828125,2233.561767578125,10134722960,-0.0031845681835734,0.026665566915484,ETH-USD,0.0,0,0.0,0,0.0,0.0,-0.04,0.0,498167,1080129,,,268446522806.0937
2024-01-25,2233.969970703125,2240.380859375,2173.6865234375,2217.710205078125,9302247037,-0.0071222920575935,0.025730602064864,ETH-USD,0.0,0,0.0,0,0.0,0.0,0.04,0.0,544086,1173661,,,266576971912.11264
2024-01-26,2217.44189453125,2280.3837890625,2196.14013671875,2267.19970703125,9975117607,0.0220702363029845,0.026137319407051,ETH-USD,0.0,0,0.0,0,0.0,0.0,-0.02,0.0,548880,1172353,,,272440807967.29376
2024-01-27,2267.3193359375,2282.54443359375,2252.38525390625,2267.885986328125,5144367230,0.0003026532897133,0.0250000782883021,ETH-USD,0.0,0,0.0,0,0.0,0.0,0.1,0.0,604147,1147736,,,272413026523.31412
2024-01-28,2268.19287109375,2306.898681640625,2242.683837890625,2257.208740234375,7296214994,-0.0047191347604119,0.0232211125042687,ETH-USD,0.0,0,0.0,0,0.0,0.0,0.08,0.0,569471,1128110,,,271028865337.021
2024-01-29,2256.995361328125,2320.02734375,2237.711669921875,2317.064208984375,8948195551,0.0261719779242155,0.024141577072302,ETH-USD,0.0,0,0.0,0,0.0,0.0,0.1,0.0,555438,1115710,,,278222075744.9288
2024-01-30,2317.435791015625,2388.87060546875,2298.281982421875,2344.49365234375,10173440062,0.0117684948896216,0.0225082350492976,ETH-USD,0.0,0,0.0,0,0.0,0.0,0.2199999999999999,0.0,542307,1190513,,,282234361424.04767
2024-01-31,2343.558837890625,2349.611328125,2264.443603515625,2282.54443359375,10807883277,-0.0267786517065526,0.0227254926681049,ETH-USD,0.0,0,0.0,0,0.0,0.0,0.1999999999999999,0.0,515245,1137621,,,274526642060.58865
2024-02-01,2282.17529296875,2309.842529296875,2243.57177734375,2303.82470703125,8895583113,0.0092798575512324,0.0225478219649228,ETH-USD,0.0,0,0.0,0,0.0,0.0,0.26,0.0,496021,1127338,,,276445467080.7744
2024-02-02,2303.7060546875,2323.053466796875,2282.230224609375,2308.0380859375,7186143091,0.0018271922941494,0.0222844274418161,ETH-USD,0.0,0,0.0,0,0.0,0.0,0.26,0.0,508866,1108172,,,277170806876.5261
2024-02-03,2307.980224609375,2327.346923828125,2293.5380859375,2296.038330078125,4647754021,-0.0052126776128544,0.0222716303793478,ETH-USD,0.0,0,0.0,0,0.0,0.0,0.1999999999999999,0.0,495027,1054604,,,275808350629.1824
2024-02-04,2296.116943359375,2309.01123046875,2272.304931640625,2289.546142578125,5438100035,-0.0028315656930748,0.0222774770020003,ETH-USD,0.0,0,0.0,0,0.0,0.0,0.1999999999999999,0.0,543243,1049649,,,274931718349.5633
2024-02-05,2289.20556640625,2334.6767578125,2270.06787109375,2298.888916015625,7277068110,0.0040723193113711,0.0156899504543145,ETH-USD,0.0,0,0.0,0,0.0,0.0,0.1999999999999999,0.0,549186,1120237,,,276043369834.7498
2024-02-06,2298.955078125,2389.826171875,2296.78857421875,2372.201904296875,9520885493,0.0313926711471676,0.0152043786040857,ETH-USD,0.0,0,0.0,0,0.0,0.0,0.28,0.0,495537,1080846,,,285347504304.1385
2024-02-07,2372.2626953125,2442.63623046875,2353.7060546875,2423.7451171875,9660628536,0.0214953156349962,0.0157200444990436,ETH-USD,0.0,0,0.0,0,0.0,0.0,0.24,0.0,489939,1143018,,,291407572330.25616
2024-02-08,2424.080078125,2459.556640625,2414.74951171875,2419.906494140625,9941841732,-0.0015850123660973,0.0154360007980408,ETH-USD,0.0,0,0.0,0,0.0,0.0,0.32,0.0,456068,1052168,,,291061290860.5217
2024-02-09,2419.773681640625,2522.724609375,2419.36279296875,2487.515625,13634203177,0.0275555708006856,0.0159306256964547,ETH-USD,0.0,0,0.0,0,0.0,0.0,0.4399999999999999,0.0,470607,1075272,,,299329979260.55786
2024-02-10,2487.650390625,2516.7197265625,2475.857666015625,2501.228271484375,6474444159,0.0054974483774366,0.0158322522623648,ETH-USD,0.0,0,0.0,0,0.0,0.0,0.48,0.0,472368,1010940,,,300496508640.7988
2024-02-11,2501.1298828125,2537.67919921875,2495.21435546875,2507.570556640625,7347245813,0.0025324588842513,0.0155353592083116,ETH-USD,0.0,0,0.0,0,0.0,0.0,0.4199999999999999,0.0,507304,1027275,,,300969179572.9268
2024-02-12,2507.578857421875,2663.8427734375,2473.81201171875,2658.115966796875,13022696866,0.0583032099839121,0.0201823311496916,ETH-USD,0.0,0,0.0,0,0.0,0.0,0.3999999999999999,0.0,505729,984284,,,319034809846.93195
2024-02-13,2659.586181640625,2686.455078125,2599.16943359375,2642.185302734375,18271237044,-0.0060112477475168,0.0206044828111184,ETH-USD,0.0,0,0.0,0,0.0,0.0,0.5800000000000001,0.0,522147,1102512,,,317056189146.52496
2024-02-14,2641.685302734375,2786.8935546875,2621.025390625,2777.90234375,21448973822,0.0500897493405292,0.0207109333933245,ETH-USD,0.0,0,0.0,0,0.0,0.0,0.48,0.0,550218,1130386,,,333999821754.63165
2024-02-15,2777.601318359375,2865.845458984375,2764.010498046875,2824.37890625,23734481937,0.0165923939552672,0.0206741268426709,ETH-USD,0.0,0,0.0,0,0.0,0.0,0.4399999999999999,0.0,534338,1153897,,,339527152869.9586
2024-02-16,2825.480712890625,2858.450439453125,2760.3310546875,2803.69140625,17057114638,-0.0073515759483139,0.0212463001216958,ETH-USD,0.0,0,0.0,0,0.0,0.0,0.4399999999999999,0.0,545912,1179007,,,336797511655.58655
2024-02-17,2803.73583984375,2805.128662109375,2724.386962890625,2786.672607421875,17932379943,-0.0060886380073005,0.0213081011414968,ETH-USD,0.0,0,0.0,0,0.0,0.0,0.52,0.0,535786,1078511,,,334867852776.84424
2024-02-18,2786.709716796875,2892.843505859375,2767.9130859375,2878.998046875,23355830478,0.0325940629496657,0.0212803274271531,ETH-USD,0.0,0,0.0,0,0.0,0.0,0.4399999999999999,0.0,504340,1093072,,,345753391043.1903
2024-02-19,2881.296875,2983.37060546875,2860.263671875,2943.57470703125,15163110589,0.0221823962784109,0.0210246022953939,ETH-USD,0.0,0,0.0,0,0.0,0.0,0.5,0.0,537690,1146697,,,354316704848.2192
2024-02-20,2944.1064453125,3031.5244140625,2879.9033203125,3013.503662109375,20341598470,0.0234786796705328,0.0207312311052631,ETH-USD,0.0,0,0.0,0,0.0,0.0,0.4399999999999999,0.0,535843,1149756,,,362195802464.8157
2024-02-21,3015.6533203125,3017.1904296875,2875.41845703125,2970.35546875,18897136867,-0.0144217770742245,0.0223068777249484,ETH-USD,0.0,0,0.0,0,0.0,0.0,0.56,0.0,494220,1100360,,,356289925059.19507
2024-02-22,2969.599853515625,3030.666015625,2907.109375,2971.00732421875,18058908246,0.0002194296137367,0.0222116359417561,ETH-USD,0.0,0,0.0,0,0.0,0.0,0.48,0.0,480307,1082822,,,357178747700.27185
2024-02-23,2970.1396484375,2991.32958984375,2906.583740234375,2921.658203125,12822717059,-0.0167497288331502,0.023358860239129,ETH-USD,0.0,0,0.0,0,0.0,0.0,0.52,0.0,525471,1159988,,,351251792800.3474
2024-02-24,2921.962890625,3003.195068359375,2907.70068359375,2992.385986328125,10701688842,0.0239197250362116,0.0235136628943921,ETH-USD,0.0,0,0.0,0,0.0,0.0,0.4399999999999999,0.0,542711,1101339,,,359292541323.70953
2024-02-25,2992.36669921875,3117.428955078125,2984.39306640625,3112.697265625,14620450464,0.0394185803791827,0.0243264219385526,ETH-USD,0.0,0,0.0,0,0.0,0.0,0.48,0.0,563938,1102202,,,373901389054.7964
2024-02-26,3112.529052734375,3197.375,3037.95458984375,3178.99365234375,17504464351,0.0210750468838978,0.0211016899744895,ETH-USD,0.0,0,0.0,0,0.0,0.0,0.4399999999999999,0.0,566336,1187460,,,381602696978.15137
2024-02-27,3178.405029296875,3287.9580078125,3167.83056640625,3244.519287109375,21090315368,0.0204025144361792,0.0204633102668675,ETH-USD,0.0,0,0.0,0,0.0,0.0,0.5800000000000001,0.0,571866,1219667,,,389821991485.6635
2024-02-28,3243.893310546875,3485.450927734375,3201.575927734375,3385.703857421875,32885894265,0.0425946193780364,0.0195426642933988,ETH-USD,0.0,0,0.0,0,0.0,0.0,0.6399999999999999,0.0,583458,1227000,,,405699438502.2144
2024-02-29,3386.802734375,3518.96923828125,3303.9052734375,3341.919677734375,28469171094,-0.0130164233010779,0.0208166772113974,ETH-USD,0.0,0,0.0,0,0.0,0.0,0.6000000000000001,0.0,568518,1236458,,,402515295030.9696
2024-03-01,3341.9658203125,3452.626220703125,3341.85107421875,3435.053955078125,16880101987,0.0274872373036918,0.0204012426387634,ETH-USD,0.0,0,0.0,0,0.0,0.0,0.6000000000000001,0.0,567634,1205380,,,413070896780.6687
2024-03-02,3436.1591796875,3459.747314453125,3398.89892578125,3422.0498046875,12024340617,-0.0037929033703291,0.0202314864341382,ETH-USD,0.0,0,0.0,0,0.0,0.0,0.6000000000000001,0.0,569559,1210225,,,410917409695.5157
2024-03-03,3422.875244140625,3491.16845703125,3372.214111328125,3490.99365234375,13643324467,0.0199466802026198,0.0196434293962228,ETH-USD,0.0,0,0.0,0,0.0,0.0,0.6599999999999999,0.0,591186,1182830,,,418373036856.6305
2024-03-04,3489.340087890625,3641.459228515625,3446.017578125,3630.433837890625,26772963830,0.039165745876315,0.0206991199256936,ETH-USD,0.0,0,0.0,0,0.0,0.0,0.6399999999999999,0.0,588463,1267200,,,436161092897.6109
2024-03-05,3631.928955078125,3828.15966796875,3224.119384765625,3554.964599609375,47706899137,-0.021007050416046,0.0226196443939767,ETH-USD,0.0,0,0.0,0,0.0,0.0,0.8,0.0,582912,1303724,,,426791266257.23566
2024-03-06,3554.06787109375,3901.434326171875,3502.802490234375,3819.226318359375,34938642613,0.0717027623548773,0.0263436717274197,ETH-USD,0.0,0,0.0,0,0.0,0.0,0.5,0.0,548248,1218992,,,458939871618.8594
2024-03-07,3818.31103515625,3939.593994140625,3738.685302734375,3874.34765625,22457177587,0.0143294342144944,0.0258787684077359,ETH-USD,0.0,0,0.0,0,0.0,0.0,0.6399999999999999,0.0,574568,1228816,,,464677599356.7701
2024-03-08,3874.830810546875,3998.826416015625,3828.36328125,3892.06103515625,26135487051,0.0045615445502833,0.0241880743327143,ETH-USD,0.0,0,0.0,0,0.0,0.0,0.6200000000000001,0.0,561713,1212254,,,467872395755.07965
2024-03-09,3892.119140625,3950.396484375,3880.658935546875,3915.4189453125,11926623780,0.0059834876050164,0.0244655632186894,ETH-USD,0.0,0,0.0,0,0.0,0.0,0.6799999999999999,0.0,553560,1160185,,,470114946488.1761
2024-03-10,3915.590576171875,3968.7236328125,3800.564453125,3881.193115234375,15783924355,-0.0087797237225827,0.0247911618200673,ETH-USD,0.0,0,0.0,0,0.0,0.0,0.5800000000000001,0.0,539361,1157440,,,465068887749.35565
2024-03-11,3881.23779296875,4087.050048828125,3745.125244140625,4066.445068359375,28806262507,0.0466265599074274,0.0261175380670778,ETH-USD,0.0,0,0.0,0,0.0,0.0,0.6399999999999999,0.0,595781,1245874,,,489142422840.4447
2024-03-12,4066.6904296875,4092.2841796875,3831.889892578125,3980.273193359375,26917010932,-0.0214187117111479,0.0280879708320235,ETH-USD,0.0,0,0.0,0,0.0,0.0,0.6200000000000001,0.0,578377,1232719,,,476900334294.7112
2024-03-13,3980.26513671875,4083.00732421875,3936.627197265625,4006.45703125,22028114691,0.0065568589305074,0.0269533569488903,ETH-USD,0.0,0,0.0,0,0.0,0.0,0.6200000000000001,0.0,603003,1277221,,,480908185956.49365
2024-03-14,4005.7451171875,4011.102783203125,3721.78857421875,3883.140380859375,25434810823,-0.0312631146419185,0.0286454178931664,ETH-USD,0.0,0,0.0,0,0.0,0.0,0.76,0.0,612536,1300877,,,466280907046.3074
2024-03-15,3882.85693359375,3928.775634765625,3571.774658203125,3735.22021484375,33505075433,-0.0388374261325502,0.0310434490764295,ETH-USD,0.0,0,0.0,0,0.0,0.0,0.6599999999999999,0.0,675933,1312102,,,448743632254.6925
2024-03-16,3736.10498046875,3780.89453125,3468.079345703125,3522.860107421875,20199855932,-0.058533586440877,0.0354974780896504,ETH-USD,0.0,0,0.0,0,0.0,0.0,0.6200000000000001,0.0,670469,1275332,,,422628470884.0994
2024-03-17,3523.02978515625,3676.263427734375,3414.17236328125,3642.4130859375,19938757095,0.0333732074975971,0.0361920713557056,ETH-USD,0.0,0,0.0,0,0.0,0.0,0.5800000000000001,0.0,664906,1204019,,,436914677347.14233
2024-03-18,3642.298828125,3642.4970703125,3456.09130859375,3517.985107421875,21162220224,-0.0347579846458721,0.0359063775444052,ETH-USD,0.0,0,0.0,0,0.0,0.0,0.54,0.0,659801,1281387,,,423880484898.4879
2024-03-19,3518.34765625,3546.582275390625,3149.286865234375,3157.6181640625,34166976701,-0.1080704152151127,0.0456286321564397,ETH-USD,0.0,0,0.0,0,0.0,0.0,0.5800000000000001,0.0,650497,1377677,,,380151343242.56384
2024-03-20,3158.396728515625,3534.826416015625,3059.65478515625,3513.39306640625,36605316331,0.1067642582840092,0.0510119342926012,ETH-USD,0.0,0,0.0,0,0.0,0.0,0.48,0.0,692050,1370939,,,422563427536.4576
2024-03-21,3514.017578125,3586.905029296875,3412.22265625,3492.9912109375,22213647922,-0.0058238064955592,0.0506785491402683,ETH-USD,0.0,0,0.0,0,0.0,0.0,0.56,0.0,690508,1331198,,,419014699224.6883
2024-03-22,3492.89794921875,3541.898193359375,3254.96923828125,3333.68798828125,20574952329,-0.0466792544778223,0.0515902484027943,ETH-USD,0.0,0,0.0,0,0.0,0.0,0.5,0.0,696307,1323924,,,398278418620.5121
2024-03-23,3335.592529296875,3433.758056640625,3273.115478515625,3336.593994140625,13242137554,0.0008713292933912,0.0514782953254557,ETH-USD,0.0,0,0.0,0,0.0,0.0,0.4599999999999999,0.0,700773,1297609,,,402826224098.83325
2024-03-24,3336.666015625,3470.344482421875,3301.27734375,3454.636474609375,12156660941,0.0347667100501574,0.0529452230795897,ETH-USD,0.0,0,0.0,0,0.0,0.0,0.48,0.0,679695,1230758,,,414906995990.66846
2024-03-25,3454.8857421875,3657.118896484375,3421.79052734375,3590.8837890625,18603921705,0.038681118505866,0.0523502184396802,ETH-USD,0.0,0,0.0,0,0.0,0.0,0.5,0.0,660352,1279190,,,431793897935.0968
2024-03-26,3591.085205078125,3678.789794921875,3545.4287109375,3587.5048828125,18505553577,-0.0009414108524901,0.0522590359976651,ETH-USD,0.0,0,0.0,0,0.0,0.0,0.6200000000000001,0.0,608189,1315082,,,431468093653.6476
2024-03-27,3587.313720703125,3664.383056640625,3460.3935546875,3500.115234375,18753082145,-0.0246610500870067,0.0522827509674634,ETH-USD,0.0,0,0.0,0,0.0,0.0,0.6599999999999999,0.0,573286,1272273,,,420064182413.0772
2024-03-28,3500.216064453125,3609.705322265625,3465.332275390625,3561.2939453125,16419674157,0.017328054549411,0.0523504731616991,ETH-USD,0.0,0,0.0,0,0.0,0.0,0.6000000000000001,0.0,596032,1287078,,,428203988053.25446
2024-03-29,3561.01171875,3583.701416015625,3475.7255859375,3511.80615234375,12712701619,-0.0139934681623031,0.0515736164900298,ETH-USD,0.0,0,0.0,0,0.0,0.0,0.5800000000000001,0.0,642512,1304561,,,422216663301.2888
2024-03-30,3511.82763671875,3566.08447265625,3489.902099609375,3507.9443359375,9389066783,-0.001100271812307,0.049164831635297,ETH-USD,0.0,0,0.0,0,0.0,0.0,0.5,0.0,650692,1239605,,,421001603763.6652
2024-03-31,3507.95166015625,3655.218994140625,3507.24267578125,3647.8564453125,10499881424,0.0391095131885664,0.0494899044757423,ETH-USD,0.0,0,0.0,0,0.0,0.0,0.5,0.0,653977,1245309,,,437637607654.5576
2024-04-01,3647.819580078125,3648.129150390625,3418.6953125,3505.030029296875,16002098681,-0.0399406318143036,0.0497892342564822,ETH-USD,0.0,0,0.0,0,0.0,0.0,0.5800000000000001,0.0,611993,1245715,,,421518400640.9793
2024-04-02,3504.818359375,3506.962890625,3215.985107421875,3277.234619140625,22076539151,-0.0671991251460799,0.0438224671267241,ETH-USD,0.0,0,0.0,0,0.0,0.0,0.5800000000000001,0.0,546109,1239577,,,394198014695.4116
2024-04-03,3277.32421875,3368.111572265625,3205.649169921875,3311.44189453125,16010734587,0.0103837493547832,0.03225255900384,ETH-USD,0.0,0,0.0,0,0.0,0.0,0.4199999999999999,0.0,537711,1211600,,,398308647929.8092
2024-04-04,3311.495361328125,3443.20751953125,3253.3193359375,3330.04052734375,14476330517,0.005600762073501,0.0323534614051565,ETH-USD,0.0,0,0.0,0,0.0,0.0,0.3999999999999999,0.0,569904,1234719,,,399572072652.4788
2024-04-05,3330.005859375,3345.66650390625,3214.244140625,3318.88525390625,15214447092,-0.0033555146414286,0.0298736072141189,ETH-USD,0.0,0,0.0,0,0.0,0.0,0.5800000000000001,0.0,599968,1242174,,,399078541470.1697
2024-04-06,3318.86474609375,3397.592529296875,3308.9833984375,3354.183837890625,8956926798,0.0105795137842222,0.0300156729555927,ETH-USD,0.0,0,0.0,0,0.0,0.0,0.5,0.0,628725,1201522,,,404429950925.5345
2024-04-07,3354.2138671875,3458.50830078125,3346.11474609375,3453.49462890625,9931108526,0.0291781808501278,0.0295567734252123,ETH-USD,0.0,0,0.0,0,0.0,0.0,0.56,0.0,622065,1177838,,,413954386217.284
2024-04-08,3453.498779296875,3727.616455078125,3409.51171875,3695.292724609375,19055143129,0.0676731187933671,0.0332607299918628,ETH-USD,0.0,0,0.0,0,0.0,0.0,0.52,0.0,598540,1221235,,,444293084869.32416
2024-04-09,3695.341796875,3724.92236328125,3455.107666015625,3505.163330078125,18279773833,-0.0528226545108656,0.036364714654924,ETH-USD,0.0,0,0.0,0,0.0,0.0,0.6000000000000001,0.0,565994,1226401,,,420164384263.2175
2024-04-10,3505.156005859375,3561.516357421875,3415.180419921875,3543.737060546875,16872482726,0.0109447185752462,0.0358740050281055,ETH-USD,0.0,0,0.0,0,0.0,0.0,0.56,0.0,590235,1207941,,,425217575814.1802
2024-04-11,3543.4521484375,3616.1943359375,3477.171142578125,3505.247802734375,14076734489,-0.0109206193734581,0.0356718572625165,ETH-USD,0.0,0,0.0,0,0.0,0.0,0.52,0.0,582348,1213672,,,420750811051.75946
2024-04-12,3505.329833984375,3552.589111328125,3103.43017578125,3243.034912109375,22104869556,-0.0777516251273086,0.041097360175202,ETH-USD,0.0,0,0.0,0,0.0,0.0,0.5800000000000001,0.0,633107,1322052,,,388428557773.26245
2024-04-13,3242.94091796875,3299.663818359375,2862.3935546875,3004.900390625,29930408174,-0.0762651730824629,0.0451608783817515,ETH-USD,0.0,0,0.0,0,0.0,0.0,0.4399999999999999,0.0,576579,1162426,,,363861021415.1023
2024-04-14,3005.547607421875,3174.66650390625,2914.4228515625,3156.94189453125,25486284994,0.0493593845673098,0.0461098208215158,ETH-USD,0.0,0,0.0,0,0.0,0.0,0.4399999999999999,0.0,578258,1133064,,,379290245495.9804
2024-04-15,3156.830078125,3277.5615234375,3026.538818359375,3101.600341796875,21925843181,-0.0176855865517866,0.0453882165776742,ETH-USD,0.0,0,0.0,0,0.0,0.0,0.48,0.0,600397,1187906,,,372597525247.1936
2024-04-16,3101.140625,3127.160888671875,2997.754638671875,3084.920166015625,19441391169,-0.0053924386671186,0.0421547961851586,ETH-USD,0.0,0,0.0,0,0.0,0.0,0.3,0.0,623665,1178451,,,370845872685.86017
2024-04-17,3084.923583984375,3123.669677734375,2918.5537109375,2984.7275390625,17711869375,-0.0330173129250222,0.0425840110266468,ETH-USD,0.0,0,0.0,0,0.0,0.0,0.3400000000000001,0.0,620637,1245968,,,358407794282.978
2024-04-18,2984.705322265625,3094.842041015625,2956.12744140625,3066.027587890625,15183777035,0.0268743124339054,0.0434550104340797,ETH-USD,0.0,0,0.0,0,0.0,0.0,0.1399999999999999,0.0,609816,1235484,,,368371393128.8903
2024-04-19,3065.953125,3127.114990234375,2868.7958984375,3059.278564453125,20399982867,-0.0022036534993674,0.0434612888709528,ETH-USD,0.0,0,0.0,0,0.0,0.0,0.32,0.0,580759,1182165,,,366954029574.24335
2024-04-20,3059.47802734375,3170.6728515625,3021.784912109375,3157.627197265625,9918642130,0.0316417336836071,0.0444263841672535,ETH-USD,0.0,0,0.0,0,0.0,0.0,0.32,0.0,635686,1152540,,,378914210958.9692
2024-04-21,3157.571044921875,3197.50634765625,3119.552001953125,3147.28857421875,9394387894,-0.0032795465278029,0.0433787252341385,ETH-USD,0.0,0,0.0,0,0.0,0.0,0.4399999999999999,0.0,606734,1133785,,,377974604229.948
2024-04-22,3147.66357421875,3236.6591796875,3131.367431640625,3201.652099609375,12063858733,0.0171256456334056,0.0385536292985958,ETH-USD,0.0,0,0.0,0,0.0,0.0,0.4599999999999999,0.0,565977,1178253,,,384960384027.4689
2024-04-23,3201.588623046875,3264.41943359375,3154.58984375,3219.91162109375,11054442653,0.0056869546079875,0.0367099895050165,ETH-USD,0.0,0,0.0,0,0.0,0.0,0.4199999999999999,0.0,558590,1199365,,,386402185570.2922
2024-04-24,3219.95703125,3292.921630859375,3105.982177734375,3139.80517578125,14000234760,-0.0251931602486543,0.0366926063795865,ETH-USD,0.0,0,0.0,0,0.0,0.0,0.4399999999999999,0.0,539490,1171434,,,376228123879.4441
2024-04-25,3139.624267578125,3190.976318359375,3074.8046875,3156.509521484375,13989030260,0.0053060832242908,0.0368710244472947,ETH-USD,0.0,0,0.0,0,0.0,0.0,0.4399999999999999,0.0,565454,1186539,,,379269960296.0585
2024-04-26,3156.384033203125,3166.188720703125,3103.10400390625,3130.164794921875,10622333862,-0.0083811819891098,0.030875503102492,ETH-USD,0.0,0,0.0,0,0.0,0.0,0.3999999999999999,0.0,615496,1177416,,,375855424827.6707
2024-04-27,3129.72705078125,3279.451171875,3071.340087890625,3252.168212890625,11820785577,0.0382362630280722,0.0243080612829665,ETH-USD,0.0,0,0.0,0,0.0,0.0,0.3400000000000001,0.0,622222,1103918,,,390659207165.8136
2024-04-28,3252.24560546875,3351.176513671875,3249.149169921875,3262.774658203125,11379192678,0.0032560391987989,0.0208007280847286,ETH-USD,0.0,0,0.0,0,0.0,0.0,0.3,0.0,631340,1140939,,,391842597626.8832
2024-04-29,3262.3408203125,3285.46875,3116.199951171875,3215.428955078125,15032246816,-0.0146171836968198,0.0205884010262125,ETH-USD,0.0,0,0.0,0,0.0,0.0,0.3400000000000001,0.0,634789,1224677,,,386753524919.1743
2024-04-30,3215.381103515625,3249.37841796875,2918.228759765625,3012.286865234375,18266894653,-0.0652612256467309,0.0274459744627239,ETH-USD,0.0,0,0.0,0,0.0,0.0,0.3400000000000001,0.0,615440,1262466,,,361775569243.8784
2024-05-01,3011.015625,3020.17333984375,2815.92333984375,2969.78466796875,20005057445,-0.0142100983654365,0.0262285715370546,ETH-USD,0.0,0,0.0,0,0.0,0.0,0.08,0.0,589497,1206626,,,356726195602.6768
2024-05-02,2969.79443359375,3015.05029296875,2894.329833984375,2988.16845703125,13163903903,0.0061711957178097,0.0251359208135914,ETH-USD,0.0,0,0.0,0,0.0,0.0,-0.14,0.0,631566,1223696,,,358917057221.0322
2024-05-03,2988.134521484375,3127.1552734375,2960.18212890625,3103.5419921875,12862183229,0.0378833938339252,0.0272825725705852,ETH-USD,0.0,0,0.0,0,0.0,0.0,-0.04,0.0,626688,1194608,,,373196143883.5149
2024-05-04,3103.61962890625,3167.541259765625,3096.267578125,3117.576416015625,8283229638,0.0045118728548351,0.0258675057983592,ETH-USD,0.0,0,0.0,0,0.0,0.0,0.3400000000000001,0.0,647201,1163073,,,374336891693.3599
2024-05-05,3117.636962890625,3170.05517578125,3075.586181640625,3137.2490234375,8783447639,0.0062903985031185,0.0259265019195513,ETH-USD,0.0,0,0.0,0,0.0,0.0,0.3799999999999999,0.0,634400,1145911,,,376981046697.4079
2024-05-06,3137.51025390625,3220.15234375,3048.238525390625,3062.728759765625,13008587255,-0.0240400385809638,0.0261404316958896,ETH-USD,0.0,0,0.0,0,0.0,0.0,0.4199999999999999,0.0,605873,1190232,,,368423882518.27655
2024-05-07,3062.7509765625,3129.081298828125,3003.013671875,3006.5771484375,11743187337,-0.0185039984312455,0.0263090225037032,ETH-USD,0.0,0,0.0,0,0.0,0.0,0.3600000000000001,0.0,605694,1231931,,,362079795679.0039
2024-05-08,3006.315673828125,3037.196044921875,2938.47265625,2973.6572265625,11791662158,-0.0110096870247745,0.0257341276424537,ETH-USD,0.0,0,0.0,0,0.0,0.0,0.28,0.0,588088,1159221,,,356770689460.96
2024-05-09,2973.9716796875,3057.958251953125,2951.223876953125,3036.0205078125,10861947179,0.020755029698057,0.0264789440973166,ETH-USD,0.0,0,0.0,0,0.0,0.0,0.1,0.0,579657,1126649,,,364472369946.59753
2024-05-10,3036.231201171875,3052.7294921875,2881.000732421875,2909.791259765625,12278653601,-0.0424662678182907,0.0285217776906313,ETH-USD,0.0,0,0.0,0,0.0,0.0,0.32,0.0,611791,1154535,,,349629483363.7656
2024-05-11,2909.845458984375,2942.1787109375,2888.083251953125,2911.60205078125,6795916454,0.0006221160390406,0.025750914592689,ETH-USD,0.0,0,0.0,0,0.0,0.0,0.06,0.0,595395,1113685,,,349690007700.89264
2024-05-12,2911.658203125,2953.04736328125,2902.201904296875,2928.701904296875,5908941395,0.0058558261730736,0.0258467591324071,ETH-USD,0.0,0,0.0,0,0.0,0.0,0.1200000000000001,0.0,617082,1055429,,,352003901545.8455
2024-05-13,2928.81396484375,2994.869140625,2865.134521484375,2949.359619140625,13352264795,0.0070287797460723,0.0260487892168237,ETH-USD,0.0,0,0.0,0,0.0,0.0,0.1399999999999999,0.0,575636,1163122,,,354167408644.9484
2024-05-14,2949.213134765625,2959.546630859375,2863.5458984375,2881.157958984375,12444516140,-0.0233957860978841,0.0205701980906044,ETH-USD,0.0,0,0.0,0,0.0,0.0,0.32,0.0,583373,1182521,,,346070984481.23694
2024-05-15,2881.224609375,3041.602294921875,2864.7353515625,3037.056640625,14666902956,0.0526965536474968,0.0250865947664503,ETH-USD,0.0,0,0.0,0,0.0,0.0,0.28,0.0,613829,1197067,,,363830966552.9596
2024-05-16,3036.01416015625,3041.80712890625,2925.08740234375,2945.131103515625,13035465176,-0.0307355026435544,0.0264702686423861,ETH-USD,0.0,0,0.0,0,0.0,0.0,0.3999999999999999,0.0,604917,1218766,,,353324561848.84485
2024-05-17,2945.136962890625,3120.3017578125,2934.112548828125,3094.11865234375,14449438097,0.0493497671538913,0.0279056060784886,ETH-USD,0.0,0,0.0,0,0.0,0.0,0.48,0.0,569230,1112590,,,371486331178.9644
2024-05-18,3094.553466796875,3146.79052734375,3087.704345703125,3122.948974609375,9407051320,0.0092746389964053,0.0279965763661187,ETH-USD,0.0,0,0.0,0,0.0,0.0,0.4599999999999999,0.0,641401,1082308,,,375108822274.84827
2024-05-19,3122.82470703125,3137.1484375,3056.75439453125,3071.843017578125,8747800800,-0.0165000266548379,0.0282716154931825,ETH-USD,0.0,0,0.0,0,0.0,0.0,0.4399999999999999,0.0,579016,1022057,,,368816741820.6226
2024-05-20,3071.85888671875,3690.805908203125,3050.2978515625,3663.85546875,31228143948,0.1762382868010669,0.0544979904165095,ETH-USD,0.0,0,0.0,0,0.0,0.0,0.3999999999999999,0.0,546790,1124081,,,439907646002.6881
2024-05-21,3663.01123046875,3837.372802734375,3628.096435546875,3789.312744140625,37643853967,0.0336686689195001,0.0539739704515819,ETH-USD,0.0,0,0.0,0,0.0,0.0,0.52,0.0,560062,1198696,,,456126094381.7448
2024-05-22,3789.372802734375,3810.948486328125,3655.0751953125,3737.2177734375,25155809461,-0.0138432449096272,0.0540903618898246,ETH-USD,0.0,0,0.0,0,0.0,0.0,0.52,0.0,552922,1188672,,,449413617718.1221
2024-05-23,3737.178466796875,3943.553955078125,3552.642578125,3776.92724609375,45623656317,0.0105693574501962,0.0540946920792447,ETH-USD,0.0,0,0.0,0,0.0,0.0,0.52,0.0,519468,1156304,,,452538666485.0124
2024-05-24,3776.992431640625,3825.12255859375,3631.990234375,3726.9345703125,22257061429,-0.0133247164400089,0.0522166390076441,ETH-USD,0.0,0,0.0,0,0.0,0.0,0.48,0.0,553536,1164101,,,447869134955.31824
2024-05-25,3726.9755859375,3776.006591796875,3710.5283203125,3749.236572265625,10000027764,0.005966173775721,0.0521017644182108,ETH-USD,0.0,0,0.0,0,0.0,0.0,0.52,0.0,598267,1157033,,,450284938731.4552
2024-05-26,3749.179931640625,3879.470703125,3732.02294921875,3825.8974609375,14650794791,0.020240831539787,0.0519842695554226,ETH-USD,0.0,0,0.0,0,0.0,0.0,0.5,0.0,533284,1139013,,,459478056408.91113
2024-05-27,3826.127197265625,3973.556396484375,3821.930419921875,3892.0068359375,18949181813,0.0171318506620201,0.0518739922621542,ETH-USD,0.0,0,0.0,0,0.0,0.0,0.48,0.0,498242,1159616,,,467072767784.0712
2024-05-28,3892.096923828125,3924.895751953125,3771.2138671875,3840.25634765625,19846044324,-0.0133857991559692,0.0512984573550262,ETH-USD,0.0,0,0.0,0,0.0,0.0,0.4399999999999999,0.0,461484,1105315,,,461937527003.6465
2024-05-29,3840.235107421875,3880.6484375,3742.041259765625,3763.196533203125,17411416736,-0.0202703835283438,0.0514847519015224,ETH-USD,0.0,0,0.0,0,0.0,0.0,0.4399999999999999,0.0,520099,1172771,,,452931893656.4989
2024-05-30,3763.357666015625,3823.643310546875,3702.263671875,3746.849609375,15065849797,-0.0043533553148959,0.0501347638576079,ETH-USD,0.0,0,0.0,0,0.0,0.0,0.4599999999999999,0.0,495167,1149944,,,450249699917.0199
2024-05-31,3746.861572265625,3843.857666015625,3723.835205078125,3760.026611328125,15290700646,0.0035106521272609,0.0493643314463561,ETH-USD,0.0,0,0.0,0,0.0,0.0,0.4599999999999999,0.0,505517,1175396,,,451203485747.2596
2024-06-01,3759.88427734375,3829.294677734375,3749.840087890625,3813.198974609375,8661024535,0.0140424278740625,0.049346238664843,ETH-USD,0.0,0,0.0,0,0.0,0.0,0.4399999999999999,0.0,490287,1119675,,,458164117547.7568
2024-06-02,3813.275634765625,3834.911865234375,3752.41455078125,3780.89599609375,11126903059,-0.0085074451851657,0.0490080236487995,ETH-USD,0.0,0,0.0,0,0.0,0.0,0.4599999999999999,0.0,476034,1076974,,,454319407953.3998
2024-06-03,3780.854248046875,3848.60302734375,3758.919921875,3766.38916015625,14082454300,-0.0038442575052388,0.0157004057307485,ETH-USD,0.0,0,0.0,0,0.0,0.0,0.4599999999999999,0.0,474371,1152786,,,452663028946.5335
2024-06-04,3766.476318359375,3831.364990234375,3738.13427734375,3812.515869140625,13331489271,0.0121725442811081,0.0132167717371236,ETH-USD,0.0,0,0.0,0,0.0,0.0,0.4599999999999999,0.0,516994,1164380,,,458039955478.5173
2024-06-05,3812.560791015625,3887.48583984375,3778.65576171875,3864.260986328125,15480034434,0.0134811527925156,0.0129609657114939,ETH-USD,0.0,0,0.0,0,0.0,0.0,0.5,0.0,483558,1178477,,,464187491775.9396
2024-06-06,3864.263427734375,3878.05224609375,3761.775390625,3811.60595703125,13606583873,-0.0137198457553093,0.0133997807800422,ETH-USD,0.0,0,0.0,0,0.0,0.0,0.56,0.0,475215,1154720,,,458004828021.4691
2024-06-07,3811.666015625,3838.4521484375,3615.2802734375,3678.629150390625,18220286186,-0.0355104420599654,0.016199375891526,ETH-USD,0.0,0,0.0,0,0.0,0.0,0.54,0.0,510663,1184232,,,442155533054.29376
2024-06-08,3677.400390625,3707.497314453125,3669.637939453125,3680.949951171875,9096091805,0.0006306884744769,0.0160869812212267,ETH-USD,0.0,0,0.0,0,0.0,0.0,0.4399999999999999,0.0,540011,1156305,,,442174089685.6215
2024-06-09,3680.93603515625,3719.36767578125,3668.12353515625,3705.90380859375,7910768788,0.0067563141649668,0.0150686682010142,ETH-USD,0.0,0,0.0,0,0.0,0.0,0.5,0.0,540061,1142399,,,445259002298.5613
2024-06-10,3705.877197265625,3711.4287109375,3648.16455078125,3666.717529296875,10377300126,-0.0106303162786213,0.0141146721115951,ETH-USD,0.0,0,0.0,0,0.0,0.0,0.4399999999999999,0.0,511530,1180168,,,440522177604.3931
2024-06-11,3666.35888671875,3669.890869140625,3434.7490234375,3498.33056640625,19184721538,-0.0470109819835246,0.0180886157413285,ETH-USD,0.0,0,0.0,0,0.0,0.0,0.48,0.0,504409,1177067,,,420283177735.6964
2024-06-12,3497.89697265625,3652.4921875,3463.784912109375,3559.61767578125,17142905351,0.0173672709763272,0.0186970328332126,ETH-USD,0.0,0,0.0,0,0.0,0.0,0.4399999999999999,0.0,532832,1224208,,,427867901336.1545
2024-06-13,3559.725341796875,3559.725341796875,3431.33349609375,3469.28125,14472382154,-0.0257057047142599,0.019580498320513,ETH-USD,0.0,0,0.0,0,0.0,0.0,0.3999999999999999,0.0,535451,1230853,,,416969718407.8417
2024-06-14,3467.969970703125,3528.602294921875,3366.223876953125,3480.27197265625,15793876596,0.0031630038557184,0.01956841181316,ETH-USD,0.0,0,0.0,0,0.0,0.0,0.48,0.0,532661,1184071,,,418156652882.03424
2024-06-15,3479.78564453125,3589.887451171875,3473.45263671875,3565.549560546875,12733651076,0.0242077526220545,0.020515879441755,ETH-USD,0.0,0,0.0,0,0.0,0.0,0.48,0.0,574241,1137118,,,428721299337.0896
2024-06-16,3566.761962890625,3648.093017578125,3541.534423828125,3620.5634765625,9878388158,0.0153114738166533,0.0211619209369662,ETH-USD,0.0,0,0.0,0,0.0,0.0,0.4199999999999999,0.0,588379,1123092,,,434969448760.2026
2024-06-17,3622.383544921875,3634.285400390625,3468.14892578125,3511.37890625,17838856988,-0.0306208591178551,0.0224081762831644,ETH-USD,0.0,0,0.0,0,0.0,0.0,0.4199999999999999,0.0,520331,1143178,,,421737502289.85925
2024-06-18,3510.565185546875,3514.17724609375,3371.59033203125,3483.681396484375,21022514455,-0.007919203929083,0.0218599109768769,ETH-USD,0.0,0,0.0,0,0.0,0.0,0.48,0.0,490549,1147395,,,417913151349.3612
2024-06-19,3482.350830078125,3583.320068359375,3466.48095703125,3559.347412109375,15275373778,0.0214876096686528,0.0225161307136405,ETH-USD,0.0,0,0.0,0,0.0,0.0,0.28,0.0,511058,1127592,,,427521731914.37714
2024-06-20,3559.347412109375,3623.886474609375,3485.4599609375,3511.0869140625,16115123753,-0.0136515651867326,0.0225143071172112,ETH-USD,0.0,0,0.0,0,0.0,0.0,0.1999999999999999,0.0,504589,1150083,,,422130592195.4088
2024-06-21,3511.268310546875,3542.957275390625,3447.935546875,3516.07568359375,15933353456,0.0014198534045649,0.0208778507576998,ETH-USD,0.0,0,0.0,0,0.0,0.0,0.26,0.0,663885,1263722,,,422814275905.8445
2024-06-22,3516.55126953125,3519.49755859375,3477.169921875,3494.8134765625,7423703673,-0.0060654994630158,0.0208593404208985,ETH-USD,0.0,0,0.0,0,0.0,0.0,0.06,0.0,808983,1316624,,,420166839186.0901
2024-06-23,3494.953857421875,3519.324951171875,3408.5830078125,3418.61181640625,9418141333,-0.0220454385714241,0.0211661030651195,ETH-USD,0.0,0,0.0,0,0.0,0.0,0.1,0.0,588860,1095704,,,411012084269.7799
2024-06-24,3418.783203125,3430.698974609375,3244.241455078125,3350.25634765625,23137744903,-0.0201977024407741,0.0214873274160451,ETH-USD,0.0,0,0.0,0,0.0,0.0,0.02,0.0,562076,1158931,,,402331050309.6946
2024-06-25,3350.5556640625,3422.21337890625,3335.556884765625,3395.029052734375,13235546063,0.0132754538827145,0.0185764945184317,ETH-USD,0.0,0,0.0,0,0.0,0.0,-0.4,0.0,597376,1193832,,,407749479274.0996
2024-06-26,3394.373291015625,3421.509521484375,3328.390625,3369.477294921875,11694054195,-0.0075546915107269,0.0177384682971935,ETH-USD,0.0,0,0.0,0,0.0,0.0,-0.0799999999999999,0.0,633829,1248199,,,404902380073.452
2024-06-27,3368.88623046875,3470.923095703125,3362.2646484375,3444.800537109375,11771834016,0.0221083765770736,0.0178242677563577,ETH-USD,0.0,0,0.0,0,0.0,0.0,-0.1999999999999999,0.0,538256,1173697,,,413903975260.2951
2024-06-28,3445.498779296875,3482.95751953125,3363.4375,3373.635986328125,12861158844,-0.0208749131129265,0.0185852001671533,ETH-USD,0.0,0,0.0,0,0.0,0.0,-0.06,0.0,561733,1175815,,,405371148774.94336
2024-06-29,3373.68994140625,3401.730224609375,3369.552734375,3372.9677734375,6584792001,-0.0001980886729394,0.0169916368112566,ETH-USD,0.0,0,0.0,0,0.0,0.0,-0.4,0.0,656977,1142572,,,405471140680.0986
2024-06-30,3373.07568359375,3453.21142578125,3352.284423828125,3432.88916015625,8396416013,0.0176092256091079,0.0172019610163505,ETH-USD,0.0,0,0.0,0,0.0,0.0,-0.06,0.0,580898,1122964,,,413216154556.00806
2024-07-01,3432.607421875,3513.310791015625,3425.3232421875,3440.341552734375,12281551839,0.0021685276720193,0.0154082755267421,ETH-USD,0.0,0,0.0,0,0.0,0.0,0.06,0.0,547334,1155552,,,413192586128.4048
2024-07-02,3439.38134765625,3459.761474609375,3399.026123046875,3416.354736328125,9421757718,-0.0069966389780354,0.0153804731748239,ETH-USD,0.0,0,0.0,0,0.0,0.0,0.02,0.0,539489,1135937,,,410837991835.3708
2024-07-03,3416.2548828125,3426.332275390625,3254.521240234375,3292.916748046875,16121324440,-0.0368003944814059,0.0165544263275048,ETH-USD,0.0,0,0.0,0,0.0,0.0,0.0,0.0,498539,1151881,,,395999802973.48645
2024-07-04,3291.81787109375,3309.20361328125,3054.52197265625,3054.52197265625,20252514386,-0.0751506149646669,0.0249155280846727,ETH-USD,0.0,0,0.0,0,0.0,0.0,-0.12,0.0,572314,1241195,,,370287628113.0997
2024-07-05,3057.833251953125,3106.152587890625,2826.014404296875,2981.5986328125,31131942647,-0.0241634959767357,0.0249556160810353,ETH-USD,0.0,0,0.0,0,0.0,0.0,-0.42,0.0,569838,1237133,,,358938533149.40094
2024-07-06,2981.988037109375,3080.107421875,2957.395751953125,3069.3779296875,11586293705,0.0290153016595854,0.0272307826230393,ETH-USD,0.0,0,0.0,0,0.0,0.0,-0.48,0.0,613236,1137910,,,368764270834.07086
2024-07-07,3067.405029296875,3072.814453125,2923.959228515625,2929.38720703125,10857947538,-0.0466816555035274,0.028866643681611,ETH-USD,0.0,0,0.0,0,0.0,0.0,-0.42,0.0,567737,1028463,,,352537910982.17975
2024-07-08,2929.861572265625,3090.66455078125,2826.481689453125,3018.73193359375,22627377457,0.0300435968726786,0.0307039560409027,ETH-USD,0.0,0,0.0,0,0.0,0.0,-0.4399999999999999,0.0,542605,1137702,,,363073291737.08496
2024-07-09,3018.80322265625,3105.800537109375,3005.522216796875,3064.032958984375,15269945822,0.0148951549991884,0.0307909563453013,ETH-USD,0.0,0,0.0,0,0.0,0.0,-0.4599999999999999,0.0,540111,1151773,,,368334006224.7984
2024-07-10,3066.13720703125,3148.407470703125,3026.6083984375,3102.21875,14578679176,0.0123855726188082,0.0312375737147466,ETH-USD,0.0,0,0.0,0,0.0,0.0,-0.4399999999999999,0.0,527292,1175636,,,372784136927.5169
2024-07-11,3101.335205078125,3208.9384765625,3057.21923828125,3100.330810546875,15230095766,-0.000608762410683,0.0302448396081841,ETH-USD,0.0,0,0.0,0,0.0,0.0,-0.42,0.0,548429,1191567,,,372271460544.9565
2024-07-12,3099.989990234375,3154.6015625,3048.508056640625,3134.15869140625,12751638331,0.0108519591945879,0.0303560659368646,ETH-USD,0.0,0,0.0,0,0.0,0.0,-0.5,0.0,609220,1187556,,,376310638133.1629
2024-07-13,3134.550537109375,3199.989501953125,3115.080322265625,3177.19873046875,8565105946,0.0136391281293792,0.030756160396743,ETH-USD,0.0,0,0.0,0,0.0,0.0,-0.5,0.0,610493,1144551,,,382506762321.85455
2024-07-14,3176.741455078125,3266.487548828125,3166.43115234375,3244.0791015625,10517709666,0.0208316137134604,0.030943985444929,ETH-USD,0.0,0,0.0,0,0.0,0.0,-0.3399999999999999,0.0,497263,1083062,,,391507735299.6585
2024-07-15,3246.131591796875,3494.098388671875,3235.776123046875,3489.552734375,18305490390,0.0729420517473392,0.037187584582098,ETH-USD,0.0,0,0.0,0,0.0,0.0,0.04,0.0,505297,1156258,,,419321807455.4034
2024-07-16,3486.14404296875,3498.218994140625,3351.77978515625,3443.513427734375,20446664416,-0.0132812762233575,0.0373293896658707,ETH-USD,0.0,0,0.0,0,0.0,0.0,0.3,0.0,517949,1199035,,,414366986650.648
2024-07-17,3446.73681640625,3516.104248046875,3379.099609375,3388.75244140625,16739123962,-0.0160304531637472,0.0361233802553513,ETH-USD,0.0,0,0.0,0,0.0,0.0,0.3799999999999999,0.0,463312,1187616,,,408045422254.2497
2024-07-18,3388.030029296875,3488.715576171875,3374.990478515625,3426.258544921875,15035622003,0.0110070203142817,0.0284927752489358,ETH-USD,0.0,0,0.0,0,0.0,0.0,0.2199999999999999,0.0,476042,1182695,,,412501147202.1565
2024-07-19,3425.90869140625,3540.58837890625,3377.877685546875,3505.73486328125,17705629736,0.0229312973426073,0.0271247569627386,ETH-USD,0.0,0,0.0,0,0.0,0.0,0.1999999999999999,0.0,510183,1143619,,,421689382751.8767
2024-07-20,3505.721435546875,3539.904296875,3482.489013671875,3519.29541015625,10360198325,0.0038606420727036,0.0267100365535858,ETH-USD,0.0,0,0.0,0,0.0,0.0,0.48,0.0,571318,1106348,,,423268912049.97534
2024-07-21,3519.426513671875,3546.619140625,3415.44384765625,3536.60546875,13845913681,0.0049065579627956,0.0213420187843549,ETH-USD,0.0,0,0.0,0,0.0,0.0,0.48,0.0,533075,1110007,,,424467907087.11774
2024-07-22,3536.627197265625,3560.075439453125,3425.795654296875,3440.419921875,18723199034,-0.0275738257195199,0.023357346860303,ETH-USD,0.0,0,0.0,0,0.0,0.0,0.3999999999999999,0.0,497445,1151384,,,413829175436.4616
2024-07-23,3440.768310546875,3539.53173828125,3395.4208984375,3481.995849609375,24468405650,0.0120121151415023,0.0233172746415336,ETH-USD,0.0,0,0.0,0,0.0,0.0,0.4199999999999999,0.0,520567,1153608,,,418740518223.13
2024-07-24,3482.15185546875,3487.653076171875,3304.039306640625,3336.33935546875,16040945448,-0.0427314448060813,0.0270760752918649,ETH-USD,0.0,0,0.0,0,0.0,0.0,0.3799999999999999,0.0,531361,1134655,,,400591335012.1584
2024-07-25,3336.3623046875,3341.4384765625,3088.764404296875,3174.42724609375,25293745810,-0.0497469834428235,0.0308135034773674,ETH-USD,0.0,0,0.0,0,0.0,0.0,0.3600000000000001,0.0,504084,1125280,,,381600624988.4637
2024-07-26,3174.051025390625,3285.760986328125,3172.777099609375,3275.951416015625,15993893521,0.0314811144643627,0.0317640704864226,ETH-USD,0.0,0,0.0,0,0.0,0.0,0.3600000000000001,0.0,540778,1138693,,,394258867942.0465
2024-07-27,3275.8916015625,3327.426513671875,3195.356689453125,3247.60791015625,15198233287,-0.0086896379087082,0.0317580319893876,ETH-USD,0.0,0,0.0,0,0.0,0.0,0.4399999999999999,0.0,494615,1073935,,,391301038823.5371
2024-07-28,3247.50732421875,3283.152099609375,3201.76318359375,3271.464599609375,8959236446,0.0073190767291854,0.0313299140228878,ETH-USD,0.0,0,0.0,0,0.0,0.0,0.4199999999999999,0.0,536213,1041777,,,393282639767.9759
2024-07-29,3271.453369140625,3396.625732421875,3257.715576171875,3320.539306640625,18334852719,0.0148894370701176,0.0240039599834316,ETH-USD,0.0,0,0.0,0,0.0,0.0,0.48,0.0,512372,1093737,,,399598754284.12085
2024-07-30,3320.63525390625,3365.322509765625,3235.760009765625,3278.667724609375,14045773047,-0.0126900531349259,0.0239860288982004,ETH-USD,0.0,0,0.0,0,0.0,0.0,0.3400000000000001,0.0,503262,1167025,,,393957363297.6566
2024-07-31,3278.6865234375,3347.636474609375,3216.07177734375,3231.295654296875,16135380637,-0.0145539701963109,0.0239298951844546,ETH-USD,0.0,0,0.0,0,0.0,0.0,0.2199999999999999,0.0,488443,1166240,,,388620837000.7855
2024-08-01,3231.248779296875,3241.77734375,3078.5439453125,3201.564453125,20217639556,-0.0092436062254698,0.023601945400291,ETH-USD,0.0,0,0.0,0,0.0,0.0,0.04,0.0,435221,1125933,,,385201842134.8623
2024-08-02,3201.599365234375,3214.527099609375,2965.73388671875,2986.01318359375,21400241741,-0.0697004676962146,0.027822914085581,ETH-USD,0.0,0,0.0,0,0.0,0.0,0.1399999999999999,0.0,454772,1087561,,,358959439474.1413
2024-08-03,2985.950927734375,3015.296142578125,2861.177490234375,2903.3857421875,17844091431,-0.0280615609389949,0.0277786515398223,ETH-USD,0.0,0,0.0,0,0.0,0.0,-0.26,0.0,546458,1087774,,,349318922552.1244
2024-08-04,2903.088623046875,2931.4716796875,2639.566650390625,2686.39892578125,21139601426,-0.0776759458353832,0.0319665672233433,ETH-USD,0.0,0,0.0,0,0.0,0.0,-0.3199999999999999,0.0,566158,1043193,,,324513685553.4667
2024-08-05,2686.027587890625,2695.88671875,2122.546142578125,2417.206298828125,67668132244,-0.1055891561296601,0.0393931895008292,ETH-USD,0.0,0,0.0,0,0.0,0.0,-0.48,0.0,449721,1133164,,,292736211216.7566
2024-08-06,2417.269775390625,2553.5810546875,2416.527099609375,2458.723876953125,26041995921,0.0170300148028771,0.0397788771256533,ETH-USD,0.0,0,0.0,0,0.0,0.0,-0.6599999999999999,0.0,502856,1130468,,,295671092390.3347
2024-08-07,2458.989013671875,2551.560791015625,2312.168701171875,2336.58935546875,24264218606,-0.0509501404149453,0.0401221597558366,ETH-USD,0.0,0,0.0,0,0.0,0.0,-0.42,0.0,484440,1123175,,,282167773982.83136
2024-08-08,2336.9150390625,2721.95458984375,2322.529541015625,2683.352783203125,23468291180,0.1383747254084129,0.0586019307289136,ETH-USD,0.0,0,0.0,0,0.0,0.0,-0.6,0.0,451579,1097066,,,323107370461.5184
2024-08-09,2683.719970703125,2706.451171875,2555.2294921875,2599.5986328125,17907141655,-0.0317099900191117,0.057416516235986,ETH-USD,0.0,0,0.0,0,0.0,0.0,-0.04,0.0,482592,1100553,,,311841508207.4857
2024-08-10,2599.582275390625,2642.92578125,2580.661865234375,2610.02294921875,9361014219,0.0040019529844031,0.0576493450600114,ETH-USD,0.0,0,0.0,0,0.0,0.0,-0.1999999999999999,0.0,576076,1051563,,,313522194925.6644
2024-08-11,2609.9697265625,2718.797607421875,2544.1748046875,2553.252197265625,13595441987,-0.0219910960483818,0.0572836000981224,ETH-USD,0.0,0,0.0,0,0.0,0.0,-0.2199999999999999,0.0,500704,985147,,,307770132274.1938
2024-08-12,2553.49658203125,2749.135009765625,2513.39404296875,2724.431884765625,21653090666,0.0648920056731786,0.0609158424124976,ETH-USD,0.0,0,0.0,0,0.0,0.0,-0.5,0.0,422856,1060624,,,328203972885.00903
2024-08-13,2724.303466796875,2737.990478515625,2613.80126953125,2703.671875,16383053029,-0.0076491209103667,0.0609399234225769,ETH-USD,0.0,0,0.0,0,0.0,0.0,-0.38,0.0,474971,1088875,,,325041062370.70465
2024-08-14,2703.5869140625,2775.281005859375,2636.705322265625,2662.914794921875,15825365408,-0.0151894923932365,0.0609407863670108,ETH-USD,0.0,0,0.0,0,0.0,0.0,-0.4,0.0,646570,1278666,,,320750225027.4541
2024-08-15,2662.885498046875,2675.314453125,2518.670654296875,2570.087646484375,16345801912,-0.0354813084052289,0.0611921921514388,ETH-USD,0.0,0,0.0,0,0.0,0.0,-0.42,0.0,603353,1252405,,,309567186768.5115
2024-08-16,2570.085205078125,2629.383544921875,2553.071533203125,2593.1865234375,13275561555,0.0089474354040479,0.0594376165137218,ETH-USD,0.0,0,0.0,0,0.0,0.0,-0.4599999999999999,0.0,541263,1111995,,,312068346098.84955
2024-08-17,2593.1669921875,2626.6728515625,2588.78515625,2614.546875,6676568717,0.0082033659235413,0.0593836583254507,ETH-USD,0.0,0,0.0,0,0.0,0.0,-0.5,0.0,565404,1003438,,,314202244706.5862
2024-08-18,2614.109619140625,2684.031005859375,2596.735107421875,2613.357177734375,9207267415,-0.0004551335579847,0.0558432746888552,ETH-USD,0.0,0,0.0,0,0.0,0.0,-0.38,0.0,519567,1029131,,,315725181970.07935
2024-08-19,2612.718505859375,2648.284423828125,2566.401123046875,2637.306396484375,11968963282,0.0091224221457924,0.047219698211299,ETH-USD,0.0,0,0.0,0,0.0,0.0,-0.4399999999999999,0.0,461113,1042805,,,316593478589.2941
2024-08-20,2637.306396484375,2695.913818359375,2556.74755859375,2573.10693359375,13249483464,-0.0246439996066587,0.0477961761027847,ETH-USD,0.0,0,0.0,0,0.0,0.0,-0.4,0.0,463357,1070613,,,310114926714.1484
2024-08-21,2573.10888671875,2662.953369140625,2538.65771484375,2631.3955078125,12766015263,0.0224002244760402,0.0453560577032661,ETH-USD,0.0,0,0.0,0,0.0,0.0,-0.48,0.0,488674,1084041,,,316170790110.0504
2024-08-22,2630.8642578125,2644.82373046875,2587.110595703125,2622.951416015625,10723280428,-0.0032141383843607,0.0256866534839101,ETH-USD,0.0,0,0.0,0,0.0,0.0,-0.2199999999999999,0.0,506943,1093186,,,315564643953.7959
2024-08-23,2622.916015625,2799.329833984375,2622.5810546875,2764.447021484375,16857181970,0.052540444326856,0.0278725620425544,ETH-USD,0.0,0,0.0,0,0.0,0.0,-0.3199999999999999,0.0,510832,1125193,,,332751686029.2792
2024-08-24,2765.4814453125,2820.0205078125,2737.776611328125,2769.3896484375,11765811307,0.001786329652375,0.0278812338695637,ETH-USD,0.0,0,0.0,0,0.0,0.0,0.1200000000000001,0.0,556174,1088203,,,332270007563.224
2024-08-25,2769.09814453125,2793.012939453125,2736.0888671875,2749.15771484375,9375535539,-0.0073323731435487,0.0270845050711677,ETH-USD,0.0,0,0.0,0,0.0,0.0,0.08,0.0,495871,973412,,,331812475171.8516
2024-08-26,2749.24755859375,2763.004150390625,2668.88671875,2681.340576171875,12282035835,-0.0249776948056713,0.0220515836291823,ETH-USD,0.0,0,0.0,0,0.0,0.0,0.1,0.0,538097,1114163,,,323181574471.2665
2024-08-27,2681.622802734375,2700.15283203125,2401.175048828125,2458.7265625,18028996056,-0.0866733260534225,0.031803790511861,ETH-USD,0.0,0,0.0,0,0.0,0.0,-0.04,0.0,531187,1132797,,,296118474824.2554
2024-08-28,2458.90478515625,2553.820068359375,2422.293701171875,2528.41552734375,20359545410,0.0279492743778803,0.0329941988401258,ETH-USD,0.0,0,0.0,0,0.0,0.0,-0.4,0.0,496801,1149274,,,304319633711.4737
2024-08-29,2528.3623046875,2595.97705078125,2507.50244140625,2528.792724609375,13946434277,0.0001491721311569,0.0317032536084698,ETH-USD,0.0,0,0.0,0,0.0,0.0,-0.42,0.0,534339,1153728,,,304049253762.82007
2024-08-30,2528.732177734375,2539.915283203125,2432.83447265625,2525.822021484375,15526218255,-0.0011754420925308,0.031570230641994,ETH-USD,0.0,0,0.0,0,0.0,0.0,-0.3199999999999999,0.0,525769,1133892,,,304010215004.2873
2024-08-31,2525.859130859375,2532.389892578125,2493.70556640625,2513.393798828125,6646876013,-0.0049326118579988,0.0314424385753566,ETH-USD,0.0,0,0.0,0,0.0,0.0,-0.42,0.0,539031,1012648,,,302404962628.9931
2024-09-01,2513.42431640625,2515.46728515625,2401.88916015625,2427.90234375,11800443265,-0.0346062994239625,0.0325502358968655,ETH-USD,0.0,0,0.0,0,0.0,0.0,-0.48,0.0,548611,1011212,,,291888730978.41626
2024-09-02,2427.973388671875,2563.0859375,2426.095947265625,2538.187255859375,12520444224,0.0444224959173987,0.0350231356433022,ETH-USD,0.0,0,0.0,0,0.0,0.0,-0.48,0.0,488354,1086384,,,305449971682.2064
2024-09-03,2538.16064453125,2552.802734375,2419.875244140625,2420.603759765625,11406800197,-0.0474331508867601,0.0366131820540478,ETH-USD,0.0,0,0.0,0,0.0,0.0,-0.48,0.0,488483,1129081,,,293567769986.86053
2024-09-04,2420.1923828125,2488.91650390625,2313.26513671875,2448.97705078125,16709600747,0.0116534105150056,0.0361181914264699,ETH-USD,0.0,0,0.0,0,0.0,0.0,-0.4599999999999999,0.0,458154,1108873,,,295152108259.7269
2024-09-05,2448.98681640625,2465.38525390625,2348.86328125,2367.737548828125,13632325040,-0.0337355286143875,0.0369060872650747,ETH-USD,0.0,0,0.0,0,0.0,0.0,-0.42,0.0,463343,1121084,,,284837870532.2597
2024-09-06,2367.700927734375,2406.511962890625,2150.86328125,2223.87646484375,25825618367,-0.0626830499964647,0.0353467820494293,ETH-USD,0.0,0,0.0,0,0.0,0.0,-0.56,0.0,489148,1124382,,,267203613611.2012
2024-09-07,2223.92919921875,2310.19482421875,2222.100830078125,2274.107177734375,11124608320,0.0223356975646147,0.036528622816728,ETH-USD,0.0,0,0.0,0,0.0,0.0,-0.54,0.0,505206,1115728,,,273117974171.01453
2024-09-08,2274.437744140625,2332.359375,2243.911376953125,2297.29296875,10718443487,0.0101439336261532,0.0370713192345611,ETH-USD,0.0,0,0.0,0,0.0,0.0,-0.42,0.0,559292,1085480,,,276779516155.09094
2024-09-09,2297.896240234375,2379.78662109375,2274.115478515625,2358.482177734375,15887712451,0.0262868074500889,0.0382904878730646,ETH-USD,0.0,0,0.0,0,0.0,0.0,-0.48,0.0,486100,1158357,,,284242156425.72394
2024-09-10,2358.497802734375,2398.50390625,2323.07177734375,2389.5810546875,12795818970,0.0130997925492076,0.0314239850961316,ETH-USD,0.0,0,0.0,0,0.0,0.0,-0.3399999999999999,0.0,497278,1166560,,,287553193101.97217
2024-09-11,2389.603759765625,2389.71826171875,2279.0537109375,2339.841552734375,15355180967,-0.0210348450820997,0.0305429949786765,ETH-USD,0.0,0,0.0,0,0.0,0.0,-0.26,0.0,549027,1170510,,,281877527115.5231
2024-09-12,2339.8408203125,2390.186767578125,2316.15771484375,2361.78173828125,12162634681,0.0093330934657732,0.0307722659574575,ETH-USD,0.0,0,0.0,0,0.0,0.0,-0.38,0.0,487221,1168620,,,284292384180.27655
2024-09-13,2361.740966796875,2462.802978515625,2338.14404296875,2441.607177734375,13759640866,0.0332401938342692,0.0324214689605736,ETH-USD,0.0,0,0.0,0,0.0,0.0,-0.36,0.0,499824,1158069,,,293978531237.75934
2024-09-14,2441.580810546875,2442.632080078125,2386.979736328125,2418.595703125,8170291680,-0.0094694180988845,0.0324711266441684,ETH-USD,0.0,0,0.0,0,0.0,0.0,0.0,0.0,525764,1095765,,,290905084608.5816
2024-09-15,2418.26611328125,2430.38330078125,2286.628173828125,2320.897216796875,10155470375,-0.0412332414766182,0.0330150459078109,ETH-USD,0.0,0,0.0,0,0.0,0.0,0.02,0.0,541610,1086732,,,279129181412.0127
2024-09-16,2320.89453125,2334.789794921875,2253.715087890625,2295.28369140625,16819033263,-0.0110973936086219,0.0300538385686839,ETH-USD,0.0,0,0.0,0,0.0,0.0,-0.2199999999999999,0.0,435137,1101816,,,276233121779.67773
2024-09-17,2295.284423828125,2392.149169921875,2263.79296875,2341.707763671875,15356783863,0.0200240280339485,0.0284705668852687,ETH-USD,0.0,0,0.0,0,0.0,0.0,-0.3399999999999999,0.0,464540,1144470,,,281276774462.6376
2024-09-18,2341.73291015625,2369.72900390625,2278.66455078125,2369.72900390625,18159056422,0.0118951275456691,0.0284797950924909,ETH-USD,0.0,0,0.0,0,0.0,0.0,-0.0999999999999999,0.0,420578,1132760,,,283896012352.4696
2024-09-19,2369.374755859375,2492.20458984375,2369.374755859375,2464.752197265625,18437147349,0.0393156696828061,0.0289748284491676,ETH-USD,0.0,0,0.0,0,0.0,0.0,-0.02,0.0,416530,1178603,,,297094101910.98175
2024-09-20,2464.7822265625,2571.99267578125,2439.3779296875,2561.072021484375,19112788620,0.0383346552803007,0.0234455352409568,ETH-USD,0.0,0,0.0,0,0.0,0.0,0.08,0.0,422622,1156825,,,307483300282.57947
2024-09-21,2560.879638671875,2621.62255859375,2530.837890625,2615.857177734375,10797825021,0.0211659072082873,0.0234005540841568,ETH-USD,0.0,0,0.0,0,0.0,0.0,0.08,0.0,416815,1082726,,,313505708721.1024
2024-09-22,2615.84814453125,2632.039306640625,2528.522216796875,2582.862548828125,13180663011,-0.0126935375110013,0.0241730198006155,ETH-USD,0.0,0,0.0,0,0.0,0.0,0.04,0.0,436396,1063818,,,310664830437.2192
2024-09-23,2582.77490234375,2701.677734375,2541.910400390625,2648.54638671875,19912841456,0.0251126572587494,0.0241080220027913,ETH-USD,0.0,0,0.0,0,0.0,0.0,0.0,0.0,418609,1135378,,,318710888119.0336
2024-09-24,2648.482177734375,2671.27587890625,2593.152099609375,2654.35498046875,16658812503,0.0021907237834088,0.0241167337911676,ETH-USD,0.0,0,0.0,0,0.0,0.0,0.08,0.0,446356,1144263,,,319618885344.8603
2024-09-25,2654.361572265625,2672.4619140625,2557.724365234375,2579.388671875,14119729962,-0.028649257997379,0.0248835751917688,ETH-USD,0.0,0,0.0,0,0.0,0.0,0.1799999999999999,0.0,440864,1151716,,,309907024636.3572
2024-09-26,2579.217529296875,2665.99267578125,2559.954345703125,2632.199951171875,17336033595,0.0202675578967318,0.0251340617909406,ETH-USD,0.0,0,0.0,0,0.0,0.0,0.0,0.0,448101,1151158,,,316518278860.16187
2024-09-27,2632.241943359375,2728.067626953125,2616.950927734375,2695.900634765625,17023020294,0.0239123559621249,0.0245223639168991,ETH-USD,0.0,0,0.0,0,0.0,0.0,0.2199999999999999,0.0,508839,1202550,,,324764834411.3466
2024-09-28,2695.81591796875,2704.9287109375,2652.25048828125,2677.5390625,10252590559,-0.0068342234275545,0.0243953736152976,ETH-USD,0.0,0,0.0,0,0.0,0.0,0.28,0.0,534530,1113743,,,321941093577.7301
2024-09-29,2677.628662109375,2683.44580078125,2635.5849609375,2659.346923828125,11126215671,-0.0068175371109074,0.0205657963993422,ETH-USD,0.0,0,0.0,0,0.0,0.0,0.26,0.0,497779,1116620,,,319731539277.40314
2024-09-30,2659.292724609375,2662.489013671875,2576.97607421875,2603.062744140625,17826446789,-0.0213918450206831,0.021528974780293,ETH-USD,0.0,0,0.0,0,0.0,0.0,0.2199999999999999,0.0,509251,1195210,,,312507752368.3626
2024-10-01,2603.26416015625,2657.615478515625,2415.07861328125,2448.921142578125,25482371785,-0.0610411526647519,0.0282003164069842,ETH-USD,0.0,0,0.0,0,0.0,0.0,0.0,0.0,552048,1266656,,,294884112787.54395
2024-10-02,2448.877197265625,2498.121337890625,2354.539306640625,2365.231689453125,20148256472,-0.0347715945183327,0.0298055408962983,ETH-USD,0.0,0,0.0,0,0.0,0.0,-0.16,0.0,496823,1156600,,,285047578229.9768
2024-10-03,2365.213623046875,2402.862548828125,2311.02783203125,2349.791259765625,18051447791,-0.0065494845084828,0.0275726769615768,ETH-USD,0.0,0,0.0,0,0.0,0.0,-0.26,0.0,521417,1161490,,,282816296178.15625
2024-10-04,2349.73291015625,2440.242431640625,2339.870849609375,2414.7939453125,14879264082,0.027287462033179,0.0264200453425954,ETH-USD,0.0,0,0.0,0,0.0,0.0,-0.18,0.0,471079,1139613,,,290720008630.0188
2024-10-05,2414.84716796875,2427.517578125,2390.844482421875,2415.6318359375,8152969183,0.0003469220608484,0.0254505473815131,ETH-USD,0.0,0,0.0,0,0.0,0.0,-0.02,0.0,438550,1099244,,,290627796115.9307
2024-10-06,2415.53173828125,2456.630615234375,2407.099365234375,2439.957763671875,8458690205,0.0100198465115319,0.0256924118606438,ETH-USD,0.0,0,0.0,0,0.0,0.0,0.0,0.0,423173,1069768,,,293543027384.27985
2024-10-07,2439.94482421875,2520.40625,2405.13427734375,2421.796630859375,17414044416,-0.0074710550197007,0.0242830980352744,ETH-USD,0.0,0,0.0,0,0.0,0.0,0.0,0.0,441087,1154423,,,292108827728.6864
2024-10-08,2421.98095703125,2464.12744140625,2400.5107421875,2439.8408203125,14067361080,0.0074231254351555,0.0244649575932117,ETH-USD,0.0,0,0.0,0,0.0,0.0,-0.02,0.0,434713,1156248,,,293676090545.9238
2024-10-09,2439.840087890625,2470.9130859375,2350.946533203125,2368.283447265625,14954047093,-0.0297673907275993,0.0245462070923011,ETH-USD,0.0,0,0.0,0,0.0,0.0,-0.02,0.0,482632,1182083,,,284959407727.0504
2024-10-10,2368.273193359375,2417.2880859375,2329.78466796875,2383.85791015625,15327769940,0.0065547371097369,0.023671144141368,ETH-USD,0.0,0,0.0,0,0.0,0.0,-0.2199999999999999,0.0,454242,1154738,,,286761992454.95807
2024-10-11,2383.940185546875,2470.395751953125,2380.504638671875,2436.513427734375,13489061564,0.0218479483789536,0.0234688032672604,ETH-USD,0.0,0,0.0,0,0.0,0.0,-0.36,0.0,485939,1227069,,,293453002360.952
2024-10-12,2436.515625,2488.23779296875,2434.202880859375,2476.523193359375,9372169184,0.0162875440193121,0.0242974336140979,ETH-USD,0.0,0,0.0,0,0.0,0.0,-0.02,0.0,497572,1159085,,,298337352024.39526
2024-10-13,2476.520263671875,2484.12939453125,2436.9697265625,2467.677001953125,9189490605,-0.0035784153134817,0.024300107929952,ETH-USD,0.0,0,0.0,0,0.0,0.0,0.0,0.0,457774,1060369,,,296763578519.60724
2024-10-14,2467.6474609375,2652.8818359375,2443.552978515625,2628.89990234375,21434687898,0.0632882475334612,0.0298933271582244,ETH-USD,0.0,0,0.0,0,0.0,0.0,-0.04,0.0,498392,1173591,,,316723416119.08167
2024-10-15,2629.017578125,2685.166748046875,2537.94091796875,2606.02197265625,22003780898,-0.0087405603692993,0.0243344354149221,ETH-USD,0.0,0,0.0,0,0.0,0.0,0.3,0.0,516385,1212877,,,313065171034.6308
2024-10-16,2606.01953125,2644.854248046875,2589.60693359375,2611.10205078125,17012396419,0.0019474636630232,0.0216091291422695,ETH-USD,0.0,0,0.0,0,0.0,0.0,0.4599999999999999,0.0,491597,1156834,,,314448361978.7216
2024-10-17,2611.192138671875,2646.8740234375,2577.305908203125,2604.2734375,15150712321,-0.0026186483403767,0.0214435409533916,ETH-USD,0.0,0,0.0,0,0.0,0.0,0.4199999999999999,0.0,543592,1247886,,,313397275781.6164
2024-10-18,2604.814453125,2674.371826171875,2595.958984375,2641.55224609375,17043738652,0.0142129908216867,0.0207827277217693,ETH-USD,0.0,0,0.0,0,0.0,0.0,0.4599999999999999,0.0,573519,1330449,,,317996852908.5302
2024-10-19,2641.48828125,2661.872802734375,2631.656982421875,2648.656982421875,8557834553,0.002685996070363,0.0207395854387611,ETH-USD,0.0,0,0.0,0,0.0,0.0,0.4399999999999999,0.0,599089,1250641,,,318994159518.0482
2024-10-20,2648.665771484375,2756.436767578125,2635.94580078125,2746.364013671875,14559296242,0.0362251475388791,0.0222049053307411,ETH-USD,0.0,0,0.0,0,0.0,0.0,0.4599999999999999,0.0,533726,1177600,,,330606073081.3672
2024-10-21,2746.3056640625,2765.549560546875,2655.29443359375,2665.712158203125,17328615363,-0.0298066117230178,0.0241536695479085,ETH-USD,0.0,0,0.0,0,0.0,0.0,0.4399999999999999,0.0,538679,1185104,,,321125083058.7092
2024-10-22,2665.65673828125,2669.7900390625,2605.61865234375,2620.197509765625,15541911074,-0.0172215479234487,0.0249925245146462,ETH-USD,0.0,0,0.0,0,0.0,0.0,0.3999999999999999,0.0,536229,1181372,,,315826703067.41315
2024-10-23,2620.088623046875,2624.450439453125,2457.169921875,2509.098876953125,17876984551,-0.0433260248214441,0.0266547649992928,ETH-USD,0.0,0,0.0,0,0.0,0.0,0.4199999999999999,0.0,509138,1137763,,,303598048935.06506
2024-10-24,2523.60693359375,2559.1513671875,2506.722900390625,2534.49853515625,16128627601,0.0100721254515189,0.0266959681085235,ETH-USD,0.0,0,0.0,0,0.0,0.0,0.3799999999999999,0.0,502403,1132267,,,304861088396.8319
2024-10-25,2534.454833984375,2563.734130859375,2381.45068359375,2435.93408203125,22560233078,-0.0396655114084363,0.0285939483349533,ETH-USD,0.0,0,0.0,0,0.0,0.0,0.4399999999999999,0.0,502861,1143624,,,290787456359.99664
2024-10-26,2436.050048828125,2503.23046875,2427.46142578125,2479.603271484375,13597102184,0.0177682866444481,0.0286615556878595,ETH-USD,0.0,0,0.0,0,0.0,0.0,0.0,0.0,505976,1098532,,,298662865481.7372
2024-10-27,2479.93701171875,2523.17138671875,2462.27197265625,2505.940673828125,9801434566,0.0105656063371836,0.028771417541554,ETH-USD,0.0,0,0.0,0,0.0,0.0,0.48,0.0,431241,965098,,,302029158631.4021
2024-10-28,2505.590576171875,2587.43017578125,2470.268310546875,2565.34814453125,18971841402,0.0234300157328241,0.0236627396941664,ETH-USD,0.0,0,0.0,0,0.0,0.0,0.4399999999999999,0.0,458684,1053714,,,308979261142.2668
2024-10-29,2565.41796875,2680.054443359375,2560.15380859375,2637.95751953125,22185845095,0.0279107526048665,0.0248283628206551,ETH-USD,0.0,0,0.0,0,0.0,0.0,0.4399999999999999,0.0,523376,1173025,,,317294896754.4211
2024-10-30,2637.64013671875,2720.271484375,2600.609619140625,2657.37255859375,22382690746,0.0073329238307719,0.0248879884127425,ETH-USD,0.0,0,0.0,0,0.0,0.0,0.54,0.0,443016,1106479,,,320386378855.9679
2024-10-31,2657.213134765625,2667.5595703125,2501.572265625,2515.79931640625,19760409505,-0.0547473020077586,0.0290615725594393,ETH-USD,0.0,0,0.0,0,0.0,0.0,0.54,0.0,485178,1085336,,,303162417730.1748
2024-11-01,2515.870361328125,2583.777099609375,2467.8193359375,2511.885498046875,20215438328,-0.0015569071230169,0.028668209351288,ETH-USD,0.0,0,0.0,0,0.0,0.0,0.5,0.0,481430,1101047,,,302529813604.33514
2024-11-02,2512.208251953125,2522.360595703125,2471.95556640625,2491.068603515625,9639457439,-0.0083218891263054,0.0286336185887857,ETH-USD,0.0,0,0.0,0,0.0,0.0,0.4399999999999999,0.0,490886,1073738,,,299690521991.276
2024-11-03,2491.094482421875,2495.4365234375,2411.3984375,2456.42529296875,15667779706,-0.014004616269904,0.0261974486537955,ETH-USD,0.0,0,0.0,0,0.0,0.0,0.48,0.0,502616,1114734,,,295568420811.89246
2024-11-04,2456.09521484375,2488.350341796875,2359.578125,2397.0263671875,17110200696,-0.0244782047131737,0.0258927228345093,ETH-USD,0.0,0,0.0,0,0.0,0.0,0.3999999999999999,0.0,464007,1121115,,,288598001643.8693
2024-11-05,2397.036376953125,2478.618896484375,2380.601318359375,2422.650634765625,17894057485,0.0106332889134209,0.0261643628367336,ETH-USD,0.0,0,0.0,0,0.0,0.0,0.3999999999999999,0.0,475308,1105923,,,292492486815.86835
2024-11-06,2422.539306640625,2743.964111328125,2421.81298828125,2724.169189453125,41887574364,0.117301252640699,0.0399400514969762,ETH-USD,0.0,0,0.0,0,0.0,0.0,0.3999999999999999,0.0,479645,1195439,,,327897815326.4345
2024-11-07,2724.005859375,2918.744384765625,2701.5908203125,2895.58544921875,35352318438,0.0610238212650149,0.0425857659844988,ETH-USD,0.0,0,0.0,0,0.0,0.0,0.54,0.0,513491,1223300,,,348237840807.7831
2024-11-08,2895.597900390625,2983.744873046875,2889.484375,2962.296630859375,32303261101,0.0227775380045948,0.0402443923684506,ETH-USD,0.0,0,0.0,0,0.0,0.0,0.5,0.0,525242,1228931,,,356476942981.42303
2024-11-09,2962.791015625,3156.3662109375,2957.182373046875,3131.14453125,29210133088,0.0554337463553352,0.0417484512985913,ETH-USD,0.0,0,0.0,0,0.0,0.0,0.5,0.0,500755,1154408,,,378124013838.337
2024-11-10,3130.729248046875,3249.9140625,3073.248779296875,3191.331298828125,47418730187,0.019039562143504,0.0417146444439575,ETH-USD,0.0,0,0.0,0,0.0,0.0,0.56,0.0,524956,1211713,,,383852713613.0474
2024-11-11,3191.656982421875,3389.529296875,3109.76953125,3374.81298828125,55417771668,0.0559017471170853,0.0429674555398046,ETH-USD,0.0,0,0.0,0,0.0,0.0,0.52,0.0,561074,1276334,,,405854148949.8291
2024-11-12,3375.15478515625,3444.154052734375,3211.198486328125,3246.25732421875,56686078066,-0.0388371717082606,0.0455958480181015,ETH-USD,0.0,0,0.0,0,0.0,0.0,0.6000000000000001,0.0,545638,1288787,,,391991047220.5879
2024-11-13,3244.543212890625,3337.877197265625,3121.666015625,3192.595947265625,52010205682,-0.0166683777689419,0.0463441415554917,ETH-USD,0.0,0,0.0,0,0.0,0.0,0.6799999999999999,0.0,527943,1270183,,,384249676096.5301
2024-11-14,3192.5205078125,3240.270751953125,3032.971923828125,3058.94873046875,35743352141,-0.0427630576300817,0.0450880624146729,ETH-USD,0.0,0,0.0,0,0.0,0.0,0.76,0.0,548302,1284085,,,368052105425.6652
2024-11-15,3059.526123046875,3130.703857421875,3016.14404296875,3103.04052734375,32701369872,0.0143111412759222,0.044866815769766,ETH-USD,0.0,0,0.0,0,0.0,0.0,0.6000000000000001,0.0,569301,1244665,,,372997067016.5456
2024-11-16,3089.739990234375,3218.089599609375,3073.286376953125,3133.27392578125,26650658846,0.0096959944927981,0.0443993818409153,ETH-USD,0.0,0,0.0,0,0.0,0.0,0.72,0.0,578354,1241006,,,377447692617.369
2024-11-17,3133.306640625,3160.152587890625,3039.246826171875,3075.66162109375,28348163224,-0.0185584011251578,0.0446550733745828,ETH-USD,0.0,0,0.0,0,0.0,0.0,0.8,0.0,569177,1204729,,,369721912999.73846
2024-11-18,3075.722900390625,3225.130615234375,3052.4912109375,3207.8564453125,35445557613,0.0420829005896754,0.0435365716695244,ETH-USD,0.0,0,0.0,0,0.0,0.0,0.6599999999999999,0.0,532913,1229167,,,384019481513.0885
2024-11-19,3208.25048828125,3222.00439453125,3070.36279296875,3111.384033203125,29823634432,-0.0305352860860552,0.0456175927137008,ETH-USD,0.0,0,0.0,0,0.0,0.0,0.8,0.0,545199,1222473,,,374738660843.9252
2024-11-20,3111.116943359375,3159.949462890625,3032.603271484375,3072.18798828125,29785491216,-0.0126776464344102,0.0360478820957027,ETH-USD,0.0,0,0.0,0,0.0,0.0,0.6599999999999999,0.0,562785,1243428,,,370122608291.947
2024-11-21,3072.05517578125,3388.54296875,3035.8466796875,3361.053955078125,51619069348,0.0898645943802071,0.0398939227307657,ETH-USD,0.0,0,0.0,0,0.0,0.0,0.6399999999999999,0.0,573282,1266953,,,405278021400.7592
2024-11-22,3360.654296875,3428.46044921875,3262.808837890625,3331.600830078125,36775716442,-0.0088016836633051,0.0400477956758978,ETH-USD,0.0,0,0.0,0,0.0,0.0,0.8799999999999999,0.0,608783,1301173,,,400470836802.45776
2024-11-23,3331.6455078125,3499.370849609375,3317.65478515625,3396.223388671875,38835184688,0.0192111279923958,0.0378866175768746,ETH-USD,0.0,0,0.0,0,0.0,0.0,0.8600000000000001,0.0,595219,1277757,,,409145330054.09735
2024-11-24,3396.99951171875,3451.80224609375,3288.430908203125,3363.659912109375,27901454185,-0.0096344055056808,0.0378911598331198,ETH-USD,0.0,0,0.0,0,0.0,0.0,0.6000000000000001,0.0,564490,1207132,,,405117163298.9696
2024-11-25,3364.6015625,3545.27880859375,3304.093994140625,3413.5439453125,51544793988,0.0147213910492589,0.035021525941869,ETH-USD,0.0,0,0.0,0,0.0,0.0,0.6399999999999999,0.0,584087,1292463,,,413072700314.51807
2024-11-26,3412.950927734375,3461.29296875,3255.54296875,3326.517333984375,39902959158,-0.0258251207041483,0.0340473652428782,ETH-USD,0.0,0,0.0,0,0.0,0.0,0.5800000000000001,0.0,561936,1265769,,,400379210555.13184
2024-11-27,3326.029052734375,3687.009033203125,3303.56787109375,3657.249267578125,43383987191,0.0947853875464588,0.0416026889382828,ETH-USD,0.0,0,0.0,0,0.0,0.0,0.5,0.0,598038,1275842,,,441904667909.9972
2024-11-28,3656.609619140625,3664.878173828125,3531.87060546875,3579.8115234375,32362724276,-0.0214011466680937,0.0398866350114658,ETH-USD,0.0,0,0.0,0,0.0,0.0,0.54,0.0,616324,1256719,,,431672033883.0947
2024-11-29,3579.91064453125,3647.264404296875,3538.44677734375,3593.494384765625,27622629486,0.0038149433742307,0.0399229219668076,ETH-USD,0.0,0,0.0,0,0.0,0.0,0.56,0.0,589287,1279446,,,433049458432.7085
2024-11-30,3593.59814453125,3739.934814453125,3572.254150390625,3705.705322265625,30670867436,0.0307485156955573,0.0402858901280799,ETH-USD,0.0,0,0.0,0,0.0,0.0,0.6799999999999999,0.0,551474,1232587,,,447217174034.1944
2024-12-01,3706.619873046875,3747.455322265625,3663.234130859375,3711.1650390625,28018113530,0.0014722430127681,0.0394650118906534,ETH-USD,0.0,0,0.0,0,0.0,0.0,0.6200000000000001,0.0,579646,1228535,,,447568370464.17694
2024-12-02,3710.495361328125,3761.343017578125,3557.252197265625,3644.198486328125,47284967570,-0.0182094067558613,0.0393857348897319,ETH-USD,0.0,0,0.0,0,0.0,0.0,0.6000000000000001,0.0,592286,1341788,,,438053517371.3857
2024-12-03,3643.7421875,3670.2197265625,3504.226318359375,3620.711669921875,36839829742,-0.0064658468521986,0.038023847587012,ETH-USD,0.0,0,0.0,0,0.0,0.0,0.52,0.0,583738,1349338,,,436466212365.0526
2024-12-04,3620.03759765625,3895.17431640625,3617.74462890625,3841.3310546875,56799745752,0.0591483349459117,0.0394279263315944,ETH-USD,0.0,0,0.0,0,0.0,0.0,0.56,0.0,598566,1339995,,,463052919644.99744
2024-12-05,3840.844482421875,3956.54150390625,3683.4208984375,3811.00830078125,60568296606,-0.0079251353622021,0.0335521344514697,ETH-USD,0.0,0,0.0,0,0.0,0.0,0.6799999999999999,0.0,609650,1344520,,,457034528335.8656
2024-12-06,3792.20849609375,4093.172119140625,3782.681396484375,4005.810546875,52853668566,0.0498521437821613,0.0348005102489179,ETH-USD,0.0,0,0.0,0,0.0,0.0,0.4399999999999999,0.0,603641,1330997,,,483385937275.64087
2024-12-07,4006.02880859375,4029.452880859375,3974.17626953125,4002.692626953125,22574636761,-0.000778652392771,0.0349430974191541,ETH-USD,0.0,0,0.0,0,0.0,0.0,0.5,0.0,614603,1243988,,,482514557816.418
2024-12-08,4007.690673828125,4018.0,3927.85400390625,4005.70458984375,20943378971,0.0007522012085822,0.03456265841818,ETH-USD,0.0,0,0.0,0,0.0,0.0,0.5800000000000001,0.0,593007,1224361,,,481973081589.4537
2024-12-09,4006.101806640625,4008.77783203125,3525.23291015625,3718.6904296875,57029832059,-0.074347921322448,0.0415992962240567,ETH-USD,0.0,0,0.0,0,0.0,0.0,0.56,0.0,569276,1329408,,,447348069106.6632
2024-12-10,3719.00048828125,3780.75341796875,3520.365234375,3631.833740234375,58416417599,-0.0236338879518462,0.0414738078259435,ETH-USD,0.0,0,0.0,0,0.0,0.0,0.56,0.0,610919,1379827,,,437492479767.7199
2024-12-11,3631.276123046875,3850.765380859375,3567.56640625,3832.822021484375,35968053196,0.0538636687806133,0.0358112073299019,ETH-USD,0.0,0,0.0,0,0.0,0.0,0.48,0.0,595689,1297795,,,462124687406.1028
2024-12-12,3833.172119140625,3987.005859375,3800.0908203125,3883.1015625,42971675764,0.0130328539813726,0.035157062818032,ETH-USD,0.0,0,0.0,0,0.0,0.0,0.6599999999999999,0.0,632555,1350929,,,466967569634.0896
2024-12-13,3883.030029296875,3967.395263671875,3855.023681640625,3911.205322265625,34895127659,0.0072113869709225,0.0351539638224825,ETH-USD,0.0,0,0.0,0,0.0,0.0,0.52,0.0,625658,1280204,,,470393467949.4728
2024-12-14,3910.847900390625,3943.278076171875,3826.761962890625,3868.4052734375,28756190559,-0.0110032449883067,0.0346652331067587,ETH-USD,0.0,0,0.0,0,0.0,0.0,0.6599999999999999,0.0,595321,1238981,,,465961343138.5415
2024-12-15,3868.441162109375,3971.498046875,3832.0966796875,3951.941162109375,25069616984,0.0213645435758818,0.0350007955754639,ETH-USD,0.0,0,0.0,0,0.0,0.0,0.6000000000000001,0.0,572588,1199954,,,475491607016.499
2024-12-16,3951.65283203125,4106.95556640625,3882.705322265625,3987.48095703125,46536359669,0.008952800788842,0.0343932848027496,ETH-USD,0.0,0,0.0,0,0.0,0.0,0.6599999999999999,0.0,584730,1288678,,,481217094886.3859
2024-12-17,3987.333984375,4040.337890625,3849.28662109375,3886.76611328125,35418700472,-0.0255822138989844,0.0353118631338579,ETH-USD,0.0,0,0.0,0,0.0,0.0,0.74,0.0,633135,1319728,,,467074887893.40814
2024-12-18,3886.886962890625,3902.715576171875,3617.840576171875,3618.791259765625,48946681636,-0.0714374145979119,0.0371271912846252,ETH-USD,0.0,0,0.0,0,0.0,0.0,0.6200000000000001,0.0,586437,1288421,,,438024679134.84814
2024-12-19,3619.58203125,3717.662353515625,3330.87255859375,3417.927978515625,58879190250,-0.0571055507010413,0.0397354220993639,ETH-USD,0.0,0,0.0,0,0.0,0.0,0.5,0.0,593388,1281658,,,413132323994.2394
2024-12-20,3417.93017578125,3496.327392578125,3098.20361328125,3472.553466796875,66383827229,0.015855679498072,0.0368788775870003,ETH-USD,0.0,0,0.0,0,0.0,0.0,0.48,0.0,617940,1327871,,,418150864664.7876
2024-12-21,3472.589111328125,3552.921630859375,3293.505615234375,3337.222412109375,31579389836,-0.039751344867883,0.037576987624162,ETH-USD,0.0,0,0.0,0,0.0,0.0,0.4599999999999999,0.0,636495,1257560,,,400969520706.1277
2024-12-22,3336.998779296875,3398.657470703125,3219.294921875,3277.53515625,24780768375,-0.0180471847228551,0.0373836221779387,ETH-USD,0.0,0,0.0,0,0.0,0.0,0.4599999999999999,0.0,661932,1254501,,,394894186314.8426
2024-12-23,3277.51416015625,3461.52783203125,3217.36865234375,3415.785400390625,34496081389,0.0413157889104339,0.0358488406339489,ETH-USD,0.0,0,0.0,0,0.0,0.0,0.3999999999999999,0.0,644736,1306194,,,412263743127.9789
2024-12-24,3415.738037109375,3535.857666015625,3355.609130859375,3492.0498046875,23083678195,0.0220814483331407,0.0362060811340272,ETH-USD,0.0,0,0.0,0,0.0,0.0,0.4599999999999999,0.0,681144,1263508,,,420971791008.40106
2024-12-25,3491.95751953125,3542.833740234375,3440.09716796875,3493.2353515625,17651873225,0.0003394412282003,0.0323865168140997,ETH-USD,0.0,0,0.0,0,0.0,0.0,0.4599999999999999,0.0,647401,1206212,,,420498466993.79016
2024-12-26,3493.30419921875,3512.6044921875,3302.306396484375,3331.225830078125,22247726776,-0.0474879882201469,0.0335777526737051,ETH-USD,0.0,0,0.0,0,0.0,0.0,0.5800000000000001,0.0,575672,1208665,,,400566123859.3728
2024-12-27,3331.0537109375,3436.710693359375,3302.57568359375,3328.9169921875,24091627403,-0.0006933298713642,0.0333143053532772,ETH-USD,0.0,0,0.0,0,0.0,0.0,0.48,0.0,597038,1240371,,,400194315735.0154
2024-12-28,3328.774658203125,3419.920166015625,3318.033935546875,3397.90234375,14305648523,0.0205112599817228,0.0343985531027071,ETH-USD,0.0,0,0.0,0,0.0,0.0,0.4399999999999999,0.0,559493,1193108,,,409236197679.3016
2024-12-29,3397.862548828125,3406.6484375,3321.664794921875,3349.513427734375,13440907792,-0.0143431936693903,0.0332578074913569,ETH-USD,0.0,0,0.0,0,0.0,0.0,0.4599999999999999,0.0,563774,1199862,,,403199812594.48224
2024-12-30,3349.5859375,3428.52734375,3298.804443359375,3356.392578125,26981583962,0.0020516699153482,0.0329762874778875,ETH-USD,0.0,0,0.0,0,0.0,0.0,0.3,0.0,568891,1240007,,,404234637885.7718
