Date,Open,High,Low,Close,Volume,Log_Return,Volatility,Asset,News_Sentiment,News_Volume,Social_Sentiment,Social_Volume,Attention_Index,Sentiment_Disagreement,Market_FearGreed,FinBERT_Polarity,Active_Addresses,Tx_Count,Transfer_Volume_USD,Hash_Rate,Network_Cap_USD,RV_Week,RV_Month
2020-01-15,0.2345039993524551,0.2409970015287399,0.2279199957847595,0.2328950017690658,2590278224,-0.007664997835291,0.0465708043784244,XRP-USD,0.0,0,0.0,0,0.0,0.0,0.08,0.0,5020,962556,,,23285430205.170425,0.0465708043784244,0.0465708043784244
2020-01-16,0.2328809946775436,0.2335679978132248,0.2240550071001052,0.2285739928483963,2066952513,-0.0187277379930704,0.0462456221158425,XRP-USD,0.0,0,0.0,0,0.0,0.0,0.1,0.0,4074,863197,,,22861909788.59305,0.046408213247133456,0.046408213247133456
2020-01-17,0.2287250012159347,0.2431560009717941,0.2265760004520416,0.2387759983539581,2418043081,0.0436658892401388,0.0467825063573716,XRP-USD,0.0,0,0.0,0,0.0,0.0,0.08,0.0,4573,930524,,,23914981348.109337,0.04653297761721283,0.04653297761721283
2020-01-18,0.23887999355793,0.2511869966983795,0.233147993683815,0.2432859987020492,2391157804,0.0187118336082215,0.0466871834397414,XRP-USD,0.0,0,0.0,0,0.0,0.0,0.02,0.0,39140,1065129,,,24375689674.507145,0.04657152907284498,0.04657152907284498
2020-01-19,0.243367001414299,0.2495689988136291,0.2292779982089996,0.2355850040912628,2211717302,-0.032165900785337,0.0484020389543445,XRP-USD,0.0,0,0.0,0,0.0,0.0,0.06,0.0,14765,1008329,,,23532186938.267223,0.046937631049144876,0.046937631049144876
2020-01-20,0.235384002327919,0.2357479929924011,0.2259860038757324,0.2332960069179535,1723535818,-0.0097637366573417,0.0364631839875562,XRP-USD,0.0,0,0.0,0,0.0,0.0,-0.04,0.0,3859,892857,,,23329407964.66736,0.044916106970971245,0.04519188987221343
2020-01-21,0.2333399951457977,0.2402639985084533,0.2315389961004257,0.2371660023927688,1701652845,0.0164522647570507,0.0348293158127804,XRP-USD,0.0,0,0.0,0,0.0,0.0,-0.02,0.0,3849,879979,,,23715810764.46516,0.042632845710358816,0.043711522149437285
2020-01-22,0.2372629940509796,0.2386890053749084,0.2342360019683838,0.2360559999942779,1517150861,-0.0046912629955102,0.0339241788473846,XRP-USD,0.0,0,0.0,0,0.0,0.0,0.04,0.0,3660,853354,,,23570262093.730167,0.04006118020836142,0.0424881042366807
2020-01-23,0.236173003911972,0.236284002661705,0.2230689972639084,0.2261040061712265,1600294983,-0.0430739672803582,0.0359298579536089,XRP-USD,0.0,0,0.0,0,0.0,0.0,-0.02,0.0,3575,915869,,,22497311653.80545,0.03790971511113492,0.04175941020522828
2020-01-24,0.2262009978294372,0.2263139933347702,0.215388998389244,0.2230409979820251,1706347379,-0.0136394956929535,0.035329542898537,XRP-USD,0.0,0,0.0,0,0.0,0.0,-0.1999999999999999,0.0,3597,880160,,,22157843816.73593,0.03529521589997342,0.04111642347455915
2020-01-25,0.2230489999055862,0.2231499999761581,0.217737004160881,0.220427006483078,1373179560,-0.0117889982909269,0.0355419432701774,XRP-USD,0.0,0,0.0,0,0.0,0.0,-0.18,0.0,2945,849540,,,21985354880.482647,0.035110967756497656,0.04060965254688808
2020-01-26,0.2203450053930282,0.231343999505043,0.2193270027637481,0.2306859940290451,1583964764,0.0454908488583574,0.0371747801579862,XRP-USD,0.0,0,0.0,0,0.0,0.0,-0.16,0.0,3126,835171,,,22998887217.083527,0.035580060625538826,0.04032341318114626
2020-01-27,0.2305320054292678,0.2346339970827102,0.2269819974899292,0.231222003698349,1722593699,0.0023208513926398,0.0367895656395613,XRP-USD,0.0,0,0.0,0,0.0,0.0,0.0,0.0,3772,864650,,,23071298857.91749,0.03615313798397416,0.0400515787548705
2020-01-28,0.2312059998512268,0.2399310022592544,0.2309450060129165,0.2384880036115646,2052700894,0.0309407057654176,0.0267223041759356,XRP-USD,0.0,0,0.0,0,0.0,0.0,0.08,0.0,4069,930312,,,23839549296.739017,0.0343116272284395,0.039099487713518004
2020-01-29,0.2386910021305084,0.2412669956684112,0.2353219985961914,0.2357300072908401,1883265674,-0.0116318965281316,0.0268436922798125,XRP-USD,0.0,0,0.0,0,0.0,0.0,0.1399999999999999,0.0,4338,768230,,,23586954178.355804,0.0326144571046946,0.0382824346846043
2020-01-30,0.2356069982051849,0.245960995554924,0.2319969981908798,0.2436420023441314,2125017678,0.0330128311758772,0.0274927335436369,XRP-USD,0.0,0,0.0,0,0.0,0.0,0.1399999999999999,0.0,4328,885929,,,24395964474.32913,0.031004615159386507,0.037608078363293836
2020-01-31,0.2436179965734481,0.2442730069160461,0.2349050045013427,0.2392330020666122,1892170752,-0.0182619633229063,0.0256360526344237,XRP-USD,0.0,0,0.0,0,0.0,0.0,0.1,0.0,4291,926993,,,23900020171.70728,0.028696869654674002,0.03690384155571324
2020-02-01,0.2391909956932068,0.2426120042800903,0.2377810031175613,0.241455003619194,1592451417,0.0092451542498043,0.0252300466689324,XRP-USD,0.0,0,0.0,0,0.0,0.0,0.1399999999999999,0.0,21166,875421,,,24119840475.33731,0.02638496586054822,0.03625529739533653
2020-02-02,0.2413209974765777,0.2592589855194092,0.2370020002126693,0.2507340013980865,2477130012,0.037709486492483,0.0254032625080903,XRP-USD,0.0,0,0.0,0,0.0,0.0,0.1399999999999999,0.0,26509,930276,,,25121306429.58157,0.02612115752697916,0.03568413766442883
2020-02-03,0.250569999217987,0.2563700079917907,0.2481539994478225,0.254626989364624,2156814065,0.0154070656280456,0.0252097842039591,XRP-USD,0.0,0,0.0,0,0.0,0.0,0.1799999999999999,0.0,27922,1011197,,,25370888109.818542,0.02579437591180848,0.035160419991405345
2020-02-04,0.2545570135116577,0.2695760130882263,0.2488200068473816,0.2668080031871795,2900951896,0.0467296231090808,0.0273594335807334,XRP-USD,0.0,0,0.0,0,0.0,0.0,0.1200000000000001,0.0,99954,1037430,,,26513802187.480465,0.02576771591922778,0.03478894444804002
2020-02-05,0.2666920125484466,0.2810389995574951,0.2666920125484466,0.2774679958820343,3332447611,0.0391762858356083,0.0282411144410281,XRP-USD,0.0,0,0.0,0,0.0,0.0,0.06,0.0,5908,1001700,,,27852318040.095303,0.02628872828054866,0.034491315811357656
2020-02-06,0.2775419950485229,0.2859390079975128,0.273494005203247,0.2822139859199524,3079150333,0.0169600021216846,0.023463371820787,XRP-USD,0.0,0,0.0,0,0.0,0.0,0.2199999999999999,0.0,43017,941620,,,28293195834.529503,0.02593539331091958,0.03344097796782868
2020-02-07,0.2822049856185913,0.2865200042724609,0.2778460085391998,0.2792840003967285,2372731517,-0.010436411843891,0.0231676247762106,XRP-USD,0.0,0,0.0,0,0.0,0.0,0.1200000000000001,0.0,153344,967219,,,27943016722.28052,0.02548826576454364,0.032391978088754506
2020-02-08,0.2788780033588409,0.280483990907669,0.2675780057907104,0.2772429883480072,2380993304,-0.0073348507459093,0.0227831225561944,XRP-USD,0.0,0,0.0,0,0.0,0.0,0.1200000000000001,0.0,4429,777436,,,27812417791.4362,0.025002933434990698,0.031301097006882814
2020-02-09,0.2770969867706299,0.2872349917888641,0.2764439880847931,0.2824569940567016,2343599758,0.0186319696576981,0.0212205447271145,XRP-USD,0.0,0,0.0,0,0.0,0.0,0.1200000000000001,0.0,4785,811667,,,28293656421.107475,0.023775155664266922,0.030143522519945228
2020-02-10,0.2824859917163849,0.2833150029182434,0.2702310085296631,0.2740800082683563,2403459577,-0.0301062408267223,0.0242072239458765,XRP-USD,0.0,0,0.0,0,0.0,0.0,0.1399999999999999,0.0,4702,852163,,,27398884679.907803,0.0229683775652366,0.0290437582013785
2020-02-11,0.2739019989967346,0.2807460129261017,0.2678810060024261,0.2801409959793091,2383677083,0.0218729687524117,0.0237832567290354,XRP-USD,0.0,0,0.0,0,0.0,0.0,0.04,0.0,4865,881425,,,28202089099.75704,0.02303235454688628,0.02846739787144574
2020-02-12,0.2802720069885254,0.3074910044670105,0.2799479961395263,0.3043929934501648,4092541037,0.0830265746517092,0.0294757583126586,XRP-USD,0.0,0,0.0,0,0.0,0.0,0.2199999999999999,0.0,6366,866249,,,30597719006.71481,0.02429398125417588,0.028224054348712932
2020-02-13,0.3041949868202209,0.3361420035362243,0.3036220073699951,0.3267059922218323,6473779289,0.0707410519558357,0.0324981025981416,XRP-USD,0.0,0,0.0,0,0.0,0.0,0.3,0.0,7787,923846,,,32737547706.410706,0.02623697726256532,0.028159232701020064
2020-02-14,0.3263629972934723,0.3375529944896698,0.3145259916782379,0.3348219990730285,4476902769,0.0245383844566269,0.0304753697530926,XRP-USD,0.0,0,0.0,0,0.0,0.0,0.26,0.0,35381,867720,,,33630974221.71631,0.02808794226776094,0.027911301419178414
2020-02-15,0.3351190090179443,0.3439719974994659,0.302183985710144,0.3062359988689422,4282439063,-0.0892430017251939,0.0429574144969242,XRP-USD,0.0,0,0.0,0,0.0,0.0,0.28,0.0,156514,999414,,,30830282295.625072,0.03183798037797048,0.02825802285546874
2020-02-16,0.3072650134563446,0.3181869983673095,0.2780359983444214,0.2950339913368225,4025339058,-0.0372654682623449,0.0448074945561298,XRP-USD,0.0,0,0.0,0,0.0,0.0,0.1799999999999999,0.0,5167,890594,,,29447002066.209454,0.036042827943389366,0.028679184277557487
2020-02-17,0.2946290075778961,0.2952179908752441,0.2713820040225982,0.2865720093250274,3690067847,-0.0291007285500926,0.0460791162637384,XRP-USD,0.0,0,0.0,0,0.0,0.0,-0.02,0.0,5109,929793,,,28660785919.01009,0.03936349953360532,0.029083926827818952
2020-02-18,0.2870100140571594,0.3000620007514953,0.2787460088729858,0.2979130148887634,3719318846,0.0388117015265059,0.0456193324797331,XRP-USD,0.0,0,0.0,0,0.0,0.0,0.06,0.0,60756,927370,,,29936066444.519848,0.041987745509923624,0.029485279866008577
2020-02-19,0.2978839874267578,0.3036850094795227,0.2776019871234894,0.2776019871234894,3096501889,-0.0706131607160867,0.0491266768437115,XRP-USD,0.0,0,0.0,0,0.0,0.0,0.0,0.0,232064,1043313,,,27751518473.638687,0.0457180069280474,0.03050366044181657
2020-02-20,0.2771379947662353,0.2815369963645935,0.2673299908638,0.2723959982395172,3138024579,-0.0189315034160795,0.0491119726914736,XRP-USD,0.0,0,0.0,0,0.0,0.0,-0.12,0.0,6389,885116,,,27208746817.49089,0.04694891856695728,0.03151585500598299
2020-02-21,0.2722989916801452,0.2779000103473663,0.270702987909317,0.2749379873275757,2626495845,0.0092886881937083,0.0491506029749363,XRP-USD,0.0,0,0.0,0,0.0,0.0,-0.12,0.0,5970,828082,,,27537854944.355164,0.047817540250718576,0.0325003036164966
2020-02-22,0.2753449976444244,0.2769680023193359,0.2723050117492676,0.2759009897708893,2190665842,0.0034964970325237,0.049130498479708,XRP-USD,0.0,0,0.0,0,0.0,0.0,-0.14,0.0,3860,823616,,,27505344494.141617,0.048427816693912495,0.03356823297310043
2020-02-23,0.2759389877319336,0.2828679978847503,0.275613009929657,0.282710999250412,2313819448,0.0243831031539505,0.049325048961494,XRP-USD,0.0,0,0.0,0,0.0,0.0,-0.0799999999999999,0.0,4795,867145,,,28371175769.64113,0.049168959990264674,0.03466346035003504
2020-02-24,0.2825900018215179,0.2831889986991882,0.2664780020713806,0.2706269919872284,2472100400,-0.043683712375457,0.0500914108148031,XRP-USD,0.0,0,0.0,0,0.0,0.0,-0.0799999999999999,0.0,4457,887244,,,26910645832.426723,0.049361906784483,0.03578564890943108
2020-02-25,0.2705410122871399,0.270823985338211,0.2530510127544403,0.2534120082855224,2590099692,-0.0657248040009064,0.0524430154385158,XRP-USD,0.0,0,0.0,0,0.0,0.0,-0.12,0.0,4714,857715,,,25355162441.58295,0.05002811533389144,0.03702352305645639
2020-02-26,0.253371000289917,0.2550199925899505,0.2293830066919326,0.2308509945869445,3273784862,-0.0932441981080473,0.0502379556800921,XRP-USD,0.0,0,0.0,0,0.0,0.0,-0.18,0.0,5533,966706,,,23098154050.101566,0.0502455858749226,0.0380634558791545
2020-02-27,0.2310920059680938,0.246189996600151,0.226172998547554,0.2371159940958023,2775673347,0.0267769906570336,0.045275101679098,XRP-USD,0.0,0,0.0,0,0.0,0.0,-0.2199999999999999,0.0,4869,969216,,,23747305381.097878,0.049474506514800606,0.03883772802633951
2020-02-28,0.2371110022068023,0.243244007229805,0.2307759970426559,0.236295998096466,2468502732,-0.0034641996100742,0.0436062342765202,XRP-USD,0.0,0,0.0,0,0.0,0.0,-0.1999999999999999,0.0,4317,924968,,,23762989771.732384,0.04833074357780584,0.03975331268341828
2020-02-29,0.2365210056304931,0.2419620007276535,0.2311930060386657,0.2311930060386657,2061348763,-0.0218323627166585,0.0394807847658721,XRP-USD,0.0,0,0.0,0,0.0,0.0,-0.24,0.0,3821,853022,,,23111697517.814224,0.04620861836801964,0.04049481995567562
2020-03-01,0.2311049997806549,0.2358179986476898,0.2257069945335388,0.2288459986448288,2086828072,-0.010203603315549,0.0392363138399335,XRP-USD,0.0,0,0.0,0,0.0,0.0,-0.2199999999999999,0.0,3625,876212,,,22770108370.81,0.04356727804830318,0.04124269228675468
2020-03-02,0.2289350032806396,0.240348994731903,0.2273270040750503,0.2387470006942749,2466061224,0.0423551344175624,0.0422346847353413,XRP-USD,0.0,0,0.0,0,0.0,0.0,-0.24,0.0,4259,836673,,,23920692751.050774,0.04196662385935303,0.042197880468946805
2020-03-03,0.2386689931154251,0.238753005862236,0.2319899946451187,0.2343810051679611,2524293730,-0.0184563982984581,0.0395116949076538,XRP-USD,0.0,0,0.0,0,0.0,0.0,-0.24,0.0,4401,853071,,,23443272499.344105,0.040813942505064184,0.042893538239936684
2020-03-04,0.2345450073480606,0.2379609942436218,0.2318260073661804,0.2345300018787384,2280839542,0.0006355010377349,0.0365725520041374,XRP-USD,0.0,0,0.0,0,0.0,0.0,-0.1999999999999999,0.0,4273,829501,,,23448115132.203323,0.039407206050587625,0.04347486984335041
2020-03-05,0.2345550060272216,0.2428700029850006,0.2345550060272216,0.2395820021629333,2299594699,0.0213122277543806,0.037557774774465,XRP-USD,0.0,0,0.0,0,0.0,0.0,-0.18,0.0,4347,844264,,,23893336530.812355,0.039022604052306196,0.04384223422797797
2020-03-06,0.2394900023937225,0.2459200024604797,0.2391130030155182,0.2440879940986633,2423236344,0.0186330445946532,0.0379915454230685,XRP-USD,0.0,0,0.0,0,0.0,0.0,-0.2199999999999999,0.0,5814,846112,,,24427004285.74122,0.038773650368933196,0.044091936174565555
2020-03-07,0.2439700067043304,0.2446350008249282,0.2370239943265915,0.2370709925889969,2109420975,-0.0291691487642069,0.0382005334390848,XRP-USD,0.0,0,0.0,0,0.0,0.0,-0.24,0.0,6734,901199,,,23684884796.999004,0.0379668201096819,0.04444307997847429
2020-03-08,0.2371100038290023,0.2371100038290023,0.2068260014057159,0.2069039940834045,2627253062,-0.1361047540890808,0.0492897871471892,XRP-USD,0.0,0,0.0,0,0.0,0.0,-0.3399999999999999,0.0,7025,969029,,,20596188759.00154,0.03992243855758898,0.044730915098940886
2020-03-09,0.2066829949617386,0.2114389985799789,0.2007409930229187,0.2091809958219528,2796925948,0.0109449969332078,0.049627730523556,XRP-USD,0.0,0,0.0,0,0.0,0.0,-0.6599999999999999,0.0,8693,971171,,,20849132833.00979,0.0425334742614727,0.04495001673382389
2020-03-10,0.2097209990024566,0.2152529954910278,0.2065840065479278,0.2122350037097931,2317233373,0.0144942828825805,0.0483575850043288,XRP-USD,0.0,0,0.0,0,0.0,0.0,-0.6799999999999999,0.0,4681,884190,,,21167607377.151,0.044693436307445454,0.045053583494759825
2020-03-11,0.2122929990291595,0.2134449928998947,0.2014649957418441,0.2080959975719452,2130165442,-0.0196946687768871,0.0425803072910003,XRP-USD,0.0,0,0.0,0,0.0,0.0,-0.6599999999999999,0.0,4253,906483,,,20805352435.26396,0.045611188681031825,0.04491544598618106
2020-03-12,0.2082049995660781,0.2091239988803863,0.1396349966526031,0.1396349966526031,3547958418,-0.3989676487547006,0.1118961315444835,XRP-USD,0.0,0,0.0,0,0.0,0.0,-0.72,0.0,8671,1248005,,,13989690518.78606,0.060350308302111556,0.047768603018034324
2020-03-13,0.1405239999294281,0.1647720038890838,0.1150930002331733,0.1593520045280456,5160523077,0.1320837689242544,0.1206217858495771,XRP-USD,0.0,0,0.0,0,0.0,0.0,-0.8,0.0,8468,1931360,,,16082751908.459295,0.07461670804258914,0.05101904907067541
2020-03-14,0.1592400074005127,0.1600349992513656,0.145685002207756,0.1472920030355453,2310448365,-0.0786985885156914,0.1213482974572964,XRP-USD,0.0,0,0.0,0,0.0,0.0,-0.84,0.0,5500,855538,,,14508571979.488567,0.08896082142933723,0.054300762456237224
2020-03-15,0.1472930014133453,0.1621499955654144,0.1461270004510879,0.153901994228363,2197842519,0.0438989670373091,0.122953628392236,XRP-USD,0.0,0,0.0,0,0.0,0.0,-0.76,0.0,5314,1005696,,,15293240412.902546,0.10388003010691867,0.05765635927044304
2020-03-16,0.153885006904602,0.153885006904602,0.1332200020551681,0.1410630047321319,2646513874,-0.08710936606412,0.1220932946179129,XRP-USD,0.0,0,0.0,0,0.0,0.0,-0.8200000000000001,0.0,6795,1089757,,,14031701116.881392,0.11978262757230118,0.06096400680028027
2020-03-17,0.1409820020198822,0.150964006781578,0.1409820020198822,0.1445239931344986,2134494360,0.0242389035764042,0.1231366272022414,XRP-USD,0.0,0,0.0,0,0.0,0.0,-0.84,0.0,6104,931780,,,14936569717.227669,0.12203072670385277,0.06428424390880018
2020-03-18,0.144673004746437,0.1469109952449798,0.1407829970121383,0.1430999934673309,1964626837,-0.0099018953109143,0.1229371484767136,XRP-USD,0.0,0,0.0,0,0.0,0.0,-0.78,0.0,6616,925181,,,14701737277.201166,0.12249379922928005,0.06748852268326372
2020-03-19,0.1431590020656585,0.1704750061035156,0.1431300044059753,0.1650370061397552,2590533670,0.1426260874772159,0.1312293375453138,XRP-USD,0.0,0,0.0,0,0.0,0.0,-0.76,0.0,7679,1026660,,,16577261866.754633,0.12447000724688354,0.0711699491316829
2020-03-20,0.1650920063257217,0.1738120019435882,0.1491869986057281,0.1568679958581924,2946481356,-0.0507650674151477,0.1306979755098578,XRP-USD,0.0,0,0.0,0,0.0,0.0,-0.8200000000000001,0.0,6779,1100629,,,15578055826.7121,0.1260188766704079,0.07505280703308106
2020-03-21,0.1567150056362152,0.1605439931154251,0.1536470055580139,0.1581790000200271,2068099167,0.0083226423127567,0.131134551792157,XRP-USD,0.0,0,0.0,0,0.0,0.0,-0.8200000000000001,0.0,5186,1008525,,,15805513344.195309,0.1278271281052567,0.07903136692015546
2020-03-22,0.1581210047006607,0.1611060053110122,0.1496209949254989,0.1502140015363693,1864979798,-0.0516663490173478,0.1277220785745418,XRP-USD,0.0,0,0.0,0,0.0,0.0,-0.78,0.0,5297,1000423,,,14799870180.321436,0.1287442183797168,0.08304233482054954
2020-03-23,0.1499290019273758,0.1579329967498779,0.1491899937391281,0.1574189960956573,2117431211,0.0468500611901079,0.1288091916747829,XRP-USD,0.0,0,0.0,0,0.0,0.0,-0.8,0.0,5673,988269,,,15885652481.51848,0.12991862701933066,0.08711382926758815
2020-03-24,0.1575739979743957,0.1634930074214935,0.156823992729187,0.1622550040483474,2155981658,0.030258181241975,0.129205096305743,XRP-USD,0.0,0,0.0,0,0.0,0.0,-0.76,0.0,6060,941419,,,16313415137.592484,0.1295137787714165,0.0910670297935155
2020-03-25,0.1622900068759918,0.16389100253582,0.1586340069770813,0.1616329997777938,2096308696,-0.0038408649154569,0.1292697008379948,XRP-USD,0.0,0,0.0,0,0.0,0.0,-0.74,0.0,5328,889117,,,16167790959.220833,0.1292281238370439,0.09514693915398555
2020-03-26,0.1616799980401992,0.1759160012006759,0.160421997308731,0.1750189960002899,2236102811,0.0795661848201986,0.0708793429516383,XRP-USD,0.0,0,0.0,0,0.0,0.0,-0.72,0.0,5488,959859,,,17667212289.329,0.11717708206894017,0.09670633874250831
2020-03-27,0.1750030070543289,0.1863850057125091,0.1705639958381652,0.1761949956417083,2849306896,0.0066967949137097,0.0625311842445917,XRP-USD,0.0,0,0.0,0,0.0,0.0,-0.76,0.0,6374,1005602,,,17798825733.89615,0.10413890320295013,0.09784149371842316
2020-03-28,0.1759320050477981,0.1794749945402145,0.1675609946250915,0.1757829934358596,2689925753,-0.0023410690827391,0.0576003986103158,XRP-USD,0.0,0,0.0,0,0.0,0.0,-0.84,0.0,4999,933819,,,17562402949.259953,0.08989714459005672,0.09873280522693441
2020-03-29,0.1756799966096878,0.1760659962892532,0.163224995136261,0.1638289988040924,1996124443,-0.0704270488109641,0.0608395209821316,XRP-USD,0.0,0,0.0,0,0.0,0.0,-0.76,0.0,4775,954085,,,16347635884.622736,0.07622402952533444,0.09976185011525471
2020-03-30,0.1637620031833648,0.1741700023412704,0.1631760001182556,0.1721709966659546,2131319206,0.0496649559939576,0.0557741404987893,XRP-USD,0.0,0,0.0,0,0.0,0.0,-0.8,0.0,6026,901864,,,17195521765.899082,0.06152491745749335,0.10005659344941836
2020-03-31,0.1721339970827102,0.1778829991817474,0.1715490072965622,0.1745630055665969,2101862050,0.0137975902740723,0.0556998308932963,XRP-USD,0.0,0,0.0,0,0.0,0.0,-0.76,0.0,6360,899087,,,17463581673.735954,0.05848901504582493,0.10033259801167928
2020-04-01,0.1743150055408477,0.1753229945898056,0.1691340059041977,0.1753229945898056,2053108172,0.0043442162195201,0.0553687869818126,XRP-USD,0.0,0,0.0,0,0.0,0.0,-0.76,0.0,5312,933797,,,17543686391.61317,0.05705653559326912,0.10065128901065581
2020-04-02,0.1751800030469894,0.1833209991455078,0.1743099987506866,0.1786399930715561,2352651038,0.0187426126343234,0.0414739435852955,XRP-USD,0.0,0,0.0,0,0.0,0.0,-0.72,0.0,6040,928220,,,17815299865.515427,0.05383124458826506,0.1006009997513056
2020-04-03,0.1787690073251724,0.1827280074357986,0.1768860071897506,0.1794669926166534,2106869711,0.0046187371278866,0.0381894431634748,XRP-USD,0.0,0,0.0,0,0.0,0.0,-0.72,0.0,5383,883075,,,17941436249.771008,0.049301229024533696,0.09725069573398702
2020-04-04,0.1796119958162307,0.1823000013828277,0.1783050000667572,0.1817319989204406,1793826153,0.0125417625544128,0.0381951212430471,XRP-USD,0.0,0,0.0,0,0.0,0.0,-0.76,0.0,4642,888736,,,18131900490.51248,0.045785425173385255,0.09350402916096293
2020-04-05,0.181764006614685,0.181996002793312,0.177276998758316,0.179406002163887,1660971367,-0.0128816624869273,0.0346246653977306,XRP-USD,0.0,0,0.0,0,0.0,0.0,-0.76,0.0,4430,880811,,,17936932686.798283,0.041570392074272114,0.08956204588552812
2020-04-06,0.1796279996633529,0.1958650052547454,0.1793590039014816,0.1955060064792633,2529832372,0.085939696689673,0.038903362254003,XRP-USD,0.0,0,0.0,0,0.0,0.0,-0.76,0.0,5958,961497,,,19693824356.98953,0.0382773071287102,0.08574157924288116
2020-04-07,0.1956859976053238,0.2038680016994476,0.191207006573677,0.1920929998159408,2626151910,-0.0176114738346527,0.0396016995918044,XRP-USD,0.0,0,0.0,0,0.0,0.0,-0.6,0.0,5878,1030360,,,19260877575.432278,0.03790285833001198,0.08199196128714896
2020-04-08,0.1921370029449463,0.2012750059366226,0.1914079934358596,0.2008689939975738,2091042647,0.044673295609668,0.0402212232746344,XRP-USD,0.0,0,0.0,0,0.0,0.0,-0.5800000000000001,0.0,5289,994842,,,20217468035.572968,0.0383092143522439,0.07822307929043955
2020-04-09,0.2009730041027069,0.201335996389389,0.1959259957075119,0.1982569992542266,1878628668,-0.0130887593242661,0.0363049435960293,XRP-USD,0.0,0,0.0,0,0.0,0.0,-0.56,0.0,5345,959588,,,19889524417.932285,0.03793117882284034,0.074285251795863
2020-04-10,0.1981559991836547,0.1987829953432083,0.1837060004472732,0.1874639987945556,2105282079,-0.0559773445374685,0.0402481729729337,XRP-USD,0.0,0,0.0,0,0.0,0.0,-0.7,0.0,5211,1028186,,,18762984835.26354,0.03905588033788096,0.07014974431530026
2020-04-11,0.1874510049819946,0.1923940032720565,0.1861129999160766,0.1880629956722259,1847482831,0.0031901695191264,0.040203735366319,XRP-USD,0.0,0,0.0,0,0.0,0.0,-0.7,0.0,4111,1021885,,,18789388992.83732,0.03931595496034416,0.06603636976332122
2020-04-12,0.1882289946079254,0.1938479989767074,0.1876170039176941,0.1901350021362304,2087857417,0.0109573673423324,0.0338711678487789,XRP-USD,0.0,0,0.0,0,0.0,0.0,-0.8,0.0,4186,1001683,,,19084907801.063816,0.03816984861173906,0.061615306856804046
2020-04-13,0.1905329972505569,0.1905329972505569,0.1818079948425293,0.187731996178627,2253497429,-0.0127189638849888,0.0324139150251998,XRP-USD,0.0,0,0.0,0,0.0,0.0,-0.78,0.0,4696,1045902,,,18838162209.63876,0.03660838696185214,0.057283117604561215
2020-04-14,0.1878080070018768,0.1889850050210952,0.1842619925737381,0.1853349953889846,1889687587,-0.0128504200538673,0.0327132515055613,XRP-USD,0.0,0,0.0,0,0.0,0.0,-0.7,0.0,4850,968328,,,18629471408.58755,0.035890048543758546,0.05291512032414205
2020-04-15,0.1853599995374679,0.1892659962177276,0.1811549961566925,0.1812700033187866,1963736221,-0.0221773226850832,0.0334682717369532,XRP-USD,0.0,0,0.0,0,0.0,0.0,-0.64,0.0,5078,993281,,,18074365637.31652,0.03453406829656244,0.04856344648010615
2020-04-16,0.1812539994716644,0.1912350058555603,0.1774140000343322,0.190103992819786,2610251456,0.0475836022768077,0.0353854474124959,XRP-USD,0.0,0,0.0,0,0.0,0.0,-0.74,0.0,5330,1005273,,,19117003264.28207,0.03357041070579782,0.04429598041531075
2020-04-17,0.1902520060539245,0.1920060068368911,0.1876139938831329,0.190201997756958,1887808776,0.000515400450005,0.0354008681914538,XRP-USD,0.0,0,0.0,0,0.0,0.0,-0.7,0.0,5046,975305,,,19029499773.192448,0.0338763507743328,0.042683322471666
2020-04-18,0.1899109929800033,0.1953559964895248,0.1898200064897537,0.194924995303154,1918245143,0.0245281915898389,0.0357625433728654,XRP-USD,0.0,0,0.0,0,0.0,0.0,-0.64,0.0,4920,934079,,,19551166736.0466,0.03454607644386592,0.041466566068405715
2020-04-19,0.1950040012598037,0.1963440030813217,0.1907929927110672,0.1908590048551559,1904866741,-0.021079884128704,0.0361430652077191,XRP-USD,0.0,0,0.0,0,0.0,0.0,-0.6799999999999999,0.0,4641,929407,,,19029790581.78477,0.03523203918429748,0.040491232731924044
2020-04-20,0.1908210068941116,0.1949000060558319,0.1818310022354126,0.1834899932146072,2364973860,-0.0393748278540729,0.0292641415522842,XRP-USD,0.0,0,0.0,0,0.0,0.0,-0.7,0.0,5554,950744,,,18190987545.072006,0.03439121314736368,0.039055988212385526
2020-04-21,0.18333700299263,0.1856440007686615,0.1827619969844818,0.1843280047178268,1912728846,0.0045566718209392,0.0291012096373821,XRP-USD,0.0,0,0.0,0,0.0,0.0,-0.6599999999999999,0.0,5151,902512,,,18397328258.365547,0.03313436559234092,0.037843582264139745
2020-04-22,0.1841749995946884,0.1896760016679763,0.183119997382164,0.1879699975252151,1783803231,0.0195655575244853,0.0266075786710446,XRP-USD,0.0,0,0.0,0,0.0,0.0,-0.62,0.0,5196,964012,,,18828101073.477016,0.031375707688259084,0.0365212071631283
2020-04-23,0.1878889948129654,0.1947900056838989,0.1867659986019134,0.1917109936475753,2271111354,0.0197066341322654,0.027251935211677,XRP-USD,0.0,0,0.0,0,0.0,0.0,-0.62,0.0,5869,986506,,,19256964534.94294,0.0296735860560214,0.03524316844630396
2020-04-24,0.1918759942054748,0.196722000837326,0.1917099952697754,0.1936649978160858,1853837706,0.0101408544231098,0.0225813605584938,XRP-USD,0.0,0,0.0,0,0.0,0.0,-0.6,0.0,5527,991738,,,19314701608.071457,0.026961245126176342,0.03438441467235843
2020-04-25,0.1936849951744079,0.1965450048446655,0.1931400001049041,0.1950539946556091,1648491142,0.0071465648869773,0.0226177547915828,XRP-USD,0.0,0,0.0,0,0.0,0.0,-0.52,0.0,5300,1000573,,,19408300866.52537,0.025631967774036056,0.03367661065545425
2020-04-26,0.195032998919487,0.1972150057554245,0.1945039927959442,0.1968050003051757,1692427521,0.0089369764451223,0.022566765253666,XRP-USD,0.0,0,0.0,0,0.0,0.0,-0.5800000000000001,0.0,5333,988561,,,19701400552.79437,0.02432507889729284,0.0329662308377551
2020-04-27,0.1967000067234039,0.1992750018835067,0.1954369992017746,0.1979780048131942,1792695610,0.0059425453717614,0.0221483001565336,XRP-USD,0.0,0,0.0,0,0.0,0.0,-0.4399999999999999,0.0,6004,993677,,,19751300337.250328,0.02343322319439064,0.03239912332679161
2020-04-28,0.1980459988117218,0.2181079983711242,0.1963720023632049,0.2154839932918548,2515531348,0.0847306919952753,0.0303446038008844,XRP-USD,0.0,0,0.0,0,0.0,0.0,-0.48,0.0,7055,994634,,,21601434839.53137,0.024051756912232124,0.03201008885164985
2020-04-29,0.2155620008707046,0.2296269983053207,0.2134359925985336,0.2274319976568222,3041995823,0.0539646525923392,0.0308059771845541,XRP-USD,0.0,0,0.0,0,0.0,0.0,-0.48,0.0,8856,1042078,,,22652518250.044407,0.025696680237444182,0.03161028328768393
2020-04-30,0.227169007062912,0.2357030063867569,0.2115769982337951,0.2127609997987747,3145263527,-0.0666818132606108,0.0364691618316774,XRP-USD,0.0,0,0.0,0,0.0,0.0,-0.12,0.0,8835,1092922,,,21210336192.70749,0.028466961645463102,0.03143973504027679
2020-05-01,0.2128580063581466,0.2247709929943084,0.212795004248619,0.2192479968070984,2306876493,0.030034025591983,0.036851796865707,XRP-USD,0.0,0,0.0,0,0.0,0.0,-0.1999999999999999,0.0,115658,915398,,,21813440082.329487,0.031323967967871305,0.03146459200708032
2020-05-02,0.2192749977111816,0.2256059944629669,0.2172479927539825,0.2239139974117279,2170661654,0.0210585433640668,0.036759223334022,XRP-USD,0.0,0,0.0,0,0.0,0.0,-0.1999999999999999,0.0,80323,1023094,,,22364739866.749016,0.03424615260336898,0.03130600338712979
2020-05-03,0.2240640074014663,0.2263399958610534,0.217737004160881,0.2194139957427978,2182399826,-0.0203017012102329,0.0367093234181512,XRP-USD,0.0,0,0.0,0,0.0,0.0,-0.0999999999999999,0.0,5627,921467,,,21958562044.79929,0.03551909652682234,0.03114716648039489
2020-05-04,0.2194509953260421,0.2206079959869384,0.2105980068445205,0.2189629971981048,2462194723,-0.0020575838197238,0.0341147078755646,XRP-USD,0.0,0,0.0,0,0.0,0.0,-0.12,0.0,6177,970282,,,21813165449.86062,0.036180842665024436,0.031158236481612422
2020-05-05,0.2189099937677383,0.2217520028352737,0.2154410034418106,0.2164629995822906,2104127661,-0.011483122760174,0.034671294689473,XRP-USD,0.0,0,0.0,0,0.0,0.0,-0.1999999999999999,0.0,5993,962772,,,21639885412.689217,0.03582126923658356,0.0312608446481703
2020-05-06,0.2162840068340301,0.222338005900383,0.2152100056409835,0.2152100056409835,2159327467,-0.005805308393789,0.0348785243332635,XRP-USD,0.0,0,0.0,0,0.0,0.0,-0.16,0.0,6705,943083,,,21504748541.81961,0.03542661473009486,0.03135926614033858
2020-05-07,0.2154919952154159,0.2209389954805374,0.2130399942398071,0.2189169973134994,2582702615,0.0170783284529892,0.0348273619394331,XRP-USD,0.0,0,0.0,0,0.0,0.0,-0.02,0.0,7169,961479,,,21881708993.0862,0.03504024245117708,0.03142104296772403
2020-05-08,0.2188369929790496,0.2219090014696121,0.215489000082016,0.2198269963264465,2460030844,0.0041482063848057,0.0348554145285649,XRP-USD,0.0,0,0.0,0,0.0,0.0,0.1,0.0,7317,916584,,,21931046669.31269,0.03466946067325982,0.03139695056390898
2020-05-09,0.219662994146347,0.2247280031442642,0.2168029993772506,0.2169020026922226,2543805062,-0.0133952056172446,0.0353702995379212,XRP-USD,0.0,0,0.0,0,0.0,0.0,0.1200000000000001,0.0,6269,1100614,,,21711382261.75781,0.034920579005731145,0.031395561079657505
2020-05-10,0.2171330004930496,0.2171330004930496,0.1905490010976791,0.1981759965419769,3067472277,-0.0902901437351767,0.0439736717501748,XRP-USD,0.0,0,0.0,0,0.0,0.0,-0.04,0.0,7396,1147287,,,19707655319.469616,0.03678105441787151,0.03176879418771702
2020-05-11,0.1981620043516159,0.2001859992742538,0.1884829998016357,0.1940640062093734,2470709527,-0.0209674737433493,0.044304169935468,XRP-USD,0.0,0,0.0,0,0.0,0.0,-0.1999999999999999,0.0,7312,1040179,,,19256783412.218937,0.0386661835383124,0.03213975349352379
2020-05-12,0.194241002202034,0.1998009979724884,0.1927289962768554,0.1976370066404342,2056508741,0.0182440147849017,0.0373809099114827,XRP-USD,0.0,0,0.0,0,0.0,0.0,-0.2199999999999999,0.0,6683,1039791,,,19723705975.973568,0.039176893132722324,0.032508697509851
2020-05-13,0.1975609958171844,0.2034109979867935,0.1966069936752319,0.2014800012111663,1947109951,0.0192580785408474,0.034091870755242,XRP-USD,0.0,0,0.0,0,0.0,0.0,-0.18,0.0,6925,997922,,,20213015057.886185,0.03902418437805774,0.03273554574248099
2020-05-14,0.2013410031795501,0.204585999250412,0.1996529996395111,0.2031289935111999,2154131805,0.0081510863647723,0.0299031321392718,XRP-USD,0.0,0,0.0,0,0.0,0.0,-0.1999999999999999,0.0,7603,1004812,,,20415092114.28757,0.037930750898327856,0.03288534362740041
2020-05-15,0.2029400020837783,0.2034160047769546,0.1973010003566742,0.1989109963178634,2046326382,-0.0209837432613895,0.0286077888935311,XRP-USD,0.0,0,0.0,0,0.0,0.0,-0.12,0.0,7230,986488,,,19827675112.32226,0.03485757432699912,0.03294697334021195
2020-05-16,0.199081003665924,0.2021010071039199,0.1979240030050277,0.2000319957733154,1794850124,0.005619862627179,0.0277290029252138,XRP-USD,0.0,0,0.0,0,0.0,0.0,-0.18,0.0,6088,920467,,,19994006563.726887,0.03154254092494828,0.03318095708415378
2020-05-17,0.2005359977483749,0.2038719952106475,0.1997130066156387,0.2012549936771392,1752063749,0.0060953966740236,0.0277297457879505,XRP-USD,0.0,0,0.0,0,0.0,0.0,-0.1999999999999999,0.0,6441,907598,,,20133326781.746685,0.02961230810024184,0.033413320311261395
2020-05-18,0.2013529986143112,0.2063249945640564,0.2010239958763122,0.2051759958267212,1968537517,0.0192953977586638,0.0285485205017085,XRP-USD,0.0,0,0.0,0,0.0,0.0,0.0,0.0,6851,927034,,,20504837833.441902,0.02850363804953514,0.03368521827708151
2020-05-19,0.2052509933710098,0.2053270041942596,0.2019470036029815,0.2040279954671859,1973351018,-0.0056109099410896,0.0284833935066826,XRP-USD,0.0,0,0.0,0,0.0,0.0,0.0,0.0,6586,922535,,,20472186917.803253,0.0282196903230173,0.03397317706572464
2020-05-20,0.2039349973201751,0.2056279927492141,0.2002449929714203,0.2017070055007934,1933723829,-0.0114410404743521,0.0285471854578358,XRP-USD,0.0,0,0.0,0,0.0,0.0,0.04,0.0,7106,886763,,,20163845864.463512,0.028207569635878237,0.03389147623194971
2020-05-21,0.2018319964408874,0.2027029991149902,0.1914480030536651,0.1955090016126632,1753934487,-0.0312097542166361,0.0286397694967924,XRP-USD,0.0,0,0.0,0,0.0,0.0,-0.02,0.0,6912,896365,,,19443489228.33948,0.028389722950193964,0.03379301224614236
2020-05-22,0.1955350041389465,0.2017450034618377,0.1936089992523193,0.2003429979085922,1852264124,0.0244244647556722,0.0297949664595428,XRP-USD,0.0,0,0.0,0,0.0,0.0,-0.16,0.0,7052,890696,,,20014728411.37969,0.02880276708451242,0.03348963972922715
2020-05-23,0.2004179954528808,0.2017689943313598,0.1976639926433563,0.1988559961318969,1459815520,-0.0074499619313208,0.0297334200015883,XRP-USD,0.0,0,0.0,0,0.0,0.0,-0.1999999999999999,0.0,6296,851412,,,19904541123.787235,0.029039746984488378,0.03316607714449448
2020-05-24,0.1989109963178634,0.2014530003070831,0.1954029947519302,0.1954309940338134,1447641496,-0.0173735798221199,0.017904853335206,XRP-USD,0.0,0,0.0,0,0.0,0.0,-0.14,0.0,6043,848278,,,19413502827.6436,0.026924038950193057,0.03230906032636648
2020-05-25,0.1952850073575973,0.1976290047168731,0.1922010034322738,0.1973270028829574,1671594106,0.0096549202941086,0.0171311879507327,XRP-USD,0.0,0,0.0,0,0.0,0.0,-0.18,0.0,8896,837758,,,19626546577.84541,0.02464083944877244,0.03141914507784746
2020-05-26,0.1972730010747909,0.197611004114151,0.1934040039777755,0.1939750015735626,1585691777,-0.0171329728241035,0.0170311424217465,XRP-USD,0.0,0,0.0,0,0.0,0.0,-0.2199999999999999,0.0,7206,807625,,,19369772262.422794,0.02231911403376326,0.030642619375401182
2020-05-27,0.1939200013875961,0.1988209933042526,0.1937640011310577,0.1978570073843002,1535112977,0.0198152919733977,0.0170835421542479,XRP-USD,0.0,0,0.0,0,0.0,0.0,-0.2199999999999999,0.0,6983,872258,,,19739970369.11936,0.01977682917270428,0.029843176078345492
2020-05-28,0.1979240030050277,0.2009020000696182,0.1956209987401962,0.2005950063467025,1615654544,0.0137433967666512,0.0173841655552234,XRP-USD,0.0,0,0.0,0,0.0,0.0,-0.18,0.0,6827,851543,,,20036868485.95973,0.0173069782834313,0.029047977952070946
2020-05-29,0.2006690055131912,0.2028270065784454,0.1971289962530136,0.1983480006456375,1477357235,-0.0112649146539637,0.0167009504680612,XRP-USD,0.0,0,0.0,0,0.0,0.0,-0.04,0.0,5759,858967,,,19746416367.815037,0.01706619771000234,0.028224050157917676
2020-05-30,0.1983489990234375,0.2064740061759948,0.1969249993562698,0.2062200009822845,1683149544,0.038920497874791,0.0196966991974221,XRP-USD,0.0,0,0.0,0,0.0,0.0,-0.04,0.0,5137,888856,,,20687907945.60244,0.017579299959340218,0.02753501764286573
2020-05-31,0.2062360048294067,0.2115190029144287,0.2017489969730377,0.202905997633934,1737139256,-0.0162007589020815,0.0202490678036963,XRP-USD,0.0,0,0.0,0,0.0,0.0,0.02,0.0,6295,920846,,,20214473586.746227,0.01822288503573018,0.026847688927673686
2020-06-01,0.2028339952230453,0.2107309997081756,0.202112004160881,0.2102490067481994,1702904267,0.0355497687444033,0.0218102874220531,XRP-USD,0.0,0,0.0,0,0.0,0.0,0.0,0.0,7301,918536,,,21140306076.892445,0.01916823408929122,0.025840262367304523
2020-06-02,0.2101819962263107,0.2143349945545196,0.2006960064172744,0.2027640044689178,1850078103,-0.0362498114888945,0.0240294230739608,XRP-USD,0.0,0,0.0,0,0.0,0.0,0.1200000000000001,0.0,8146,926183,,,20249785942.421795,0.0204972855930387,0.02491868296450874
2020-06-03,0.202901005744934,0.2044779956340789,0.2012699991464615,0.2036630064249038,1335828090,0.0044239354083333,0.0238442885506537,XRP-USD,0.0,0,0.0,0,0.0,0.0,-0.04,0.0,7075,851754,,,20379839443.505905,0.021925953209557203,0.024303381993561968
2020-06-04,0.2037190049886703,0.206494003534317,0.2018640041351318,0.2049819976091385,1368430496,0.0064554601266795,0.0220236149646195,XRP-USD,0.0,0,0.0,0,0.0,0.0,0.08,0.0,7316,849954,,,20454076761.35548,0.02239133636299668,0.023754824912170035
2020-06-05,0.2050440013408661,0.2067440003156662,0.2020689994096756,0.2040919959545135,1264429379,-0.0043513059881191,0.0212372224163283,XRP-USD,0.0,0,0.0,0,0.0,0.0,0.06,0.0,6964,897598,,,20299844399.60848,0.022588967285523082,0.023360919924763513
2020-06-06,0.2042080014944076,0.2050019949674606,0.2024320065975189,0.2031420022249221,1048611012,-0.0046655999111681,0.0211616354009646,XRP-USD,0.0,0,0.0,0,0.0,0.0,0.08,0.0,6794,903754,,,20369620260.266327,0.02245923688130538,0.023022458402374126
2020-06-07,0.2031800001859665,0.2046740055084228,0.1996719986200332,0.2034489959478378,1141964765,0.0015100864634649,0.020454517664694,XRP-USD,0.0,0,0.0,0,0.0,0.0,0.08,0.0,6288,939853,,,20312658848.1994,0.02174425579945202,0.02269179998144141
2020-06-08,0.2034260034561157,0.2041780054569244,0.2016669958829879,0.2037709951400756,1042709461,0.0015814511389151,0.020362175587177,XRP-USD,0.0,0,0.0,0,0.0,0.0,0.06,0.0,6937,896156,,,20389653387.223663,0.02104783320675668,0.022356910426860794
2020-06-09,0.20380899310112,0.2045550048351287,0.200992003083229,0.2020130008459091,1108186467,-0.0086647344911537,0.0198602395408026,XRP-USD,0.0,0,0.0,0,0.0,0.0,0.04,0.0,7523,947364,,,20163659745.11501,0.0206151581219933,0.021961988565001436
2020-06-10,0.2019760012626648,0.2034849971532821,0.2005899995565414,0.2029380053281784,1106635421,0.0045684839745213,0.0192706165137514,XRP-USD,0.0,0,0.0,0,0.0,0.0,0.08,0.0,7367,927453,,,20270319249.875156,0.02022183694147792,0.021543225974413657
2020-06-11,0.2029159963130951,0.2037010043859481,0.189520001411438,0.1901800036430359,1354031836,-0.064929528660959,0.0258657369916151,XRP-USD,0.0,0,0.0,0,0.0,0.0,0.04,0.0,8016,919418,,,18835237277.020847,0.02116265725960802,0.021421341953221804
2020-06-12,0.1901649981737136,0.1962769925594329,0.1888580024242401,0.1939429938793182,1157151094,0.0195932586322187,0.0264887372113828,XRP-USD,0.0,0,0.0,0,0.0,0.0,-0.24,0.0,6930,883405,,,19273171025.156384,0.02236950116894578,0.02132356775843046
2020-06-13,0.1939889937639236,0.1942050009965896,0.1899320036172866,0.1931059956550598,1050423848,-0.0043250314643553,0.0237827659087007,XRP-USD,0.0,0,0.0,0,0.0,0.0,-0.24,0.0,6101,834617,,,19235390560.08981,0.02305361923325052,0.021050285915210364
2020-06-14,0.1931789964437484,0.1936669945716858,0.1910669952630996,0.1916169971227646,1023497502,-0.0077406653360751,0.0235744476988669,XRP-USD,0.0,0,0.0,0,0.0,0.0,-0.1999999999999999,0.0,6104,887832,,,19037292521.172424,0.02379646086486338,0.020770332628723027
2020-06-15,0.1916169971227646,0.1937520056962967,0.1838160008192062,0.1930740028619766,1315332448,0.0075749768318583,0.0210013439370986,XRP-USD,0.0,0,0.0,0,0.0,0.0,-0.26,0.0,7471,945924,,,19271136030.73438,0.02414260634953282,0.020911082201536327
2020-06-16,0.1930640041828155,0.1932699978351593,0.1900289952754974,0.1913069933652877,1158919075,-0.0091941170941728,0.0191779325955352,XRP-USD,0.0,0,0.0,0,0.0,0.0,-0.2199999999999999,0.0,6587,944982,,,19217530325.77321,0.02280504547031684,0.02100411604902735
2020-06-17,0.1914959996938705,0.1973000019788742,0.1903059929609298,0.1934430003166198,1323161116,0.0111034642313511,0.0194883390209019,XRP-USD,0.0,0,0.0,0,0.0,0.0,-0.24,0.0,6191,967788,,,19308420316.58584,0.02140496583222066,0.021115806803534413
2020-06-18,0.1934549957513809,0.1934570074081421,0.1896259933710098,0.1909569948911667,1045504279,-0.0129346520108755,0.0194016365147427,XRP-USD,0.0,0,0.0,0,0.0,0.0,-0.1999999999999999,0.0,6573,886288,,,18997695181.920467,0.02052873995342906,0.02122117472901145
2020-06-19,0.1909240037202835,0.1911679953336715,0.1865340024232864,0.1867900043725967,1097387856,-0.0220632304766025,0.0199221933881335,XRP-USD,0.0,0,0.0,0,0.0,0.0,-0.2199999999999999,0.0,7949,935582,,,18692452110.37841,0.019798289091282378,0.02133653963050736
2020-06-20,0.1867900043725967,0.1898059993982315,0.1860859990119934,0.1885000020265579,966690908,0.0091130030586657,0.0203464368977271,XRP-USD,0.0,0,0.0,0,0.0,0.0,-0.24,0.0,5531,942938,,,18797260763.17894,0.01966730768340808,0.02150224355912854
2020-06-21,0.1884679943323135,0.1891030073165893,0.1855009943246841,0.1856099963188171,893641269,-0.0154503392609196,0.0204118016315024,XRP-USD,0.0,0,0.0,0,0.0,0.0,-0.26,0.0,6189,877787,,,18573383419.57616,0.019914081490601518,0.0215347482152231
2020-06-22,0.1856649965047836,0.1900800019502639,0.1855940073728561,0.1892720013856887,1209278721,0.0195374628530217,0.0214976211454828,XRP-USD,0.0,0,0.0,0,0.0,0.0,-0.24,0.0,8111,895860,,,18972341426.708626,0.0203159379155177,0.021591500639849756
2020-06-23,0.1892949938774109,0.1899729967117309,0.187061995267868,0.1886799931526184,1093605185,-0.0031327191060549,0.0214813033389001,XRP-USD,0.0,0,0.0,0,0.0,0.0,-0.18,0.0,7290,825897,,,18871945014.87262,0.02073187128034918,0.02157654681788826
2020-06-24,0.1887000054121017,0.1908569931983947,0.1830500066280365,0.1842720061540603,1138044691,-0.0236394618019206,0.0218469756057167,XRP-USD,0.0,0,0.0,0,0.0,0.0,0.0,0.0,7502,812545,,,18354418105.50117,0.02111682772386582,0.021477344660240802
2020-06-25,0.1840759962797165,0.1849820017814636,0.1809560060501098,0.183569997549057,1055030012,-0.0038169075321479,0.0140851919458802,XRP-USD,0.0,0,0.0,0,0.0,0.0,-0.14,0.0,5450,791299,,,18153566998.86011,0.01986457873349644,0.02103374936002382
2020-06-26,0.183471992611885,0.1858669966459274,0.1798979938030243,0.1826709955930709,1269492277,-0.0049093562897001,0.0125655220935016,XRP-USD,0.0,0,0.0,0,0.0,0.0,-0.1999999999999999,0.0,5519,806205,,,18272652809.706142,0.01829532282589628,0.02060383604770028
2020-06-27,0.1830960065126419,0.1850640028715133,0.1744890064001083,0.1768510043621063,1142888783,-0.0323791016909082,0.014639544769256,XRP-USD,0.0,0,0.0,0,0.0,0.0,-0.14,0.0,5274,806706,,,17528855650.043983,0.01692370755065092,0.020303941609196994
2020-06-28,0.1768720000982284,0.1805099993944168,0.1752489954233169,0.1776919960975647,1139431604,0.0047440976788702,0.0149213217473612,XRP-USD,0.0,0,0.0,0,0.0,0.0,-0.1999999999999999,0.0,5064,790909,,,17679481051.27904,0.015611711232343142,0.02002029098857866
2020-06-29,0.1776479929685592,0.1795590072870254,0.1762430071830749,0.177958995103836,1164729579,0.0015014666796214,0.0146002481628087,XRP-USD,0.0,0,0.0,0,0.0,0.0,-0.18,0.0,5355,799609,,,17735885202.471535,0.01416236574376154,0.019754187829402057
2020-06-30,0.1777009963989257,0.1783549934625625,0.1750050038099289,0.1758700013160705,1010363683,-0.0118080659374239,0.0146632542722894,XRP-USD,0.0,0,0.0,0,0.0,0.0,-0.12,0.0,5656,763751,,,17524605884.206364,0.01427797820904338,0.019495145951452617
2020-07-01,0.1757500022649765,0.1784909963607788,0.1747030019760131,0.1769759953022003,1115989502,0.0062690103835838,0.0142811905849407,XRP-USD,0.0,0,0.0,0,0.0,0.0,-0.16,0.0,5971,767518,,,17673625408.182228,0.014621111907331199,0.019241552817095258
2020-07-02,0.177155002951622,0.1783380061388015,0.174234002828598,0.1772439926862716,1053683055,0.0015131694669687,0.0142911620649474,XRP-USD,0.0,0,0.0,0,0.0,0.0,-0.16,0.0,5604,814712,,,17498263547.97283,0.014551435366469481,0.01901521397851326
2020-07-03,0.177265003323555,0.1784429997205734,0.1751299947500229,0.1763360053300857,976699960,-0.0051359769059682,0.0134576706213877,XRP-USD,0.0,0,0.0,0,0.0,0.0,-0.18,0.0,5657,802766,,,17614700910.851665,0.01425870514127478,0.01845121096168474
2020-07-04,0.1762620061635971,0.1796790063381195,0.1761959940195083,0.1779839992523193,1000145449,0.0093023582346108,0.0134720740129828,XRP-USD,0.0,0,0.0,0,0.0,0.0,-0.1999999999999999,0.0,5392,802269,,,17796733753.40439,0.014033070311309601,0.01785954445266656
2020-07-05,0.1779139935970306,0.1787289977073669,0.1747899949550628,0.1770170032978058,969679447,-0.0054478626212626,0.0130834730984847,XRP-USD,0.0,0,0.0,0,0.0,0.0,-0.24,0.0,5092,812849,,,17692725493.387165,0.013717114076548659,0.017373212961293103
2020-07-06,0.1770170032978058,0.1891479939222335,0.1764709949493408,0.1885669976472854,1423923826,0.0632075771346291,0.0214803859544118,XRP-USD,0.0,0,0.0,0,0.0,0.0,-0.1999999999999999,0.0,6408,794970,,,18848003106.25961,0.015156953150442881,0.017278028336545147
2020-07-07,0.1885669976472854,0.1890050023794174,0.1827130019664764,0.1847870051860809,1067033698,-0.020249530446034,0.0221332809599,XRP-USD,0.0,0,0.0,0,0.0,0.0,-0.14,0.0,6029,800445,,,18489853777.40415,0.0167253769294334,0.017329480019399754
2020-07-08,0.1848140060901641,0.2057269960641861,0.1842000037431717,0.204692006111145,1878269321,0.1023026016980522,0.0345494187473774,XRP-USD,0.0,0,0.0,0,0.0,0.0,-0.12,0.0,8022,937324,,,20440816016.21667,0.02094372655463134,0.018028183935392583
2020-07-09,0.204597994685173,0.2102919965982437,0.1985599994659423,0.2029100060462951,1809158571,-0.0087438793986049,0.0346984076899164,XRP-USD,0.0,0,0.0,0,0.0,0.0,-0.12,0.0,7246,958448,,,20218017737.37732,0.025188993290018058,0.01871955069307506
2020-07-10,0.2028419971466064,0.2028419971466064,0.1933179944753646,0.1986519992351532,1161794555,-0.0212080144589851,0.0354006328538203,XRP-USD,0.0,0,0.0,0,0.0,0.0,-0.18,0.0,6015,883117,,,19889555667.457363,0.02965242524108518,0.019446777799396766
2020-07-11,0.1987240016460418,0.2036100029945373,0.1986400038003921,0.2011969983577728,996288334,0.0127299730968934,0.033649215637447,XRP-USD,0.0,0,0.0,0,0.0,0.0,-0.12,0.0,5467,905293,,,20128734244.165703,0.03208619117769222,0.020070733356183743
2020-07-12,0.2012169957160949,0.2032510042190551,0.1983609944581985,0.2005379945039749,850245455,-0.0032807918484154,0.0337992083197038,XRP-USD,0.0,0,0.0,0,0.0,0.0,-0.18,0.0,5256,890796,,,20064631986.773804,0.034419376649652986,0.020682222966273592
2020-07-13,0.2005379945039749,0.2051610052585601,0.1959400027990341,0.1985750049352646,1197056593,-0.0098368401943426,0.0341177414782718,XRP-USD,0.0,0,0.0,0,0.0,0.0,-0.14,0.0,6476,912523,,,19853279144.34671,0.03433304119583186,0.02130522023203584
2020-07-14,0.1984950006008148,0.1995559930801391,0.1955360025167465,0.1988089978694915,1197284578,0.001177666738566,0.0337169556509222,XRP-USD,0.0,0,0.0,0,0.0,0.0,-0.14,0.0,6124,890350,,,19919804392.92592,0.03413675078803302,0.021860644527737633
2020-07-15,0.1987739950418472,0.1996230036020279,0.1966930031776428,0.1971109956502914,1067413757,-0.0085775543431815,0.0340332255516493,XRP-USD,0.0,0,0.0,0,0.0,0.0,-0.12,0.0,6340,850444,,,19716115179.472546,0.033863269327598824,0.022431186446498958
2020-07-16,0.1970209926366806,0.1974159926176071,0.1901810020208358,0.1940480023622512,1055841762,-0.0156614364546453,0.0345784291722528,XRP-USD,0.0,0,0.0,0,0.0,0.0,-0.14,0.0,6408,866758,,,19389781680.521896,0.03404911203455998,0.02300988888134151
2020-07-17,0.1940509974956512,0.1971430033445358,0.1917230039834976,0.1942809969186782,936113620,0.0011999855010422,0.0344560917625887,XRP-USD,0.0,0,0.0,0,0.0,0.0,-0.18,0.0,6123,948795,,,19450194530.660557,0.03418048872313696,0.023935838873010075
2020-07-18,0.194349005818367,0.2016019970178604,0.1939370036125183,0.1993409991264343,870207693,0.0257113728847093,0.034820436738686,XRP-USD,0.0,0,0.0,0,0.0,0.0,-0.12,0.0,5772,892252,,,19994206776.007328,0.0343210277752198,0.02494742590233664
2020-07-19,0.1994040012359619,0.201335996389389,0.1961330026388168,0.1991350054740905,828392852,-0.0010339075292639,0.0347081868174702,XRP-USD,0.0,0,0.0,0,0.0,0.0,-0.18,0.0,5652,888460,,,19975585145.02776,0.0345192740085294,0.025859636904528194
2020-07-20,0.1991419941186905,0.1997749954462051,0.1937039941549301,0.1950650066137313,848780531,-0.0206501439106896,0.0316227123208396,XRP-USD,0.0,0,0.0,0,0.0,0.0,-0.12,0.0,5990,934620,,,19471732520.75357,0.03403717136236746,0.026618791021504492
2020-07-21,0.1948709934949875,0.2004709988832473,0.1940079927444458,0.1989880055189132,928954951,0.0199116788745143,0.0312271977884273,XRP-USD,0.0,0,0.0,0,0.0,0.0,-0.12,0.0,6432,944898,,,19915814360.748222,0.033366925085602364,0.02737456145903261
2020-07-22,0.1990289986133575,0.2037390023469925,0.1968829929828643,0.203342005610466,935529987,0.0216447689993638,0.0153620709875261,XRP-USD,0.0,0,0.0,0,0.0,0.0,0.0,0.0,6192,916039,,,20398153446.94796,0.02954812093058984,0.027406325855179728
2020-07-23,0.2033309936523437,0.2092439979314804,0.2016669958829879,0.2075780034065246,1443659224,0.0206178709289509,0.016131024573324,XRP-USD,0.0,0,0.0,0,0.0,0.0,0.1,0.0,7567,915728,,,20804265280.077244,0.02581023849751744,0.027490409218288058
2020-07-24,0.2078139930963516,0.2080129981040954,0.2026370018720626,0.2040490061044693,1294356195,-0.0171469980650939,0.0157201386959817,XRP-USD,0.0,0,0.0,0,0.0,0.0,0.06,0.0,6756,865162,,,20444536234.09476,0.022012628873219742,0.027555362701516893
2020-07-25,0.2039590030908584,0.2165980041027069,0.2037570029497146,0.2141019999980926,1225769666,0.0480923459754652,0.0198817277619884,XRP-USD,0.0,0,0.0,0,0.0,0.0,0.1,0.0,6820,909126,,,21463578440.397305,0.019664431961449503,0.027847365298816925
2020-07-26,0.2139939963817596,0.224031001329422,0.2127919942140579,0.2149820029735565,1448138807,0.0041017805519546,0.0197587031797805,XRP-USD,0.0,0,0.0,0,0.0,0.0,0.1,0.0,7508,888982,,,21550801584.48941,0.017370733039720136,0.028133121170035
2020-07-27,0.2149479985237121,0.2274149954319,0.2116760015487671,0.2236720025539398,1762737985,0.0396263869206816,0.0212721470200906,XRP-USD,0.0,0,0.0,0,0.0,0.0,0.1599999999999999,0.0,8226,961835,,,22495725086.79753,0.018552748246233042,0.02850533362101709
2020-07-28,0.2238889932632446,0.2336930036544799,0.2178940027952194,0.2302770018577575,1754695828,0.0291022357267156,0.0218344062570205,XRP-USD,0.0,0,0.0,0,0.0,0.0,0.52,0.0,8528,874023,,,23121147956.51492,0.01969342458297234,0.028521425452953844
2020-07-29,0.2301480025053024,0.2493530064821243,0.2300789952278137,0.2430990040302276,2022835116,0.0541858441869484,0.0239571967923173,XRP-USD,0.0,0,0.0,0,0.0,0.0,0.4199999999999999,0.0,9816,915727,,,24348141812.11352,0.02134083620223946,0.02860433071806372
2020-07-30,0.243254005908966,0.2485859990119934,0.238767996430397,0.2445220053195953,1650758400,0.005836521813554,0.0224860034018533,XRP-USD,0.0,0,0.0,0,0.0,0.0,0.52,0.0,8813,880570,,,24547182269.36204,0.021861691330212436,0.028055993656903536
2020-07-31,0.2446489930152893,0.2596009969711303,0.2422000020742416,0.2589040100574493,1854522560,0.0571520692928879,0.0244420058050179,XRP-USD,0.0,0,0.0,0,0.0,0.0,0.5,0.0,8879,907727,,,25941926587.081432,0.02279835185525992,0.02758979357122633
2020-08-01,0.2589040100574493,0.295758992433548,0.2558439970016479,0.2895289957523346,3167874461,0.1117980745716423,0.0345780197095451,XRP-USD,0.0,0,0.0,0,0.0,0.0,0.5,0.0,12220,982726,,,29183378777.020767,0.02545952639315082,0.027552402064668368
2020-08-02,0.2897419929504394,0.3225609958171844,0.2755930125713348,0.2870619893074035,4780736538,-0.008557266981584,0.0350961006874806,XRP-USD,0.0,0,0.0,0,0.0,0.0,0.6000000000000001,0.0,11985,1174145,,,28761378462.640957,0.028111865279242844,0.027618169566942626
2020-08-03,0.2874900102615356,0.3188660144805908,0.2851899862289428,0.3099400103092193,3340814994,0.0766805805660358,0.0347566778213239,XRP-USD,0.0,0,0.0,0,0.0,0.0,0.5,0.0,11842,1321620,,,30924572045.388206,0.03027176148504416,0.027661690907925352
2020-08-04,0.3099350035190582,0.3182959854602813,0.2940300107002258,0.3004930019378662,2746437659,-0.0309542979774266,0.0386761545336181,XRP-USD,0.0,0,0.0,0,0.0,0.0,0.4399999999999999,0.0,10488,1266460,,,30088210783.05524,0.03350979171139712,0.02786889150135019
2020-08-05,0.3007830083370209,0.3078739941120147,0.2927199900150299,0.3033109903335571,2048410252,0.0093341842451183,0.0390055935586305,XRP-USD,0.0,0,0.0,0,0.0,0.0,0.5,0.0,9287,1259290,,,30280994490.3296,0.03642250926211964,0.028109284133518743
2020-08-06,0.3031420111656189,0.3100619912147522,0.2983390092849731,0.3035840094089508,1946386689,0.0008997243145091,0.0396649394965315,XRP-USD,0.0,0,0.0,0,0.0,0.0,0.5800000000000001,0.0,9440,1210623,,,30318411105.779816,0.03743989321951692,0.02836527113101339
2020-08-07,0.3034639954566955,0.3093239963054657,0.2873289883136749,0.2946639955043793,4278382957,-0.0298226653053142,0.0408800056068271,XRP-USD,0.0,0,0.0,0,0.0,0.0,0.54,0.0,9424,1306844,,,29487201899.9334,0.03859667420338622,0.02865170642349404
2020-08-08,0.2949050068855285,0.2987279891967773,0.2912519872188568,0.2940219938755035,1355768291,-0.0021811352570864,0.0410213907584332,XRP-USD,0.0,0,0.0,0,0.0,0.0,0.54,0.0,8186,1249758,,,29385110971.83957,0.039849616790808076,0.028950129105123335
2020-08-09,0.294618010520935,0.2980610132217407,0.2839240133762359,0.2886529862880707,1391288259,-0.0184293464814294,0.0422295488541641,XRP-USD,0.0,0,0.0,0,0.0,0.0,0.5800000000000001,0.0,8387,1278731,,,28796678063.261696,0.04056029565491728,0.02928690692855416
2020-08-10,0.2885690033435821,0.2994050085544586,0.2885690033435821,0.2946589887142181,2108627560,0.0205934900708044,0.0418904472537236,XRP-USD,0.0,0,0.0,0,0.0,0.0,0.56,0.0,9103,1275115,,,29450017758.523384,0.0411372663939359,0.029613373312020227
2020-08-11,0.2946830093860626,0.3057830035686493,0.274603009223938,0.2844490110874176,4542499150,-0.0352647026176301,0.0442439178728091,XRP-USD,0.0,0,0.0,0,0.0,0.0,0.6799999999999999,0.0,8878,1345418,,,28344033762.287323,0.042053062069191426,0.03018706447347338
2020-08-12,0.2843759953975677,0.2898490130901336,0.2741909921169281,0.2849299907684326,2001506679,0.0016894890533554,0.0428792038016259,XRP-USD,0.0,0,0.0,0,0.0,0.0,0.5,0.0,8748,1296149,,,28220103860.08012,0.04245290170815118,0.03071670111043695
2020-08-13,0.2849299907684326,0.2981820106506347,0.2743540108203888,0.2978070080280304,2061442814,0.0442021489732678,0.0437181129447563,XRP-USD,0.0,0,0.0,0,0.0,0.0,0.5,0.0,9501,1287485,,,29391016503.468285,0.0429922461454158,0.03200561210849287
2020-08-14,0.2975330054759979,0.3063740134239197,0.2938530147075653,0.300370991230011,2246050523,0.0085726954439605,0.0419278266248453,XRP-USD,0.0,0,0.0,0,0.0,0.0,0.56,0.0,10059,1314142,,,30020295819.921646,0.04293190169955204,0.03317819401992566
2020-08-15,0.300246000289917,0.3041880130767822,0.2948909997940063,0.2996610105037689,2260353636,-0.0023664773063023,0.0301942320942206,XRP-USD,0.0,0,0.0,0,0.0,0.0,0.5800000000000001,0.0,7815,1294226,,,29959198614.787563,0.040592658667651445,0.03383610735620924
2020-08-16,0.2997669875621795,0.3040519952774048,0.2942889928817749,0.30349200963974,2078824448,0.0127034119945656,0.0301322524118325,XRP-USD,0.0,0,0.0,0,0.0,0.0,0.6399999999999999,0.0,7658,1270863,,,30204819116.7349,0.03777032557545612,0.03430204029483852
2020-08-17,0.3036409914493561,0.3244029879570007,0.298660010099411,0.3147670030593872,3001054633,0.0364774095338101,0.0239523253667859,XRP-USD,0.0,0,0.0,0,0.0,0.0,0.6599999999999999,0.0,9775,1299354,,,31665524013.500584,0.03398494988848812,0.03449265948515695
2020-08-18,0.3142180144786834,0.3204059898853302,0.301842987537384,0.3033069968223572,2126503478,-0.0370872088945397,0.0246302286366928,XRP-USD,0.0,0,0.0,0,0.0,0.0,0.6399999999999999,0.0,9163,1273785,,,30295114466.35108,0.030167373026875423,0.03464529955863887
2020-08-19,0.3035129904747009,0.3055399954319,0.282474011182785,0.2902460098266601,2163768928,-0.0440166102945645,0.0271810085958568,XRP-USD,0.0,0,0.0,0,0.0,0.0,0.6000000000000001,0.0,8789,1254795,,,29009708873.562653,0.027218009421077723,0.034888326937676885
2020-08-20,0.2903009951114654,0.2940990030765533,0.286078006029129,0.2925730049610138,1749934412,0.0079853520236394,0.0273276874697064,XRP-USD,0.0,0,0.0,0,0.0,0.0,0.5,0.0,8397,1305472,,,29215662263.10805,0.02664470049617488,0.035041531059376387
2020-08-21,0.2924680113792419,0.295518010854721,0.2802579998970032,0.2806819975376129,1833818566,-0.0414918780018495,0.0283783552687061,XRP-USD,0.0,0,0.0,0,0.0,0.0,0.6200000000000001,0.0,9005,1273156,,,27927112653.082623,0.026293921067549596,0.03530936523514242
2020-08-22,0.2806349992752075,0.286545991897583,0.2758960127830505,0.286545991897583,1417207522,0.0206767063166786,0.029106561179876,XRP-USD,0.0,0,0.0,0,0.0,0.0,0.56,0.0,8631,1334514,,,28546533439.415253,0.027324768230167617,0.03552139047945416
2020-08-23,0.2863579988479614,0.2872759997844696,0.2788290083408355,0.2853859961032867,1183627267,-0.0040564172287281,0.0287274136646369,XRP-USD,0.0,0,0.0,0,0.0,0.0,0.52,0.0,8624,1283294,,,28567299309.027924,0.028144205235756437,0.03525545384104923
2020-08-24,0.2852779924869537,0.2913120090961456,0.2831169962882995,0.2892149984836578,1237229520,0.0133277146904999,0.0283744012566547,XRP-USD,0.0,0,0.0,0,0.0,0.0,0.56,0.0,9587,1255223,,,28917955393.266247,0.028382883767916017,0.03494992204873897
2020-08-25,0.2890439927577972,0.2895709872245788,0.2733109891414642,0.2779270112514496,1403395912,-0.039811821153233,0.028815297246443,XRP-USD,0.0,0,0.0,0,0.0,0.0,0.5,0.0,9580,958125,,,27759316047.80069,0.02868040572326334,0.03467985929533529
2020-08-26,0.2776930034160614,0.2801359891891479,0.2748759984970093,0.2774910032749176,1194610015,-0.0015700177332759,0.0287993435872037,XRP-USD,0.0,0,0.0,0,0.0,0.0,0.52,0.0,8688,1282839,,,27685169544.85331,0.02876460338696286,0.03423091334322554
2020-08-27,0.2773599922657013,0.2786880135536194,0.2575129866600036,0.2645109891891479,1471948899,-0.0479057145657867,0.0279687521797734,XRP-USD,0.0,0,0.0,0,0.0,0.0,0.5,0.0,8998,1305602,,,26394379550.342297,0.02853704158694234,0.03372923873509568
2020-08-28,0.2646580040454864,0.2733019888401031,0.2613089978694916,0.2720459997653961,1178427813,0.0280883713176955,0.0293363428145181,XRP-USD,0.0,0,0.0,0,0.0,0.0,0.48,0.0,10755,1170438,,,27166314324.34117,0.02865882741691858,0.03325975706773143
2020-08-29,0.2720089852809906,0.2768389880657196,0.26944699883461,0.2744970023632049,1053592719,0.0089691717554241,0.0296312406179329,XRP-USD,0.0,0,0.0,0,0.0,0.0,0.5800000000000001,0.0,8724,1308679,,,27452764864.92333,0.02891019528917422,0.03274844956823624
2020-08-30,0.2745679914951324,0.2835969924926758,0.2743569910526275,0.2830339968204498,1202203314,0.0306266799984559,0.0308749198915683,XRP-USD,0.0,0,0.0,0,0.0,0.0,0.5,0.0,9676,1248458,,,28257894855.134964,0.029322119818199283,0.03228724634701511
2020-08-31,0.283064991235733,0.2845120131969452,0.278658002614975,0.2817659974098205,1209798563,-0.0044900904883757,0.0284924164976409,XRP-USD,0.0,0,0.0,0,0.0,0.0,0.5,0.0,10127,1255187,,,28223960542.799625,0.02926073440028672,0.031662831239900414
2020-09-01,0.2816120088100433,0.2982130050659179,0.2784560024738312,0.2956959903240204,1730740377,0.0482549367732575,0.0308055685891242,XRP-USD,0.0,0,0.0,0,0.0,0.0,0.5,0.0,13243,1266872,,,29662433848.191902,0.029828097682156877,0.03115897311878226
2020-09-02,0.2956120073795318,0.3032140135765075,0.2691510021686554,0.2764610052108764,1985414445,-0.0672620857826925,0.0337416841773501,XRP-USD,0.0,0,0.0,0,0.0,0.0,0.6599999999999999,0.0,9338,1155609,,,27652723380.93969,0.030709165954723283,0.03068159885989776
2020-09-03,0.276636004447937,0.2767260074615478,0.2454189956188202,0.2465800046920776,1847290355,-0.1143832775689514,0.044635348563566,XRP-USD,0.0,0,0.0,0,0.0,0.0,0.5800000000000001,0.0,9025,1158623,,,24784495888.277847,0.0337099875438499,0.030761423621804132
2020-09-04,0.2467260062694549,0.2661390006542206,0.2443010061979293,0.2558830082416534,1924234480,0.0370338374985985,0.0455970212471802,XRP-USD,0.0,0,0.0,0,0.0,0.0,-0.1999999999999999,0.0,9179,1334935,,,25459561776.649506,0.03665440781497228,0.03084682854464158
2020-09-05,0.2558079957962036,0.2596060037612915,0.233811005949974,0.2376919984817505,2160621038,-0.0737446294240583,0.0481618598282657,XRP-USD,0.0,0,0.0,0,0.0,0.0,-0.18,0.0,8052,1443342,,,23578274375.33661,0.04058829648109724,0.031130193690251603
2020-09-06,0.2376919984817505,0.2437320053577423,0.2313230037689209,0.2407310009002685,1752405005,0.0127044197185072,0.0486168643780816,XRP-USD,0.0,0,0.0,0,0.0,0.0,-0.18,0.0,7247,1338969,,,24008540779.11844,0.04415055563888872,0.03196758606679074
2020-09-07,0.2408120036125183,0.2434320002794265,0.2312850058078766,0.2421739995479583,1773175897,0.0059763429298682,0.0483594856295852,XRP-USD,0.0,0,0.0,0,0.0,0.0,-0.18,0.0,7425,1331243,,,24196764131.07805,0.04707411592933573,0.03279609666759768
2020-09-08,0.242028996348381,0.2438720017671585,0.2328329980373382,0.2367530018091201,1618416970,-0.0226390629701494,0.0478332727006652,XRP-USD,0.0,0,0.0,0,0.0,0.0,-0.18,0.0,6925,1307482,,,23598063899.08347,0.04771370075675558,0.0338815942736831
2020-09-09,0.2367230057716369,0.2432129979133606,0.2342730015516281,0.2396090030670166,1203137131,0.0119910297184723,0.0481848183319908,XRP-USD,0.0,0,0.0,0,0.0,0.0,-0.24,0.0,7044,1084436,,,23897435486.38012,0.0482312601737177,0.034952257441651195
2020-09-10,0.2396890074014663,0.2491849958896637,0.2395700067281723,0.2435300052165985,1353359148,0.0162317186996599,0.0473957562409153,XRP-USD,0.0,0,0.0,0,0.0,0.0,-0.24,0.0,7289,1008312,,,24291086567.11169,0.048078039456247626,0.035871109607335666
2020-09-11,0.2435300052165985,0.2448150068521499,0.2375199943780899,0.2432920038700103,1096662166,-0.0009777757008001,0.0464187845833785,XRP-USD,0.0,0,0.0,0,0.0,0.0,-0.18,0.0,6660,985473,,,24299415300.10246,0.047638423497307,0.03673888674886622
2020-09-12,0.2430550009012222,0.2487519979476928,0.2418199926614761,0.2478139996528625,1043746083,0.0184160794343527,0.0467515817777058,XRP-USD,0.0,0,0.0,0,0.0,0.0,-0.18,0.0,6181,962128,,,24747996771.388737,0.047316842726931124,0.0375740334083662
2020-09-13,0.2478139996528625,0.25313600897789,0.2388570010662078,0.2418009936809539,1163182194,-0.0245634156852926,0.0456203161321596,XRP-USD,0.0,0,0.0,0,0.0,0.0,-0.24,0.0,5933,977495,,,24183714860.91104,0.04687425141323,0.03832465863347
2020-09-14,0.2418040037155151,0.2498220056295395,0.2403219938278198,0.2463269978761673,1195994290,0.0185448652198954,0.0462931720247546,XRP-USD,0.0,0,0.0,0,0.0,0.0,-0.2199999999999999,0.0,6453,991115,,,24553700773.485287,0.04649592215178276,0.03912310219529354
2020-09-15,0.2462649941444397,0.2492450028657913,0.2433920055627823,0.2438499927520752,1245531094,-0.0101066604749034,0.0432073543079724,XRP-USD,0.0,0,0.0,0,0.0,0.0,-0.06,0.0,6589,991448,,,24289036563.90385,0.04565824176519418,0.039797327333989795
2020-09-16,0.2440100014209747,0.2509739995002746,0.2367269992828369,0.2478470057249069,1421286455,0.016258390963482,0.04096096021866,XRP-USD,0.0,0,0.0,0,0.0,0.0,-0.14,0.0,6701,1001351,,,24733063381.80284,0.04456667689225048,0.04034940292363603
2020-09-17,0.2477429956197738,0.2581900060176849,0.2472179979085922,0.2521939873695373,1735400721,0.0173869391264797,0.027521519565628,XRP-USD,0.0,0,0.0,0,0.0,0.0,-0.04,0.0,6933,1019487,,,25238928107.85804,0.04072066444983492,0.0402913200135644
2020-09-18,0.2522839903831482,0.2557159960269928,0.247090995311737,0.2507070004940033,1282349756,-0.0059136539593519,0.0255951907102314,XRP-USD,0.0,0,0.0,0,0.0,0.0,-0.02,0.0,7194,968611,,,24962507213.062386,0.03671563936544928,0.040183430855857946
2020-09-19,0.2505300045013428,0.2541010081768036,0.2483589947223663,0.2517159879207611,1043485055,0.0040164913089404,0.014908538787566,XRP-USD,0.0,0,0.0,0,0.0,0.0,-0.04,0.0,6523,966249,,,25126846959.93834,0.030438712718011556,0.03952762158190558
2020-09-20,0.2516629993915558,0.2516629993915558,0.2437160015106201,0.2467429935932159,1091283585,-0.0199541367212804,0.0159746754903218,XRP-USD,0.0,0,0.0,0,0.0,0.0,0.04,0.0,5725,956220,,,24610911014.42204,0.024992176954481436,0.03890686862155962
2020-09-21,0.2468180060386657,0.2481099963188171,0.2304790019989013,0.232137992978096,1718957623,-0.0610152909875731,0.0230720110411607,XRP-USD,0.0,0,0.0,0,0.0,0.0,-0.04,0.0,6893,977144,,,23188216588.131947,0.021414387118981578,0.038552190946541096
2020-09-22,0.2318480014801025,0.2347429990768432,0.2302370071411132,0.2334170043468475,1019583831,0.0054945799912882,0.0224488536381141,XRP-USD,0.0,0,0.0,0,0.0,0.0,-0.2199999999999999,0.0,6390,966235,,,23263456688.621777,0.0203998539334788,0.03827748354383533
2020-09-23,0.2332870066165924,0.235041007399559,0.2211299985647201,0.2212209999561309,1646803535,-0.0536643705026317,0.0260863068299113,XRP-USD,0.0,0,0.0,0,0.0,0.0,-0.14,0.0,6562,883652,,,22134594242.084377,0.02049807715741478,0.03806297164568929
2020-09-24,0.2216749936342239,0.2336869984865188,0.220330998301506,0.2329050004482269,1937069766,0.0514684453732159,0.0298008985893919,XRP-USD,0.0,0,0.0,0,0.0,0.0,-0.2199999999999999,0.0,7069,951755,,,23291554455.48803,0.02347654911777996,0.03788384502805482
2020-09-25,0.232927992939949,0.2443290054798126,0.230322003364563,0.2419220060110092,1770527280,0.0379847379739034,0.0317768254051728,XRP-USD,0.0,0,0.0,0,0.0,0.0,-0.0799999999999999,0.0,6973,976506,,,24169626611.647137,0.026636979100750156,0.037299366702673316
2020-09-26,0.2418520003557205,0.2455530017614364,0.2387019991874694,0.2421600073575973,1589059311,0.000983310097018,0.0313209325877891,XRP-USD,0.0,0,0.0,0,0.0,0.0,-0.0999999999999999,0.0,6473,984349,,,24166583385.97207,0.028286763410075837,0.0366504535817919
2020-09-27,0.2417919933795929,0.2443590015172958,0.2385260015726089,0.2427549958229065,1388129507,0.0024539919779569,0.030625042652358,XRP-USD,0.0,0,0.0,0,0.0,0.0,-0.06,0.0,5793,900592,,,24216625111.740448,0.02992200121292462,0.03585332552834155
2020-09-28,0.2433339953422546,0.2476869970560073,0.2415930032730102,0.2418619990348816,1722817156,-0.0036853754953835,0.0301783011422336,XRP-USD,0.0,0,0.0,0,0.0,0.0,-0.14,0.0,6543,942336,,,24207169212.042965,0.030740400075389078,0.03501520901762119
2020-09-29,0.2412690073251724,0.2465520054101944,0.2390380054712295,0.2431769967079162,1630882291,0.0054222481342906,0.0301152915047276,XRP-USD,0.0,0,0.0,0,0.0,0.0,-0.0999999999999999,0.0,6399,954659,,,24297713814.106125,0.030803278658456217,0.034185927466491295
2020-09-30,0.2430700063705444,0.2430700063705444,0.2388540059328079,0.241784006357193,1571088310,-0.0057447678180888,0.0297625199984256,XRP-USD,0.0,0,0.0,0,0.0,0.0,-0.02,0.0,6583,946437,,,24157640682.554333,0.03040041757710678,0.0333645296163895
2020-10-01,0.2419690042734146,0.2446449995040893,0.2349420040845871,0.2382490038871765,1725071846,-0.0147284303261104,0.0294080319606854,XRP-USD,0.0,0,0.0,0,0.0,0.0,-0.0999999999999999,0.0,6984,926901,,,23795718825.004967,0.03001783745168604,0.0325110393267847
2020-10-02,0.2382970005273819,0.2393060028553009,0.2298229932785034,0.2341170012950897,1849001296,-0.0174953656381761,0.0296261870703994,XRP-USD,0.0,0,0.0,0,0.0,0.0,-0.18,0.0,6891,985341,,,23389567513.476368,0.029818066335294317,0.031703331637215795
2020-10-03,0.2341610044240951,0.2349720001220703,0.2329380065202713,0.2329380065202713,1261839176,-0.0050486442040152,0.0295154030309275,XRP-USD,0.0,0,0.0,0,0.0,0.0,-0.1999999999999999,0.0,5794,969149,,,23306757002.56002,0.0296854867130331,0.030934996112104395
2020-10-04,0.2330719977617263,0.2501380145549774,0.2322099953889846,0.2476850003004074,1885456462,0.0613854270218199,0.0341077172597452,XRP-USD,0.0,0,0.0,0,0.0,0.0,-0.16,0.0,6083,977335,,,24804196640.995544,0.03048397186403662,0.030360274997651638
2020-10-05,0.2481900006532669,0.2536909878253937,0.247090995311737,0.2508159875869751,2159900755,0.0125617743376398,0.0292621685037072,XRP-USD,0.0,0,0.0,0,0.0,0.0,-0.16,0.0,7297,989433,,,24991117536.8653,0.030383901565092943,0.029616722832721983
2020-10-06,0.2508339881896972,0.258776992559433,0.24235700070858,0.2453410029411316,3068832281,-0.0220704615261737,0.0301776169901908,XRP-USD,0.0,0,0.0,0,0.0,0.0,-0.06,0.0,6909,915395,,,24526609133.97076,0.030537818570994017,0.02888419760387817
2020-10-07,0.2454349994659423,0.2512109875679016,0.2417140007019043,0.248539000749588,1894313447,0.0129506863280788,0.0253220869711693,XRP-USD,0.0,0,0.0,0,0.0,0.0,-0.14,0.0,5974,920361,,,24825439247.07927,0.029676998551148,0.028071230906750757
2020-10-08,0.2488870024681091,0.2528209984302521,0.242914006114006,0.2514539957046509,1984994731,0.0116602752560279,0.0221387943894171,XRP-USD,0.0,0,0.0,0,0.0,0.0,-0.0799999999999999,0.0,5746,897421,,,25130724284.12132,0.02820167682284592,0.027215677914512446
2020-10-09,0.2514489889144897,0.2566779851913452,0.2499800026416778,0.2534910142421722,2104833281,0.0080683224820093,0.0201102099442144,XRP-USD,0.0,0,0.0,0,0.0,0.0,-0.04,0.0,5953,759558,,,25328494791.441383,0.025402175359739758,0.026878800204448192
2020-10-10,0.2532269954681396,0.2597729861736297,0.2531439960002899,0.2542900145053863,1957706164,0.0031470294375217,0.0200990440784134,XRP-USD,0.0,0,0.0,0,0.0,0.0,0.06,0.0,5770,820182,,,25425296588.44244,0.023569550474681,0.02662897535754737
2020-10-11,0.2542009949684143,0.2581889927387237,0.2538230121135711,0.2557190060615539,1851962086,0.0056038040036376,0.0201041693294459,XRP-USD,0.0,0,0.0,0,0.0,0.0,0.1,0.0,5474,858706,,,25526351254.27709,0.02155486094253202,0.026865140382178278
2020-10-12,0.2556680142879486,0.2582190036773681,0.2501719892024994,0.2564460039138794,2117892928,0.0028389223255565,0.019994720863642,XRP-USD,0.0,0,0.0,0,0.0,0.0,0.04,0.0,6338,869063,,,25574272812.90949,0.02048938772102656,0.027047869717329195
2020-10-13,0.2563509941101074,0.2600489854812622,0.2533349990844726,0.2563230097293854,2098212018,-0.00047972550439,0.0200287542640161,XRP-USD,0.0,0,0.0,0,0.0,0.0,0.1200000000000001,0.0,6078,861681,,,25628247097.41738,0.02006737969594636,0.02690953986382262
2020-10-14,0.256727010011673,0.2583929896354675,0.2466830015182495,0.2494480013847351,1954936434,-0.0271879237015741,0.0215720259367535,XRP-USD,0.0,0,0.0,0,0.0,0.0,0.06,0.0,6009,885892,,,24922680962.904224,0.02035974289445418,0.026869684059215318
2020-10-15,0.2494059950113296,0.2502779960632324,0.2440109997987747,0.2459399998188018,1652788747,-0.0141628791797532,0.0215383314433303,XRP-USD,0.0,0,0.0,0,0.0,0.0,0.1200000000000001,0.0,6083,902172,,,24573668624.37703,0.020647600367437558,0.026662957905279824
2020-10-16,0.2460580021142959,0.2475900053977966,0.2384999990463256,0.240443006157875,1656312547,-0.0226045221786111,0.021938546381793,XRP-USD,0.0,0,0.0,0,0.0,0.0,0.04,0.0,6445,816598,,,24029617993.00799,0.02101447577790698,0.026305578259479875
2020-10-17,0.2405409961938858,0.2427189946174621,0.23921799659729,0.2409310042858123,1173505925,0.0020275224026379,0.021847356625458,XRP-USD,0.0,0,0.0,0,0.0,0.0,0.1200000000000001,0.0,6151,784599,,,24073282754.998425,0.02138500293027018,0.025854238769492836
2020-10-18,0.2408500015735626,0.2434190064668655,0.2405710071325302,0.2422250062227249,1238720802,0.0053564687293511,0.0138988816757926,XRP-USD,0.0,0,0.0,0,0.0,0.0,0.1,0.0,5730,731971,,,24201105568.82088,0.02015902841262548,0.025062327364402084
2020-10-19,0.2423080056905746,0.2494709938764572,0.2404969930648803,0.2459640055894851,1435700560,0.0153181345238796,0.0141323621011103,XRP-USD,0.0,0,0.0,0,0.0,0.0,0.1,0.0,6824,814038,,,24613286113.076485,0.018671095645496842,0.0243126600666181
2020-10-20,0.2459270060062408,0.2494000047445297,0.2425619959831237,0.2435729950666427,1526376279,-0.0097685344845277,0.0130921196366826,XRP-USD,0.0,0,0.0,0,0.0,0.0,0.1200000000000001,0.0,6450,898636,,,24373609473.25639,0.0169818532841673,0.023536015452729417
2020-10-21,0.2434850037097931,0.2552269995212555,0.2431789934635162,0.2516149878501892,2306399543,0.0324834212035664,0.0154636756196148,XRP-USD,0.0,0,0.0,0,0.0,0.0,0.2199999999999999,0.0,7177,862704,,,25158375588.193623,0.01568687913173166,0.022870032912497017
2020-10-22,0.2513349950313568,0.2634629905223846,0.2512330114841461,0.2568069994449615,2827483708,0.0204247346461307,0.0160981330805546,XRP-USD,0.0,0,0.0,0,0.0,0.0,0.4599999999999999,0.0,7509,877153,,,25720847137.643147,0.01453703442275098,0.022248924416230154
2020-10-23,0.2573260068893432,0.2593060135841369,0.2507129907608032,0.2548789978027344,2125734863,-0.0075359137316877,0.0161488402172209,XRP-USD,0.0,0,0.0,0,0.0,0.0,0.48,0.0,6517,865697,,,25496184150.83786,0.01498702613103664,0.021646233882436312
2020-10-24,0.2548789978027344,0.2576450109481811,0.2528319954872131,0.2564310133457184,1590424952,0.0060707605001148,0.0162060400477266,XRP-USD,0.0,0,0.0,0,0.0,0.0,0.4599999999999999,0.0,5554,857686,,,25610259230.888077,0.0154017617203599,0.02103622719958755
2020-10-25,0.2564310133457184,0.2571470141410827,0.2517449855804443,0.2532129883766174,1484930709,-0.0126286887579459,0.0165027717144002,XRP-USD,0.0,0,0.0,0,0.0,0.0,0.52,0.0,5840,856216,,,25314985895.693527,0.016083892135903423,0.020444743957927218
2020-10-26,0.2532129883766174,0.2584080100059509,0.2440820038318634,0.2486879974603653,2390566065,-0.0180318973320418,0.0170903761236349,XRP-USD,0.0,0,0.0,0,0.0,0.0,0.5,0.0,6761,861345,,,24880023998.70789,0.01640923223670744,0.019671228451740384
2020-10-27,0.2486879974603653,0.2538740038871765,0.2480970025062561,0.2528989911079407,2273574015,0.0167910758471072,0.0178309336835517,XRP-USD,0.0,0,0.0,0,0.0,0.0,0.2199999999999999,0.0,6791,862843,,,25250041271.263683,0.01675579235730686,0.019151626869006046
2020-10-28,0.2529000043869018,0.2563929855823517,0.244607999920845,0.2458650022745132,2375598739,-0.0282075503150186,0.0179479977552097,XRP-USD,0.0,0,0.0,0,0.0,0.0,0.3999999999999999,0.0,6721,879624,,,24625778691.99607,0.01711562386490462,0.018595735085597812
2020-10-29,0.2458650022745132,0.2469960004091262,0.2403119951486587,0.2422949969768524,5451698743,-0.0146266345038033,0.0179745022941301,XRP-USD,0.0,0,0.0,0,0.0,0.0,0.3400000000000001,0.0,6544,841173,,,24265138600.89509,0.017469316314185322,0.018261753963914214
2020-10-30,0.2422920018434524,0.2440000027418136,0.2328280061483383,0.2391840070486068,2364402263,-0.012922819880146,0.0172539113215548,XRP-USD,0.0,0,0.0,0,0.0,0.0,0.48,0.0,7282,870851,,,23941697430.471745,0.01761954423561624,0.01803971382446593
2020-10-31,0.2391880005598068,0.2432190030813217,0.2377489954233169,0.2397439926862716,2100764094,0.0023384971986106,0.0172574420261627,XRP-USD,0.0,0,0.0,0,0.0,0.0,0.4599999999999999,0.0,6550,875593,,,23989192952.37521,0.0176529574161218,0.01791004255546358
2020-11-01,0.2397390007972717,0.2413199990987777,0.2370939999818802,0.2397969961166381,1855741696,0.0002210590202713,0.0171811635997744,XRP-USD,0.0,0,0.0,0,0.0,0.0,0.4399999999999999,0.0,5888,843807,,,23987350988.64016,0.01752300339936634,0.01777741162461635
2020-11-02,0.2398039996623993,0.2442589998245239,0.2337689995765686,0.2354210019111633,2412875798,-0.0184173070745859,0.0171244531931457,XRP-USD,0.0,0,0.0,0,0.0,0.0,0.4199999999999999,0.0,7162,859011,,,23544838449.760487,0.017358294486953536,0.017641969982057252
2020-11-03,0.2354200035333633,0.2421279996633529,0.2287719994783401,0.2395099997520446,3052524907,0.0172197597766488,0.0178243278512638,XRP-USD,0.0,0,0.0,0,0.0,0.0,0.4199999999999999,0.0,7319,906552,,,23974365885.661465,0.01732825959838028,0.017543315754221876
2020-11-04,0.2395099997520446,0.2403900027275085,0.2333880066871643,0.2377929985523224,3335786074,-0.0071946273633107,0.0149845408379967,XRP-USD,0.0,0,0.0,0,0.0,0.0,0.48,0.0,6301,887968,,,23773105110.473877,0.01687438550166866,0.01731403332576645
2020-11-05,0.2377990037202835,0.2470459938049316,0.2375580072402954,0.2457759976387024,2949508995,0.033020001165087,0.0168304994024581,XRP-USD,0.0,0,0.0,0,0.0,0.0,0.4399999999999999,0.0,7480,927125,,,24584627532.46588,0.01678899697692774,0.017098509392389386
2020-11-06,0.2457700073719024,0.2608050107955932,0.2453069984912872,0.258444994688034,3282591092,0.0502623424003143,0.0219717708567141,XRP-USD,0.0,0,0.0,0,0.0,0.0,0.8,0.0,8397,903297,,,25916413165.73108,0.017747118428315677,0.017118211183906832
2020-11-07,0.258444994688034,0.266416996717453,0.2455849945545196,0.2495819926261901,3395345984,-0.0348953958340055,0.0238877765976584,XRP-USD,0.0,0,0.0,0,0.0,0.0,0.76,0.0,7256,949128,,,24961362389.563725,0.01909978310921822,0.017206812557355258
2020-11-08,0.2495819926261901,0.2567349970340729,0.2479130029678344,0.2539390027523041,2364742336,0.0173066025686621,0.0241946207264895,XRP-USD,0.0,0,0.0,0,0.0,0.0,0.6399999999999999,0.0,6043,862349,,,25404018757.11349,0.02037384168426336,0.017313506380129417
2020-11-09,0.2539390027523041,0.2560699880123138,0.2461149990558624,0.2507480084896087,3079413903,-0.0126456069386566,0.0239236323812426,XRP-USD,0.0,0,0.0,0,0.0,0.0,0.8,0.0,7178,815230,,,25067537779.72693,0.02216165999291254,0.017769176866740784
2020-11-10,0.2507529854774475,0.2642970085144043,0.2487239986658096,0.2539109885692596,3488798458,0.0125352823012574,0.0237281675965388,XRP-USD,0.0,0,0.0,0,0.0,0.0,0.8,0.0,7359,920699,,,25471160378.275543,0.023541193631728678,0.018205349843805712
2020-11-11,0.2539109885692596,0.2597239911556244,0.2528420090675354,0.2562589943408966,2811079099,0.0092048628067029,0.022338443408928,XRP-USD,0.0,0,0.0,0,0.0,0.0,0.72,0.0,7294,897466,,,25598778389.169647,0.02361452814217146,0.018625637287998684
2020-11-12,0.2562580108642578,0.2580809891223907,0.2528389990329742,0.2549029886722564,2443233108,-0.0053055935088603,0.0219088117741046,XRP-USD,0.0,0,0.0,0,0.0,0.0,0.74,0.0,7008,837428,,,25486653502.27236,0.0232187351774607,0.01891859802229368
2020-11-13,0.2549029886722564,0.2656790018081665,0.2540909945964813,0.265190988779068,2989109717,0.0395672425769337,0.0233062132016762,XRP-USD,0.0,0,0.0,0,0.0,0.0,0.78,0.0,7998,915229,,,26472877250.315216,0.023041053672498042,0.019246238027799206
2020-11-14,0.265190988779068,0.2770139873027801,0.2624540030956268,0.268341988325119,4433908911,0.0118119640864379,0.0232863260950744,XRP-USD,0.0,0,0.0,0,0.0,0.0,0.8,0.0,7710,927737,,,26869900245.156563,0.0229135924152644,0.019570669204065274
2020-11-15,0.268341988325119,0.2766180038452148,0.2646450102329254,0.2696419954299927,3613774298,0.0048328934483844,0.0231995245700039,XRP-USD,0.0,0,0.0,0,0.0,0.0,0.72,0.0,7459,904102,,,26983872482.316463,0.022807863809957418,0.019888554864168784
2020-11-16,0.2696410119533539,0.2880080044269562,0.2680529952049255,0.2855199873447418,4105697051,0.0572168985519188,0.0251997568034818,XRP-USD,0.0,0,0.0,0,0.0,0.0,0.8,0.0,9238,898058,,,28790512636.82656,0.02338012648886818,0.02028387236821795
2020-11-17,0.2917959988117218,0.3044019937515259,0.2911129891872406,0.3024080097675323,6002566535,0.0574650964227304,0.0277850663191087,XRP-USD,0.0,0,0.0,0,0.0,0.0,0.72,0.0,12394,898491,,,30258798990.163376,0.024555377397868998,0.020769994649830394
2020-11-18,0.3023970127105713,0.3072769939899444,0.2838279902935028,0.2942219972610473,5684799554,-0.0274425561568416,0.029590368734416,XRP-USD,0.0,0,0.0,0,0.0,0.0,0.8200000000000001,0.0,10559,886636,,,29419126356.65348,0.025812208504416963,0.02130451442486968
2020-11-19,0.2942219972610473,0.3065049946308136,0.2846429944038391,0.3037660121917724,5230574728,0.0319231331757625,0.0295409947113816,XRP-USD,0.0,0,0.0,0,0.0,0.0,0.8799999999999999,0.0,9867,890695,,,30226536224.273087,0.0270631422276784,0.021831468831968404
2020-11-20,0.3037660121917724,0.3293929994106293,0.2982029914855957,0.3280679881572723,6283633942,0.0769631595716944,0.0326788376854851,XRP-USD,0.0,0,0.0,0,0.0,0.0,0.72,0.0,11709,847388,,,32826538092.110703,0.028959004850774638,0.022499847713393636
2020-11-21,0.3280679881572723,0.4630570113658905,0.3280679881572723,0.4583440124988556,16206296041,0.3343991532869184,0.0886489069444947,XRP-USD,0.0,0,0.0,0,0.0,0.0,0.8200000000000001,0.0,24420,1010274,,,46203060999.051,0.04164883487897722,0.025745074787163626
2020-11-22,0.4583440124988556,0.4919019937515259,0.4132559895515442,0.4436999857425689,19097682286,-0.0324713949068037,0.0907500543167597,XRP-USD,0.0,0,0.0,0,0.0,0.0,0.8799999999999999,0.0,22663,1234201,,,44754717506.21668,0.054241832478507425,0.029085648073099858
2020-11-23,0.4437009990215301,0.61496901512146,0.4347319900989532,0.6139799952507019,20715303968,0.3248137203396332,0.1168066529035969,XRP-USD,0.0,0,0.0,0,0.0,0.0,0.8,0.0,28192,981985,,,60910067437.94057,0.0716850893123436,0.033614079405091785
2020-11-24,0.6141930222511292,0.7680190205574036,0.5779060125350952,0.6921030282974243,32826193388,0.1197724827668379,0.1166906853798048,XRP-USD,0.0,0,0.0,0,0.0,0.0,0.76,0.0,41758,1532629,,,69977109755.47606,0.08911502744602824,0.03813981723175811
2020-11-25,0.6921539902687073,0.7198569774627686,0.5965480208396912,0.6354830265045166,23569614498,-0.0853494479690017,0.1231395138858501,XRP-USD,0.0,0,0.0,0,0.0,0.0,0.8799999999999999,0.0,26740,1501352,,,63325706499.66648,0.10720716268610124,0.04292687114242112
2020-11-26,0.6348919868469238,0.6497300267219543,0.4621410071849823,0.5330190062522888,23673915793,-0.1758282988492901,0.1381353528414209,XRP-USD,0.0,0,0.0,0,0.0,0.0,0.8600000000000001,0.0,23610,1869508,,,53035727059.21617,0.11710445186548649,0.048524635324394945
2020-11-27,0.5333830118179321,0.5858650207519531,0.5087140202522278,0.5592679977416992,18713160692,0.0480716992376676,0.1380918932915752,XRP-USD,0.0,0,0.0,0,0.0,0.0,0.72,0.0,16501,1282566,,,55667356402.01035,0.1265728196604496,0.05403651686480937
2020-11-28,0.5596749782562256,0.6445500254631042,0.542639970779419,0.6256219744682312,17173561815,0.1121175322653086,0.13837566434551,XRP-USD,0.0,0,0.0,0,0.0,0.0,0.74,0.0,17758,1273015,,,62871301820.34971,0.1308866219488322,0.05932760293248191
2020-11-29,0.6257420182228088,0.6345130205154419,0.588362991809845,0.6062459945678711,15391721339,-0.0314604787114658,0.1398303532181719,XRP-USD,0.0,0,0.0,0,0.0,0.0,0.78,0.0,15977,1222255,,,60610909040.84349,0.13551455551650562,0.06459772005159616
2020-11-30,0.6062890291213989,0.6721789836883545,0.6004250049591064,0.6643369793891907,17398359053,0.0915036844909249,0.1401179819835571,XRP-USD,0.0,0,0.0,0,0.0,0.0,0.76,0.0,19979,1242611,,,66733576412.57889,0.13891024913604702,0.06986696374509922
2020-12-01,0.6645150184631348,0.6791579723358154,0.5943480134010315,0.6129230260848999,16985355820,-0.0805501609633542,0.145100827290565,XRP-USD,0.0,0,0.0,0,0.0,0.0,0.8999999999999999,0.0,20312,1243533,,,61288853775.59275,0.14030334402587583,0.07537501805915935
2020-12-02,0.612991988658905,0.6358969807624817,0.5986359715461731,0.6298930048942566,12874875863,0.0273106126019751,0.143569341775716,XRP-USD,0.0,0,0.0,0,0.0,0.0,0.8400000000000001,0.0,17357,1139350,,,63193412772.5248,0.141398833722704,0.08082234415821285
2020-12-03,0.6299949884414673,0.6403329968452454,0.6161730289459229,0.6314830183982849,9884297219,0.0025210790705119,0.1441369208804455,XRP-USD,0.0,0,0.0,0,0.0,0.0,0.8400000000000001,0.0,18716,1103969,,,63099589430.42248,0.1425510850296911,0.08635863858873637
2020-12-04,0.6314690113067627,0.6329669952392578,0.5466870069503784,0.5572620034217834,9629062989,-0.1250355380367775,0.1514023690218234,XRP-USD,0.0,0,0.0,0,0.0,0.0,0.8400000000000001,0.0,18875,1186576,,,55780363088.10506,0.1448654881904214,0.09224470937272358
2020-12-05,0.5570880174636841,0.5958390235900879,0.5517849922180176,0.5844209790229797,8565677726,0.0475860651340333,0.1253514627384051,XRP-USD,0.0,0,0.0,0,0.0,0.0,0.8600000000000001,0.0,16978,1157642,,,58171602110.01107,0.14191218434139102,0.09688312980621126
2020-12-06,0.584414005279541,0.6258779764175415,0.5815160274505615,0.6198509931564331,10280250882,0.0588575379069049,0.1249345844801534,XRP-USD,0.0,0,0.0,0,0.0,0.0,0.8999999999999999,0.0,19429,1196311,,,62093890043.43279,0.13787893577930868,0.1015035051873512
2020-12-07,0.6197140216827393,0.6228320002555847,0.5928189754486084,0.6089339852333069,7718537440,-0.017769252333068,0.0901722482633177,XRP-USD,0.0,0,0.0,0,0.0,0.0,0.8799999999999999,0.0,20717,1119946,,,60831326327.950096,0.12719951707682903,0.10454771990068366
2020-12-08,0.6088579893112183,0.6101610064506531,0.5545700192451477,0.5588359832763672,8302771172,-0.0858538440555979,0.0856945860974544,XRP-USD,0.0,0,0.0,0,0.0,0.0,0.8999999999999999,0.0,21675,1216680,,,55948595073.1824,0.1155110501202308,0.10729748486859149
2020-12-09,0.558667004108429,0.6019390225410461,0.5059829950332642,0.5835899710655212,12648574700,0.043342612750623,0.0844937222538286,XRP-USD,0.0,0,0.0,0,0.0,0.0,0.72,0.0,26260,1286851,,,58420074739.65518,0.10212932076663184,0.10987515104744242
2020-12-10,0.5836570262908936,0.5868560075759888,0.5561689734458923,0.572953999042511,9695432997,-0.0183931993087525,0.0692696372730124,XRP-USD,0.0,0,0.0,0,0.0,0.0,0.8799999999999999,0.0,32338,1222107,,,57599799430.393936,0.0909129556735533,0.11167875416283315
2020-12-11,0.573062002658844,0.5836930274963379,0.5313829779624939,0.5464829802513123,10708202570,-0.0473022686387952,0.0694145494423561,XRP-USD,0.0,0,0.0,0,0.0,0.0,0.78,0.0,46157,1185400,,,55215006719.70486,0.07980894866599383,0.11349118846878654
2020-12-12,0.5463160276412964,0.5463160276412964,0.4873529970645904,0.506401002407074,10925057158,-0.0761743136452864,0.0636798802562223,XRP-USD,0.0,0,0.0,0,0.0,0.0,0.8,0.0,28397,1164024,,,50761420052.63961,0.07451047506457477,0.11490032676745643
2020-12-13,0.5066779851913452,0.526960015296936,0.4872820079326629,0.51146399974823,8534780504,0.0099483508860293,0.0638230925944752,XRP-USD,0.0,0,0.0,0,0.0,0.0,0.8200000000000001,0.0,17365,1046855,,,51067035683.93674,0.07013617636397892,0.11377188066063736
2020-12-14,0.5116080045700073,0.5171409845352173,0.4901680052280426,0.4977119863033294,7110439196,-0.0272556322261184,0.0564543820611735,XRP-USD,0.0,0,0.0,0,0.0,0.0,0.8999999999999999,0.0,15068,1012574,,,49920266890.46343,0.0645283083254479,0.11221298646720163
2020-12-15,0.4976879954338074,0.5066099762916565,0.4659940004348755,0.4697099924087524,9052977849,-0.0579061021347838,0.054908702397325,XRP-USD,0.0,0,0.0,0,0.0,0.0,0.8200000000000001,0.0,14440,1079999,,,46878426074.82207,0.06165612135031042,0.10939944326237107
2020-12-16,0.4696770012378692,0.56877201795578,0.4420279860496521,0.5686280131340027,15158282218,0.1911109980287883,0.0780940958572225,XRP-USD,0.0,0,0.0,0,0.0,0.0,0.8400000000000001,0.0,17420,1276585,,,55599878950.556046,0.0633920306332837,0.10764505282952644
2020-12-17,0.5684880018234253,0.6539090275764465,0.5464190244674683,0.5766770243644714,21429914951,0.0140558951293184,0.0782664393980014,XRP-USD,0.0,0,0.0,0,0.0,0.0,0.8400000000000001,0.0,20972,1380533,,,57690571305.60072,0.06630934246163953,0.1056053676255333
2020-12-18,0.5767390131950378,0.6103609800338745,0.5523380041122437,0.5842800140380859,14936843250,0.0130979840208231,0.0704925419094867,XRP-USD,0.0,0,0.0,0,0.0,0.0,0.8999999999999999,0.0,14361,1200841,,,58128493129.0427,0.06764323232464182,0.10253069440135448
2020-12-19,0.5842000246047974,0.6019610166549683,0.5680320262908936,0.5791630148887634,11188586674,-0.0087963604859833,0.0693745673642012,XRP-USD,0.0,0,0.0,0,0.0,0.0,0.8600000000000001,0.0,12825,1123389,,,57989014815.8157,0.07022726938524737,0.09940717958647385
2020-12-20,0.5789899826049805,0.585578978061676,0.5385100245475769,0.5560579895973206,9611613770,-0.0407113968740764,0.0678931926857041,XRP-USD,0.0,0,0.0,0,0.0,0.0,0.8400000000000001,0.0,11531,1199747,,,55775110254.92067,0.07282416744292317,0.09620343087466449
2020-12-21,0.555961012840271,0.5677670240402222,0.5028570294380188,0.5169439911842346,9852685075,-0.0729380522754707,0.0700846578082451,XRP-USD,0.0,0,0.0,0,0.0,0.0,0.8400000000000001,0.0,12985,1256496,,,51956939017.743614,0.0712222798331277,0.09303317199239508
2020-12-22,0.5167919993400574,0.5215989947319031,0.4105510115623474,0.4484480023384094,15134323976,-0.1421417964108597,0.0760285011774388,XRP-USD,0.0,0,0.0,0,0.0,0.0,0.76,0.0,22902,1452094,,,44731537596.12562,0.07077469218901519,0.09012001377393515
2020-12-23,0.4479660093784332,0.4479660093784332,0.2213629931211471,0.2586019933223724,19793483656,-0.5505025635246447,0.1599183229053356,XRP-USD,0.0,0,0.0,0,0.0,0.0,0.8600000000000001,0.0,41864,2279984,,,26558877093.60656,0.08865984838818496,0.09079353630187927
2020-12-24,0.2591130137443542,0.3676240146160126,0.2437420040369033,0.3378190100193023,16742652289,0.2672201043124364,0.1820631364474643,XRP-USD,0.0,0,0.0,0,0.0,0.0,0.72,0.0,27674,2132710,,,34947598768.77544,0.11119756220483759,0.0925432542415042
2020-12-25,0.3373309969902038,0.3806029856204986,0.285174012184143,0.3180910050868988,16321189804,-0.0601727573931307,0.18214763501409,XRP-USD,0.0,0,0.0,0,0.0,0.0,0.8799999999999999,0.0,19661,2039008,,,31277103230.85916,0.13404845067051477,0.09427101397485167
2020-12-26,0.3180739879608154,0.3223139941692352,0.2871829867362976,0.2947129905223846,9984475081,-0.0763355520883222,0.1821501949129192,XRP-USD,0.0,0,0.0,0,0.0,0.0,0.8600000000000001,0.0,16528,1572752,,,29450398161.41656,0.1564615580914496,0.09566864242444693
2020-12-27,0.29475799202919,0.3074640035629272,0.2702479958534241,0.2830390036106109,9250325478,-0.0404172591765691,0.1816127567060855,XRP-USD,0.0,0,0.0,0,0.0,0.0,0.8200000000000001,0.0,16369,1512048,,,28556987330.99017,0.1775784091971789,0.09822597396843241
2020-12-28,0.2833659946918487,0.3060159981250763,0.2394129931926727,0.2479580044746399,8389871765,-0.1323253150622063,0.1831096373184365,XRP-USD,0.0,0,0.0,0,0.0,0.0,0.8400000000000001,0.0,18573,1499919,,,24402264788.277573,0.1822166720797991,0.10087029455199073
2020-12-29,0.2476730048656463,0.248318001627922,0.1748310029506683,0.2209620028734207,12970077098,-0.1152686409939032,0.1839456022430204,XRP-USD,0.0,0,0.0,0,0.0,0.0,0.8200000000000001,0.0,40164,2241030,,,21819512040.600227,0.1825931652389103,0.10513271973288632
2020-12-30,0.2209019958972931,0.2353599965572357,0.1946700066328048,0.2118279933929443,8894036560,-0.0422161606083525,0.1700907183209551,XRP-USD,0.0,0,0.0,0,0.0,0.0,0.8200000000000001,0.0,22693,1886340,,,21144297382.11489,0.18018178190028333,0.10896890756122725
2020-12-31,0.2117870002985,0.2276130020618438,0.2064650058746338,0.2198459953069687,5363979601,0.037152686463239,0.171083396223616,XRP-USD,0.0,0,0.0,0,0.0,0.0,0.8999999999999999,0.0,19463,1492645,,,22099775690.5006,0.1779684221624227,0.11290480183258121
2021-01-01,0.2198449969291687,0.2492700070142746,0.217288002371788,0.2374439984560012,5888429287,0.0770045198046582,0.1742620431816952,XRP-USD,0.0,0,0.0,0,0.0,0.0,0.8799999999999999,0.0,18157,1478057,,,23675729069.38705,0.17649827945754465,0.11767718391933953
2021-01-02,0.2376700043678283,0.2383880019187927,0.2158160060644149,0.2216549962759018,4773658725,-0.0688096974733432,0.1735278012201523,XRP-USD,0.0,0,0.0,0,0.0,0.0,0.8799999999999999,0.0,19416,1445938,,,22084168423.463203,0.1745819122378878,0.1224096044546939
2021-01-03,0.2217440009117126,0.2377409934997558,0.2171670049428939,0.2258480042219162,5109898871,0.0187401230976185,0.1749842315412677,XRP-USD,0.0,0,0.0,0,0.0,0.0,0.8600000000000001,0.0,21818,1423465,,,22697316038.74482,0.17278963809753728,0.12746889314946871
2021-01-04,0.2260379940271377,0.2564769983291626,0.2197220027446746,0.2366770058870315,6141918380,0.0468341419396231,0.1774430859883018,XRP-USD,0.0,0,0.0,0,0.0,0.0,0.8799999999999999,0.0,22116,1593846,,,23588380834.28515,0.1742601116310066,0.13263343830373353
2021-01-05,0.2366359978914261,0.2412510067224502,0.2216019928455352,0.2267500013113021,5378491929,-0.0428482724813445,0.1757024994189374,XRP-USD,0.0,0,0.0,0,0.0,0.0,0.8600000000000001,0.0,23621,1472627,,,22597986474.285976,0.17518393227007087,0.138053807274541
2021-01-06,0.2268660068511963,0.2691580057144165,0.2234639972448349,0.2508949935436249,7552726810,0.1011864044038841,0.104390453262914,XRP-USD,0.0,0,0.0,0,0.0,0.0,0.8999999999999999,0.0,25769,1738031,,,25083869167.26596,0.1612096142863146,0.1403029777684314
2021-01-07,0.2509259879589081,0.3652960062026977,0.2478100061416626,0.3260020017623901,15955049240,0.2618690225411249,0.1033326943541591,XRP-USD,0.0,0,0.0,0,0.0,0.0,0.8200000000000001,0.0,33070,2216167,,,31939884521.652767,0.14717059291311602,0.14145018679101942
2021-01-08,0.3260889947414398,0.3459160029888153,0.2915390133857727,0.3232299983501434,9825829516,-0.0085393827061224,0.1020308279935632,XRP-USD,0.0,0,0.0,0,0.0,0.0,0.8600000000000001,0.0,24403,1811176,,,31905866853.920067,0.1325799122035751,0.14253038627263587
2021-01-09,0.3231559991836548,0.3398590087890625,0.3078950047492981,0.3269160091876983,7184429145,0.0113391462507941,0.0995703981010449,XRP-USD,0.0,0,0.0,0,0.0,0.0,0.8600000000000001,0.0,20019,1436249,,,32800786480.322285,0.11700537462612373,0.14385210700861578
2021-01-10,0.3268330097198486,0.3652209937572479,0.2921589910984039,0.318336009979248,9647740012,-0.0265958251789123,0.0991272744332739,XRP-USD,0.0,0,0.0,0,0.0,0.0,0.8799999999999999,0.0,20850,1711137,,,31539130512.84523,0.10169032962899102,0.14520450278448274
2021-01-11,0.3179410099983215,0.3179410099983215,0.2594679892063141,0.288904994726181,9787288503,-0.0970095639944766,0.0956595247239802,XRP-USD,0.0,0,0.0,0,0.0,0.0,0.8,0.0,20265,2009167,,,28745623029.228928,0.09994414392120425,0.14646660878622256
2021-01-12,0.2886770069599151,0.3099240064620971,0.2793700098991394,0.2921229898929596,6557418314,0.0110770157581852,0.0885336315618169,XRP-USD,0.0,0,0.0,0,0.0,0.0,0.6799999999999999,0.0,18307,1508550,,,29022593391.082687,0.09698433136273582,0.147305198502294
2021-01-13,0.29202800989151,0.3087979853153229,0.286888986825943,0.3055799901485443,4831812051,0.0450366660332655,0.0868770193813388,XRP-USD,0.0,0,0.0,0,0.0,0.0,0.56,0.0,19193,1375221,,,30575122241.87292,0.09395356964029095,0.14779831296610763
2021-01-14,0.3055360019207001,0.3083429932594299,0.2842110097408294,0.2954379916191101,5277189444,-0.0337526052963428,0.0882437966598519,XRP-USD,0.0,0,0.0,0,0.0,0.0,0.6599999999999999,0.0,20539,1363531,,,29533893094.828,0.09168824935205235,0.14454037995494928
2021-01-15,0.2955690026283264,0.3017570078372955,0.2647469937801361,0.2804059982299804,4955409029,-0.0522204259676675,0.088704690798409,XRP-USD,0.0,0,0.0,0,0.0,0.0,0.76,0.0,14639,1335018,,,27873171481.052208,0.08960373262507935,0.14029681424362858
2021-01-16,0.2802920043468475,0.2951909899711609,0.2770099937915802,0.2801879942417145,4116256007,-0.0007777607401543,0.0857589253524413,XRP-USD,0.0,0,0.0,0,0.0,0.0,0.6799999999999999,0.0,13728,1343449,,,28013667273.98276,0.08762361275077157,0.1359155092590082
2021-01-17,0.2800669968128204,0.2852680087089538,0.2706519961357116,0.2773840129375458,3488557208,-0.0100579114659881,0.0860520928327635,XRP-USD,0.0,0,0.0,0,0.0,0.0,0.5800000000000001,0.0,13205,1305952,,,27831711728.32345,0.08712730500496088,0.13154741370991022
2021-01-18,0.2773720026016235,0.2876240015029907,0.2726370096206665,0.2847689986228943,3239112861,0.0262754460470704,0.085635610414572,XRP-USD,0.0,0,0.0,0,0.0,0.0,0.5800000000000001,0.0,15922,1296644,,,28481205367.806538,0.08687902321160754,0.12718481615120505
2021-01-19,0.2848260104656219,0.3261879980564117,0.2839969992637634,0.2943139970302582,5583136814,0.0329688940609499,0.0842029562067595,XRP-USD,0.0,0,0.0,0,0.0,0.0,0.6000000000000001,0.0,19904,1438706,,,29611079706.572277,0.08607085512098905,0.12268905791885608
2021-01-20,0.2942189872264862,0.3086209893226623,0.2819859981536865,0.2965179979801178,4528341598,0.0074607035222852,0.0807909175956199,XRP-USD,0.0,0,0.0,0,0.0,0.0,0.56,0.0,13492,1294610,,,29472241194.3012,0.08448810048043123,0.11800020861670152
2021-01-21,0.2964659929275512,0.3062179982662201,0.2631239891052246,0.2689459919929504,4453463443,-0.0975973318623892,0.0439868746236846,XRP-USD,0.0,0,0.0,0,0.0,0.0,0.5,0.0,11228,1434122,,,26935040265.12401,0.0761336903346799,0.11226821572137104
2021-01-22,0.268775999546051,0.2778429985046386,0.2449170053005218,0.2727989852428436,4501765714,0.0142246199943084,0.0446103240843769,XRP-USD,0.0,0,0.0,0,0.0,0.0,-0.1999999999999999,0.0,10476,1498625,,,27248264756.55584,0.06784533658500258,0.106519439715042
2021-01-23,0.272610992193222,0.2826229929924011,0.2669790089130401,0.271820992231369,3018882841,-0.0035914733324509,0.0441828745465684,XRP-USD,0.0,0,0.0,0,0.0,0.0,0.48,0.0,9467,1288457,,,27124790376.153454,0.05955478941140187,0.10060675023162714
2021-01-24,0.2718400061130523,0.2774249911308288,0.2702159881591797,0.2735089957714081,2472431875,0.0061907797786262,0.0442860355481845,XRP-USD,0.0,0,0.0,0,0.0,0.0,0.3999999999999999,0.0,9538,1233761,,,27359122798.98958,0.051571405279686865,0.09473212451926495
2021-01-25,0.2734729945659637,0.2824169993400574,0.2687999904155731,0.269089013338089,2925493997,-0.016292283156719,0.0368318362582288,XRP-USD,0.0,0,0.0,0,0.0,0.0,0.48,0.0,10383,1268592,,,26850827783.82742,0.042779589012208644,0.08845247018821775
2021-01-26,0.2690489888191223,0.2711040079593658,0.2597079873085022,0.2688269913196563,2790821503,-0.0009742117240881,0.0365651573153576,XRP-USD,0.0,0,0.0,0,0.0,0.0,0.4199999999999999,0.0,9543,1223389,,,26895523225.153843,0.041295245550543244,0.08204892797581119
2021-01-27,0.2688559889793396,0.2689720094203949,0.2455320060253143,0.2519429922103882,2940937079,-0.0648651772113019,0.0365774051212586,XRP-USD,0.0,0,0.0,0,0.0,0.0,0.56,0.0,9554,1233321,,,25119942346.42337,0.03968866175791958,0.07572506005318944
2021-01-28,0.2519150078296661,0.269008994102478,0.2487860023975372,0.2641220092773437,2793379611,0.0472083122063786,0.039463995480118,XRP-USD,0.0,0,0.0,0,0.0,0.0,0.1,0.0,11511,1328700,,,26682891975.38259,0.0387448859446295,0.07277385742669872
2021-01-29,0.2705299854278564,0.3101939857006073,0.2604880034923553,0.2821879982948303,8031899348,0.0661623567000657,0.0418703801063764,XRP-USD,0.0,0,0.0,0,0.0,0.0,0.54,0.0,16383,1747412,,,28312450758.22876,0.038261754856267885,0.0699801158699813
2021-01-30,0.282151997089386,0.4893459975719452,0.2798250019550323,0.4402439892292022,24417465997,0.4447555847592224,0.1258863421241379,XRP-USD,0.0,0,0.0,0,0.0,0.0,0.52,0.0,34810,2082925,,,43236813622.06996,0.056072656029449705,0.07106445742137107
2021-01-31,0.4378319978713989,0.4997020065784454,0.3894979953765869,0.4923140108585357,24394851756,0.1117876521624409,0.126941912686796,XRP-USD,0.0,0,0.0,0,0.0,0.0,0.56,0.0,43912,1967170,,,49293009481.972336,0.07414800710373738,0.07230861717526883
2021-02-01,0.4925119876861572,0.7448210120201111,0.3606930077075958,0.3715089857578277,34974233953,-0.2815436947215446,0.1535533571256087,XRP-USD,0.0,0,0.0,0,0.0,0.0,0.54,0.0,66711,2656556,,,37849942880.38037,0.09754319750460741,0.07478253002492043
2021-02-02,0.3705199956893921,0.4042640030384063,0.3442690074443817,0.369269996881485,12756138062,-0.0060449762934872,0.1536341932294521,XRP-USD,0.0,0,0.0,0,0.0,0.0,0.52,0.0,22241,1658134,,,37288832877.69226,0.12037723705447423,0.07741774222971459
2021-02-03,0.3693639934062958,0.4080620110034942,0.3693639934062958,0.3934899866580963,8672301822,0.0635275453221104,0.1541186824923984,XRP-USD,0.0,0,0.0,0,0.0,0.0,0.56,0.0,17527,1319823,,,39753898465.847046,0.1428268975316786,0.08039888090837741
2021-02-04,0.3934110105037689,0.4723060131072998,0.3791809976100921,0.4464490115642547,13193400182,0.1262695773036329,0.1525610761964453,XRP-USD,0.0,0,0.0,0,0.0,0.0,0.6000000000000001,0.0,19483,1506655,,,45288013581.86108,0.1481618443461401,0.08338451985451861
2021-02-05,0.4453249871730804,0.4647049903869629,0.4251019954681396,0.4500469863414764,10229060640,0.0080267934347866,0.152638725553651,XRP-USD,0.0,0,0.0,0,0.0,0.0,0.6200000000000001,0.0,17437,1372858,,,44984085630.95369,0.1533012069195111,0.08631156207696401
2021-02-06,0.4501569867134094,0.4522820115089416,0.4267100095748901,0.4390960037708282,7625571666,-0.0246339148341213,0.1531587251739125,XRP-USD,0.0,0,0.0,0,0.0,0.0,0.6799999999999999,0.0,15692,1277329,,,44353600600.53409,0.15322228052917186,0.08924129091221417
2021-02-07,0.4391280114650726,0.4455190002918243,0.3987669944763183,0.417957991361618,7495069765,-0.0493371482321473,0.1546531051601752,XRP-USD,0.0,0,0.0,0,0.0,0.0,0.72,0.0,16070,1360827,,,42139560143.15585,0.1534260629153165,0.09237284453983845
2021-02-08,0.4177660048007965,0.4599159955978393,0.4127190113067627,0.4477019906044006,8180714581,0.0687468831883614,0.1543525482142262,XRP-USD,0.0,0,0.0,0,0.0,0.0,0.6599999999999999,0.0,17257,1331103,,,45047828139.02983,0.15347283605968204,0.09547741069354129
2021-02-09,0.4476589858531952,0.4851909875869751,0.4475699961185455,0.4719910025596618,9634769935,0.0528321115024119,0.1540208680236078,XRP-USD,0.0,0,0.0,0,0.0,0.0,0.8999999999999999,0.0,19490,1266808,,,47279953438.52776,0.15376479442511454,0.09858583149395202
2021-02-10,0.4719190001487732,0.5341050028800964,0.4659900069236755,0.503445029258728,13793347172,0.0645146059262289,0.1510849784155674,XRP-USD,0.0,0,0.0,0,0.0,0.0,0.8400000000000001,0.0,20386,1503817,,,50823886675.5269,0.1534540449974978,0.1016259234125342
2021-02-11,0.5030530095100403,0.5276169776916504,0.5011360049247742,0.5247870087623596,8979459920,0.0415179537220868,0.1510991206628487,XRP-USD,0.0,0,0.0,0,0.0,0.0,0.8600000000000001,0.0,19007,1238319,,,52630515108.26445,0.15304212409528506,0.10482175082468094
2021-02-12,0.5246269702911377,0.6126300096511841,0.5182650089263916,0.6085919737815857,13950086407,0.1481555666946717,0.1533855223051038,XRP-USD,0.0,0,0.0,0,0.0,0.0,0.8400000000000001,0.0,22548,1389561,,,61060166384.84692,0.15278860752427076,0.10979441662838184
2021-02-13,0.6081050038337708,0.6370350122451782,0.549917995929718,0.6289960145950317,14161115005,0.0329768712101827,0.1045991388972664,XRP-USD,0.0,0,0.0,0,0.0,0.0,0.8400000000000001,0.0,22538,1470161,,,63310460522.99255,0.14283792566087883,0.11252118093805862
2021-02-14,0.6284499764442444,0.6323860287666321,0.5671550035476685,0.5941929817199707,10460949240,-0.056920768934058,0.1036051690154646,XRP-USD,0.0,0,0.0,0,0.0,0.0,0.8999999999999999,0.0,18625,1372485,,,59629745307.55086,0.13275478585925019,0.11522219432300845
2021-02-15,0.5934529900550842,0.600051999092102,0.5215640068054199,0.5489150285720825,10563510365,-0.0792604970329624,0.0669096715933628,XRP-USD,0.0,0,0.0,0,0.0,0.0,0.8600000000000001,0.0,18150,1451339,,,55398151522.46559,0.11591972449480928,0.11625054141597112
2021-02-16,0.5485950112342834,0.5773149728775024,0.4900380074977875,0.5208460092544556,10310430732,-0.0524892242015752,0.0698098084444556,XRP-USD,0.0,0,0.0,0,0.0,0.0,0.8999999999999999,0.0,17661,1289361,,,52040994771.39547,0.09966186205113063,0.11774954015170867
2021-02-17,0.5207980275154114,0.5543609857559204,0.4971159994602203,0.5355370044708252,9332962077,0.0278155597387506,0.0689234777005689,XRP-USD,0.0,0,0.0,0,0.0,0.0,0.8999999999999999,0.0,16496,1214188,,,53857074534.74848,0.08276945313022366,0.119220372896491
2021-02-18,0.5350980162620544,0.5586410164833069,0.5238720178604126,0.5324329733848572,5621706995,-0.0058129720702381,0.0622742866717124,XRP-USD,0.0,0,0.0,0,0.0,0.0,0.8200000000000001,0.0,16372,1101637,,,53265217458.02876,0.07430448268511286,0.12038841296696617
2021-02-19,0.5325700044631958,0.5790839791297913,0.5206549763679504,0.567018985748291,6896487164,0.0629357696486883,0.063678670768467,XRP-USD,0.0,0,0.0,0,0.0,0.0,0.8600000000000001,0.0,16835,1145721,,,56687322467.35344,0.06631918303571334,0.1214890800255275
2021-02-20,0.5668830275535583,0.582423985004425,0.4824399948120117,0.5175120234489441,7892199926,-0.0913600291446518,0.0692480488608141,XRP-USD,0.0,0,0.0,0,0.0,0.0,0.8200000000000001,0.0,19355,1201504,,,51163840679.03483,0.0667868584892036,0.12273351951436556
2021-02-21,0.5168790221214294,0.5583670139312744,0.508463978767395,0.5485600233078003,6569716153,0.0582639468777791,0.0679063586231442,XRP-USD,0.0,0,0.0,0,0.0,0.0,0.8200000000000001,0.0,18570,1114042,,,54682604266.990585,0.06640616852494133,0.12009806571886586
2021-02-22,0.5483239889144897,0.6398509740829468,0.5200690031051636,0.571740984916687,18769236632,0.0413893597868468,0.0667617737530277,XRP-USD,0.0,0,0.0,0,0.0,0.0,0.8799999999999999,0.0,23763,1590066,,,56790385825.710686,0.06597382773543307,0.11736260485824003
2021-02-23,0.5709890127182007,0.5709890127182007,0.3793019950389862,0.4735629856586456,14359021786,-0.1884011400180809,0.085448035641606,XRP-USD,0.0,0,0.0,0,0.0,0.0,0.8799999999999999,0.0,19230,1773502,,,47078903822.22248,0.0706085775294118,0.114266908427149
2021-02-24,0.4742009937763214,0.4993700087070465,0.4547590017318725,0.4718320071697235,8015468859,-0.0036619200151721,0.0834217388764664,XRP-USD,0.0,0,0.0,0,0.0,0.0,0.52,0.0,15356,1287184,,,46931437711.7042,0.07455719115101168,0.11107543322928602
2021-02-25,0.471776008605957,0.4825170040130615,0.4291029870510101,0.4345239996910095,5952353924,-0.0823718268465282,0.0847106798662788,XRP-USD,0.0,0,0.0,0,0.0,0.0,0.5800000000000001,0.0,13112,1193173,,,44023045145.19288,0.07764971735210462,0.10792052401900785
2021-02-26,0.4349409937858581,0.450439989566803,0.4155589938163757,0.4278999865055084,6476253874,-0.0153616864860201,0.0708486077777228,XRP-USD,0.0,0,0.0,0,0.0,0.0,0.1,0.0,13055,1277707,,,42721455996.71578,0.07823816718302033,0.10420632090906591
2021-02-27,0.4279040098190307,0.4575960040092468,0.4279040098190307,0.4378089904785156,4756622833,0.0228932285753294,0.0702609177479334,XRP-USD,0.0,0,0.0,0,0.0,0.0,0.1200000000000001,0.0,12575,1193617,,,43539186128.13308,0.07893799598200148,0.1004618750997151
2021-02-28,0.4377639889717102,0.4394400119781494,0.3976989984512329,0.4149529933929443,4325860134,-0.0536174755789218,0.0701541295441989,XRP-USD,0.0,0,0.0,0,0.0,0.0,0.1,0.0,11999,1265216,,,41756956751.43014,0.07587921476252006,0.09668893893472813
2021-03-01,0.4151090085506439,0.4513480067253113,0.4135870039463043,0.4472439885139465,3547533777,0.0749390364185487,0.073130628688303,XRP-USD,0.0,0,0.0,0,0.0,0.0,-0.24,0.0,12716,1182739,,,44680970440.427895,0.07382099272488737,0.0929833718223703
2021-03-02,0.4464960098266601,0.4547640085220337,0.4248430132865906,0.4368369877338409,3388591213,-0.0235441815776904,0.0723833454078329,XRP-USD,0.0,0,0.0,0,0.0,0.0,0.56,0.0,12291,1172779,,,43535389207.10322,0.0713555258331982,0.08925749896753425
2021-03-03,0.4369029998779297,0.4666520059108734,0.4335260093212127,0.4502789974212646,3304301858,0.0303072851933163,0.0724932501783872,XRP-USD,0.0,0,0.0,0,0.0,0.0,0.56,0.0,13487,1153982,,,45112425429.64525,0.07168445431333108,0.08555169815638787
2021-03-04,0.4500600099563598,0.4931420087814331,0.4380030035972595,0.4866049885749817,6027421637,0.0775852972809805,0.0763964030085993,XRP-USD,0.0,0,0.0,0,0.0,0.0,0.6799999999999999,0.0,14226,1187599,,,47617913051.5185,0.07291155136546426,0.08215676291061659
2021-03-05,0.4858309924602508,0.4858309924602508,0.4499480128288269,0.4581190049648285,4288262516,-0.0603236956674174,0.0748749339373305,XRP-USD,0.0,0,0.0,0,0.0,0.0,0.54,0.0,12201,1144732,,,45599572817.32041,0.07385571224409057,0.07869202715036576
2021-03-06,0.457863986492157,0.470687985420227,0.4524950087070465,0.4651060104370117,2758849692,0.0151363725080657,0.0718964106153601,XRP-USD,0.0,0,0.0,0,0.0,0.0,0.54,0.0,10606,1090312,,,46306003474.62384,0.073608868629502,0.07498797661901378
2021-03-07,0.4650940001010895,0.4692859947681427,0.4598659873008728,0.4668669998645782,2364586464,0.0037790612042828,0.0694897562888046,XRP-USD,0.0,0,0.0,0,0.0,0.0,0.52,0.0,11015,1081416,,,46512394621.31021,0.07303015080569634,0.07339209559135641
2021-03-08,0.4668880105018616,0.4859890043735504,0.4573189914226532,0.47359699010849,3587390975,0.0143123079616407,0.0682700446259407,XRP-USD,0.0,0,0.0,0,0.0,0.0,0.6200000000000001,0.0,12550,1076792,,,47438722603.49458,0.07218550969520705,0.07178595357365078
2021-03-09,0.4737449884414673,0.4859879910945892,0.4724420011043548,0.4859879910945892,3020728025,0.0258271857089378,0.0466145849108707,XRP-USD,0.0,0,0.0,0,0.0,0.0,0.6200000000000001,0.0,13955,1117143,,,48373173956.7555,0.06622914607566133,0.07086344963353751
2021-03-10,0.4859029948711395,0.487646996974945,0.4588310122489929,0.4631659984588623,3271277631,-0.0480983960939534,0.0484937470571637,XRP-USD,0.0,0,0.0,0,0.0,0.0,0.3600000000000001,0.0,12584,1102338,,,46297048857.73272,0.06095290869962796,0.06989453775229698
2021-03-11,0.4630489945411682,0.4642820060253143,0.4430170059204101,0.4529600143432617,3186670815,-0.0222816647901215,0.0431312268968467,XRP-USD,0.0,0,0.0,0,0.0,0.0,0.4599999999999999,0.0,12319,1119496,,,45264190380.52288,0.05519987195592528,0.06872216271576415
2021-03-12,0.4529910087585449,0.4636940062046051,0.4330149888992309,0.4411309957504272,3326213717,-0.026461979172787,0.0435936495869449,XRP-USD,0.0,0,0.0,0,0.0,0.0,0.3999999999999999,0.0,12333,1123236,,,43911760489.83756,0.050020650615553344,0.06787304284827471
2021-03-13,0.4411090016365051,0.4648239910602569,0.4355219900608063,0.4599240124225616,3212270555,0.0417194115955431,0.0445615172884144,XRP-USD,0.0,0,0.0,0,0.0,0.0,0.48,0.0,12944,1163172,,,46004228492.86037,0.045278945148048075,0.06700408132645413
2021-03-14,0.4596309959888458,0.4620920121669769,0.442111998796463,0.442111998796463,2509435800,-0.0394980445301111,0.0433111273256301,XRP-USD,0.0,0,0.0,0,0.0,0.0,0.56,0.0,12273,1138309,,,44435435716.66958,0.04461825363099996,0.06582513034758214
2021-03-15,0.4420869946479797,0.4483140110969543,0.4265469908714294,0.4375549852848053,3116009271,-0.0103608623703581,0.0383610544803198,XRP-USD,0.0,0,0.0,0,0.0,0.0,0.52,0.0,12484,1149329,,,43795969367.17033,0.04259171511563118,0.06448216197745375
2021-03-16,0.4374539852142334,0.5149589776992798,0.4300779998302459,0.4625999927520752,7382009786,0.0556603555780361,0.0406428011781346,XRP-USD,0.0,0,0.0,0,0.0,0.0,0.4199999999999999,0.0,14281,1239851,,,46075415742.13812,0.042094029971888755,0.06329493595132224
2021-03-17,0.4628219902515411,0.4833120107650757,0.4570609927177429,0.4724169969558716,4341765347,0.0209993295546001,0.0402552742669148,XRP-USD,0.0,0,0.0,0,0.0,0.0,0.4199999999999999,0.0,12938,1094683,,,46973645615.76904,0.04142635490788275,0.06124071952519993
2021-03-18,0.4723829925060272,0.4908089935779571,0.4558359980583191,0.4729189872741699,3265976425,0.0010620358768864,0.0341426674214408,XRP-USD,0.0,0,0.0,0,0.0,0.0,0.4399999999999999,0.0,12434,945429,,,46991433176.102585,0.03934258493448802,0.05900076173178967
2021-03-19,0.4727970063686371,0.4783880114555359,0.4634320139884949,0.4711709916591644,2626051305,-0.0037030318114827,0.0297824317667462,XRP-USD,0.0,0,0.0,0,0.0,0.0,0.4199999999999999,0.0,11492,1000485,,,46770830723.6071,0.03663684582271124,0.056504023181810914
2021-03-20,0.471105009317398,0.5529289841651917,0.4701609909534454,0.5269910097122192,6757879312,0.111962421276705,0.0418597889832187,XRP-USD,0.0,0,0.0,0,0.0,0.0,0.5,0.0,14603,1224288,,,52622573573.97996,0.037336592723291026,0.05518634960024254
2021-03-21,0.5274159908294678,0.5463770031929016,0.4999279975891113,0.5198349952697754,5539749484,-0.013672044595292,0.0422824372423804,XRP-USD,0.0,0,0.0,0,0.0,0.0,0.4599999999999999,0.0,12961,1114496,,,51948785689.94407,0.03766451993614019,0.05391460048635377
2021-03-22,0.5198100209236145,0.6026179790496826,0.5054709911346436,0.5499420166015625,9732075816,0.056301403877228,0.0442335541655208,XRP-USD,0.0,0,0.0,0,0.0,0.0,0.3999999999999999,0.0,17603,1178040,,,55091425910.7621,0.03846017591586138,0.05273639251459568
2021-03-23,0.5501350164413452,0.5993130207061768,0.543969988822937,0.5565950274467468,7610195005,0.0120250669433901,0.0440231880029131,XRP-USD,0.0,0,0.0,0,0.0,0.0,0.32,0.0,14819,1074013,,,55338946499.708046,0.04043628003215584,0.05141332702889614
2021-03-24,0.5562649965286255,0.5646770000457764,0.4692850112915039,0.4888370037078857,5446433135,-0.1298088070928215,0.0560480447229383,XRP-USD,0.0,0,0.0,0,0.0,0.0,0.3,0.0,13331,1062848,,,48404170289.72252,0.04568940262339426,0.05067081336140093
2021-03-25,0.4882340133190155,0.5273680090904236,0.471127986907959,0.5174980163574219,6061921454,0.0569765838476716,0.0571962576616098,XRP-USD,0.0,0,0.0,0,0.0,0.0,0.1999999999999999,0.0,12485,1118643,,,51192289912.97227,0.04875669635907248,0.04997549551972922
2021-03-26,0.5173889994621277,0.5749750137329102,0.5165150165557861,0.5670549869537354,5807865028,0.0914505857735771,0.0600989512017904,XRP-USD,0.0,0,0.0,0,0.0,0.0,0.08,0.0,12248,1088081,,,56440121209.201965,0.05231999915095448,0.049234702255783365
2021-03-27,0.5671929717063904,0.5759180188179016,0.5398240089416504,0.5504429936408997,3684247475,-0.0297328807651604,0.0609518065037003,XRP-USD,0.0,0,0.0,0,0.0,0.0,0.3,0.0,10910,1038839,,,55007892878.32064,0.05566364961859038,0.048601832826982
2021-03-28,0.5503770112991333,0.5622050166130066,0.5454779863357544,0.5507559776306152,2795107715,0.0005684422276239,0.0592217539758255,XRP-USD,0.0,0,0.0,0,0.0,0.0,0.48,0.0,10611,1017870,,,54700670338.40312,0.05870336281317286,0.048025712070639506
2021-03-29,0.5506449937820435,0.5707110166549683,0.548183023929596,0.5678709745407104,3549650231,0.0306023961757662,0.0588461385217403,XRP-USD,0.0,0,0.0,0,0.0,0.0,0.4399999999999999,0.0,11255,1019670,,,56511040273.058205,0.05926298157293326,0.04754191126304568
2021-03-30,0.5677369832992554,0.585902988910675,0.5630840063095093,0.5668590068817139,3831603058,-0.0017836277243885,0.0580623013060926,XRP-USD,0.0,0,0.0,0,0.0,0.0,0.4399999999999999,0.0,12518,1034163,,,56290729668.50893,0.059436190301829825,0.04707792293032531
2021-03-31,0.5668330192565918,0.5792279839515686,0.5447459816932678,0.573868989944458,4849764990,0.0122905220600134,0.0580341625777565,XRP-USD,0.0,0,0.0,0,0.0,0.0,0.52,0.0,12854,1071540,,,56972839552.90032,0.05902323257702304,0.04759699464245649
2021-04-01,0.5739589929580688,0.5958170294761658,0.5590019822120667,0.5792919993400574,4725008531,0.0094055373437327,0.0579349897001275,XRP-USD,0.0,0,0.0,0,0.0,0.0,0.48,0.0,13247,1126674,,,56941722945.58587,0.05841986921630847,0.04802614203531848
2021-04-02,0.5793600082397461,0.6173819899559021,0.575203001499176,0.6165689826011658,5404854336,0.0623635431663199,0.0590195047708001,XRP-USD,0.0,0,0.0,0,0.0,0.0,0.48,0.0,13387,1143998,,,60363810365.37388,0.0583794193753034,0.04874833648413455
2021-04-03,0.6167790293693542,0.6533499956130981,0.5877479910850525,0.5909150242805481,6757992981,-0.0424979861388023,0.0546202602570496,XRP-USD,0.0,0,0.0,0,0.0,0.0,0.4599999999999999,0.0,15479,1124774,,,58225670590.93692,0.05753424372236525,0.049249546060048395
2021-04-04,0.5909090042114258,0.6469770073890686,0.5830129981040955,0.6467289924621582,4613898769,0.0902551147160171,0.05835675030396,XRP-USD,0.0,0,0.0,0,0.0,0.0,0.48,0.0,12708,1082330,,,62939503250.48663,0.05759313352193875,0.04987660210620956
2021-04-05,0.6467030048370361,0.9368550181388856,0.633974015712738,0.9204729795455932,26415199263,0.3529603072953509,0.1074674026104163,XRP-USD,0.0,0,0.0,0,0.0,0.0,0.4199999999999999,0.0,31958,1473080,,,89870570344.62088,0.0674797815284707,0.052792796437336205
2021-04-06,0.9169179797172546,1.1179159879684448,0.8244079947471619,1.0962660312652588,36955175105,0.174777521174131,0.113230547092841,XRP-USD,0.0,0,0.0,0,0.0,0.0,0.5,0.0,39352,1691132,,,107934487826.09988,0.0785388930070134,0.0561959551924508
2021-04-07,1.0975470542907717,1.1044880151748655,0.8694139719009399,0.917576014995575,21942171678,-0.1779297406823443,0.119607682870016,XRP-USD,0.0,0,0.0,0,0.0,0.0,0.4399999999999999,0.0,25369,1527902,,,93088901627.62318,0.09065652862685658,0.05978526799662723
2021-04-08,0.9190549850463868,1.0725680589675903,0.9056270122528076,1.0527559518814087,12888349509,0.1374312940490982,0.1221345720924065,XRP-USD,0.0,0,0.0,0,0.0,0.0,0.4599999999999999,0.0,20044,1148588,,,105072742168.12672,0.10415939099392797,0.06350705426142231
2021-04-09,1.0534169673919678,1.0831589698791504,0.986585021018982,1.0208369493484497,10235269531,-0.0307886122798692,0.123362464843476,XRP-USD,0.0,0,0.0,0,0.0,0.0,0.3999999999999999,0.0,20702,1145414,,,102601195100.75504,0.11716053390183116,0.06756249959878755
2021-04-10,1.0202820301055908,1.3899569511413574,1.0086359977722168,1.3744159936904907,25547794935,0.2974060796175963,0.1387537676528424,XRP-USD,0.0,0,0.0,0,0.0,0.0,0.3999999999999999,0.0,35174,1337710,,,136632123385.72449,0.12341780691031637,0.07251574213906464
2021-04-11,1.3720680475234983,1.4920719861984253,1.3088279962539673,1.3605300188064575,21224874412,-0.0101545654953586,0.1391679193029639,XRP-USD,0.0,0,0.0,0,0.0,0.0,0.52,0.0,36008,1353726,,,135079554665.17722,0.12860528135234098,0.07693883897178033
2021-04-12,1.3540040254592896,1.4701449871063232,1.324077010154724,1.4677350521087646,13216559312,0.0758460881511217,0.138842759095919,XRP-USD,0.0,0,0.0,0,0.0,0.0,0.48,0.0,28145,1218731,,,145255067035.4514,0.13245229659752156,0.08132794451057754
2021-04-13,1.470080018043518,1.8884390592575075,1.4230339527130127,1.7940009832382202,31123574741,0.2007278800181001,0.1415552639844564,XRP-USD,0.0,0,0.0,0,0.0,0.0,0.48,0.0,50500,1392213,,,177931034589.9203,0.13633643497593154,0.08575165859325642
2021-04-14,1.7942479848861694,1.9649970531463623,1.5790770053863523,1.83923602104187,29025829007,0.0249019677367177,0.1411149681867461,XRP-USD,0.0,0,0.0,0,0.0,0.0,0.5,0.0,44573,1424663,,,183211725641.74203,0.13988693564458554,0.0901649213288852
2021-04-15,1.8372809886932373,1.8828190565109253,1.6581029891967771,1.7660670280456543,15403982671,-0.0405952232562842,0.1437345363617489,XRP-USD,0.0,0,0.0,0,0.0,0.0,0.5800000000000001,0.0,32433,1248435,,,176008493607.23883,0.14088308938636687,0.09415067094883113
2021-04-16,1.7593029737472534,1.808948040008545,1.4495480060577393,1.55752694606781,20594074869,-0.1256557838113252,0.1538958008066677,XRP-USD,0.0,0,0.0,0,0.0,0.0,0.56,0.0,37075,1408274,,,157656214845.55936,0.14382866568710764,0.09854610472815196
2021-04-17,1.5530270338058472,1.7405279874801636,1.5415029525756836,1.5600550174713137,14507135285,0.0016218158734553,0.1519381722556622,XRP-USD,0.0,0,0.0,0,0.0,0.0,0.52,0.0,27078,1309209,,,155363305703.34036,0.14644774831905627,0.10272061477605522
2021-04-18,1.5591039657592771,1.5785670280456543,1.1746649742126465,1.4059979915618896,22933939682,-0.1039737233385292,0.1586031584763386,XRP-USD,0.0,0,0.0,0,0.0,0.0,0.5800000000000001,0.0,31989,1495300,,,141864805174.9242,0.1498573272174327,0.10715931259299331
2021-04-19,1.4094569683074951,1.5303809642791748,1.2583069801330566,1.3150440454483032,17637508685,-0.0668772052045572,0.1361255997756453,XRP-USD,0.0,0,0.0,0,0.0,0.0,0.48,0.0,30326,1335734,,,131886754639.28111,0.14885945353521254,0.11065494194753059
2021-04-20,1.3099509477615356,1.4456360340118408,1.1862280368804932,1.3832989931106567,15562116615,0.0506010613027256,0.1295354259859571,XRP-USD,0.0,0,0.0,0,0.0,0.0,0.4599999999999999,0.0,33825,1361763,,,138330859367.0103,0.1460196314600542,0.11386809137772226
2021-04-21,1.3861570358276367,1.458539962768555,1.2828229665756226,1.2964979410171509,12545052977,-0.0648044831223306,0.1196149957317424,XRP-USD,0.0,0,0.0,0,0.0,0.0,0.4599999999999999,0.0,29352,1263263,,,130260893670.19775,0.1391634704450691,0.11666594112434271
2021-04-22,1.2918070554733276,1.4131920337677002,1.1190860271453855,1.159682035446167,14899537552,-0.1115208777166963,0.1200696981707163,XRP-USD,0.0,0,0.0,0,0.0,0.0,0.3,0.0,26072,1318747,,,117179197937.6312,0.13278977562807995,0.11948573819674996
2021-04-23,1.1571389436721802,1.1940040588378906,0.901078999042511,1.169659972190857,20235915090,0.0085672243418068,0.1195789019949887,XRP-USD,0.0,0,0.0,0,0.0,0.0,0.1,0.0,29494,1441023,,,115492093856.7078,0.12498492433180997,0.12228773421015277
2021-04-24,1.1701899766921997,1.1702840328216553,1.0244170427322388,1.0487060546875,8586287312,-0.1091560091530261,0.0900643686395,XRP-USD,0.0,0,0.0,0,0.0,0.0,-0.26,0.0,21184,1160347,,,106078402007.58672,0.11577267810458092,0.12369886438600274
2021-04-25,1.049489974975586,1.1530250310897827,0.9529150128364564,1.032256007194519,8573604939,-0.0158103700764829,0.0900327763070474,XRP-USD,0.0,0,0.0,0,0.0,0.0,-0.38,0.0,21219,1120385,,,103420283441.69376,0.10787214816879895,0.1253085242064572
2021-04-26,1.0351829528808594,1.36907696723938,1.016921043395996,1.3685059547424316,15417459290,0.2819728954983556,0.1190439361483079,XRP-USD,0.0,0,0.0,0,0.0,0.0,-0.4599999999999999,0.0,24709,1213276,,,134546459982.55928,0.10775793625211208,0.12806703265392755
2021-04-27,1.3667429685592651,1.4597359895706177,1.33118999004364,1.4009549617767334,13584693517,0.0234345188603053,0.1039483207512708,XRP-USD,0.0,0,0.0,0,0.0,0.0,0.0,0.0,23932,1151979,,,140358034000.17877,0.10453366076822297,0.12790707438760276
2021-04-28,1.401563048362732,1.4469749927520752,1.288701057434082,1.3586009740829468,9272726011,-0.0306986448906138,0.1032567868713314,XRP-USD,0.0,0,0.0,0,0.0,0.0,0.1799999999999999,0.0,20679,1107210,,,136099650416.4282,0.1012692377434915,0.1274537216502614
2021-04-29,1.3579649925231934,1.4183310270309448,1.3309470415115356,1.399359941482544,7633164142,0.029559472674787,0.103965754682036,XRP-USD,0.0,0,0.0,0,0.0,0.0,0.04,0.0,19564,1051496,,,139474739005.2169,0.1040495149519987,0.12674272491444413
2021-04-30,1.3984999656677246,1.6355210542678833,1.3764679431915283,1.5916739702224731,14160854005,0.1287713264503867,0.10566406840441,XRP-USD,0.0,0,0.0,0,0.0,0.0,0.02,0.0,26488,1086283,,,158968041048.57153,0.10717577337147122,0.12599406565589885
2021-05-01,1.5984090566635132,1.6650110483169556,1.52994704246521,1.6510250568389893,8206771323,0.0366100677123041,0.1060788772076049,XRP-USD,0.0,0,0.0,0,0.0,0.0,0.3600000000000001,0.0,21280,1044542,,,165323176837.01505,0.10458276158333062,0.12520844803608652
2021-05-02,1.651960015296936,1.656330943107605,1.533619999885559,1.5626410245895386,6933641361,-0.0550189872948891,0.1030065258161331,XRP-USD,0.0,0,0.0,0,0.0,0.0,0.32,0.0,19464,1003859,,,155855218068.37183,0.10439440259630309,0.1235835734071452
2021-05-03,1.5624929666519165,1.6215989589691162,1.528555989265442,1.555994987487793,7612512785,-0.0042621499507825,0.1008636455300343,XRP-USD,0.0,0,0.0,0,0.0,0.0,0.2199999999999999,0.0,23543,1030504,,,155926630157.18045,0.10391577432804366,0.12184247005383021
2021-05-04,1.5559539794921875,1.5572309494018557,1.3386640548706057,1.392375946044922,12855752789,-0.1111036027122197,0.1052679905640105,XRP-USD,0.0,0,0.0,0,0.0,0.0,0.3600000000000001,0.0,25741,1209616,,,140242331271.5252,0.10417622150443857,0.12031634421147074
2021-05-05,1.388069987297058,1.6225359439849854,1.3712739944458008,1.6145119667053225,13318453320,0.1480211215782066,0.1103609425624075,XRP-USD,0.0,0,0.0,0,0.0,0.0,-0.04,0.0,27339,1197017,,,160774805043.66058,0.10511559633603806,0.11889842051046852
2021-05-06,1.6155070066452026,1.7588200569152832,1.5473239421844482,1.6005810499191284,16099528279,-0.008666003688186,0.1045110465988174,XRP-USD,0.0,0,0.0,0,0.0,0.0,0.3,0.0,29299,1199487,,,160946660281.62308,0.10480203021428056,0.11723460589283538
2021-05-07,1.6039799451828003,1.6912579536437988,1.5112910270690918,1.5817550420761108,10400571927,-0.011831702823383,0.1048695632052934,XRP-USD,0.0,0,0.0,0,0.0,0.0,0.28,0.0,25587,1154976,,,157806681742.53418,0.10517463769211262,0.1154680162039056
2021-05-08,1.580940008163452,1.6271849870681765,1.5430999994277954,1.5625979900360107,6349608020,-0.0121852024115061,0.0985860716113471,XRP-USD,0.0,0,0.0,0,0.0,0.0,0.3400000000000001,0.0,24216,1064119,,,156850580854.42545,0.10471912290837518,0.11295393760411829
2021-05-09,1.563478946685791,1.5934150218963623,1.4441269636154177,1.5352929830551147,8243079607,-0.0176285830191378,0.0986500898706473,XRP-USD,0.0,0,0.0,0,0.0,0.0,0.4599999999999999,0.0,24296,1099656,,,153436725711.86145,0.10339554276970253,0.11053175204116306
2021-05-10,1.5344070196151731,1.6257410049438477,1.2500029802322388,1.3890060186386108,11181774844,-0.1001328344299385,0.0724687430009035,XRP-USD,0.0,0,0.0,0,0.0,0.0,0.4399999999999999,0.0,31481,1202109,,,139873300583.80893,0.09581710285740175,0.10661655133773419
2021-05-11,1.3918349742889404,1.4868600368499756,1.3636759519577026,1.4776819944381714,7973181908,0.0618862431611628,0.0740923478820339,XRP-USD,0.0,0,0.0,0,0.0,0.0,0.2199999999999999,0.0,26957,1167342,,,146917462110.07727,0.08973336311404503,0.10379685806984275
2021-05-12,1.4791359901428225,1.542453050613403,1.247864007949829,1.247864007949829,9272699846,-0.1690413439762614,0.0871272692371024,XRP-USD,0.0,0,0.0,0,0.0,0.0,0.3600000000000001,0.0,25596,1208664,,,131185875862.45377,0.08618490432040685,0.10186921458125847
2021-05-13,1.2712730169296265,1.3889240026474,1.2094570398330688,1.3589099645614624,12358993946,0.0852495857109364,0.090099820196036,XRP-USD,0.0,0,0.0,0,0.0,0.0,-0.38,0.0,29345,1298134,,,134308246357.46004,0.08448765403734462,0.10052761569327179
2021-05-14,1.363347053527832,1.4422290325164795,1.3245450258255005,1.4029170274734497,7570332417,0.0318707782765257,0.082690649120135,XRP-USD,0.0,0,0.0,0,0.0,0.0,-0.48,0.0,24920,1140408,,,140501195475.30084,0.08129576588724216,0.0988285680091545
2021-05-15,1.401705980300903,1.5824780464172363,1.3248120546340942,1.4858800172805786,13321419261,0.0574535409551253,0.0837561112231551,XRP-USD,0.0,0,0.0,0,0.0,0.0,-0.4599999999999999,0.0,22293,1188868,,,148935446829.92053,0.08355323953169248,0.09720025933770748
2021-05-16,1.487457036972046,1.6079820394515991,1.3515160083770752,1.452605962753296,12405363634,-0.0226480418987839,0.0827853946184034,XRP-USD,0.0,0,0.0,0,0.0,0.0,-0.6,0.0,23091,1196270,,,144690031353.6914,0.08529184887896638,0.09686939688220311
2021-05-17,1.4492039680480957,1.5593249797821045,1.3282790184020996,1.4962999820709229,13573485606,0.0296362231602841,0.0833094976932028,XRP-USD,0.0,0,0.0,0,0.0,0.0,-0.4599999999999999,0.0,24692,1236905,,,149152036577.72177,0.08452829457018646,0.09656379330884653
2021-05-18,1.494104027748108,1.7022089958190918,1.476958990097046,1.5907340049743652,14847139298,0.0612001658336348,0.0786765066600914,XRP-USD,0.0,0,0.0,0,0.0,0.0,-0.5800000000000001,0.0,23798,1082359,,,158222482062.3996,0.08224363186299755,0.09472891015029124
2021-05-19,1.593269944190979,1.64437997341156,0.8753179907798767,1.0703129768371582,20523476458,-0.396244440638099,0.1255038242146913,XRP-USD,0.0,0,0.0,0,0.0,0.0,-0.54,0.0,28672,1195431,,,111130802896.70451,0.0908062668819088,0.0957087057622649
2021-05-20,1.061532974243164,1.2684489488601685,0.9118139743804932,1.1855369806289673,13626658452,0.1022447127360518,0.1303189255677657,XRP-USD,0.0,0,0.0,0,0.0,0.0,-0.78,0.0,26048,1080972,,,117965853128.28752,0.1001188297508309,0.09693880297573919
2021-05-21,1.1811829805374146,1.2159260511398315,0.8695480227470398,1.0069760084152222,10998911191,-0.1632440315150399,0.1356345682614813,XRP-USD,0.0,0,0.0,0,0.0,0.0,-0.62,0.0,23253,1001378,,,99759266425.14812,0.1106886644794465,0.0983782945020776
2021-05-22,1.0095770359039309,1.0153390169143677,0.826445996761322,0.9063169956207277,8750076614,-0.1053179379849872,0.1368528797578766,XRP-USD,0.0,0,0.0,0,0.0,0.0,-0.76,0.0,20924,968624,,,91488344341.12512,0.12139734089238126,0.09979596774541699
2021-05-23,0.9065110087394714,0.9673460125923156,0.6522539854049683,0.7970150113105774,10816054413,-0.1285156162572125,0.1387226359934654,XRP-USD,0.0,0,0.0,0,0.0,0.0,-0.72,0.0,25097,1070922,,,79517155487.65045,0.13340656675905607,0.1012797749629561
2021-05-24,0.7931619882583618,0.9985949993133544,0.7585899829864502,0.9928349852561952,8239461926,0.2196909588649006,0.1546849966147581,XRP-USD,0.0,0,0.0,0,0.0,0.0,-0.8,0.0,22135,1054793,,,96720235467.73244,0.13924280123906943,0.1036287963628936
2021-05-25,0.9940299987792968,1.0578399896621704,0.8838269710540771,0.976186990737915,8637179369,-0.0169103153132442,0.152741520201621,XRP-USD,0.0,0,0.0,0,0.0,0.0,-0.56,0.0,18521,1018585,,,97079790057.50124,0.1437273201658405,0.10598688157523846
2021-05-26,0.9758309721946716,1.06694495677948,0.950103998184204,1.033725023269653,6376977398,0.0572699278259959,0.1487743443602062,XRP-USD,0.0,0,0.0,0,0.0,0.0,-0.56,0.0,17265,917291,,,102946404788.25082,0.14635527538558546,0.10796444311142918
2021-05-27,1.0335739850997925,1.042896032333374,0.9356160163879396,0.970234990119934,5204084865,-0.0633857847457643,0.146475035044368,XRP-USD,0.0,0,0.0,0,0.0,0.0,-0.4599999999999999,0.0,15393,863800,,,97149630232.30728,0.14827970644288374,0.1096059927697001
2021-05-28,0.9739519953727722,0.983460009098053,0.8475710153579712,0.9001479744911194,6082828979,-0.0749791341026261,0.146119620645466,XRP-USD,0.0,0,0.0,0,0.0,0.0,-0.5800000000000001,0.0,15326,920142,,,89182793148.96819,0.14975910337328385,0.11149729159000232
2021-05-29,0.899495005607605,0.939791977405548,0.7950699925422668,0.8317880034446716,5156278121,-0.0789815611095179,0.1442542699842017,XRP-USD,0.0,0,0.0,0,0.0,0.0,-0.64,0.0,12862,898631,,,83256618051.28723,0.14767295804717256,0.11328750553449816
2021-05-30,0.8319939970970154,0.9301270246505736,0.7998250126838684,0.9066089987754822,4077064725,0.0861336595061562,0.1482196570969119,XRP-USD,0.0,0,0.0,0,0.0,0.0,-0.8,0.0,12369,842271,,,90433942583.33691,0.14676858542623075,0.11554357760202381
2021-05-31,0.9063839912414552,1.0490219593048096,0.8825560212135315,1.0465840101242063,6277821474,0.1435755515895405,0.1549390090224574,XRP-USD,0.0,0,0.0,0,0.0,0.0,-0.64,0.0,15141,877952,,,103806241129.5442,0.148001518358681,0.11810216483619701
2021-06-01,1.0421019792556765,1.099639058113098,0.9793369770050048,1.0110009908676147,5606414479,-0.0345906167902349,0.1529160675412526,XRP-USD,0.0,0,0.0,0,0.0,0.0,-0.6,0.0,15019,858436,,,100987627498.78612,0.14928972485805792,0.12175886140621288
2021-06-02,1.011214017868042,1.049746036529541,0.9813650250434875,1.024399995803833,3598008182,0.0131661511224983,0.1115222848930553,XRP-USD,0.0,0,0.0,0,0.0,0.0,-0.54,0.0,14912,761979,,,102445330830.54584,0.14237025770757578,0.12346022217944111
2021-06-03,1.0251460075378418,1.0782749652862549,1.0085489749908447,1.045320987701416,3661357809,0.0202169322686817,0.1076476505382961,XRP-USD,0.0,0,0.0,0,0.0,0.0,-0.52,0.0,14614,741613,,,104684009390.45592,0.13504893381839467,0.12439296678404083
2021-06-04,1.045106053352356,1.0452710390090942,0.9201670289039612,0.970196008682251,4638523697,-0.0745811606075152,0.100226955137086,XRP-USD,0.0,0,0.0,0,0.0,0.0,-0.4599999999999999,0.0,14039,795002,,,96949205908.00323,0.1254503934264295,0.1248532910995431
2021-06-05,0.9699789881706238,0.9979469776153564,0.8975290060043335,0.9232860207557678,3257149049,-0.0495590537486459,0.096885856469143,XRP-USD,0.0,0,0.0,0,0.0,0.0,-0.52,0.0,11897,805446,,,91926207931.55766,0.11383976291576658,0.12549852779722528
2021-06-06,0.923480987548828,0.9495319724082948,0.9187600016593932,0.945285975933075,2308242807,0.0235484336068643,0.0894482743917752,XRP-USD,0.0,0,0.0,0,0.0,0.0,-0.6599999999999999,0.0,11676,723727,,,93854461118.2195,0.10114620428587111,0.12575726248670802
2021-06-07,0.9467179775238036,0.9743459820747375,0.8489819765090942,0.8611549735069275,3466113432,-0.0932130210588192,0.0707490247610205,XRP-USD,0.0,0,0.0,0,0.0,0.0,-0.7,0.0,13913,798676,,,86167197117.95908,0.09299155225946416,0.12521015476591787
2021-06-08,0.8627809882164001,0.8854979872703552,0.7886430025100708,0.8757879734039307,4491339501,0.0168495414571597,0.0710759610430307,XRP-USD,0.0,0,0.0,0,0.0,0.0,-0.74,0.0,17648,831305,,,87563765087.96425,0.08567721436041108,0.12465408491818279
2021-06-09,0.8740580081939697,0.9200339913368224,0.8323310017585754,0.9200339913368224,3990884688,0.0492865943189241,0.0705442002219887,XRP-USD,0.0,0,0.0,0,0.0,0.0,-0.72,0.0,16732,799842,,,90644944589.82304,0.07974066337739162,0.12428443462554176
2021-06-10,0.9213240146636964,0.927827000617981,0.8537970185279846,0.8691819906234741,3157272780,-0.0568580877833658,0.0701728565209672,XRP-USD,0.0,0,0.0,0,0.0,0.0,-0.5800000000000001,0.0,16007,770317,,,87377564027.71335,0.07439806338775647,0.12176939063946338
2021-06-11,0.8692470192909241,0.879190981388092,0.8359429836273193,0.8484500050544739,2502880892,-0.0241413673062962,0.0677041599741512,XRP-USD,0.0,0,0.0,0,0.0,0.0,-0.5800000000000001,0.0,14250,770571,,,84526215225.63495,0.07004924050423166,0.11892326493066273
2021-06-12,0.8478789925575256,0.8478789925575256,0.8076980113983154,0.8326830267906189,2731548390,-0.0187581116847054,0.0644226916817433,XRP-USD,0.0,0,0.0,0,0.0,0.0,-0.4399999999999999,0.0,11701,761132,,,83520374212.43578,0.06878397388837623,0.11568636144976555
2021-06-13,0.8332520127296448,0.8880770206451416,0.8192729949951172,0.8831599950790405,3059837086,0.0588533293787183,0.0619859919800547,XRP-USD,0.0,0,0.0,0,0.0,0.0,-0.54,0.0,10390,746195,,,88223327569.94162,0.06696598007578103,0.11228332109622818
2021-06-14,0.8830479979515076,0.926110029220581,0.8638150095939636,0.8928970098495483,3005221040,0.0109648646396492,0.0461628901760849,XRP-USD,0.0,0,0.0,0,0.0,0.0,-0.4399999999999999,0.0,12262,733088,,,89045512880.41472,0.06208971806660026,0.1080760599227109
2021-06-15,0.8870689868927002,0.9022529721260072,0.860289990901947,0.8898000121116638,3585820721,-0.0034745117261892,0.045704338570801,XRP-USD,0.0,0,0.0,0,0.0,0.0,-0.24,0.0,11976,737950,,,86947968999.13866,0.057196014476567025,0.10312239364798557
2021-06-16,0.8668540120124817,0.8733749985694885,0.8275539875030518,0.8319079875946045,2916163481,-0.0672748891115383,0.0476997202147138,XRP-USD,0.0,0,0.0,0,0.0,0.0,-0.3399999999999999,0.0,11141,715628,,,83070317253.26978,0.053195126524679545,0.09834776637585342
2021-06-17,0.831732988357544,0.86142897605896,0.8258749842643738,0.8414379954338074,2684672890,0.0113904846617494,0.0472566058224022,XRP-USD,0.0,0,0.0,0,0.0,0.0,-0.48,0.0,11561,723499,,,83988729991.54652,0.04976190935281132,0.09373332371504417
2021-06-18,0.8423240184783936,0.8449199795722961,0.7749850153923035,0.797648012638092,2509639518,-0.053444914311148,0.0455299153223123,XRP-USD,0.0,0,0.0,0,0.0,0.0,-0.5,0.0,11016,745177,,,79532403824.73,0.04647069402126284,0.08914490918222344
2021-06-19,0.7983059883117676,0.8068689703941345,0.7587100267410278,0.7616729736328125,2208439278,-0.0461501181160451,0.0453337391322496,XRP-USD,0.0,0,0.0,0,0.0,0.0,-0.54,0.0,9415,802655,,,76134381387.34238,0.04630486381249578,0.08456373274980451
2021-06-20,0.7603769898414612,0.7842950224876404,0.6993719935417175,0.7763770222663879,3068578656,0.0191209605240912,0.0450682379567972,XRP-USD,0.0,0,0.0,0,0.0,0.0,-0.5800000000000001,0.0,10968,855541,,,77513624909.62672,0.04617764368969503,0.08005527674855885
2021-06-21,0.7747949957847595,0.7797899842262268,0.6051750183105469,0.6103879809379578,4048720475,-0.2405434663229473,0.073319016823081,XRP-USD,0.0,0,0.0,0,0.0,0.0,-0.54,0.0,13836,893613,,,61446417807.26344,0.05130150301136847,0.07665070219065745
2021-06-22,0.6072319746017456,0.6489189863204956,0.5127099752426147,0.5450670123100281,4784173339,-0.1131860438362653,0.0758589421668183,XRP-USD,0.0,0,0.0,0,0.0,0.0,-0.8,0.0,18143,1058257,,,54853694849.128815,0.05702197028025169,0.07305615369721931
2021-06-23,0.5469440221786499,0.660548985004425,0.5236629843711853,0.6265349984169006,4239151745,0.1392958906992073,0.0865148709111689,XRP-USD,0.0,0,0.0,0,0.0,0.0,-0.72,0.0,13074,946467,,,63615142126.09255,0.065218961398023,0.07003791748676097
2021-06-24,0.6385899782180786,0.6910099983215332,0.6173819899559021,0.671999990940094,2781916002,0.0700536908704314,0.0897829243924625,XRP-USD,0.0,0,0.0,0,0.0,0.0,-0.56,0.0,11410,822889,,,67155187466.79556,0.07410879845006559,0.06904976473673402
2021-06-25,0.6729109883308411,0.6884689927101135,0.6033830046653748,0.6133229732513428,3120943105,-0.0913666566869149,0.0918878745230883,XRP-USD,0.0,0,0.0,0,0.0,0.0,-0.4599999999999999,0.0,10220,889990,,,61547243535.253006,0.08347272576332379,0.0683334112814973
2021-06-26,0.6115859746932983,0.6316760182380676,0.582414984703064,0.615435004234314,2458620798,0.0034376713748265,0.0921611112427151,XRP-USD,0.0,0,0.0,0,0.0,0.0,-0.6,0.0,9885,855789,,,60985738854.41428,0.0872411446472506,0.06796678201357134
2021-06-27,0.6169940233230591,0.6517720222473145,0.5976420044898987,0.6469230055809021,2329301222,0.0498979434971688,0.0915890917067477,XRP-USD,0.0,0,0.0,0,0.0,0.0,-0.56,0.0,12663,817671,,,64666269206.82056,0.0903871745552365,0.06772601997891702
2021-06-28,0.6482849717140198,0.6544449925422668,0.624550998210907,0.643746018409729,2323398761,-0.0049230182620039,0.0912438703797711,XRP-USD,0.0,0,0.0,0,0.0,0.0,-0.5,0.0,13854,791860,,,64280878771.33501,0.09133297444895694,0.06780763797837137
2021-06-29,0.6439409852027893,0.7277259826660156,0.642350971698761,0.7017250061035156,3325816845,0.0862373311183919,0.0957856853196661,XRP-USD,0.0,0,0.0,0,0.0,0.0,-0.5,0.0,14443,852406,,,70408971312.36664,0.09253352663439765,0.06894566800376435
2021-06-30,0.7056810259819031,0.7136729955673218,0.6494560241699219,0.7063739895820618,3097076849,0.0066032294392759,0.0948308654879907,XRP-USD,0.0,0,0.0,0,0.0,0.0,-0.4399999999999999,0.0,11729,849882,,,69850688489.0296,0.09312212482737814,0.07002543638762616
2021-07-01,0.7047849893569946,0.7047849893569946,0.6467959880828857,0.6611800193786621,2553971177,-0.0661186807571729,0.0956392185753786,XRP-USD,0.0,0,0.0,0,0.0,0.0,-0.4399999999999999,0.0,11287,828616,,,66106640811.27968,0.09381774629391085,0.07116611904005297
2021-07-02,0.6598899960517883,0.6672869920730591,0.6347259879112244,0.6567630171775818,2061607208,-0.0067028977977296,0.0950916681970003,XRP-USD,0.0,0,0.0,0,0.0,0.0,-0.5800000000000001,0.0,10947,789019,,,65292797479.56516,0.09451826159196136,0.07229879229805448
2021-07-03,0.6556389927864075,0.6836770176887512,0.6446530222892761,0.6728879809379578,1872819597,0.0242556194805413,0.0951155849660809,XRP-USD,0.0,0,0.0,0,0.0,0.0,-0.52,0.0,10342,780627,,,67042804918.31041,0.09529260450922332,0.07354476616132401
2021-07-04,0.6732180118560791,0.7077829837799072,0.665802001953125,0.6949449777603149,1885241527,0.0322538052930621,0.0954767669741455,XRP-USD,0.0,0,0.0,0,0.0,0.0,-0.4599999999999999,0.0,11178,791383,,,69628446016.79439,0.0952308208401192,0.0749563150382514
2021-07-05,0.6956530213356018,0.6956530213356018,0.6484919786453247,0.6542999744415283,2076373188,-0.0602667509272127,0.0706065759574335,XRP-USD,0.0,0,0.0,0,0.0,0.0,-0.42,0.0,11408,804749,,,65874591475.42732,0.09038596293400776,0.07534815976449588
2021-07-06,0.6530550122261047,0.6799229979515076,0.652675986289978,0.6654019951820374,1938959239,0.0168254392366513,0.0618827166099566,XRP-USD,0.0,0,0.0,0,0.0,0.0,-0.6,0.0,12119,761226,,,66315025747.27903,0.08363466254092336,0.07606269732967187
2021-07-07,0.6652560234069824,0.6733070015907288,0.6510170102119446,0.6515750288963318,2077976604,-0.0209988088061197,0.0508038536159422,XRP-USD,0.0,0,0.0,0,0.0,0.0,-0.4399999999999999,0.0,12575,881556,,,65317908744.912415,0.07477709962471174,0.07629449346808738
2021-07-08,0.6526910066604614,0.6543089747428894,0.612982988357544,0.623058021068573,2348704558,-0.0447529070616909,0.0483178289300915,XRP-USD,0.0,0,0.0,0,0.0,0.0,-0.6,0.0,12421,1012714,,,62231181105.8863,0.06541754841751386,0.07632258931878638
2021-07-09,0.6216880083084106,0.6445469856262207,0.5936599969863892,0.6368039846420288,2380083031,0.0218222456179951,0.0418660197842632,XRP-USD,0.0,0,0.0,0,0.0,0.0,-0.6,0.0,12601,888221,,,63908822512.88819,0.0546953989795374,0.07607756268068915
2021-07-10,0.6372209787368774,0.648173987865448,0.614700973033905,0.6254630088806152,1788373889,-0.017969702122229,0.0422257510823248,XRP-USD,0.0,0,0.0,0,0.0,0.0,-0.6,0.0,11062,790658,,,62565015162.554245,0.04901923400451566,0.07592737339705334
2021-07-11,0.6247199773788452,0.6431490182876587,0.6176480054855347,0.6359350085258484,1495491616,0.0166041805881627,0.0401562089945369,XRP-USD,0.0,0,0.0,0,0.0,0.0,-0.6,0.0,10532,766018,,,63596112969.96132,0.044673932481431713,0.07569203111806641
2021-07-12,0.6363419890403748,0.6572099924087524,0.6184509992599487,0.6301779747009277,1908473825,-0.0090940912507651,0.0402012155357832,XRP-USD,0.0,0,0.0,0,0.0,0.0,-0.5,0.0,11298,806991,,,62992837346.38503,0.04255340486539992,0.07547080282620212
2021-07-13,0.6294460296630859,0.6402410268783569,0.6107050180435181,0.6195229887962341,1860938764,-0.0170524700047761,0.0313630338255451,XRP-USD,0.0,0,0.0,0,0.0,0.0,-0.6,0.0,11354,786635,,,61958896820.31386,0.03916244584449065,0.0735637126899505
2021-07-14,0.6194689869880676,0.6247239708900452,0.5874320268630981,0.6203240156173706,1945120121,0.0012921383521289,0.0311927500646589,XRP-USD,0.0,0,0.0,0,0.0,0.0,-0.5800000000000001,0.0,11603,855361,,,61837925285.35223,0.037027791900569776,0.07153343123076145
2021-07-15,0.6200050115585327,0.6265000104904175,0.5890719890594482,0.5969409942626953,2027622754,-0.0384236759357521,0.0280284242475744,XRP-USD,0.0,0,0.0,0,0.0,0.0,-0.6,0.0,11404,834461,,,59762409759.11393,0.0341883265336197,0.06887495638241624
2021-07-16,0.5975490212440491,0.6167960166931152,0.5888209939002991,0.5907739996910095,1902793058,-0.0103847303857481,0.0280396559368725,XRP-USD,0.0,0,0.0,0,0.0,0.0,-0.56,0.0,11470,834418,,,59048433257.31256,0.031765015922086824,0.06606844417988941
2021-07-17,0.589493989944458,0.5977190136909485,0.5732390284538269,0.582427978515625,1796242080,-0.0142280052789479,0.0265258370194715,XRP-USD,0.0,0,0.0,0,0.0,0.0,-0.7,0.0,10198,808119,,,58285159489.642334,0.02902994021882448,0.06309744247517955
2021-07-18,0.5825930237770081,0.6012030243873596,0.5734220147132874,0.5879219770431519,1567538722,0.00938871122848,0.0243151890744505,XRP-USD,0.0,0,0.0,0,0.0,0.0,-0.62,0.0,9335,800591,,,58575056143.833046,0.02762037126860556,0.06001353692207662
2021-07-19,0.5872250199317932,0.5893530249595642,0.5551779866218567,0.5575559735298157,1706406670,-0.0530313477459899,0.0232632677836121,XRP-USD,0.0,0,0.0,0,0.0,0.0,-0.52,0.0,11403,843265,,,56020388385.70914,0.026034474812396197,0.05690781765284318
2021-07-20,0.5576220154762268,0.5683730244636536,0.5179100036621094,0.5293359756469727,2026435206,-0.0519395543418685,0.0240838234853687,XRP-USD,0.0,0,0.0,0,0.0,0.0,-0.62,0.0,14584,823841,,,52873473914.44935,0.02524555465995506,0.05385508824855217
2021-07-21,0.5290539860725403,0.5832970142364502,0.5203379988670349,0.569998025894165,2610318312,0.0740095525761191,0.0340102776600268,XRP-USD,0.0,0,0.0,0,0.0,0.0,-0.8,0.0,12289,740735,,,56920560038.67281,0.02643967900458592,0.05104711517311402
2021-07-22,0.5715590119361877,0.6025369763374329,0.561722993850708,0.5922060012817383,2520533539,0.0382216520137417,0.034628701087584,XRP-USD,0.0,0,0.0,0,0.0,0.0,-0.5800000000000001,0.0,11257,809387,,,59191927925.66288,0.02806025181820842,0.048310653154913716
2021-07-23,0.5925459861755371,0.6095150113105774,0.5766900181770325,0.6092240214347839,2206128472,0.0283315018650724,0.0350379707075325,XRP-USD,0.0,0,0.0,0,0.0,0.0,-0.54,0.0,11459,794671,,,60646620096.625465,0.030204808144824825,0.04555605097910253
2021-07-24,0.6089969873428345,0.6206960082054138,0.600970983505249,0.6098269820213318,1967190260,0.0009892295466039,0.0347871369056052,XRP-USD,0.0,0,0.0,0,0.0,0.0,-0.56,0.0,9639,823535,,,60832197135.59138,0.03250958196922345,0.042814935920402745
2021-07-25,0.6091949939727783,0.6117680072784424,0.591376006603241,0.6063569784164429,1707767305,-0.0057063949762376,0.0343875006967241,XRP-USD,0.0,0,0.0,0,0.0,0.0,-0.4599999999999999,0.0,9373,789948,,,60585401328.33686,0.034570317411494515,0.040054568453613805
2021-07-26,0.6068909764289856,0.6778680086135864,0.6052989959716797,0.6256179809570312,3879282541,0.0312710448288391,0.0355462191932975,XRP-USD,0.0,0,0.0,0,0.0,0.0,-0.48,0.0,13226,865034,,,62570187290.33302,0.03487750571814866,0.03733045264539344
2021-07-27,0.6241739988327026,0.6520829796791077,0.6128929853439331,0.6446040272712708,2800102572,0.0298962863107462,0.0360770604379255,XRP-USD,0.0,0,0.0,0,0.0,0.0,-0.36,0.0,10584,776680,,,64223275478.791695,0.035167177588216955,0.03576092921268853
2021-07-28,0.6455720067024231,0.7518410086631775,0.6322259902954102,0.7254449725151062,6452960527,0.1181490047094424,0.0474259018731473,XRP-USD,0.0,0,0.0,0,0.0,0.0,0.0,0.0,14722,924268,,,71613190200.41165,0.03764476382133992,0.03510380127010629
2021-07-29,0.7326359748840332,0.7647420167922974,0.6986690163612366,0.7480170130729675,3717954855,0.0306405006885391,0.0454186192397952,XRP-USD,0.0,0,0.0,0,0.0,0.0,0.0,0.0,12688,726671,,,75153908752.02321,0.03977106028817792,0.03485901788937234
2021-07-30,0.7498459815979004,0.7681490182876587,0.7157809734344482,0.7521190047264099,3328523561,0.0054688399296714,0.0449017910338649,XRP-USD,0.0,0,0.0,0,0.0,0.0,0.06,0.0,15156,819755,,,75126226841.93062,0.04187391835560608,0.034703743439543855
2021-07-31,0.752161979675293,0.7577009797096252,0.7377690076828003,0.7477859854698181,2612372196,-0.0057777410419321,0.0445011490711671,XRP-USD,0.0,0,0.0,0,0.0,0.0,0.1999999999999999,0.0,12615,781143,,,75187298603.90851,0.04366490433118,0.03482352204349403
2021-08-01,0.7459409832954407,0.7762830257415771,0.7072889804840088,0.7259219884872437,2529023488,-0.0296742661766201,0.0462623047451261,XRP-USD,0.0,0,0.0,0,0.0,0.0,0.1999999999999999,0.0,12836,808082,,,72690801997.45543,0.04570195319262012,0.03500700175543955
2021-08-02,0.7241449952125549,0.7733250260353088,0.7168179750442505,0.7392200231552124,2648561558,0.0181530523854653,0.0419099011344689,XRP-USD,0.0,0,0.0,0,0.0,0.0,-0.04,0.0,12528,817522,,,74165880667.58076,0.04459875304488444,0.035086715034527365
2021-08-03,0.7384660243988037,0.7444139719009399,0.701878011226654,0.7127289772033691,2857095374,-0.0364943755348179,0.040027402096441,XRP-USD,0.0,0,0.0,0,0.0,0.0,-0.04,0.0,12399,754128,,,71513795916.93141,0.0435205096162136,0.03507881442364818
2021-08-04,0.7136330008506775,0.7392380237579346,0.6978359818458557,0.7304880023002625,2796312041,0.0246115750725021,0.0370880288974332,XRP-USD,0.0,0,0.0,0,0.0,0.0,-0.16,0.0,11675,703790,,,73170095614.18187,0.04195775718892726,0.03533904147237036
2021-08-05,0.7309200167655945,0.7386209964752197,0.7024009823799133,0.7331510186195374,2387435275,0.0036389016960639,0.0367677926556488,XRP-USD,0.0,0,0.0,0,0.0,0.0,0.0,0.0,10936,746606,,,73546417615.4451,0.040411085905823596,0.03559245249923353
2021-08-06,0.7329819798469543,0.7521460056304932,0.7239869832992554,0.7465130090713501,2444020492,0.0180613347846081,0.0365887301046683,XRP-USD,0.0,0,0.0,0,0.0,0.0,0.04,0.0,11477,712571,,,74574376962.0763,0.03847637097773204,0.03598155731091962
2021-08-07,0.7471349835395813,0.818041980266571,0.7414399981498718,0.8162810206413269,4067148040,0.0893456401362824,0.0413822597191492,XRP-USD,0.0,0,0.0,0,0.0,0.0,0.3799999999999999,0.0,13376,773704,,,81511835660.89392,0.0383708426946681,0.036588039301023105
2021-08-08,0.8167340159416199,0.8383809924125671,0.7732459902763367,0.7787389755249023,3954749759,-0.0470827703448811,0.0447624930705307,XRP-USD,0.0,0,0.0,0,0.0,0.0,0.48,0.0,12585,782510,,,78532856380.22572,0.039317860889486037,0.037416978212434886
2021-08-09,0.7790120244026184,0.8273990154266357,0.7609090209007263,0.8185529708862305,3739417343,0.0498621983715642,0.045460890428535,XRP-USD,0.0,0,0.0,0,0.0,0.0,0.3,0.0,12317,768000,,,81627418555.15646,0.040992433195706404,0.03837814645580237
2021-08-10,0.8173369765281677,0.8615880012512207,0.8006410002708435,0.8512470126152039,4002349584,0.0391642363044296,0.0456955060155011,XRP-USD,0.0,0,0.0,0,0.0,0.0,0.4199999999999999,0.0,12791,750621,,,85126512926.75926,0.042777975867676864,0.03939779364816096
2021-08-11,0.8512799739837646,1.0870529413223269,0.8487489819526672,1.0125240087509155,8213874830,0.1734991629980322,0.056070187072138,XRP-USD,0.0,0,0.0,0,0.0,0.0,0.3999999999999999,0.0,19621,949949,,,100788923944.95932,0.0466742672611708,0.04085171926574138
2021-08-12,1.0125629901885986,1.042734980583191,0.9247490167617798,0.9645490050315856,7613283957,-0.0485408712491568,0.0592330970557006,XRP-USD,0.0,0,0.0,0,0.0,0.0,0.3999999999999999,0.0,16251,1093344,,,96041431266.98431,0.05024443472848108,0.04199821105645382
2021-08-13,0.9671459794044496,1.0944960117340088,0.9525910019874572,1.089959979057312,6425779147,0.1222356182909546,0.0652263156689746,XRP-USD,0.0,0,0.0,0,0.0,0.0,0.3999999999999999,0.0,15393,1064201,,,108675330529.40253,0.05433719924816986,0.04338901171924431
2021-08-14,1.0898339748382568,1.309211015701294,1.0710289478302002,1.280411958694458,12107814480,0.1610408897755045,0.0735787127145035,XRP-USD,0.0,0,0.0,0,0.0,0.0,0.52,0.0,21146,1181555,,,128771783491.72528,0.05996076370536356,0.045140863628652085
2021-08-15,1.281643986701965,1.3491740226745603,1.2302429676055908,1.288159966468811,10899164864,0.0060329486579255,0.0716299653383417,XRP-USD,0.0,0,0.0,0,0.0,0.0,0.4199999999999999,0.0,20278,1114468,,,128671787382.73172,0.06514765556993168,0.04681553764832192
2021-08-16,1.2849290370941162,1.3268990516662598,1.1510319709777832,1.1909929513931274,8364848221,-0.0784274454093383,0.0783332218246746,XRP-USD,0.0,0,0.0,0,0.0,0.0,0.4399999999999999,0.0,18444,1062101,,,119063448007.7867,0.06960026252043901,0.04881307042686512
2021-08-17,1.186277985572815,1.2226779460906982,1.088273048400879,1.0981990098953247,7620119367,-0.0811157978381243,0.0822356954156768,XRP-USD,0.0,0,0.0,0,0.0,0.0,0.4399999999999999,0.0,15983,1105559,,,110420392627.66348,0.07420078219243424,0.050935319346064184
2021-08-18,1.0976619720458984,1.194200038909912,1.056771993637085,1.14609694480896,7559385803,0.0426906344970347,0.0822716240572686,XRP-USD,0.0,0,0.0,0,0.0,0.0,0.4599999999999999,0.0,14927,1056263,,,115958191190.9428,0.07760984387009304,0.053035072237852504
2021-08-19,1.1446579694747925,1.232841968536377,1.0921709537506104,1.232841968536377,6781867994,0.0729598389199232,0.0825079773726622,XRP-USD,0.0,0,0.0,0,0.0,0.0,0.3999999999999999,0.0,15560,1081927,,,122315559130.95616,0.07939569680172479,0.054629712033285
2021-08-20,1.2334539890289309,1.2869709730148315,1.201058030128479,1.2632219791412354,6600353564,0.0243435356726865,0.0824133613462487,XRP-USD,0.0,0,0.0,0,0.0,0.0,0.3999999999999999,0.0,25182,1066088,,,125885325366.88298,0.08155237600330618,0.05631129121994198
2021-08-21,1.2639180421829224,1.2812349796295166,1.2064050436019895,1.2164729833602903,4955470066,-0.0377099088861444,0.0832647681081835,XRP-USD,0.0,0,0.0,0,0.0,0.0,0.56,0.0,24126,1060544,,,122417374056.51276,0.08253868526000796,0.05805506290513828
2021-08-22,1.21739399433136,1.2546629905700684,1.1847549676895142,1.2277220487594604,4452016856,0.0092047849514405,0.0806525828239058,XRP-USD,0.0,0,0.0,0,0.0,0.0,0.52,0.0,21288,1058742,,,122739229215.01337,0.08222206274165375,0.059698309893899126
2021-08-23,1.2268120050430298,1.3042199611663818,1.2220940589904783,1.2472699880599976,6299948689,0.0157966938884348,0.080602891827314,XRP-USD,0.0,0,0.0,0,0.0,0.0,0.5800000000000001,0.0,22425,1076566,,,124924178851.74232,0.08188831629566284,0.06125924567036222
2021-08-24,1.248147964477539,1.2632869482040403,1.1281579732894895,1.1373519897460938,6109699877,-0.0922544088629111,0.08687272361409,XRP-USD,0.0,0,0.0,0,0.0,0.0,0.5800000000000001,0.0,23710,1095199,,,115113180012.12051,0.0827612655439484,0.06330301032852682
2021-08-25,1.1370110511779783,1.17753005027771,1.1094310283660889,1.1725289821624756,4735020572,0.0304601948228091,0.0751381516485736,XRP-USD,0.0,0,0.0,0,0.0,0.0,0.4599999999999999,0.0,21774,1082986,,,116942811287.1916,0.08130622360441339,0.0648989534899874
2021-08-26,1.174587965011597,1.1863110065460205,1.0699050426483154,1.0752660036087036,4914724770,-0.0865948631075391,0.0780686362568299,XRP-USD,0.0,0,0.0,0,0.0,0.0,0.5,0.0,22028,1112301,,,109290365216.9126,0.08026699723414266,0.06676170836995997
2021-08-27,1.0732979774475098,1.1884729862213137,1.052641987800598,1.1884729862213137,5062671613,0.100101202067548,0.0757620580118324,XRP-USD,0.0,0,0.0,0,0.0,0.0,0.4199999999999999,0.0,23436,1115439,,,117783997349.86668,0.07928889227172799,0.06853417497705921
2021-08-28,1.19235098361969,1.1977039575576782,1.1366980075836182,1.1455049514770508,3655937721,-0.0368237328064528,0.0618246685319705,XRP-USD,0.0,0,0.0,0,0.0,0.0,0.56,0.0,22502,1063154,,,114473348123.23978,0.07553324761265928,0.06968126308739114
2021-08-29,1.1459239721298218,1.1676830053329468,1.1166620254516602,1.1408319473266602,3456541619,-0.0040877708442195,0.0617076172816175,XRP-USD,0.0,0,0.0,0,0.0,0.0,0.4399999999999999,0.0,25858,1085511,,,114602467049.53,0.07050022634616478,0.07060514297659425
2021-08-30,1.1423360109329224,1.1486849784851074,1.098711013793945,1.1014349460601809,3635181352,-0.0351439484979283,0.0589675379340862,XRP-USD,0.0,0,0.0,0,0.0,0.0,0.4599999999999999,0.0,22761,1059094,,,110732459361.33574,0.0672661036032673,0.07125082683402859
2021-08-31,1.1013360023498535,1.2401039600372314,1.0922499895095823,1.1875929832458496,5897781233,0.0753147294355044,0.0583720299382942,XRP-USD,0.0,0,0.0,0,0.0,0.0,0.4599999999999999,0.0,22178,1122290,,,118551002569.45738,0.06332678233956016,0.07183769681174491
2021-09-01,1.1869150400161743,1.234889030456543,1.1591269969940186,1.234889030456543,4937053998,0.0390525566195389,0.0582020083411578,XRP-USD,0.0,0,0.0,0,0.0,0.0,0.4199999999999999,0.0,25043,1102694,,,122895092776.0092,0.059814772405425244,0.07240617419018386
2021-09-02,1.2375420331954956,1.2942960262298584,1.2229050397872925,1.256324052810669,5456908792,0.0172089264373957,0.0550401618328569,XRP-USD,0.0,0,0.0,0,0.0,0.0,0.48,0.0,26654,1142851,,,125862106759.04262,0.05845787106560252,0.07235935486112563
2021-09-03,1.2541370391845703,1.3215210437774658,1.226127028465271,1.2914350032806396,5896982947,0.0275639671539011,0.0551502811963789,XRP-USD,0.0,0,0.0,0,0.0,0.0,0.48,0.0,25414,1151625,,,128683648926.84612,0.057146403848554794,0.07217377232206555
2021-09-04,1.2907010316848757,1.29591703414917,1.2409570217132568,1.2557790279388428,4284360888,-0.0279978863545538,0.0546771338487185,XRP-USD,0.0,0,0.0,0,0.0,0.0,0.4399999999999999,0.0,24804,1126600,,,125124823293.98172,0.056288323031481256,0.07169426405750844
2021-09-05,1.2551300525665283,1.3084019422531128,1.237483024597168,1.3054980039596558,4077886190,0.03882846081061,0.0555326077718383,XRP-USD,0.0,0,0.0,0,0.0,0.0,0.4599999999999999,0.0,34194,1171004,,,130163826335.81596,0.05572043859819008,0.07087398656011458
2021-09-06,1.3073170185089111,1.4137669801712036,1.3073170185089111,1.3894129991531372,7403887685,0.0622967749712967,0.0576189005670456,XRP-USD,0.0,0,0.0,0,0.0,0.0,0.5800000000000001,0.0,36485,1241197,,,138654358839.42325,0.05560381704336764,0.07023711997960111
2021-09-07,1.3894380331039429,1.3914949893951416,0.9754549860954284,1.1250989437103271,11310427430,-0.2110103734263997,0.0784451229922138,XRP-USD,0.0,0,0.0,0,0.0,0.0,0.5800000000000001,0.0,30424,1307178,,,112778708610.04236,0.06028480927523903,0.07024220639630745
2021-09-08,1.1266850233078003,1.1486419439315796,1.0201749801635742,1.1007200479507446,7367876460,-0.0219064270532522,0.0780889263731603,XRP-USD,0.0,0,0.0,0,0.0,0.0,-0.06,0.0,30048,1264426,,,110711844291.2448,0.06487253831059529,0.07005371689437488
2021-09-09,1.090281963348389,1.136104941368103,0.838254988193512,1.0894010066986084,5171653352,-0.0103365446481092,0.0745002450216647,XRP-USD,0.0,0,0.0,0,0.0,0.0,-0.0999999999999999,0.0,32840,1193098,,,109176753009.4834,0.06883716054518454,0.06970047239275652
2021-09-10,1.0875740051269531,1.2417190074920654,1.0343170166015625,1.0572669506072998,7726257543,-0.0299407800771304,0.069095597971649,XRP-USD,0.0,0,0.0,0,0.0,0.0,-0.0799999999999999,0.0,29518,1214216,,,105189372237.51688,0.07154975858514669,0.06909081878361956
2021-09-11,1.0565969944000244,1.1113009452819824,1.053305983543396,1.079905986785889,3986494412,0.0211867580995397,0.0689964299475801,XRP-USD,0.0,0,0.0,0,0.0,0.0,-0.38,0.0,21927,1142051,,,107412568496.46606,0.07382526446125358,0.06848095826549826
2021-09-12,1.0802780389785769,1.1272449493408203,1.0598679780960083,1.119636058807373,3403286576,0.0361296969319144,0.0698341558723062,XRP-USD,0.0,0,0.0,0,0.0,0.0,-0.36,0.0,29860,1144429,,,111921445583.2425,0.07210307103727207,0.06787047589114019
2021-09-13,1.1194230318069458,1.1259139776229858,1.0296469926834106,1.0646779537200928,4391908806,-0.0503313224478125,0.0705143200708443,XRP-USD,0.0,0,0.0,0,0.0,0.0,-0.12,0.0,36962,1195015,,,106574529206.91016,0.07058814977680886,0.06740964576600104
2021-09-14,1.065369963645935,1.097653031349182,1.0588419437408447,1.0965739488601685,3378813327,0.0295183648638259,0.0676340052083164,XRP-USD,0.0,0,0.0,0,0.0,0.0,-0.4,0.0,30199,1151463,,,109301589629.12514,0.06921490181413921,0.06682015091968295
2021-09-15,1.096938967704773,1.1293209791183472,1.0805649757385254,1.121353030204773,2997048680,0.0223452914465469,0.0669274118689945,XRP-USD,0.0,0,0.0,0,0.0,0.0,-0.02,0.0,38745,1187043,,,111914129522.13434,0.0687812645936083,0.06591354584036044
2021-09-16,1.121243953704834,1.1292020082473757,1.0680979490280151,1.0914980173110962,3168621354,-0.0269849383439594,0.0667453573145295,XRP-USD,0.0,0,0.0,0,0.0,0.0,0.06,0.0,38447,1178325,,,108966909272.77896,0.06833105006699818,0.06553205518881298
2021-09-17,1.0908780097961426,1.102313995361328,1.0531710386276243,1.0655980110168457,2989925804,-0.0240149262613101,0.0659282165102364,XRP-USD,0.0,0,0.0,0,0.0,0.0,-0.04,0.0,32711,1128990,,,106283452637.19936,0.06754986219458423,0.06498021792760418
2021-09-18,1.0659129619598389,1.0946160554885864,1.0573879480361938,1.0756679773330688,2308814476,0.009405688605893,0.06606327503866,XRP-USD,0.0,0,0.0,0,0.0,0.0,0.0,0.0,30860,1148716,,,107437107386.39523,0.06665965318814736,0.06453936415609635
2021-09-19,1.0751680135726929,1.082036018371582,1.0418070554733276,1.0484280586242676,2148537763,-0.0256498874794636,0.0645480822634576,XRP-USD,0.0,0,0.0,0,0.0,0.0,0.06,0.0,33394,1160514,,,104692851410.81448,0.06604246859917559,0.06466315568934576
2021-09-20,1.0489840507507324,1.050405979156494,0.8878499865531921,0.9171519875526428,5775337511,-0.1337740315179593,0.0675335373784666,XRP-USD,0.0,0,0.0,0,0.0,0.0,0.0,0.0,49247,1324931,,,91781244049.94733,0.06616369370107003,0.06492797023920255
2021-09-21,0.9223440289497375,0.9593080282211304,0.8607339859008789,0.8763290047645569,4787985414,-0.0455316062140607,0.0435899124712983,XRP-USD,0.0,0,0.0,0,0.0,0.0,-0.4599999999999999,0.0,38678,1308309,,,87030513546.10861,0.06153260473242378,0.06422898726362126
2021-09-22,0.8738240003585815,1.00935697555542,0.8696200251579285,1.0040760040283203,4813963292,0.1360814019693615,0.0598692509583924,XRP-USD,0.0,0,0.0,0,0.0,0.0,-0.5800000000000001,0.0,34414,1215583,,,99912561430.2609,0.06032081162205498,0.06429704276453482
2021-09-23,1.0045249462127686,1.016471028327942,0.9704790115356444,1.0020400285720823,3734263358,-0.0020297690882919,0.0598701499596664,XRP-USD,0.0,0,0.0,0,0.0,0.0,-0.4599999999999999,0.0,35289,1194013,,,99802307165.0938,0.05908218660625626,0.06437286738355794
2021-09-24,1.0024549961090088,1.0031969547271729,0.8923929929733276,0.9459239840507508,4425027059,-0.0576310188244402,0.0611662979711071,XRP-USD,0.0,0,0.0,0,0.0,0.0,-0.3399999999999999,0.0,37126,1226090,,,94395408362.82712,0.058405829747786166,0.06465132811711477
2021-09-25,0.9454569816589355,0.956857979297638,0.9196249842643738,0.941341996192932,3067009121,-0.0048556980399665,0.0606055099612093,XRP-USD,0.0,0,0.0,0,0.0,0.0,-0.4399999999999999,0.0,39446,1139822,,,94165924495.70464,0.057020224264334694,0.0648992930609707
2021-09-26,0.9415709972381592,0.9566919803619384,0.8948339819908142,0.944720983505249,3142032669,0.0035831156900308,0.0593183711413749,XRP-USD,0.0,0,0.0,0,0.0,0.0,-0.4599999999999999,0.0,35933,1134117,,,94129266177.51569,0.060165915998350014,0.06511025839245509
2021-09-27,0.9459580183029176,0.981486976146698,0.9210829734802246,0.9236850142478944,3014579575,-0.0225185084941219,0.0583993027816277,XRP-USD,0.0,0,0.0,0,0.0,0.0,-0.48,0.0,35223,1125600,,,92788046398.10297,0.05987192636299708,0.06524056271108186
2021-09-28,0.9230589866638184,0.942592978477478,0.8924990296363831,0.893688976764679,2818990506,-0.033013305921746,0.0575168608248675,XRP-USD,0.0,0,0.0,0,0.0,0.0,-0.5,0.0,38655,1137788,,,89821791292.5803,0.0594012685360373,0.06523592454098287
2021-09-29,0.8945909738540649,0.9903500080108644,0.8879479765892029,0.9283490180969238,3558174320,0.0380499452352491,0.0584388754618315,XRP-USD,0.0,0,0.0,0,0.0,0.0,-0.52,0.0,46573,1246986,,,92491974159.35434,0.05885578403418218,0.06432654965323821
2021-09-30,0.9275130033493042,0.9640809893608092,0.922918975353241,0.9526360034942628,3051316850,0.0258251234620578,0.0592003534113005,XRP-USD,0.0,0,0.0,0,0.0,0.0,-0.6,0.0,50103,1320182,,,95129121416.12212,0.058574752724200416,0.06346797815497186
2021-10-01,0.953764021396637,1.0639970302581787,0.9453549981117249,1.0426239967346191,5125674349,0.0902630056831375,0.0647006101719665,XRP-USD,0.0,0,0.0,0,0.0,0.0,-0.4599999999999999,0.0,55222,1320018,,,103970620069.83156,0.059651200530318735,0.0630225402072583
2021-10-02,1.0420600175857544,1.0717600584030151,1.0095380544662476,1.0386749505996704,3884936924,-0.0037947944758382,0.0646247045065309,XRP-USD,0.0,0,0.0,0,0.0,0.0,0.08,0.0,53887,1195166,,,104125573936.86629,0.06089628087529938,0.06281931777702567
2021-10-03,1.0376880168914795,1.0884380340576172,1.0224920511245728,1.0551700592041016,3496121109,0.0157561326422926,0.0644309206082324,XRP-USD,0.0,0,0.0,0,0.0,0.0,-0.02,0.0,59562,1230257,,,105463395908.5238,0.06227909283197236,0.06261179462523712
2021-10-04,1.055770993232727,1.0598599910736084,1.0107049942016602,1.043004035949707,3164260800,-0.0115969019263019,0.0519084631473233,XRP-USD,0.0,0,0.0,0,0.0,0.0,0.08,0.0,54981,1212502,,,104735788846.8205,0.06097301036907071,0.061796990410465186
2021-10-05,1.0416879653930664,1.0874929428100586,1.038789987564087,1.0855029821395874,3251465579,0.0399384120123384,0.0499680336495827,XRP-USD,0.0,0,0.0,0,0.0,0.0,0.1799999999999999,0.0,64261,1240401,,,108026785417.81406,0.059126546416727155,0.06086306830040784
2021-10-06,1.0849330425262451,1.105905055999756,1.021597981452942,1.0776560306549072,3806090854,-0.0072551170376796,0.0360646774000227,XRP-USD,0.0,0,0.0,0,0.0,0.0,0.3600000000000001,0.0,85657,1291634,,,108010942340.17502,0.0533993598623384,0.05942809885457631
2021-10-07,1.0771859884262085,1.0932090282440186,1.0462199449539185,1.0680259466171265,3192050513,-0.0089763057162724,0.0362170595925672,XRP-USD,0.0,0,0.0,0,0.0,0.0,0.52,0.0,62062,1262926,,,106765218861.21458,0.04771783087954566,0.05803217375110234
2021-10-08,1.0677640438079834,1.0913699865341189,1.056926965713501,1.0628910064697266,2577289115,-0.0048194746202621,0.031711816265049,XRP-USD,0.0,0,0.0,0,0.0,0.0,0.48,0.0,55728,1162583,,,106050811702.48528,0.041174010010908986,0.05643974006703503
2021-10-09,1.0618540048599243,1.2082140445709229,1.0592540502548218,1.1599260568618774,4844564004,0.0873636987939877,0.0377631975321595,XRP-USD,0.0,0,0.0,0,0.0,0.0,0.4399999999999999,0.0,76960,1341899,,,116470218488.36896,0.03834495688787622,0.055159511931667904
2021-10-10,1.1602760553359983,1.2276630401611328,1.1313070058822632,1.1384530067443848,5165905723,-0.0186859297973706,0.0387337469904255,XRP-USD,0.0,0,0.0,0,0.0,0.0,0.4199999999999999,0.0,68637,1358561,,,114149558734.7936,0.036098099556044774,0.05391726065674816
2021-10-11,1.1373000144958496,1.1811039447784424,1.109963059425354,1.137887954711914,4022773988,-0.000496456421638,0.037596665074173,XRP-USD,0.0,0,0.0,0,0.0,0.0,0.4199999999999999,0.0,68969,1475634,,,112995267447.25574,0.036404497090874836,0.052692196239053406
2021-10-12,1.1383399963378906,1.1383399963378906,1.0676109790802002,1.1018589735031128,3959747373,-0.0321751434691503,0.0375150831356817,XRP-USD,0.0,0,0.0,0,0.0,0.0,0.56,0.0,65558,1441123,,,110098950192.30772,0.036664101799497736,0.051327721046199544
2021-10-13,1.1019660234451294,1.1376899480819702,1.0769790410995483,1.128391981124878,3675636699,0.0237948643948266,0.0370304077294157,XRP-USD,0.0,0,0.0,0,0.0,0.0,0.3999999999999999,0.0,63014,1385537,,,112692249327.50632,0.03772782009237108,0.051029561739750345
2021-10-14,1.1274909973144531,1.1564229726791382,1.1193039417266846,1.132315993309021,3184675623,0.0034714931510787,0.0369603172331064,XRP-USD,0.0,0,0.0,0,0.0,0.0,0.3999999999999999,0.0,64083,1320565,,,113239594179.32616,0.03756724403256046,0.049988246570419156
2021-10-15,1.1335350275039673,1.164330005645752,1.1039719581604004,1.1405500173568726,5364938375,0.0072455305605047,0.0293792859254938,XRP-USD,0.0,0,0.0,0,0.0,0.0,0.4199999999999999,0.0,63761,1358518,,,114100634683.05704,0.035696351819574125,0.048602298205229495
2021-10-16,1.1414730548858645,1.185520052909851,1.132119059562683,1.1350959539413452,3776545069,-0.0047934291427264,0.0294071730927847,XRP-USD,0.0,0,0.0,0,0.0,0.0,0.56,0.0,81391,1380854,,,113773887731.16109,0.03405845342329646,0.0471587016198512
2021-10-17,1.1346919536590576,1.1399040222167969,1.02736496925354,1.0934679508209229,3227519874,-0.0373629363780351,0.0314544698905824,XRP-USD,0.0,0,0.0,0,0.0,0.0,0.5800000000000001,0.0,72315,1322427,,,109144652877.47,0.0328463307742766,0.045833654343913614
2021-10-18,1.0948339700698853,1.1062190532684326,1.0671030282974243,1.0838420391082764,3186066188,-0.008842079880044,0.0313676819659897,XRP-USD,0.0,0,0.0,0,0.0,0.0,0.56,0.0,80310,1401970,,,108238459878.9364,0.0317137856215914,0.044563168472305195
2021-10-19,1.083891987800598,1.0999850034713743,1.0723559856414795,1.092079997062683,2586014628,0.007571960003542,0.0295558472155948,XRP-USD,0.0,0,0.0,0,0.0,0.0,0.5,0.0,77721,1435025,,,109096193810.59589,0.030232891618089074,0.043252102310212794
2021-10-20,1.091912031173706,1.1529840230941772,1.0885709524154663,1.1423280239105225,3394782025,0.0449841743153933,0.0317284875113745,XRP-USD,0.0,0,0.0,0,0.0,0.0,0.6399999999999999,0.0,85845,1475461,,,114110100543.42323,0.030702731935265216,0.04207990352323584
2021-10-21,1.1454060077667236,1.1636699438095093,1.088085055351257,1.0893150568008425,4035726860,-0.0475191958720308,0.0345067950325841,XRP-USD,0.0,0,0.0,0,0.0,0.0,0.6799999999999999,0.0,76865,1284204,,,109136118257.82396,0.0317226563232251,0.040992081685542775
2021-10-22,1.0899009704589844,1.1258790493011477,1.0791150331497192,1.0883740186691284,3296407032,-0.0008642539478095,0.0344680407843131,XRP-USD,0.0,0,0.0,0,0.0,0.0,0.5,0.0,73330,1377430,,,108962474052.57,0.03232537050197124,0.03986788565704335
2021-10-23,1.0898360013961792,1.1023859977722168,1.078505039215088,1.0944969654083252,2236173913,0.0056100088758348,0.0242470492365999,XRP-USD,0.0,0,0.0,0,0.0,0.0,0.48,0.0,73838,1322824,,,109235236328.92044,0.030901243956093276,0.0380290874327085
2021-10-24,1.094876050949097,1.0965529680252075,1.0580439567565918,1.0842829942703247,2240272602,-0.0093759316233338,0.0239434056588282,XRP-USD,0.0,0,0.0,0,0.0,0.0,0.4599999999999999,0.0,73515,1350006,,,108208466318.95628,0.029778755644739963,0.03617993748508565
2021-10-25,1.0833070278167725,1.1038670539855957,1.0792059898376465,1.0951579809188845,2595663483,0.0099796939026351,0.0242061599229458,XRP-USD,0.0,0,0.0,0,0.0,0.0,0.4399999999999999,0.0,65610,1215862,,,109452126938.9478,0.02827429012705422,0.03435153927211808
2021-10-26,1.0951110124588013,1.158342957496643,1.0932279825210571,1.108093023300171,3933349796,0.0117419131744451,0.02290817433335,XRP-USD,0.0,0,0.0,0,0.0,0.0,0.52,0.0,71802,1329557,,,110778071110.27148,0.0259545659872074,0.033033344326028384
2021-10-27,1.1079410314559937,1.1251920461654663,0.970205008983612,0.9954519867897034,6433932056,-0.1071989277354732,0.0357636690718299,XRP-USD,0.0,0,0.0,0,0.0,0.0,0.4599999999999999,0.0,76513,1446649,,,100101037087.1703,0.026213691644710758,0.03238769139067598
2021-10-28,0.9952390193939208,1.0819389820098877,0.9841139912605286,1.0588200092315674,5528214768,0.0617134761071984,0.0404062935782288,XRP-USD,0.0,0,0.0,0,0.0,0.0,0.32,0.0,86140,1665708,,,105835305958.365,0.02944554051303654,0.03258503758059444
2021-10-29,1.059046983718872,1.0901659727096558,1.0561790466308594,1.0815030336380005,3549325709,0.0211966822154531,0.0408951211297442,XRP-USD,0.0,0,0.0,0,0.0,0.0,0.3999999999999999,0.0,99882,1798341,,,107981963961.90428,0.03283588360721974,0.03279767674137521
2021-10-30,1.0813779830932615,1.1142849922180176,1.064389944076538,1.0839489698410034,3261273038,0.0022590546816779,0.040925329017835,XRP-USD,0.0,0,0.0,0,0.0,0.0,0.4599999999999999,0.0,107858,1804982,,,107625111391.03552,0.03617971742619758,0.03321647277559276
2021-10-31,1.0859260559082031,1.1524499654769895,1.0727640390396118,1.113247036933899,4607785327,0.0266701774633683,0.0403996099542886,XRP-USD,0.0,0,0.0,0,0.0,0.0,0.48,0.0,113517,2075839,,,111453759798.47952,0.0396780045503853,0.03333630970387135
2021-11-01,1.1131529808044434,1.13121497631073,1.0726569890975952,1.0928670167922974,3655823943,-0.0184764698646305,0.0406664774873396,XRP-USD,0.0,0,0.0,0,0.0,0.0,0.48,0.0,110913,1938573,,,109305461199.30035,0.040658566233487244,0.033424161090094724
2021-11-02,1.0925769805908203,1.1450940370559692,1.0861170291900637,1.1361960172653198,3609677729,0.0388813221078023,0.0419213771404381,XRP-USD,0.0,0,0.0,0,0.0,0.0,0.4599999999999999,0.0,122294,1962044,,,113266538700.42776,0.040961582945929095,0.03362073891128859
2021-11-03,1.135938048362732,1.2330249547958374,1.1269609928131104,1.2087960243225098,6526803610,0.0619389872018812,0.0434499120629364,XRP-USD,0.0,0,0.0,0,0.0,0.0,0.52,0.0,113728,1464852,,,120758749055.34224,0.04147254113256754,0.03389050386252744
2021-11-04,1.2105189561843872,1.2537280321121216,1.1669329404830933,1.202003002166748,5210115532,-0.0056355092725617,0.0409996393930703,XRP-USD,0.0,0,0.0,0,0.0,0.0,0.4599999999999999,0.0,116885,1259841,,,119881840138.8024,0.041487403207614605,0.034070923483602654
2021-11-05,1.201917052268982,1.2024040222167969,1.141374945640564,1.161532998085022,3572443866,-0.0342486510399137,0.0424397413566973,XRP-USD,0.0,0,0.0,0,0.0,0.0,0.4599999999999999,0.0,120398,1334595,,,115911499042.82304,0.04189542948809634,0.034319988216493146
2021-11-06,1.1606340408325195,1.1733030080795288,1.108773946762085,1.1524540185928345,2630197378,-0.007847084719605,0.0425684487265468,XRP-USD,0.0,0,0.0,0,0.0,0.0,0.4199999999999999,0.0,129335,1909358,,,114998704063.14966,0.04227582373593778,0.034919495616541014
2021-11-07,1.1532000303268433,1.2375819683074951,1.148102045059204,1.2175339460372925,3384556620,0.0549338593481319,0.0444775773368687,XRP-USD,0.0,0,0.0,0,0.0,0.0,0.4599999999999999,0.0,129013,2221167,,,121664391820.73589,0.0427870637752239,0.035604513991272096
2021-11-08,1.2210299968719482,1.2963780164718628,1.2210299968719482,1.282377004623413,5547697296,0.0518879332946739,0.0459855287204308,XRP-USD,0.0,0,0.0,0,0.0,0.0,0.5,0.0,128872,2041895,,,128503112906.97884,0.04329418710672278,0.036265016665356115
2021-11-09,1.282531976699829,1.287577986717224,1.2320599555969238,1.258929967880249,5211033825,-0.0184532623153987,0.0466649088812561,XRP-USD,0.0,0,0.0,0,0.0,0.0,0.6799999999999999,0.0,123765,2000684,,,126180053253.42587,0.04442724100435994,0.03696034516150459
2021-11-10,1.257184982299805,1.3476619720458984,1.1258280277252195,1.1933729648590088,7430166330,-0.0534784063519312,0.0377152885375744,XRP-USD,0.0,0,0.0,0,0.0,0.0,0.5,0.0,123955,1916200,,,118493824658.26749,0.04348235044053536,0.037331228857958206
2021-11-11,1.1927989721298218,1.2532930374145508,1.1783130168914795,1.2183640003204346,4904300953,0.0207252535097445,0.0351421081395726,XRP-USD,0.0,0,0.0,0,0.0,0.0,0.54,0.0,126705,1866117,,,121966868181.54732,0.04199708232314052,0.03748639343196721
2021-11-12,1.2162480354309082,1.2338809967041016,1.1570489406585691,1.1893550157546997,4230289448,-0.0240978188595546,0.0361062791204431,XRP-USD,0.0,0,0.0,0,0.0,0.0,0.48,0.0,135247,1941249,,,118933229870.20404,0.0403228226798554,0.03755909725414262
2021-11-13,1.1894689798355105,1.2041239738464355,1.1687649488449097,1.191938042640686,2889142419,0.0021694330229128,0.0361071521650669,XRP-USD,0.0,0,0.0,0,0.0,0.0,0.4399999999999999,0.0,167408,1888824,,,118989203019.25058,0.03834714736878263,0.03763360231690416
2021-11-14,1.191195011138916,1.199936032295227,1.16941499710083,1.1885969638824463,2210065757,-0.0028070000591045,0.0357156290741956,XRP-USD,0.0,0,0.0,0,0.0,0.0,0.48,0.0,170002,2093267,,,118420012108.73833,0.03615729140737052,0.038154901400431235
2021-11-15,1.1888240575790403,1.2198829650878906,1.1703200340270996,1.1713709831237793,2850390389,-0.0145987463242657,0.0355368380685352,XRP-USD,0.0,0,0.0,0,0.0,0.0,0.4399999999999999,0.0,164788,2149149,,,117486194693.67831,0.03572160131356268,0.03868187560087247
2021-11-16,1.1746540069580078,1.1746540069580078,1.0537179708480835,1.0909340381622314,4829173281,-0.071140598214939,0.0394112328473648,XRP-USD,0.0,0,0.0,0,0.0,0.0,0.4199999999999999,0.0,152018,1984417,,,109464441173.62424,0.03657542625512112,0.039373015279255144
2021-11-17,1.0901039838790894,1.113286018371582,1.0699479579925537,1.096290946006775,3701959225,0.004898369938586,0.0348801089842721,XRP-USD,0.0,0,0.0,0,0.0,0.0,0.04,0.0,154172,2024092,,,109330180500.65984,0.03633019222788692,0.03991719412702433
2021-11-18,1.0962810516357422,1.158331036567688,1.02292001247406,1.0419540405273438,5394362498,-0.0508347796032015,0.0367860473989669,XRP-USD,0.0,0,0.0,0,0.0,0.0,0.08,0.0,158267,1889233,,,103795957587.23996,0.03646597127466692,0.03996366586916693
2021-11-19,1.040922999382019,1.0991929769515991,1.0205849409103394,1.0914920568466189,3716379231,0.0464477843203931,0.0389855245027169,XRP-USD,0.0,0,0.0,0,0.0,0.0,-0.3199999999999999,0.0,155261,1949682,,,108887164557.67258,0.037119950360371176,0.03989908545664366
2021-11-20,1.0910619497299194,1.1013959646224976,1.0643019676208496,1.0976459980010986,2575832703,0.0056222652119009,0.039061169169241,XRP-USD,0.0,0,0.0,0,0.0,0.0,-0.14,0.0,147545,1735994,,,109642759762.31535,0.037824816580512344,0.03981572400389351
2021-11-21,1.0967479944229126,1.098078966140747,1.059154033660889,1.0601730346679688,2213864918,-0.0347357498566749,0.0359758600541421,XRP-USD,0.0,0,0.0,0,0.0,0.0,-0.02,0.0,153996,1983662,,,106983704875.2816,0.0371377420218678,0.03959074814190747
2021-11-22,1.0601259469985962,1.0699189901351929,1.0279279947280884,1.0366220474243164,2844568485,-0.0224647395275877,0.0313452617151004,XRP-USD,0.0,0,0.0,0,0.0,0.0,0.0,0.0,157107,2004979,,,103744369398.44476,0.03643077256803347,0.039179186858308006
2021-11-23,1.037093997001648,1.0717509984970093,1.023345947265625,1.0670570135116575,3098367613,0.028937008834371,0.0334543930519693,XRP-USD,0.0,0,0.0,0,0.0,0.0,-0.3399999999999999,0.0,134821,1630527,,,106577289275.16876,0.03576444169863394,0.03885136483851845
2021-11-24,1.067152976989746,1.0745489597320557,1.0116809606552124,1.0420750379562378,3151964356,-0.0236904502292818,0.0314900932583201,XRP-USD,0.0,0,0.0,0,0.0,0.0,-0.16,0.0,149848,1523705,,,103164882678.2472,0.03426535544975458,0.038377215571149446
2021-11-25,1.034106969833374,1.0646770000457764,1.0241570472717283,1.0318880081176758,3107133471,-0.009823812227126,0.030255071175719,XRP-USD,0.0,0,0.0,0,0.0,0.0,-0.36,0.0,159454,1441865,,,104539207399.4359,0.03250413585105018,0.03777745007627593
2021-11-26,1.044916033744812,1.0481369495391846,0.9254459738731384,0.9363499879837036,4293461689,-0.0971560955136559,0.0378696015636042,XRP-USD,0.0,0,0.0,0,0.0,0.0,-0.06,0.0,163063,1447505,,,94140566729.40433,0.0328828841529426,0.037635175629482015
2021-11-27,0.9400129914283752,0.9672769904136658,0.9365609884262084,0.9471579790115356,2410404614,0.0114765743976195,0.0383126944697399,XRP-USD,0.0,0,0.0,0,0.0,0.0,-0.5800000000000001,0.0,158279,1346714,,,94268435998.94373,0.0342763707038705,0.03744758258916577
2021-11-28,0.9477490186691284,0.9697719812393188,0.896573007106781,0.9687510132789612,2605488239,0.022541726861377,0.0395833903768029,XRP-USD,0.0,0,0.0,0,0.0,0.0,-0.4599999999999999,0.0,162298,1440045,,,96649168629.9638,0.03550217016883722,0.03731189811872286
2021-11-29,0.9698219895362854,1.002905011177063,0.9663280248641968,0.9919610023498536,2917313727,0.023676167732416,0.0408845180581664,XRP-USD,0.0,0,0.0,0,0.0,0.0,-0.3399999999999999,0.0,155618,1319190,,,99319620726.61523,0.03738105512880648,0.03714857724241821
2021-11-30,0.991487979888916,1.0301209688186646,0.9736729860305786,0.9987540245056152,2949826821,0.0068247322501042,0.0373477549288825,XRP-USD,0.0,0,0.0,0,0.0,0.0,-0.1999999999999999,0.0,159908,1492834,,,100069314950.14464,0.038799591879439176,0.0367559511609842
2021-12-01,0.9981899857521056,1.0182689428329468,0.9820230007171632,0.9909300208091736,2570587577,-0.0078646095015947,0.0372087396155278,XRP-USD,0.0,0,0.0,0,0.0,0.0,-0.3199999999999999,0.0,138313,1071059,,,99055612499.74092,0.0386674194898239,0.03632612528526928
2021-12-02,0.9909150004386902,0.9909150004386902,0.9598770141601562,0.9723119735717772,2250871711,-0.0189672036848753,0.0352588439591868,XRP-USD,0.0,0,0.0,0,0.0,0.0,-0.36,0.0,119573,867609,,,97526129442.15633,0.03805664938771328,0.036214468713524385
2021-12-03,0.9734529852867126,0.985319972038269,0.9059680104255676,0.9222440123558044,2714612022,-0.0528668694034111,0.0340959484875004,XRP-USD,0.0,0,0.0,0,0.0,0.0,-0.38,0.0,123367,956497,,,92475829648.4776,0.036959161009852776,0.03616691600206656
2021-12-04,0.9240919947624208,0.9266639947891236,0.6145049929618835,0.8470289707183838,6970805726,-0.0850749460401058,0.0387778772035267,XRP-USD,0.0,0,0.0,0,0.0,0.0,-0.5,0.0,139098,1066066,,,84552200568.58728,0.036537832838924846,0.03628835227857036
2021-12-05,0.8467090129852295,0.8637750148773193,0.7803999781608582,0.8055949807167053,3553480780,-0.0501537870906628,0.0394864895822317,XRP-USD,0.0,0,0.0,0,0.0,0.0,-0.64,0.0,122380,923401,,,80336470711.05214,0.03696557976959468,0.03644195852480512
2021-12-06,0.8060470223426819,0.8318639993667603,0.7523319721221924,0.8282880187034607,3447952788,0.0277798316813529,0.0414424318552634,XRP-USD,0.0,0,0.0,0,0.0,0.0,-0.6799999999999999,0.0,140342,1123398,,,82512780540.26822,0.037812318217541795,0.036702267742126385
2021-12-07,0.8290920257568359,0.8457670211791992,0.8071730136871338,0.8185880184173584,2720124735,-0.0117800153000213,0.0394238572364334,XRP-USD,0.0,0,0.0,0,0.0,0.0,-0.5,0.0,134866,989458,,,81519923427.76447,0.03864532087299112,0.0368789504315763
2021-12-08,0.8175389766693115,0.8856220245361328,0.8058980107307434,0.863306999206543,3038966909,0.0531894354350971,0.0438196859246669,XRP-USD,0.0,0,0.0,0,0.0,0.0,-0.4399999999999999,0.0,138127,1184291,,,86113214898.38155,0.04059006836042442,0.03707933466236277
2021-12-09,0.8621429800987244,0.9305409789085388,0.8351290225982666,0.8612719774246216,4555815213,-0.0023600226536868,0.043912408220871,XRP-USD,0.0,0,0.0,0,0.0,0.0,-0.42,0.0,154929,1236019,,,87148087775.40591,0.04161697456389328,0.0374898937185718
2021-12-10,0.8610249757766724,0.8834109902381897,0.7963280081748962,0.8010969758033752,3267095314,-0.0724283318981359,0.0406383947973978,XRP-USD,0.0,0,0.0,0,0.0,0.0,-0.52,0.0,137414,1166979,,,80836776715.61276,0.0418473556069265,0.03766500041850049
2021-12-11,0.8020619750022888,0.8443099856376648,0.7893850207328796,0.8393129706382751,2056974461,0.0466016569249733,0.0431490521516146,XRP-USD,0.0,0,0.0,0,0.0,0.0,-0.6799999999999999,0.0,136725,1121485,,,83879740607.5963,0.04218867966619674,0.03785425167526856
2021-12-12,0.8387449979782104,0.8568210005760193,0.8112059831619263,0.841323971748352,1628060313,0.0023931427652583,0.0423579849665727,XRP-USD,0.0,0,0.0,0,0.0,0.0,-0.4599999999999999,0.0,133300,1248831,,,84191871943.28326,0.042775505212224604,0.03800410693878364
2021-12-13,0.8413529992103577,0.8459349870681763,0.7644910216331482,0.7828940153121948,2509034504,-0.0719794782201687,0.0441712569043257,XRP-USD,0.0,0,0.0,0,0.0,0.0,-0.4399999999999999,0.0,140193,1184254,,,78436560223.58452,0.04284581940815636,0.038376624977428345
2021-12-14,0.7827990055084229,0.8175889849662781,0.7755900025367737,0.7962489724159241,3477802545,0.0169145867271602,0.0446677610151219,XRP-USD,0.0,0,0.0,0,0.0,0.0,-0.5800000000000001,0.0,138763,1282847,,,81111421757.55211,0.04299688996700654,0.03898219312742932
2021-12-15,0.811722993850708,0.8400840163230896,0.7798140048980713,0.8274310231208801,3088068968,0.038413831675686,0.0469832903489406,XRP-USD,0.0,0,0.0,0,0.0,0.0,-0.4399999999999999,0.0,120616,1059517,,,82594119172.99501,0.0442658690773151,0.03959714300456438
2021-12-16,0.8277360200881958,0.8370389938354492,0.8046320080757141,0.8062300086021423,2178245900,-0.0259566757614333,0.0470899647847745,XRP-USD,0.0,0,0.0,0,0.0,0.0,-0.42,0.0,123117,1044651,,,80722447263.94803,0.04505405160394708,0.04030622807394867
2021-12-17,0.8059899806976318,0.8285940289497375,0.7804219722747803,0.7992910146713257,2364224847,-0.008643969198707,0.0457001017413492,XRP-USD,0.0,0,0.0,0,0.0,0.0,-0.54,0.0,120793,974462,,,79950647001.69907,0.04572247495890238,0.04100827491784095
2021-12-18,0.799006998538971,0.8346779942512512,0.7928079962730408,0.8273789882659912,1806931648,0.0345377557407762,0.0416289681941818,XRP-USD,0.0,0,0.0,0,0.0,0.0,-0.52,0.0,147266,1077050,,,82699030399.07222,0.045214017216873605,0.041179155219230844
2021-12-19,0.8271790146827698,0.848334014415741,0.8213099837303162,0.8350329995155334,1576121375,0.0092083856354195,0.039267681237428,XRP-USD,0.0,0,0.0,0,0.0,0.0,-0.42,0.0,155960,1123092,,,83753312875.50409,0.04413400126133482,0.041222563708671216
2021-12-20,0.8359389901161194,0.9142709970474244,0.8263760209083557,0.8798279762268066,4587029518,0.0522551623549643,0.0409840170787074,XRP-USD,0.0,0,0.0,0,0.0,0.0,-0.5,0.0,157212,1337313,,,87884658041.53891,0.04293414660728818,0.041286228558757784
2021-12-21,0.8794329762458801,0.9608590006828308,0.8543699979782104,0.9476460218429564,3748952692,0.0742546310426497,0.0446699898562015,XRP-USD,0.0,0,0.0,0,0.0,0.0,-0.4599999999999999,0.0,160665,1288350,,,94884378268.09764,0.04245015162157358,0.04145829545866847
2021-12-22,0.9481009840965272,0.9728090167045592,0.9271780252456664,0.9546989798545836,3317199427,0.0074150486072062,0.0429434747064106,XRP-USD,0.0,0,0.0,0,0.0,0.0,-0.0999999999999999,0.0,166929,1193652,,,95497869566.21112,0.04189882621458586,0.041712646357647015
2021-12-23,0.9548239707946776,1.0165590047836304,0.9408230185508728,0.9932850003242492,4257231145,0.039621545803185,0.0436848544613039,XRP-USD,0.0,0,0.0,0,0.0,0.0,-0.3199999999999999,0.0,188957,1752855,,,99282085321.04816,0.042310003468010275,0.0420070152142732
2021-12-24,0.994790017604828,0.9967250227928162,0.8990510106086731,0.9120470285415648,3864725087,-0.0853260771277098,0.0456528012920263,XRP-USD,0.0,0,0.0,0,0.0,0.0,-0.18,0.0,192669,1779343,,,90885358465.02176,0.04358702747892994,0.04247946782031136
2021-12-25,0.9123939871788024,0.9339140057563782,0.9023150205612184,0.924818992614746,1747049348,0.0139064795760198,0.0444154143302998,XRP-USD,0.0,0,0.0,0,0.0,0.0,-0.2199999999999999,0.0,131921,1427504,,,92658929072.30057,0.04427330692924843,0.042948534449529514
2021-12-26,0.9256860017776488,0.9340419769287108,0.90728098154068,0.921180009841919,1324703098,-0.0039425671212486,0.0444973937939571,XRP-USD,0.0,0,0.0,0,0.0,0.0,-0.26,0.0,147644,1439740,,,92047887295.48251,0.04423878771679954,0.04320851247636726
2021-12-27,0.9208040237426758,0.9558849930763244,0.9145079851150512,0.9261839985847472,1788981449,0.0054174498998613,0.0383887539843278,XRP-USD,0.0,0,0.0,0,0.0,0.0,-0.1999999999999999,0.0,124639,1398461,,,92828021350.701,0.04332784357238298,0.043158615403735265
2021-12-28,0.9267560243606568,0.9267560243606568,0.8486639857292175,0.8529599905014038,2281985956,-0.082360275544347,0.0458550138972097,XRP-USD,0.0,0,0.0,0,0.0,0.0,-0.18,0.0,126163,1419480,,,85636583130.32878,0.043761875459564135,0.043359187314732824
2021-12-29,0.8530769944190979,0.8650490045547485,0.8137099742889404,0.8167139887809753,2050248751,-0.0434236833004286,0.0464682139840293,XRP-USD,0.0,0,0.0,0,0.0,0.0,-0.4599999999999999,0.0,138015,1461888,,,81700998202.58443,0.04392495799796474,0.043679385348714454
2021-12-30,0.8179190158843994,0.8563140034675598,0.8044999837875366,0.8396490216255188,1880399926,0.0276950144853229,0.0464579313917525,XRP-USD,0.0,0,0.0,0,0.0,0.0,-0.56,0.0,132328,1386751,,,83842148497.78825,0.04433346141025528,0.04379930559721835
2021-12-31,0.8396810293197632,0.852940022945404,0.8057649731636047,0.8311629891395569,1736939791,-0.0101580613513526,0.046488626628808,XRP-USD,0.0,0,0.0,0,0.0,0.0,-0.4399999999999999,0.0,128343,1330057,,,83088392694.27728,0.044731707977225456,0.04391640643394276
2022-01-01,0.8312810063362122,0.8531979918479919,0.8307409882545471,0.8494719862937927,1156464024,0.0217890520968114,0.045940605751305,XRP-USD,0.0,0,0.0,0,0.0,0.0,-0.5800000000000001,0.0,142006,1347015,,,84772423287.01617,0.0462420783306209,0.04415741602275672
2022-01-02,0.8494420051574707,0.8635579943656921,0.839156985282898,0.8591179847717285,1134033205,0.0112912999895176,0.0459695201875178,XRP-USD,0.0,0,0.0,0,0.0,0.0,-0.42,0.0,141064,1616841,,,85949716924.47644,0.04626497958868252,0.04428561911529778
2022-01-03,0.8591070175170898,0.8591070175170898,0.8240519762039185,0.8328850269317627,1428968710,-0.0310106541085165,0.0443288640730693,XRP-USD,0.0,0,0.0,0,0.0,0.0,-0.42,0.0,141104,1572255,,,83284695411.52855,0.045837109606490525,0.04437520452922944
2022-01-04,0.832850992679596,0.8440759778022766,0.8196150064468384,0.8246729969978333,1514079366,-0.0099086692647104,0.0381946913002187,XRP-USD,0.0,0,0.0,0,0.0,0.0,-0.54,0.0,133549,1480842,,,82531751875.80692,0.04418446158818376,0.04410354245631549
2022-01-05,0.8247140049934387,0.8355330228805542,0.7327039837837219,0.7743579745292664,2252733064,-0.0629526744233892,0.0403084020214394,XRP-USD,0.0,0,0.0,0,0.0,0.0,-0.52,0.0,141372,1551334,,,77230152754.92537,0.04294841666671004,0.04390538977478446
2022-01-06,0.7742999792098999,0.7892169952392578,0.7442920207977295,0.7813460230827332,2165022786,0.0089838369820842,0.037875739262188,XRP-USD,0.0,0,0.0,0,0.0,0.0,-0.7,0.0,141319,1478406,,,78107334505.43584,0.041335443368886636,0.04349141017993207
2022-01-07,0.7812700271606445,0.7812700271606445,0.7346169948577881,0.7630739808082581,2329624598,-0.0236631160294317,0.0325474741085488,XRP-USD,0.0,0,0.0,0,0.0,0.0,-0.64,0.0,137549,1456064,,,76179888827.34125,0.038651034153092845,0.042830387876467264
2022-01-08,0.7631059885025024,0.7750840187072754,0.7278029918670654,0.7476879954338074,1792091501,-0.0203692144619224,0.0316662447707007,XRP-USD,0.0,0,0.0,0,0.0,0.0,-0.8,0.0,152602,1647056,,,74828482512.99892,0.03611851029261912,0.04219248528689234
2022-01-09,0.7477329969406128,0.7663210034370422,0.7415339946746826,0.7545049786567688,1182503166,0.0090761042510577,0.0322083456807259,XRP-USD,0.0,0,0.0,0,0.0,0.0,-0.54,0.0,131834,1424552,,,75378378435.07603,0.034921241168720564,0.04176427517264434
2022-01-10,0.7544280290603638,0.7585129737854004,0.7054790258407593,0.7393350005149841,2014043704,-0.0203107425841037,0.0317298773483787,XRP-USD,0.0,0,0.0,0,0.0,0.0,-0.54,0.0,120640,1429963,,,73843665290.815,0.03320553623410842,0.0414216477231421
2022-01-11,0.7393559813499451,0.7734609842300415,0.7341510057449341,0.7705540060997009,1897366203,0.0413586103618249,0.0289622835219785,XRP-USD,0.0,0,0.0,0,0.0,0.0,-0.5800000000000001,0.0,136768,1490540,,,77132908119.94028,0.03142284508606652,0.04087520528874533
2022-01-12,0.7706080079078674,0.8060479760169983,0.7596459984779358,0.7995479702949524,1976047994,0.0369367862618046,0.0292054084336565,XRP-USD,0.0,0,0.0,0,0.0,0.0,-0.56,0.0,164402,1353555,,,79942609869.46585,0.030754431951088058,0.04017226976953874
2022-01-13,0.7994549870491028,0.8009510040283203,0.7630820274353027,0.7683280110359192,1578656460,-0.0398297911725508,0.0295832934376228,XRP-USD,0.0,0,0.0,0,0.0,0.0,-0.5800000000000001,0.0,160399,1592723,,,76940328840.67694,0.030337841684472476,0.039564988802775654
2022-01-14,0.7683579921722412,0.789355993270874,0.7556279897689819,0.7742969989776611,1576111969,0.0077387799271378,0.0297915848359577,XRP-USD,0.0,0,0.0,0,0.0,0.0,-0.5800000000000001,0.0,150996,1513831,,,77395881407.56377,0.02985448951551884,0.03893347654707811
2022-01-15,0.774308979511261,0.788864016532898,0.7709490060806274,0.7814229726791382,1029135167,0.009161061975865,0.0290991971751549,XRP-USD,0.0,0,0.0,0,0.0,0.0,-0.54,0.0,182666,1704574,,,78143458658.78078,0.02932835348087408,0.03818103999631122
2022-01-16,0.7813079953193665,0.7839620113372803,0.7709529995918274,0.778954029083252,1005077258,-0.0031645501741034,0.0286934496274938,XRP-USD,0.0,0,0.0,0,0.0,0.0,-0.5800000000000001,0.0,172801,1436324,,,77962462335.05908,0.02927458670197714,0.03746640523709276
2022-01-17,0.7789989709854126,0.7801799774169922,0.7523519992828369,0.7627419829368591,1406443014,-0.0210322185928132,0.0281702202178503,XRP-USD,0.0,0,0.0,0,0.0,0.0,-0.56,0.0,159104,1746943,,,76230922337.04057,0.0290675490588159,0.036724260983633364
2022-01-18,0.7627689838409424,0.7680490016937256,0.7394639849662781,0.7526310086250305,1510069237,-0.0133447334961825,0.0282191553850428,XRP-USD,0.0,0,0.0,0,0.0,0.0,-0.52,0.0,181530,1866948,,,75287814132.11697,0.0287947214482999,0.03626200650184769
2022-01-19,0.7526140213012695,0.753154993057251,0.726485013961792,0.739749014377594,1446126322,-0.0172641204031972,0.0234270001821238,XRP-USD,0.0,0,0.0,0,0.0,0.0,-0.52,0.0,182076,1875506,,,74063646060.33554,0.02752180451753312,0.03524255133298015
2022-01-20,0.7397260069847107,0.7615829706192017,0.719402015209198,0.7194210290908813,1251475248,-0.027864196642648,0.024007608880481,XRP-USD,0.0,0,0.0,0,0.0,0.0,-0.52,0.0,191379,1889241,,,72128356958.48323,0.02650348685859834,0.03422161473736431
2022-01-21,0.7196090221405029,0.7282450199127197,0.623196005821228,0.6357380151748657,3150758603,-0.1236602096147971,0.0395463239392074,XRP-USD,0.0,0,0.0,0,0.0,0.0,-0.62,0.0,238618,2115459,,,63699012963.212845,0.028674061720941058,0.03390745076224863
2022-01-22,0.6360059976577759,0.6517930030822754,0.5594210028648376,0.5960419774055481,3613862355,-0.064475456176046,0.0418640049906755,XRP-USD,0.0,0,0.0,0,0.0,0.0,-0.74,0.0,232958,2145128,,,59423339922.9424,0.031412818675506105,0.03369724068778806
2022-01-23,0.5961930155754089,0.633994996547699,0.5938259959220886,0.6287559866905212,1851934913,0.0534321464703564,0.0454483319341245,XRP-USD,0.0,0,0.0,0,0.0,0.0,-0.78,0.0,205216,1786827,,,62849188182.75202,0.03485865398532244,0.033674864605188946
2022-01-24,0.6287699937820435,0.6287699937820435,0.5586680173873901,0.6121389865875244,2759980202,-0.0267838839482941,0.0455609669834494,XRP-USD,0.0,0,0.0,0,0.0,0.0,-0.74,0.0,227850,2058587,,,61218092195.02157,0.03928544734558757,0.03365629400500402
2022-01-25,0.6121439933776855,0.6212289929389954,0.5898879766464233,0.617563009262085,1731121388,0.0088217435915971,0.0433230845641222,XRP-USD,0.0,0,0.0,0,0.0,0.0,-0.76,0.0,237591,1934320,,,61963841325.95971,0.043148542482315796,0.03361057675459733
2022-01-26,0.6175439953804016,0.6525490283966064,0.6085879802703857,0.6220719814300537,2302112575,0.0072747092279557,0.0412193460632242,XRP-USD,0.0,0,0.0,0,0.0,0.0,-0.54,0.0,243846,1538199,,,62111496818.57888,0.043483146907119165,0.03374806106200667
2022-01-27,0.6219450235366821,0.6235079765319824,0.5914649963378906,0.6087700128555298,1586137620,-0.0216152626314826,0.0407597602234162,XRP-USD,0.0,0,0.0,0,0.0,0.0,-0.6,0.0,222759,1443067,,,60675571262.58456,0.0432622979536673,0.03376857734391471
2022-01-28,0.608618974685669,0.6128609776496887,0.5933970212936401,0.6125119924545288,1318006848,0.0061279725610269,0.040687899657086,XRP-USD,0.0,0,0.0,0,0.0,0.0,-0.52,0.0,189007,1343502,,,61148112142.60127,0.0423102114982596,0.03389640281641007
2022-01-29,0.6124910116195679,0.6234059929847717,0.6102579832077026,0.6169350147247314,958847124,0.0071951720183103,0.0405949136022401,XRP-USD,0.0,0,0.0,0,0.0,0.0,-0.52,0.0,220638,1875642,,,61580998524.11119,0.04131700082201774,0.03426219552066877
2022-01-30,0.6170060038566589,0.6225460171699524,0.5997710227966309,0.603181004524231,870878596,-0.0225463687385825,0.0404212261000497,XRP-USD,0.0,0,0.0,0,0.0,0.0,-0.42,0.0,191043,2014226,,,60397254032.7869,0.04073662912920324,0.03466014921745736
2022-01-31,0.6030629873275757,0.6223139762878418,0.5828480124473572,0.6191490292549133,1266538239,0.0261286767679695,0.042103189522502,XRP-USD,0.0,0,0.0,0,0.0,0.0,-0.6,0.0,179952,1878526,,,61787917086.73212,0.0409133978210588,0.035109914846629
2022-02-01,0.6190059781074524,0.630316972732544,0.6130499839782715,0.6292330026626587,1183031072,0.0161556198003385,0.0429172562375621,XRP-USD,0.0,0,0.0,0,0.0,0.0,-0.48,0.0,166651,1781053,,,62928520620.27714,0.04134489702388798,0.03561843206886461
2022-02-02,0.6292399764060974,0.6306949853897095,0.5991380214691162,0.6014829874038696,1182736030,-0.0451033701959345,0.0437767986071404,XRP-USD,0.0,0,0.0,0,0.0,0.0,-0.4399999999999999,0.0,171827,1825032,,,60118807430.406784,0.041962676813898855,0.036291819118190155
2022-02-03,0.6014149785041809,0.6076840162277222,0.5923489928245544,0.6076840162277222,1042290345,0.0102567853213589,0.044084804021975,XRP-USD,0.0,0,0.0,0,0.0,0.0,-0.6,0.0,190692,1877643,,,60640258247.67935,0.04266065489784584,0.03696815528129554
2022-02-04,0.6076200008392334,0.656495988368988,0.6051689982414246,0.6558769941329956,1543180484,0.0763182257002207,0.0369649599230723,XRP-USD,0.0,0,0.0,0,0.0,0.0,-0.6,0.0,189541,1967596,,,65069921925.5094,0.04196940166245036,0.0373036855760887
2022-02-05,0.655830979347229,0.6836820244789124,0.6522679924964905,0.6671270132064819,1760389771,0.0170071899661006,0.0316934814656885,XRP-USD,0.0,0,0.0,0,0.0,0.0,-0.3399999999999999,0.0,196817,2096146,,,66826641485.19233,0.03988746005108766,0.03739013542289464
2022-02-06,0.6671270132064819,0.6851930022239685,0.6623470187187195,0.6836469769477844,1095140341,0.024461216431063,0.0293623370740293,XRP-USD,0.0,0,0.0,0,0.0,0.0,-0.26,0.0,181899,1930889,,,68272290967.84061,0.0371764762183811,0.03740209632738893
2022-02-07,0.6835920214653015,0.8341550230979919,0.6744019985198975,0.8278189897537231,4197403037,0.1913528502621068,0.0562271298233077,XRP-USD,0.0,0,0.0,0,0.0,0.0,-0.0999999999999999,0.0,186657,2013491,,,82507155525.7923,0.039666542461614565,0.038653627245380476
2022-02-08,0.8283770084381104,0.9111369848251344,0.8061609864234924,0.8781939744949341,6159382645,0.0590729778272046,0.0569507184209162,XRP-USD,0.0,0,0.0,0,0.0,0.0,-0.04,0.0,174063,2157125,,,87938674332.0382,0.0422397253414028,0.039961831709156195
2022-02-09,0.8775150179862976,0.9090669751167296,0.8474010229110718,0.8706269860267639,3760269362,-0.0086538712228659,0.0574918175905189,XRP-USD,0.0,0,0.0,0,0.0,0.0,0.08,0.0,198050,1940588,,,88007682407.37532,0.04634509687489212,0.041292407263950566
2022-02-10,0.8708760142326355,0.8946149945259094,0.8299070000648499,0.8300099968910217,3535002566,-0.0477758805169704,0.0594796336549275,XRP-USD,0.0,0,0.0,0,0.0,0.0,0.0,0.0,186511,1980166,,,83433218165.57663,0.051902327312739915,0.04293116333089619
2022-02-11,0.8299409747123718,0.8299409747123718,0.7543309926986694,0.7602260112762451,3346204748,-0.0878219728361664,0.0663307722138733,XRP-USD,0.0,0,0.0,0,0.0,0.0,0.0,0.0,175032,1927340,,,75916798894.11699,0.059296014340708726,0.04485494348241402
2022-02-12,0.7602499723434448,0.8488379716873169,0.7530239820480347,0.8224080204963684,3457258389,0.0786208748734735,0.0683641952258477,XRP-USD,0.0,0,0.0,0,0.0,0.0,-0.12,0.0,196786,2091923,,,81926534338.65346,0.061723427421216726,0.046164846722715855
2022-02-13,0.8222330212593079,0.8442999720573425,0.7962769865989685,0.8102729916572571,2504198747,-0.0148654295793455,0.0680218359641832,XRP-USD,0.0,0,0.0,0,0.0,0.0,-0.12,0.0,180218,1970671,,,80915569152.52264,0.06393765092987011,0.04735383903969347
2022-02-14,0.8098729848861694,0.8104739785194397,0.7825509905815125,0.8022180199623108,2401300497,-0.0099908013602805,0.0684990206102811,XRP-USD,0.0,0,0.0,0,0.0,0.0,-0.0799999999999999,0.0,190328,1879615,,,80306560815.90077,0.06613909153382255,0.04840159761588241
2022-02-15,0.8022459745407104,0.8558570146560669,0.7982959747314453,0.8523330092430115,2249706300,0.0605968901212612,0.0694056448312781,XRP-USD,0.0,0,0.0,0,0.0,0.0,-0.0799999999999999,0.0,189352,1997913,,,84546810990.45508,0.06812429376909268,0.04948544660896554
2022-02-16,0.8523769974708557,0.8523769974708557,0.813139021396637,0.8390359878540039,2165008058,-0.0157237070894476,0.0676531971486467,XRP-USD,0.0,0,0.0,0,0.0,0.0,0.02,0.0,182351,1800080,,,84079161276.92401,0.06838877875604736,0.05059136081735302
2022-02-17,0.8387140035629272,0.8441330194473267,0.7582229971885681,0.7671729922294617,2798023719,-0.0895412793827509,0.0741344545403322,XRP-USD,0.0,0,0.0,0,0.0,0.0,0.04,0.0,147524,1683355,,,77016578759.59389,0.06954283061894426,0.05208750211176702
2022-02-18,0.7672860026359558,0.8039050102233887,0.7603300213813782,0.7858899831771851,2913093056,0.0241044922080654,0.0721894651178303,XRP-USD,0.0,0,0.0,0,0.0,0.0,-0.4,0.0,140917,1611583,,,78821606173.13295,0.07037635644967369,0.05351612506151311
2022-02-19,0.7858650088310242,0.8498160243034363,0.7736499905586243,0.8225280046463013,3325442943,0.045565718142157,0.0727155022449815,XRP-USD,0.0,0,0.0,0,0.0,0.0,-0.5,0.0,174333,1767609,,,82226191585.33354,0.07121965277661375,0.054971925179144725
2022-02-20,0.8225380182266235,0.8226720094680786,0.769985020160675,0.7782959938049316,3041836889,-0.0552756236761373,0.0750006527945595,XRP-USD,0.0,0,0.0,0,0.0,0.0,-0.4599999999999999,0.0,140876,1621345,,,78039802555.8867,0.07233865436927003,0.05653582241515924
2022-02-21,0.7781599760055542,0.7997499704360962,0.7019889950752258,0.70346599817276,3580522306,-0.1010873635765849,0.0595091454427339,XRP-USD,0.0,0,0.0,0,0.0,0.0,-0.5,0.0,143103,1690376,,,70709128715.09131,0.07070984402808747,0.05740345511255398
2022-02-22,0.7033330202102661,0.7251909971237183,0.6787869930267334,0.722832977771759,3539593096,0.0271586396980195,0.0571573402458638,XRP-USD,0.0,0,0.0,0,0.0,0.0,-0.6,0.0,132772,1632438,,,72049606183.00002,0.06731442116919381,0.0580877346908886
2022-02-23,0.7228519916534424,0.7389230132102966,0.6962800025939941,0.6987460255622864,2690184820,-0.0338908461794262,0.0573764873614511,XRP-USD,0.0,0,0.0,0,0.0,0.0,-0.5,0.0,128708,1537315,,,69896257697.80849,0.06435182561791795,0.05874497246924719
2022-02-24,0.6985800266265869,0.7128909826278687,0.6270939707756042,0.6962720155715942,5146799150,-0.0035469255758273,0.0566885562840911,XRP-USD,0.0,0,0.0,0,0.0,0.0,-0.54,0.0,117552,1690431,,,69356837608.2408,0.06114643642573988,0.059331870545472225
2022-02-25,0.696258008480072,0.7689030170440674,0.6857939958572388,0.7689030170440674,3460713330,0.0992244349228438,0.0595529879981614,XRP-USD,0.0,0,0.0,0,0.0,0.0,-0.4599999999999999,0.0,130167,1661306,,,75848369832.99681,0.058056903466460266,0.06003496981711706
2022-02-26,0.7686449885368347,0.7881870269775391,0.7436460256576538,0.7509729862213135,3051695701,-0.0235951651688275,0.055400761632872,XRP-USD,0.0,0,0.0,0,0.0,0.0,-0.48,0.0,124722,1699013,,,74900071687.09592,0.057235226704487885,0.06087296080392613
2022-02-27,0.7509660124778748,0.7648730278015137,0.710873007774353,0.721992015838623,2733141782,-0.0393556002697272,0.0560681672655353,XRP-USD,0.0,0,0.0,0,0.0,0.0,-0.48,0.0,120495,1527614,,,71828704323.53395,0.05701739210842218,0.06198090106755554
2022-02-28,0.721930980682373,0.7883219718933105,0.7131879925727844,0.782043993473053,3053923291,0.0798969161646619,0.0607992897057245,XRP-USD,0.0,0,0.0,0,0.0,0.0,-0.6,0.0,131492,1548650,,,78196999303.8046,0.05770195257727686,0.06340985345990531
2022-03-01,0.782069981098175,0.8006349802017212,0.7612339854240417,0.7848619818687439,2877778057,0.0035968864478174,0.0581488053686746,XRP-USD,0.0,0,0.0,0,0.0,0.0,0.02,0.0,206319,1865722,,,78545137838.90279,0.057994002394193556,0.06349720234833109
2022-03-02,0.7848759889602661,0.7848910093307495,0.7595980167388916,0.7684959769248962,2401047273,-0.0210725550548113,0.0582358888512631,XRP-USD,0.0,0,0.0,0,0.0,0.0,0.04,0.0,162247,1611098,,,76900835118.13469,0.057730582564813906,0.06355561918607412
2022-03-03,0.7685319781303406,0.7839249968528748,0.7389199733734131,0.7521849870681763,2213014779,-0.0214530408539529,0.0533883387796475,XRP-USD,0.0,0,0.0,0,0.0,0.0,-0.2199999999999999,0.0,117856,1467805,,,75378979726.44922,0.057328097994169006,0.06336909742194362
2022-03-04,0.752295970916748,0.7530519962310791,0.705610990524292,0.7126719951629639,2359803521,-0.0539610074088831,0.0545819919340017,XRP-USD,0.0,0,0.0,0,0.0,0.0,-0.3399999999999999,0.0,111491,1424933,,,71184111271.1291,0.05703086292786228,0.06314647734371971
2022-03-05,0.7127900123596191,0.7660850286483765,0.7074790000915527,0.7548999786376953,2297850919,0.0575639821161326,0.0555560976536491,XRP-USD,0.0,0,0.0,0,0.0,0.0,-0.56,0.0,105043,1383434,,,75422467321.5241,0.0559822245174472,0.06265671940916406
2022-03-06,0.7549229860305786,0.7583839893341064,0.7257639765739441,0.7259939908981323,1862292224,-0.0390435240566635,0.0546128857552005,XRP-USD,0.0,0,0.0,0,0.0,0.0,-0.56,0.0,113270,1388198,,,72607236980.26799,0.05527504059475238,0.06203165988777101
2022-03-07,0.7260109782218933,0.7516679763793945,0.709958016872406,0.7232869863510132,2920222453,-0.0037356561462716,0.047116215249689,XRP-USD,0.0,0,0.0,0,0.0,0.0,-0.54,0.0,94815,1338746,,,72387746217.1201,0.05305110587443755,0.061081404400748544
2022-03-08,0.7232310175895691,0.7292870283126831,0.7159389853477478,0.7209770083427429,1907305640,-0.0031988334355784,0.0465638591494155,XRP-USD,0.0,0,0.0,0,0.0,0.0,-0.5800000000000001,0.0,115994,1286994,,,72113661690.10995,0.05168620994839116,0.060084351607072824
2022-03-09,0.7210059762001038,0.7698889970779419,0.7210059762001038,0.7672359943389893,2408572082,0.0621871907600568,0.0482629789531599,XRP-USD,0.0,0,0.0,0,0.0,0.0,-0.56,0.0,102350,1353950,,,76600341540.82307,0.050422407352222795,0.05912332133988563
2022-03-10,0.7670270204544067,0.7754999995231628,0.7265679836273193,0.7374650239944458,2418938595,-0.0395757769718377,0.0497867123399457,XRP-USD,0.0,0,0.0,0,0.0,0.0,-0.4399999999999999,0.0,98140,1407654,,,73824408926.80035,0.04926853028948212,0.05831120839403559
2022-03-11,0.7375059723854065,0.8083329796791077,0.7276229858398438,0.8021550178527832,3478317257,0.0840832162847376,0.0476814493810135,XRP-USD,0.0,0,0.0,0,0.0,0.0,-0.56,0.0,124234,1379786,,,80134376353.44054,0.04788224301464472,0.05710879906861202
2022-03-12,0.8022289872169495,0.8459619879722595,0.7820590138435364,0.7865869998931885,3730330472,-0.0195985453807889,0.0475215142252004,XRP-USD,0.0,0,0.0,0,0.0,0.0,-0.56,0.0,97318,1460036,,,78624425637.7601,0.047963302809747,0.05598752857349248
2022-03-13,0.7865380048751831,0.8036320209503174,0.7584080100059509,0.7613509893417358,2141326402,-0.0326088601579487,0.0470878001107895,XRP-USD,0.0,0,0.0,0,0.0,0.0,-0.5800000000000001,0.0,95484,1326773,,,76022377347.36255,0.0480680910020218,0.0548226330219383
2022-03-14,0.7613760232925415,0.7759349942207336,0.7525740265846252,0.7746559977531433,2212291022,0.0173245842021766,0.0420035094366459,XRP-USD,0.0,0,0.0,0,0.0,0.0,-0.54,0.0,84774,1209807,,,77452606462.77582,0.046816197098719,0.05332276286930586
2022-03-15,0.77463698387146,0.7758110165596008,0.7456349730491638,0.7667829990386963,1830181545,-0.0102152173306047,0.0420575518828513,XRP-USD,0.0,0,0.0,0,0.0,0.0,-0.5800000000000001,0.0,93465,1245895,,,76645176057.57616,0.045270365007300126,0.052529508616583925
2022-03-16,0.766746997833252,0.7936149835586548,0.7592189908027649,0.793537974357605,2480411473,0.034297555990071,0.0426907534666568,XRP-USD,0.0,0,0.0,0,0.0,0.0,-0.52,0.0,66831,1204877,,,79181351573.76218,0.04427222582442878,0.051871936490256336
2022-03-17,0.7934359908103943,0.8005679845809937,0.7844390273094177,0.7935029864311218,1862028805,-4.4092027053155605e-05,0.0421549014006825,XRP-USD,0.0,0,0.0,0,0.0,0.0,-0.4599999999999999,0.0,87588,1339332,,,79355053996.63359,0.043198903259525204,0.05118004621931231
2022-03-18,0.7934510111808777,0.7991120219230652,0.779350996017456,0.7982659935951233,1850743124,0.00598456363876,0.0387406275697783,XRP-USD,0.0,0,0.0,0,0.0,0.0,-0.5,0.0,87666,1260307,,,79819742416.24661,0.04152946875132296,0.05036423127775264
2022-03-19,0.7981269955635071,0.825232982635498,0.7936090230941772,0.8193730115890503,2046393370,0.0260975605575251,0.0364981202309597,XRP-USD,0.0,0,0.0,0,0.0,0.0,-0.4399999999999999,0.0,86084,1348006,,,81889851873.34149,0.04042839091018572,0.04931628274287983
2022-03-20,0.8193789720535278,0.8208140134811401,0.7982490062713623,0.8061209917068481,1529598149,-0.0163055827530766,0.0348135715959301,XRP-USD,0.0,0,0.0,0,0.0,0.0,-0.38,0.0,83053,1238309,,,80606745577.18718,0.03897959485280148,0.04838050137756429
2022-03-21,0.8059629797935486,0.8511260151863098,0.7921599745750427,0.8381519913673401,2485293314,0.0389656129616331,0.035616852390301,XRP-USD,0.0,0,0.0,0,0.0,0.0,-0.4,0.0,111908,1446588,,,83653004399.8297,0.03756481463753032,0.047450896155962735
2022-03-22,0.838034987449646,0.8629260063171387,0.8299880027770996,0.8370969891548157,2370573276,-0.0012595170798616,0.0355630889534,XRP-USD,0.0,0,0.0,0,0.0,0.0,-0.48,0.0,92540,1369952,,,83666975181.10759,0.036246452148073816,0.04630379612176616
2022-03-23,0.8371340036392212,0.8441460132598877,0.8205729722976685,0.8378869891166687,2076377569,0.0009432926292784,0.032360697292417,XRP-USD,0.0,0,0.0,0,0.0,0.0,-0.38,0.0,104287,1391605,,,83664004229.3373,0.03497046609260156,0.04513160939102718
2022-03-24,0.8378570079803467,0.8493279814720154,0.8296269774436951,0.8429679870605469,2278978187,0.0060457487317005,0.0295626167328295,XRP-USD,0.0,0,0.0,0,0.0,0.0,-0.1999999999999999,0.0,86331,1225382,,,84336625635.27405,0.03358336539297552,0.04382827884018929
2022-03-25,0.8429679870605469,0.8440849781036377,0.8228740096092224,0.8251270055770874,1600059784,-0.0213916616234081,0.0214279298816725,XRP-USD,0.0,0,0.0,0,0.0,0.0,-0.06,0.0,89796,1183229,,,82460995706.94742,0.030906237050124,0.04237553298119043
2022-03-26,0.8251529932022095,0.8343070149421692,0.8223249912261963,0.8327720165252686,1056420320,0.0092225944212274,0.0205583539546766,XRP-USD,0.0,0,0.0,0,0.0,0.0,0.02,0.0,101003,1180719,,,83247043740.3182,0.02789453736299912,0.04082900398213019
2022-03-27,0.8328149914741516,0.857375979423523,0.8303390145301819,0.8573430180549622,1505124770,0.0290781778957409,0.0186093147751136,XRP-USD,0.0,0,0.0,0,0.0,0.0,-0.02,0.0,129151,1335425,,,85628738159.0514,0.02450378252734184,0.039149604760378584
2022-03-28,0.8574079871177673,0.9080860018730164,0.8552110195159912,0.8633040189743042,3205464277,0.0069288176357747,0.0184359200035808,XRP-USD,0.0,0,0.0,0,0.0,0.0,0.1999999999999999,0.0,142248,1660307,,,87231358244.48163,0.0217188270695746,0.03750519722621405
2022-03-29,0.8630890250205994,0.8844410181045532,0.8488609790802002,0.8579999804496765,2120020042,-0.006162833890939,0.0181621201508457,XRP-USD,0.0,0,0.0,0,0.0,0.0,0.1200000000000001,0.0,106364,1350559,,,85719010700.73158,0.019438727753177842,0.03618910199444844
2022-03-30,0.8579419851303101,0.8712790012359619,0.8494250178337097,0.8608139753341675,1832671641,0.003274347859667,0.016529722360215,XRP-USD,0.0,0,0.0,0,0.0,0.0,0.1,0.0,86904,1296835,,,86139307803.47618,0.018459086248886338,0.034823913958575696
2022-03-31,0.8608800172805786,0.8708660006523132,0.8038809895515442,0.8145639896392822,2611691934,-0.0552254365124813,0.0232475966794025,XRP-USD,0.0,0,0.0,0,0.0,0.0,0.04,0.0,88386,1361355,,,81527607637.85191,0.018996934793831518,0.03368685112795036
2022-04-01,0.8147090077400208,0.8336780071258545,0.8102560043334961,0.8277400135993958,2091887103,0.0160461237923937,0.0235382487493067,XRP-USD,0.0,0,0.0,0,0.0,0.0,0.0,0.0,65259,1176833,,,82654176976.36887,0.019982721588670142,0.032493739146557676
2022-04-02,0.8277350068092346,0.8485999703407288,0.824828028678894,0.8249189853668213,1624227101,-0.003413929884196,0.0225727201096014,XRP-USD,0.0,0,0.0,0,0.0,0.0,0.04,0.0,64956,1173662,,,82649755625.94193,0.02081008160987426,0.0313524332705844
2022-04-03,0.8248909711837769,0.8501539826393127,0.817264974117279,0.8429499864578247,1348476817,0.0216224462391715,0.0226787178862171,XRP-USD,0.0,0,0.0,0,0.0,0.0,-0.04,0.0,74519,1202433,,,84290508127.311,0.021713401156948538,0.03022321525517607
2022-04-04,0.8429229855537415,0.8429520130157471,0.8108900189399719,0.8272510170936584,1876069127,-0.0187994519079765,0.0208504332853418,XRP-USD,0.0,0,0.0,0,0.0,0.0,0.04,0.0,96152,1424331,,,82758982412.78786,0.0225775433419739,0.02903060767220117
2022-04-05,0.827226996421814,0.8332870006561279,0.817110002040863,0.8176419734954834,1548706718,-0.0116836207113451,0.0210480977520663,XRP-USD,0.0,0,0.0,0,0.0,0.0,0.06,0.0,96151,1296659,,,81881123583.76349,0.02213764355650666,0.028078088959265734
2022-04-06,0.8176270127296448,0.8184049725532532,0.7612850069999695,0.7613139748573303,2527126540,-0.0713787008628092,0.0280614179543852,XRP-USD,0.0,0,0.0,0,0.0,0.0,-0.04,0.0,108509,1228396,,,76578587344.8987,0.02304227739752236,0.027441901053426365
2022-04-07,0.7613610029220581,0.7894840240478516,0.7581139802932739,0.7879999876022339,1628783831,0.034452219410212,0.0300236349165102,XRP-USD,0.0,0,0.0,0,0.0,0.0,-0.3199999999999999,0.0,85714,1247284,,,78834223663.20277,0.02453246035890412,0.026866122937510614
2022-04-08,0.7879970073699951,0.7929850220680237,0.7508929967880249,0.7540559768676758,1684019539,-0.0440314689948064,0.0315557005858749,XRP-USD,0.0,0,0.0,0,0.0,0.0,-0.26,0.0,91760,1301721,,,75212110280.11629,0.02630785689883568,0.026384341082292085
2022-04-09,0.7540410161018372,0.7660620212554932,0.7540410161018372,0.7635849714279175,1008306245,0.0125578053178823,0.0316952699339862,XRP-USD,0.0,0,0.0,0,0.0,0.0,-0.4,0.0,133486,1413619,,,76105017712.2048,0.028476824228564557,0.026064097553392448
2022-04-10,0.7636039853096008,0.7724660038948059,0.7551810145378113,0.7566140294075012,1046936968,-0.0091711557198337,0.0300253755413532,XRP-USD,0.0,0,0.0,0,0.0,0.0,-0.3199999999999999,0.0,148986,1548917,,,75686344313.44324,0.03027227978642194,0.025769881885683063
2022-04-11,0.7564219832420349,0.7564219832420349,0.6857380270957947,0.6950230002403259,2367700413,-0.0849083158397408,0.0357760471980009,XRP-USD,0.0,0,0.0,0,0.0,0.0,-0.36,0.0,145073,1606703,,,69682763816.5962,0.031815205635145075,0.02581363077668628
2022-04-12,0.6951689720153809,0.7215920090675354,0.6942750215530396,0.7166140079498291,1990027592,0.0305924135865283,0.0378040789684939,XRP-USD,0.0,0,0.0,0,0.0,0.0,-0.6,0.0,108875,1349240,,,71720711334.78682,0.03337129444554182,0.025913050166604137
2022-04-13,0.7165120244026184,0.7247589826583862,0.7039980292320251,0.7238500118255615,1678860044,0.0100468524623826,0.0380688499652382,XRP-USD,0.0,0,0.0,0,0.0,0.0,-0.5,0.0,73766,1286479,,,72388676461.39352,0.03467392432141448,0.026026948394414964
2022-04-14,0.7237380146980286,0.7401549816131592,0.7105860114097595,0.7268189787864685,1716488200,0.0040932440487142,0.0361877233016232,XRP-USD,0.0,0,0.0,0,0.0,0.0,-0.4399999999999999,0.0,73087,1198317,,,72650104826.44885,0.035572414994941876,0.026200904122106152
2022-04-15,0.7267959713935852,0.7936800122261047,0.7266169786453247,0.7856749892234802,2897060464,0.0778657582131507,0.0425742338069931,XRP-USD,0.0,0,0.0,0,0.0,0.0,-0.56,0.0,81352,1481895,,,78249119494.84691,0.03808218664806986,0.026792341261840866
2022-04-16,0.7856529951095581,0.7971289753913879,0.7692189812660217,0.781840980052948,1526957904,-0.0048918376480418,0.0425752342954123,XRP-USD,0.0,0,0.0,0,0.0,0.0,-0.4399999999999999,0.0,66321,1197430,,,78184972116.12738,0.03944202406755214,0.02775358237155631
2022-04-17,0.7817919850349426,0.7844079732894897,0.7505530118942261,0.7531539797782898,1350930297,-0.0373816742385384,0.0427816920661789,XRP-USD,0.0,0,0.0,0,0.0,0.0,-0.4399999999999999,0.0,47726,1239504,,,75317394021.90334,0.04043754668708914,0.028763734103897324
2022-04-18,0.7531870007514954,0.7681940197944641,0.7323600053787231,0.7680169939994812,2134418883,0.0195421651939809,0.0432648218281717,XRP-USD,0.0,0,0.0,0,0.0,0.0,-0.52,0.0,77721,1229264,,,76768883356.15692,0.041476741059675845,0.02988443896994542
2022-04-19,0.7680420279502869,0.7801910042762756,0.7599610090255737,0.7750629782676697,1834225828,0.0091324278262592,0.0433863348877902,XRP-USD,0.0,0,0.0,0,0.0,0.0,-0.4599999999999999,0.0,71824,1159520,,,77478178700.17288,0.04291646337690924,0.03101854873740948
2022-04-20,0.7750549912452698,0.7750549912452698,0.744376003742218,0.7521780133247375,1798898557,-0.0299712725497676,0.0396795875037638,XRP-USD,0.0,0,0.0,0,0.0,0.0,-0.4599999999999999,0.0,78619,1157957,,,75192914416.09395,0.042337534116263384,0.031996615435269396
2022-04-21,0.7521770000457764,0.7647619843482971,0.72502601146698,0.7331780195236206,1990297103,-0.0255844790942442,0.0388039584660272,XRP-USD,0.0,0,0.0,0,0.0,0.0,-0.4599999999999999,0.0,61007,1129527,,,73040905964.05574,0.04158327895038636,0.03300908071280632
2022-04-22,0.7331600189208984,0.7381619811058044,0.7164610028266907,0.7191939949989319,1881203798,-0.0192574031225925,0.037435234179165,XRP-USD,0.0,0,0.0,0,0.0,0.0,-0.48,0.0,46800,1156840,,,71868301921.63167,0.040513987372983576,0.03365397332643188
2022-04-23,0.7191439867019653,0.7246689796447754,0.707360029220581,0.707705020904541,1332520641,-0.0161037638301339,0.0372799157051883,XRP-USD,0.0,0,0.0,0,0.0,0.0,-0.52,0.0,54447,1162714,,,70859388518.7288,0.0393170061483869,0.03427859455169923
2022-04-24,0.7074869871139526,0.7118300199508667,0.6980249881744385,0.6987389922142029,1108217932,-0.0127500989302541,0.0373198049286532,XRP-USD,0.0,0,0.0,0,0.0,0.0,-0.52,0.0,68871,1154536,,,69896527087.02321,0.0381037001565595,0.034948916588928854
2022-04-25,0.698756992816925,0.6989399790763855,0.6482419967651367,0.6944260001182556,2377291271,-0.0061916655938209,0.0295961972575977,XRP-USD,0.0,0,0.0,0,0.0,0.0,-0.54,0.0,100984,1392348,,,69512348379.89703,0.036087022107326276,0.035263347469446156
2022-04-26,0.6943339705467224,0.7040960192680359,0.6344169974327087,0.6416990160942078,2160649427,-0.0789662337365285,0.034880135606847,XRP-USD,0.0,0,0.0,0,0.0,0.0,-0.4599999999999999,0.0,78494,1246820,,,63913134441.21425,0.035302257535490246,0.035901061211332755
2022-04-27,0.6417940258979797,0.6613770127296448,0.6403800249099731,0.652318000793457,1722422062,0.0164128028274524,0.0351721839935655,XRP-USD,0.0,0,0.0,0,0.0,0.0,-0.5800000000000001,0.0,92842,1260449,,,65135929633.17221,0.03484964749837034,0.036543065131400904
2022-04-28,0.6523129940032959,0.6553440093994141,0.6362680196762085,0.6443629860877991,1546067106,-0.0122699639919396,0.0350313186752362,XRP-USD,0.0,0,0.0,0,0.0,0.0,-0.52,0.0,94433,1268617,,,64405216050.18399,0.03439992809237992,0.036859878800530495
2022-04-29,0.6442840099334717,0.645609974861145,0.6039040088653564,0.6114069819450378,1962197662,-0.0524993813166373,0.0265882040649641,XRP-USD,0.0,0,0.0,0,0.0,0.0,-0.54,0.0,82979,1254833,,,61087185769.99029,0.0322536079196421,0.03670372285273294
2022-04-30,0.6114050149917603,0.6271420121192932,0.5815759897232056,0.5870910286903381,1649221930,-0.0405829467589668,0.0269522628766608,XRP-USD,0.0,0,0.0,0,0.0,0.0,-0.6,0.0,98112,1331316,,,58463001126.09141,0.03172482104345472,0.0364944756841323
2022-05-01,0.587086021900177,0.6102319955825806,0.5810499787330627,0.6078439950942993,1657999135,0.0347383797909538,0.0301698258084826,XRP-USD,0.0,0,0.0,0,0.0,0.0,-0.56,0.0,71567,1386300,,,60729644793.537285,0.030782759083781842,0.036425137314791224
2022-05-02,0.6078190207481384,0.6293100118637085,0.6017900109291077,0.6142690181732178,1687184077,0.0105147105128161,0.0294556322205543,XRP-USD,0.0,0,0.0,0,0.0,0.0,-0.4399999999999999,0.0,76310,1324366,,,61408386614.48189,0.0296394487291796,0.03639923989111855
2022-05-03,0.61421799659729,0.6250830292701721,0.5981860160827637,0.6048489809036255,1460418466,-0.0154541640090646,0.0285642426828441,XRP-USD,0.0,0,0.0,0,0.0,0.0,-0.4599999999999999,0.0,83211,1275773,,,60366397498.68837,0.02834603353070118,0.03607143059497506
2022-05-04,0.6048039793968201,0.6478449702262878,0.604744017124176,0.6464740037918091,1959359438,0.0665541781880343,0.0360468286607962,XRP-USD,0.0,0,0.0,0,0.0,0.0,-0.5800000000000001,0.0,68025,1243465,,,64579023268.07127,0.0302377584498676,0.0359915555809888
2022-05-05,0.6464629769325256,0.655036985874176,0.5848119854927063,0.5988860130310059,2183469244,-0.0764617021516675,0.0399981745693148,XRP-USD,0.0,0,0.0,0,0.0,0.0,-0.4599999999999999,0.0,71394,1342731,,,59767720351.98338,0.0328469407883984,0.03607925215390137
2022-05-06,0.5988320112228394,0.6134819984436035,0.5916119813919067,0.6025699973106384,2003273389,0.0061325521593497,0.0403376595212164,XRP-USD,0.0,0,0.0,0,0.0,0.0,-0.56,0.0,63192,1208538,,,60281775487.79108,0.03488050753094516,0.036267885618428336
2022-05-07,0.6025609970092773,0.6038399934768677,0.5739279985427856,0.5823469758033752,1250412025,-0.0341373882815618,0.0407427605430186,XRP-USD,0.0,0,0.0,0,0.0,0.0,-0.54,0.0,61166,1149276,,,58166910637.96972,0.03713793319543802,0.03618463683370222
2022-05-08,0.5823990106582642,0.5826339721679688,0.5627570152282715,0.5665270090103149,1505054300,-0.0275416921304668,0.040901406658277,XRP-USD,0.0,0,0.0,0,0.0,0.0,-0.64,0.0,63670,1178271,,,56640574433.20143,0.039605365990524596,0.03610855375928698
2022-05-09,0.566519021987915,0.5759940147399902,0.4807220101356506,0.4929400086402893,3297478002,-0.1391372760032762,0.0524937621915205,XRP-USD,0.0,0,0.0,0,0.0,0.0,-0.78,0.0,74546,1357787,,,49375413132.30034,0.042894752696669466,0.036550011492257055
2022-05-10,0.4924399852752685,0.5352990031242371,0.4781099855899811,0.513625979423523,3455777036,0.0411078537759058,0.0527151530308828,XRP-USD,0.0,0,0.0,0,0.0,0.0,-0.8,0.0,102191,1447904,,,51263460419.90506,0.04543814838898306,0.03697957200147119
2022-05-11,0.5135430097579956,0.5216230154037476,0.382425993680954,0.4133760035037994,5290247987,-0.2171377352001338,0.0742558519333085,XRP-USD,0.0,0,0.0,0,0.0,0.0,-0.76,0.0,95264,1689449,,,41066326816.78016,0.05222178687140148,0.03838273186717657
2022-05-12,0.4133990108966827,0.426483005285263,0.3449540138244629,0.385206013917923,4641055357,-0.0705793066283021,0.0746629604194405,XRP-USD,0.0,0,0.0,0,0.0,0.0,-0.76,0.0,87582,1717034,,,38353510800.356606,0.05900582684668586,0.039972885181525517
2022-05-13,0.3851779997348785,0.462336003780365,0.3827329874038696,0.4234170019626617,2949331810,0.0945792214295548,0.0822393701107259,XRP-USD,0.0,0,0.0,0,0.0,0.0,-0.8,0.0,56354,1408580,,,42303321185.356895,0.06727341953717564,0.04194722207446636
2022-05-14,0.4234189987182617,0.4395039975643158,0.3986580073833465,0.4277740120887756,2021953522,0.0102375333101895,0.0826781624839067,XRP-USD,0.0,0,0.0,0,0.0,0.0,-0.8200000000000001,0.0,70921,1302061,,,42637760176.87647,0.07331029959565288,0.04400371881559099
2022-05-15,0.4276869893074035,0.447613000869751,0.4166190028190613,0.4473710060119629,1427697924,0.0447931944421525,0.08325633177662,XRP-USD,0.0,0,0.0,0,0.0,0.0,-0.8,0.0,59632,1200030,,,44553710717.49121,0.07941853534480033,0.046093555909746974
2022-05-16,0.4474070072174072,0.4475690126419067,0.412086009979248,0.4224990010261535,1839092427,-0.0572011590803677,0.0831956092264351,XRP-USD,0.0,0,0.0,0,0.0,0.0,-0.72,0.0,83515,1249242,,,42224147393.41254,0.08120648680342564,0.04817881974146434
2022-05-17,0.4224570095539093,0.4390920102596283,0.4211519956588745,0.437622994184494,1598581919,0.0351707134934218,0.0848080640640617,XRP-USD,0.0,0,0.0,0,0.0,0.0,-0.84,0.0,110521,1283611,,,43750080482.5545,0.08323550753234987,0.05068845005084906
2022-05-18,0.437635987997055,0.4412670135498047,0.4061659872531891,0.4061659872531891,1599734223,-0.0745958842024969,0.0816595666023851,XRP-USD,0.0,0,0.0,0,0.0,0.0,-0.76,0.0,91011,1237207,,,40708180075.833046,0.08311954683068172,0.052814787823373524
2022-05-19,0.4060620069503784,0.4223630130290985,0.3974870145320892,0.419975996017456,1557252121,0.0334356456545478,0.082458991932663,XRP-USD,0.0,0,0.0,0,0.0,0.0,-0.74,0.0,79315,1224715,,,41890922977.22433,0.08307571272043299,0.054964188184241584
2022-05-20,0.4199270009994507,0.4375059902667999,0.4031780064105987,0.4111370146274566,1721877559,-0.0212710294403525,0.0819780737971414,XRP-USD,0.0,0,0.0,0,0.0,0.0,-0.74,0.0,59889,1199489,,,41126321910.20747,0.08282006112453726,0.05709813159887365
2022-05-21,0.4111280143260956,0.4172559976577759,0.405364990234375,0.4146730005741119,875738315,0.0085637313463556,0.0824970613460465,XRP-USD,0.0,0,0.0,0,0.0,0.0,-0.74,0.0,63687,1160512,,,41448948275.58542,0.08268035154845954,0.05963944329346829
2022-05-22,0.4146910011768341,0.4243369996547699,0.41109099984169,0.422336995601654,896133087,0.0183133039160769,0.0832632774908197,XRP-USD,0.0,0,0.0,0,0.0,0.0,-0.72,0.0,37332,1085925,,,42234744785.79022,0.08237139423381114,0.06219903486683915
2022-05-23,0.4222599864006042,0.4278349876403808,0.4043579995632171,0.4046710133552551,1399019792,-0.0427291388281225,0.0764470951295966,XRP-USD,0.0,0,0.0,0,0.0,0.0,-0.8,0.0,80884,1247876,,,40425428062.95377,0.08132889993925344,0.06430254710870796
2022-05-24,0.404680997133255,0.4132890105247497,0.3936460018157959,0.4087130129337311,1394251522,0.0099388055829114,0.0751588109636319,XRP-USD,0.0,0,0.0,0,0.0,0.0,-0.76,0.0,75921,1100648,,,40867266087.238335,0.07986886374544722,0.06637996432430242
2022-05-25,0.4086999893188476,0.4129660129547119,0.3967599868774414,0.4057849943637848,1587278448,-0.0071897810844519,0.0480722466479383,XRP-USD,0.0,0,0.0,0,0.0,0.0,-0.78,0.0,49301,1144603,,,40598199698.88468,0.0730876983156066,0.06726669177726123
2022-05-26,0.405799001455307,0.4101189970970154,0.3807229995727539,0.3931699991226196,2091610974,-0.0315813627163422,0.0447667462996204,XRP-USD,0.0,0,0.0,0,0.0,0.0,-0.76,0.0,54652,1188225,,,39369559672.16841,0.06554163530632137,0.06766305166993507
2022-05-27,0.3930760025978088,0.4012799859046936,0.378165990114212,0.3817870020866394,1927217638,-0.0293792191438683,0.0364116847372693,XRP-USD,0.0,0,0.0,0,0.0,0.0,-0.76,0.0,46127,1225285,,,38131680845.59545,0.0561713167556113,0.06750002940484208
2022-05-28,0.386586993932724,0.3881149888038635,0.3817160129547119,0.3863230049610138,865258883,0.0118109530227195,0.0364726639809176,XRP-USD,0.0,0,0.0,0,0.0,0.0,-0.74,0.0,62879,1199601,,,38621532733.82391,0.0481764305258755,0.06732434778937396
2022-05-29,0.3863309919834137,0.3894959986209869,0.3807620108127594,0.3890160024166107,752879867,0.0069466601304028,0.0336060663447501,XRP-USD,0.0,0,0.0,0,0.0,0.0,-0.72,0.0,57981,1157254,,,38851143619.39067,0.03986588160209914,0.06699995259854358
2022-05-30,0.3890190124511719,0.4187020063400268,0.3876360058784485,0.4181750118732452,1404448305,0.0722795535009825,0.0372330927644807,XRP-USD,0.0,0,0.0,0,0.0,0.0,-0.8,0.0,70027,1246732,,,41795601245.07379,0.03769805082540762,0.06683321105791647
2022-05-31,0.4181259870529175,0.4296759963035583,0.4088990092277527,0.4218670129776001,1738462198,0.0087900956552558,0.0359205855710048,XRP-USD,0.0,0,0.0,0,0.0,0.0,-0.6799999999999999,0.0,66867,1241234,,,42295713503.41648,0.0359288186796845,0.06607988484789303
2022-06-01,0.4218890070915222,0.4251179993152618,0.3926169872283935,0.3980849981307983,1569696040,-0.0580245836205482,0.0335619358635458,XRP-USD,0.0,0,0.0,0,0.0,0.0,-0.6599999999999999,0.0,80805,1339947,,,39828407680.6673,0.0353588689049398,0.06520928406755953
2022-06-02,0.3980790078639984,0.4066640138626098,0.3925530016422272,0.4053019881248474,1298797541,0.017966893313119,0.0325654511135975,XRP-USD,0.0,0,0.0,0,0.0,0.0,-0.74,0.0,43243,1164043,,,40532309753.2688,0.03457742633147578,0.06331426584848175
2022-06-03,0.4053150117397308,0.4094400107860565,0.3855000138282776,0.3907659947872162,1284592602,-0.0365235369185383,0.0334825017167341,XRP-USD,0.0,0,0.0,0,0.0,0.0,-0.8,0.0,76772,1299267,,,38960587946.22617,0.034552713405872584,0.06144242681654055
2022-06-04,0.3907809853553772,0.393462985754013,0.3862859904766083,0.3923090100288391,696569397,0.003940918121914,0.0333756242274204,XRP-USD,0.0,0,0.0,0,0.0,0.0,-0.72,0.0,67989,1151801,,,39168678616.21098,0.03378121969846052,0.059221347458208486
2022-06-05,0.3923240005970001,0.3993369936943054,0.390267014503479,0.3953799903392792,726398938,0.0077974831914959,0.0329514313200385,XRP-USD,0.0,0,0.0,0,0.0,0.0,-0.8,0.0,74900,1181169,,,39518438792.60651,0.03318738884826726,0.056961041496214476
2022-06-06,0.3954020142555237,0.408486008644104,0.3948760032653808,0.4030109941959381,1221803580,0.0191165391240115,0.0315796248425035,XRP-USD,0.0,0,0.0,0,0.0,0.0,-0.74,0.0,69933,1265789,,,40202014585.78614,0.0327909266440588,0.054612100271936456
2022-06-07,0.4030089974403381,0.4164769947528839,0.3857820034027099,0.4077019989490509,1666703798,0.011572670345469,0.0316233370232011,XRP-USD,0.0,0,0.0,0,0.0,0.0,-0.7,0.0,42519,1228917,,,40721704521.53777,0.032602503825979526,0.05226790608088036
2022-06-08,0.4076910018920898,0.4098930060863495,0.3961479961872101,0.4006479978561401,1183206226,-0.0174532818307992,0.0319160307301957,XRP-USD,0.0,0,0.0,0,0.0,0.0,-0.6599999999999999,0.0,108349,1393983,,,40105222950.690254,0.032289209628671836,0.04986372274752282
2022-06-09,0.4006580114364624,0.4036070108413696,0.3976199924945831,0.4003239870071411,911815336,-0.0008090441932942,0.0306768136332396,XRP-USD,0.0,0,0.0,0,0.0,0.0,-0.78,0.0,66346,1167442,,,39939269757.57552,0.03174944750983568,0.04754632488528893
2022-06-10,0.4003159999847412,0.4099160134792328,0.3808810114860534,0.381736010313034,1424539679,-0.0475448895522132,0.032409010899192,XRP-USD,0.0,0,0.0,0,0.0,0.0,-0.74,0.0,64333,1462604,,,38183660341.93325,0.03164096342566638,0.04527132574740388
2022-06-11,0.3817639946937561,0.3880560100078583,0.3586260080337524,0.3590250015258789,1111401064,-0.0613372690302042,0.0360487360896405,XRP-USD,0.0,0,0.0,0,0.0,0.0,-0.76,0.0,67147,1541533,,,35922465216.84814,0.03253478567509378,0.04318362857888112
2022-06-12,0.3590910136699676,0.3646950125694275,0.3416090011596679,0.3454900085926056,1370072145,-0.0384283040971725,0.0368990726104804,XRP-USD,0.0,0,0.0,0,0.0,0.0,-0.72,0.0,42005,1448132,,,34566761162.534615,0.03358993279254964,0.04111099272726448
2022-06-13,0.3454090058803558,0.3488770127296448,0.3038530051708221,0.310802012681961,2558939154,-0.1058076298163629,0.0376081527197442,XRP-USD,0.0,0,0.0,0,0.0,0.0,-0.78,0.0,55552,1743651,,,30816593169.749275,0.034728357190459344,0.03903575978312468
2022-06-14,0.310820996761322,0.323523998260498,0.2951659858226776,0.3221429884433746,1977069964,0.0358394161829274,0.0398926074279772,XRP-USD,0.0,0,0.0,0,0.0,0.0,-0.84,0.0,91123,1811937,,,32056792605.4989,0.036571515949406865,0.037374192160323796
2022-06-15,0.3220990002155304,0.3448309898376465,0.3007110059261322,0.3437030017375946,2242860490,0.0647824069494027,0.0440040199528854,XRP-USD,0.0,0,0.0,0,0.0,0.0,-0.86,0.0,88590,1526684,,,34260423188.32704,0.038890517760145536,0.03595806529619896
2022-06-16,0.3436839878559112,0.3453730046749115,0.3084169924259186,0.3120560050010681,1477710114,-0.0965952425062792,0.0487055531611726,XRP-USD,0.0,0,0.0,0,0.0,0.0,-0.86,0.0,41494,1174450,,,30997813924.04573,0.04142188117445196,0.03598685195589143
2022-06-17,0.3121449947357178,0.3385379910469055,0.3112199902534485,0.321381002664566,1381554091,0.0294446685717991,0.0500192952542835,XRP-USD,0.0,0,0.0,0,0.0,0.0,-0.8200000000000001,0.0,54619,1207807,,,32150648477.61016,0.044045925703212585,0.036225604181103384
2022-06-18,0.3213309943675995,0.3257139921188354,0.2905789911746979,0.3080900013446808,1403189628,-0.0422353910350882,0.0502697077411151,XRP-USD,0.0,0,0.0,0,0.0,0.0,-0.88,0.0,62231,1343337,,,30773799238.42848,0.04657823670748676,0.03685551431764183
2022-06-19,0.3080329895019531,0.3304769992828369,0.2989470064640045,0.3260529935359955,1159418572,0.0566679725686834,0.0537219075043015,XRP-USD,0.0,0,0.0,0,0.0,0.0,-0.88,0.0,46930,1268842,,,32500556385.65595,0.04934409672275162,0.03763957084143201
2022-06-20,0.3260200023651123,0.3280470073223114,0.3142409920692444,0.3233459889888763,1187888833,-0.0083370017486226,0.052924250716365,XRP-USD,0.0,0,0.0,0,0.0,0.0,-0.8200000000000001,0.0,60686,1451196,,,32268060951.000587,0.051128142875447535,0.03851767013105087
2022-06-21,0.3232840001583099,0.3360629975795746,0.3201520144939422,0.3286260068416595,1247582002,0.0161974235804896,0.0531218503002366,XRP-USD,0.0,0,0.0,0,0.0,0.0,-0.8200000000000001,0.0,83874,1283384,,,32849127261.352848,0.052011402303260346,0.039239886382676135
2022-06-22,0.3287290036678314,0.3290599882602691,0.319597989320755,0.3225849866867065,1064144662,-0.0185537207172631,0.0531259343304801,XRP-USD,0.0,0,0.0,0,0.0,0.0,-0.78,0.0,67052,1263483,,,32318815244.903866,0.05263273011849966,0.040021947689925015
2022-06-23,0.3225910067558288,0.3360759913921356,0.3221830129623413,0.3355309963226318,927324605,0.0393477144579441,0.0550289310611702,XRP-USD,0.0,0,0.0,0,0.0,0.0,-0.78,0.0,63130,1316233,,,33553755028.42768,0.053584574782510684,0.04099772019890794
2022-06-24,0.3355090022087097,0.3846589922904968,0.3354910016059875,0.367587000131607,2253100828,0.0912456851003595,0.0604829388790399,XRP-USD,0.0,0,0.0,0,0.0,0.0,-0.78,0.0,66967,1373546,,,36884479976.39624,0.05493678105745836,0.04226669691551896
2022-06-25,0.3676230013370514,0.3722819983959198,0.3556790053844452,0.3675560057163238,912142249,-8.432213883558743e-05,0.0580826107098,XRP-USD,0.0,0,0.0,0,0.0,0.0,-0.72,0.0,73822,1279900,,,36726402070.98744,0.05596845305614536,0.043384883687931045
2022-06-26,0.3675329983234405,0.3737320005893707,0.358817994594574,0.3588640093803406,789514304,-0.0239321907792727,0.0574382875151371,XRP-USD,0.0,0,0.0,0,0.0,0.0,-0.72,0.0,221399,1496007,,,35917547540.54317,0.05683174049912546,0.044478641110099984
2022-06-27,0.3588629961013794,0.36599200963974,0.3509730100631714,0.3532350063323974,989571906,-0.0158099370245316,0.0487354697168742,XRP-USD,0.0,0,0.0,0,0.0,0.0,-0.76,0.0,109083,1237536,,,35307775132.08561,0.055953647576404274,0.04519609740086525
2022-06-28,0.3532350063323974,0.3552669882774353,0.336914986371994,0.3373290002346039,1038924972,-0.0460748598024574,0.0501794031868733,XRP-USD,0.0,0,0.0,0,0.0,0.0,-0.8,0.0,139473,1260988,,,33736950900.95967,0.0549837420015449,0.04604154187106388
2022-06-29,0.3373720049858093,0.3411029875278473,0.3234249949455261,0.3289780020713806,1094664825,-0.0250678304174457,0.0473772800317248,XRP-USD,0.0,0,0.0,0,0.0,0.0,-0.74,0.0,42427,1178978,,,32822498262.686768,0.05236261023208187,0.04675763018963313
2022-06-30,0.3290019929409027,0.3314580023288727,0.307668000459671,0.3314479887485504,1456445785,0.0074800151052026,0.0390093946996904,XRP-USD,0.0,0,0.0,0,0.0,0.0,-0.78,0.0,68493,1283714,,,32777231026.91328,0.04854796703005996,0.04708005582461016
2022-07-01,0.3316450119018554,0.333077996969223,0.3114500045776367,0.3136770129203796,1249145615,-0.0551070653885681,0.0412962053991293,XRP-USD,0.0,0,0.0,0,0.0,0.0,-0.78,0.0,66108,1305472,,,31456266096.98961,0.045319550606858404,0.04756275545033242
2022-07-02,0.313724011182785,0.3170140087604522,0.3105219900608063,0.3155789971351623,608601610,0.0060452025141954,0.0396362902671513,XRP-USD,0.0,0,0.0,0,0.0,0.0,-0.72,0.0,89652,1239577,,,31537257489.831688,0.04349971471691382,0.04789126814887603
2022-07-03,0.3155730068683624,0.3252469897270202,0.3102140128612518,0.3217029869556427,728566418,0.0192196813563242,0.0368050106868615,XRP-USD,0.0,0,0.0,0,0.0,0.0,-0.78,0.0,87963,1230063,,,32163514827.910053,0.04082483621691146,0.04792564426693153
2022-07-04,0.3216879963874817,0.3291000127792358,0.3155730068683624,0.328790009021759,1018446189,0.0217905574213175,0.0372189063327086,XRP-USD,0.0,0,0.0,0,0.0,0.0,-0.72,0.0,142830,1297947,,,32811541442.7284,0.03879316147710822,0.04794018216339644
2022-07-05,0.3287029862403869,0.330155998468399,0.3143459856510162,0.325423002243042,1130550266,-0.0102933951164822,0.037070481793886,XRP-USD,0.0,0,0.0,0,0.0,0.0,-0.62,0.0,66369,1148305,,,32485522506.27124,0.03840537889594734,0.04791574257585743
2022-07-06,0.3254599869251251,0.3330250084400177,0.3206450045108795,0.3322719931602478,1099742037,0.0208280085988156,0.0371056254246052,XRP-USD,0.0,0,0.0,0,0.0,0.0,-0.64,0.0,56998,1179707,,,33223419104.55086,0.03756726290104252,0.047789061575704166
2022-07-07,0.3322629928588867,0.3435209989547729,0.3273380100727081,0.3421509861946106,1037133139,0.029298229724314,0.0364207921204821,XRP-USD,0.0,0,0.0,0,0.0,0.0,-0.64,0.0,51799,1169181,,,34222485994.14766,0.03692416327170868,0.04744436940150401
2022-07-08,0.3421669900417328,0.3565090000629425,0.3370630145072937,0.3416279852390289,1469173608,-0.0015297371794703,0.0256678026659945,XRP-USD,0.0,0,0.0,0,0.0,0.0,-0.6,0.0,55373,1213027,,,34330442698.00945,0.03469672166753528,0.04639719892445047
2022-07-09,0.3415989875793457,0.3470470011234283,0.3402990102767944,0.3449519872665405,602546961,0.0096828574426575,0.0259496480246766,XRP-USD,0.0,0,0.0,0,0.0,0.0,-0.52,0.0,53407,1095028,,,34441286426.20264,0.03244287000592888,0.045303124050377425
2022-07-10,0.3449299931526184,0.3449299931526184,0.3221310079097748,0.3256630003452301,913229467,-0.0575421345879389,0.0292297351186007,XRP-USD,0.0,0,0.0,0,0.0,0.0,-0.52,0.0,99167,1196526,,,32484750714.997173,0.030874720670871818,0.04434676165844495
2022-07-11,0.3256590068340301,0.3285630047321319,0.3123059868812561,0.3142969906330108,1042057085,-0.0355247364810863,0.0301506213204415,XRP-USD,0.0,0,0.0,0,0.0,0.0,-0.56,0.0,88621,1196480,,,31352583426.654182,0.02948371985003908,0.04327533955917859
2022-07-12,0.314296007156372,0.3176009953022003,0.3090839982032776,0.3116590082645416,968873598,-0.0084287010288652,0.0281381566516877,XRP-USD,0.0,0,0.0,0,0.0,0.0,-0.6799999999999999,0.0,77270,1266918,,,31118380459.019222,0.0278271927562802,0.04214869891987507
2022-07-13,0.3116590082645416,0.325076013803482,0.3043299913406372,0.3237299919128418,1295979555,0.0380001421571339,0.0297908591742868,XRP-USD,0.0,0,0.0,0,0.0,0.0,-0.7,0.0,71182,1167602,,,32371389982.505123,0.028651804057938657,0.04108819932324099
2022-07-14,0.3237499892711639,0.3332209885120392,0.3133609890937805,0.3332209885120392,3386821229,0.0288960889786961,0.0308007374924488,XRP-USD,0.0,0,0.0,0,0.0,0.0,-0.64,0.0,57325,1161761,,,33218448964.51506,0.029622021951493098,0.04007341764878502
2022-07-15,0.3332140147686004,0.3462100028991699,0.3282319903373718,0.334535002708435,1512184333,0.0039356169311679,0.0263374686776021,XRP-USD,0.0,0,0.0,0,0.0,0.0,-0.7,0.0,188755,1525862,,,33450283768.979584,0.029043568663293377,0.03876926026771375
2022-07-16,0.3344930112361908,0.3553000092506408,0.3321959972381592,0.3508610129356384,1292123515,0.0476486545324709,0.0287498603156176,XRP-USD,0.0,0,0.0,0,0.0,0.0,-0.5800000000000001,0.0,215208,1461101,,,35061484670.0542,0.0287634164623286,0.03732684760574
2022-07-17,0.3508520126342773,0.359919011592865,0.3433870077133178,0.3434120118618011,1093079294,-0.0214592434401215,0.0295270389241132,XRP-USD,0.0,0,0.0,0,0.0,0.0,-0.52,0.0,272298,1571557,,,34455616580.375046,0.029041192916813702,0.03602886707002697
2022-07-18,0.343423992395401,0.368833988904953,0.343423992395401,0.3661769926548004,1627385386,0.0641858759348464,0.0333456402787856,XRP-USD,0.0,0,0.0,0,0.0,0.0,-0.6,0.0,80842,1341909,,,36452672175.85959,0.029752149137713457,0.0349337467411019
2022-07-19,0.3660250008106231,0.3759889900684356,0.3529160022735595,0.3732250034809112,1604201237,0.0190646612666006,0.0330493471401484,XRP-USD,0.0,0,0.0,0,0.0,0.0,-0.4,0.0,94681,1341637,,,37315289334.599205,0.030201871067253378,0.03422074116943255
2022-07-20,0.3732570111751556,0.3810600042343139,0.3587360084056854,0.3604840040206909,1534818247,-0.0347338801742454,0.034905769739044,XRP-USD,0.0,0,0.0,0,0.0,0.0,-0.38,0.0,200868,1335779,,,36104304801.61424,0.03191553127954176,0.033526485103622126
2022-07-21,0.3606620132923126,0.3679560124874115,0.349725991487503,0.3670360147953033,1202692151,0.0180123921050921,0.0344492014646717,XRP-USD,0.0,0,0.0,0,0.0,0.0,-0.3199999999999999,0.0,182010,1358762,,,36661056689.393936,0.03305539950935258,0.03293884516875607
2022-07-22,0.3670330047607422,0.3708379864692688,0.3554860055446625,0.3586040139198303,1150022760,-0.0232412217818554,0.0352459713842417,XRP-USD,0.0,0,0.0,0,0.0,0.0,-0.3399999999999999,0.0,42042,1280473,,,35834164708.30793,0.03419918600137828,0.03276778047259931
2022-07-23,0.3585219979286194,0.362619012594223,0.350847989320755,0.3595409989356994,863843426,0.0026094605707181,0.0352006371538455,XRP-USD,0.0,0,0.0,0,0.0,0.0,-0.38,0.0,43368,1135754,,,35935498632.73105,0.03457018537639026,0.03249070918872277
2022-07-24,0.3595330119132995,0.366562008857727,0.3570869863033294,0.3592599928379059,912894827,-0.0007818745809344,0.0306739818938665,XRP-USD,0.0,0,0.0,0,0.0,0.0,-0.4,0.0,56984,1130465,,,35950877223.04225,0.03409511232713388,0.03208333153539165
2022-07-25,0.3592270016670227,0.3601840138435364,0.3373129963874817,0.3373149931430816,1207904872,-0.063029148856625,0.0342771783228623,XRP-USD,0.0,0,0.0,0,0.0,0.0,-0.4,0.0,146254,1253483,,,34023285654.54916,0.03396939404389754,0.03196843006430078
2022-07-26,0.3373050093650818,0.3378159999847412,0.3264259994029999,0.3378159999847412,1110467650,0.0014841769633647,0.0340791783511356,XRP-USD,0.0,0,0.0,0,0.0,0.0,-0.48,0.0,245373,1371476,,,33670044491.821674,0.033895389421190324,0.03182571515604746
2022-07-27,0.3378260135650635,0.3591299951076507,0.331167995929718,0.3591180145740509,1314040220,0.0611496973602465,0.0362560848917861,XRP-USD,0.0,0,0.0,0,0.0,0.0,-0.4399999999999999,0.0,55565,1141656,,,35882414690.10722,0.0340974121226992,0.031788697115042924
2022-07-28,0.3591429889202118,0.3777379989624023,0.351527988910675,0.3733760118484497,1839928651,0.0389349206665024,0.0368087744092089,XRP-USD,0.0,0,0.0,0,0.0,0.0,-0.36,0.0,163547,1342854,,,37276523908.74074,0.03441903957377188,0.03177520388707036
2022-07-29,0.3733870089054107,0.3790960013866424,0.3608160018920898,0.3686749935150146,1706911237,-0.0126705069914674,0.0372195074271388,XRP-USD,0.0,0,0.0,0,0.0,0.0,-0.2199999999999999,0.0,52202,1217608,,,37066731405.71905,0.035728144680426344,0.031811509128282026
2022-07-30,0.3686679899692535,0.4079389870166778,0.3648599982261657,0.3877640068531036,1767280595,0.0504814452694471,0.0374647286318082,XRP-USD,0.0,0,0.0,0,0.0,0.0,-0.16,0.0,57441,1221197,,,38691338477.5682,0.03636565474221552,0.03234773303581901
2022-07-31,0.3877750039100647,0.3978750109672546,0.3802230060100555,0.3804579973220825,1359568596,-0.0190211417233693,0.0373269590341548,XRP-USD,0.0,0,0.0,0,0.0,0.0,-0.2199999999999999,0.0,46695,1102385,,,38032082422.39653,0.03701521087881936,0.03286488353624984
2022-08-01,0.3803519904613495,0.3853960037231445,0.3722749948501587,0.3799760043621063,1059391028,-0.0012676787820007,0.0335657839738459,XRP-USD,0.0,0,0.0,0,0.0,0.0,-0.3399999999999999,0.0,66888,1126161,,,37985939917.05177,0.03647715069523132,0.033061976666033714
2022-08-02,0.3799110054969787,0.3914799988269806,0.3683359920978546,0.3720209896564483,1232425419,-0.0211578278220626,0.0337727592249386,XRP-USD,0.0,0,0.0,0,0.0,0.0,-0.38,0.0,42430,1188660,,,37303774202.73741,0.03586994765837726,0.03322661929805631
2022-08-03,0.3720389902591705,0.3768300116062164,0.3645409941673279,0.3698520064353943,1105707649,-0.0058473334721925,0.0323553241163694,XRP-USD,0.0,0,0.0,0,0.0,0.0,-0.3199999999999999,0.0,60967,1104189,,,36899099000.21936,0.03489711099622338,0.03341830872826911
2022-08-04,0.3698619902133941,0.3745909929275512,0.3653900027275085,0.3713510036468506,916895439,0.0040447737926662,0.0320317650444857,XRP-USD,0.0,0,0.0,0,0.0,0.0,-0.4,0.0,61666,1039772,,,37094390636.93125,0.033810518278758875,0.03352016808600543
2022-08-05,0.3712779879570007,0.3778989911079407,0.3680360019207001,0.376594990491867,986100302,0.0140225973916281,0.0314196371386567,XRP-USD,0.0,0,0.0,0,0.0,0.0,-0.38,0.0,191135,1177674,,,37579429164.52567,0.032629053899659255,0.03354829988810579
2022-08-06,0.3766050040721893,0.3770610094070434,0.3715710043907165,0.3715710043907165,498759511,-0.0134303393943778,0.0317452265459168,XRP-USD,0.0,0,0.0,0,0.0,0.0,-0.38,0.0,194336,1188140,,,37161309010.92216,0.03226494241407344,0.03379410706393827
2022-08-07,0.3715940117835998,0.3767240047454834,0.3693099915981293,0.3725059926509857,509151829,0.002513150537098,0.0317324260756559,XRP-USD,0.0,0,0.0,0,0.0,0.0,-0.4,0.0,65355,1127205,,,37197913332.61844,0.0318568757842169,0.03392967823484911
2022-08-08,0.3725149929523468,0.3841420114040375,0.3720560073852539,0.3787539899349212,1030742941,0.0166337659058697,0.0256139549457408,XRP-USD,0.0,0,0.0,0,0.0,0.0,-0.4,0.0,49214,1144696,,,37852030623.11552,0.030508601950091176,0.03375181078128672
2022-08-09,0.3787769973278045,0.3796660006046295,0.3629359900951385,0.3681010007858276,4098651206,-0.0285295320805479,0.0274186478272639,XRP-USD,0.0,0,0.0,0,0.0,0.0,-0.16,0.0,50852,1043969,,,36832383274.646255,0.02958597850664682,0.03348240203349028
2022-08-10,0.3680799901485443,0.3810650110244751,0.360071986913681,0.3810650110244751,1732723595,0.0346126340115997,0.0240305861074214,XRP-USD,0.0,0,0.0,0,0.0,0.0,-0.38,0.0,73423,1105314,,,38066305735.275925,0.02810816830039976,0.03307245835018451
2022-08-11,0.3810980021953583,0.3851099908351898,0.3783949911594391,0.3805629909038543,1088394568,-0.0013182818700293,0.0218707418147717,XRP-USD,0.0,0,0.0,0,0.0,0.0,-0.18,0.0,60622,1016947,,,37981808103.87668,0.02613327135417074,0.0324799570808994
2022-08-12,0.3805379867553711,0.3805379867553711,0.3714829981327057,0.3799949884414673,923071430,-0.0014936469892176,0.0215203045512535,XRP-USD,0.0,0,0.0,0,0.0,0.0,-0.16,0.0,63200,964541,,,37956626578.96016,0.024090847049290258,0.031892279948471304
2022-08-13,0.3799740076065063,0.3860380053520202,0.3774519860744476,0.3779639899730682,590320028,-0.0053591378614238,0.0164538401035487,XRP-USD,0.0,0,0.0,0,0.0,0.0,-0.0799999999999999,0.0,63512,983519,,,37766474385.9586,0.022258824080851843,0.031038092162985257
2022-08-14,0.3779990077018738,0.3909299969673157,0.3758879899978637,0.3764509856700897,754512693,-0.0040110718380436,0.0157200426512209,XRP-USD,0.0,0,0.0,0,0.0,0.0,-0.06,0.0,41286,1001920,,,37619251872.58929,0.01991910304564324,0.030152610594684146
2022-08-15,0.3764509856700897,0.384781002998352,0.3679609894752502,0.3757739961147308,1046905199,-0.0017999661126193,0.0157220182349246,XRP-USD,0.0,0,0.0,0,0.0,0.0,-0.0999999999999999,0.0,40451,1040126,,,37462700566.42024,0.01825738947114388,0.029472975882914056
2022-08-16,0.3756659924983978,0.3776290118694305,0.3680419921875,0.3772369921207428,930440616,0.0038857277507726,0.0146124158182359,XRP-USD,0.0,0,0.0,0,0.0,0.0,-0.12,0.0,51906,1065131,,,37686941602.38423,0.01680572427183672,0.028579123041794673
2022-08-17,0.3772270083427429,0.3908930122852325,0.369841992855072,0.379707008600235,1408497181,0.0065263090643197,0.0145407873499809,XRP-USD,0.0,0,0.0,0,0.0,0.0,-0.18,0.0,44737,1038584,,,37959232286.87532,0.0154098208315822,0.027691014359924004
2022-08-18,0.3797110021114349,0.3808619976043701,0.3709149956703186,0.3709650039672851,927786270,-0.0232921960955109,0.0159907004171096,XRP-USD,0.0,0,0.0,0,0.0,0.0,-0.4,0.0,47099,1025421,,,37109514867.35274,0.015317192894294378,0.02676986052016598
2022-08-19,0.3709689974784851,0.3709689974784851,0.3338060081005096,0.3350490033626556,1645536381,-0.1018309294071554,0.0310348538634865,XRP-USD,0.0,0,0.0,0,0.0,0.0,-0.3399999999999999,0.0,138243,1223376,,,33480622875.732475,0.0183801551367475,0.02650740958626951
2022-08-20,0.3350200057029724,0.3423829972743988,0.333622008562088,0.3375410139560699,848212364,0.0074102259402072,0.0312713189542117,XRP-USD,0.0,0,0.0,0,0.0,0.0,-0.42,0.0,53683,1062312,,,33703404701.2982,0.021490015280604922,0.02623703738295464
2022-08-21,0.3374750018119812,0.3481670022010803,0.3364990055561065,0.3453019857406616,835616993,0.0227323293866926,0.0321909284686875,XRP-USD,0.0,0,0.0,0,0.0,0.0,-0.4599999999999999,0.0,32070,996762,,,34534135764.658585,0.025005717810695237,0.02599731919372188
2022-08-22,0.3452819883823395,0.3452819883823395,0.3325240015983581,0.3447209894657135,1001511240,-0.0016839914991954,0.0315924399039864,XRP-USD,0.0,0,0.0,0,0.0,0.0,-0.42,0.0,33787,1007686,,,34301519089.485477,0.02841604832149634,0.02573665923325968
2022-08-23,0.3447340130805969,0.347690999507904,0.3339569866657257,0.3470920026302337,930696331,0.0068545184175279,0.0311258141732384,XRP-USD,0.0,0,0.0,0,0.0,0.0,-0.4399999999999999,0.0,34227,961354,,,34697017602.94254,0.0314430710727221,0.02562575151505025
2022-08-24,0.3470740020275116,0.3521359860897064,0.3396340012550354,0.3461450040340423,957472562,-0.0027321079981402,0.0290766933479461,XRP-USD,0.0,0,0.0,0,0.0,0.0,-0.5,0.0,47069,995947,,,34629650385.94245,0.03105143896961402,0.02541229397518695
2022-08-25,0.3461790084838867,0.3513660132884979,0.3442789912223816,0.349496990442276,970585823,0.0096371765299849,0.0293832624583009,XRP-USD,0.0,0,0.0,0,0.0,0.0,-0.5,0.0,49350,996035,,,34877603482.86773,0.030673827670431857,0.02527720026345657
2022-08-26,0.3494639992713928,0.3695679903030395,0.3339389860630035,0.3383699953556061,1653482688,-0.0323549930048029,0.0301598788865995,XRP-USD,0.0,0,0.0,0,0.0,0.0,-0.4599999999999999,0.0,40215,1113284,,,33669115374.493286,0.030267617754014257,0.0251921145290072
2022-08-27,0.3384329974651336,0.3402490019798279,0.3304269909858703,0.3353469967842102,920820399,-0.0089741505552993,0.0301483564047146,XRP-USD,0.0,0,0.0,0,0.0,0.0,-0.4399999999999999,0.0,35574,1015755,,,33503262199.3144,0.029978801054159898,0.02513432904110074
2022-08-28,0.335328996181488,0.3371610045433044,0.3230940103530884,0.3230949938297272,596573621,-0.0372194285106464,0.0310568766073463,XRP-USD,0.0,0,0.0,0,0.0,0.0,-0.4399999999999999,0.0,43657,992692,,,32473381834.232094,0.029965013540981477,0.02510304040752935
2022-08-29,0.3230549991130829,0.3337970077991485,0.3193919956684112,0.3337970077991485,980137287,0.0325866686064729,0.0331243467335464,XRP-USD,0.0,0,0.0,0,0.0,0.0,-0.52,0.0,41078,1038319,,,33262989645.74691,0.03077454421810154,0.025166309528342555
2022-08-30,0.3337790071964264,0.3354820013046264,0.3211050033569336,0.3268690109252929,948448428,-0.0209735347004205,0.0330778425925046,XRP-USD,0.0,0,0.0,0,0.0,0.0,-0.4599999999999999,0.0,58689,1010841,,,32726144334.9063,0.03151346024494228,0.025505577148650004
2022-08-31,0.3268870115280151,0.3336130082607269,0.3248850107192993,0.3278700113296509,882676752,0.0030577104777489,0.0329553906810797,XRP-USD,0.0,0,0.0,0,0.0,0.0,-0.54,0.0,49581,985554,,,32718970943.28985,0.032072562603838325,0.025757247278368898
2022-09-01,0.3278670012950897,0.3331939876079559,0.3223679959774017,0.3331939876079559,875126154,0.0161076428239903,0.0334560244425116,XRP-USD,0.0,0,0.0,0,0.0,0.0,-0.6,0.0,61773,1024339,,,33274659719.602085,0.032734096211397716,0.02618567629360027
2022-09-02,0.333173006772995,0.3349339962005615,0.3263010084629059,0.33125901222229,899373528,-0.0058242820968595,0.019669892788723,XRP-USD,0.0,0,0.0,0,0.0,0.0,-0.5,0.0,48757,1011303,,,33056273013.28268,0.03045669944767306,0.02608563770150715
2022-09-03,0.3312639892101288,0.3325569927692413,0.3275910019874573,0.3299689888954162,473116925,-0.0039019066385467,0.0195380295952157,XRP-USD,0.0,0,0.0,0,0.0,0.0,-0.5800000000000001,0.0,34135,941397,,,32926870460.90898,0.02773943602000692,0.02599553429441452
2022-09-04,0.3299590051174164,0.3325259983539581,0.3289439976215362,0.3317990005016327,431905800,0.0055306883992965,0.0183962584554799,XRP-USD,0.0,0,0.0,0,0.0,0.0,-0.6,0.0,46283,953227,,,33127177884.7468,0.02480311919260198,0.026083826037684124
2022-09-05,0.3317990005016327,0.3332349956035614,0.3233659863471985,0.3329600095748901,761048973,0.0034930260023156,0.0184733546851956,XRP-USD,0.0,0,0.0,0,0.0,0.0,-0.54,0.0,51567,1007305,,,33229582382.94572,0.02190671199342516,0.026208976584682967
2022-09-06,0.33296799659729,0.3426199853420257,0.3210769891738891,0.3222079873085022,1337360825,-0.0328251310581439,0.0199185146667049,XRP-USD,0.0,0,0.0,0,0.0,0.0,-0.56,0.0,51450,1066262,,,32195029440.923016,0.01919921003826382,0.026399726422491165
2022-09-07,0.322158008813858,0.3384400010108948,0.3159379959106445,0.3373669981956482,1128804315,0.0459740928785239,0.024197970626634,XRP-USD,0.0,0,0.0,0,0.0,0.0,-0.52,0.0,40104,1026810,,,33746883731.234207,0.02010482560584602,0.026835433459236537
2022-09-08,0.3373369872570038,0.3426029980182647,0.3293719887733459,0.3402450084686279,1065222913,0.0084946180136641,0.0241581976599075,XRP-USD,0.0,0,0.0,0,0.0,0.0,-0.6,0.0,68015,1084876,,,34045907152.98592,0.02102885921878438,0.02727258847332411
2022-09-09,0.3402270078659057,0.3575600087642669,0.3399989902973175,0.3575170040130615,1487790472,0.0495169534395998,0.0260578181057564,XRP-USD,0.0,0,0.0,0,0.0,0.0,-0.56,0.0,60823,1223387,,,35597776100.06865,0.02256117114883968,0.027730184731898963
2022-09-10,0.3574680089950561,0.3612470030784607,0.3530089855194092,0.357681006193161,851397394,0.0004586203558558,0.0258193061512868,XRP-USD,0.0,0,0.0,0,0.0,0.0,-0.4399999999999999,0.0,47549,1206914,,,35814000682.05355,0.02403036144205792,0.02749311438134443
2022-09-11,0.357683002948761,0.3595339953899383,0.3517610132694244,0.355118989944458,650515883,-0.007188628775404,0.0231909131303214,XRP-USD,0.0,0,0.0,0,0.0,0.0,-0.48,0.0,52033,1190364,,,35444977662.897255,0.02468484113478122,0.027125823207531232
2022-09-12,0.3551450073719024,0.3594450056552887,0.3492690026760101,0.3594450056552887,1077587297,0.0121082746697342,0.022053923507251,XRP-USD,0.0,0,0.0,0,0.0,0.0,-0.5,0.0,45811,1184675,,,35882740922.84277,0.02425603171090462,0.026665050254738667
2022-09-13,0.3594639897346496,0.3596430122852325,0.3320440053939819,0.3336920142173767,1443625685,-0.0743427364787989,0.0300906203828268,XRP-USD,0.0,0,0.0,0,0.0,0.0,-0.3199999999999999,0.0,60191,1184571,,,33223693582.579704,0.02544251625548848,0.026596785731049597
2022-09-14,0.3329600095748901,0.3438929915428161,0.3324260115623474,0.3420819938182831,1227835854,0.0248320018870871,0.0307345229434017,XRP-USD,0.0,0,0.0,0,0.0,0.0,-0.4599999999999999,0.0,66977,1103513,,,34180160148.671204,0.026377857223017536,0.02657899976605702
2022-09-15,0.342074990272522,0.3424609899520874,0.3255999982357025,0.3263350129127502,1521572444,-0.0471259556636619,0.0332115018448296,XRP-USD,0.0,0,0.0,0,0.0,0.0,-0.4399999999999999,0.0,50010,1204063,,,32609936660.577965,0.027856296361726103,0.026766945606824452
2022-09-16,0.3263840079307556,0.3571340143680572,0.323540985584259,0.356687992811203,1375977237,0.0889369292582647,0.0410019512876468,XRP-USD,0.0,0,0.0,0,0.0,0.0,-0.6,0.0,58326,1211550,,,35603692779.576614,0.03141850399319118,0.027295067826340173
2022-09-17,0.3566470146179199,0.3788880109786987,0.3475689888000488,0.3770039975643158,1621592330,0.0553943610817448,0.0429943910959031,XRP-USD,0.0,0,0.0,0,0.0,0.0,-0.56,0.0,61604,1195620,,,37536205779.16783,0.0356065975109216,0.02787845474494488
2022-09-18,0.3768680095672607,0.3969410061836242,0.3581140041351318,0.3583230078220367,2485765138,-0.0508209549125476,0.0459337647475337,XRP-USD,0.0,0,0.0,0,0.0,0.0,-0.4599999999999999,0.0,53416,1269428,,,35993448690.8809,0.03877522638386298,0.02859597330598211
2022-09-19,0.3583369851112366,0.3914949893951416,0.3417620062828064,0.3870730102062225,2788638051,0.0771784960018178,0.0497499815888124,XRP-USD,0.0,0,0.0,0,0.0,0.0,-0.5800000000000001,0.0,60359,1318756,,,38589669937.60191,0.042578318112945115,0.02944565989604876
2022-09-20,0.3869580030441284,0.4215210080146789,0.3724899888038635,0.4151830077171325,3912067532,0.0701060733774971,0.0504152213559392,XRP-USD,0.0,0,0.0,0,0.0,0.0,-0.54,0.0,46162,1267179,,,41366599048.34953,0.04601906201516704,0.030231608742521152
2022-09-21,0.4151659905910492,0.4283249974250793,0.3880090117454529,0.3968279957771301,3401100359,-0.0452164786817089,0.05239028953135,XRP-USD,0.0,0,0.0,0,0.0,0.0,-0.54,0.0,65145,1263833,,,39506556011.04304,0.048296729663907675,0.031109447239741402
2022-09-22,0.3965379893779754,0.4912289977073669,0.3947849869728088,0.4851010143756866,4916275588,0.2008542195183722,0.0727736389278975,XRP-USD,0.0,0,0.0,0,0.0,0.0,-0.56,0.0,62647,1282969,,,48384720854.67677,0.054252579230306554,0.03291936761459675
2022-09-23,0.4851369857788086,0.552282989025116,0.4589180052280426,0.5071709752082825,7798770582,0.0444910296357538,0.0726574766972541,XRP-USD,0.0,0,0.0,0,0.0,0.0,-0.6,0.0,88441,1563850,,,50830498862.459854,0.059597321620250644,0.03470125180799414
2022-09-24,0.5072000026702881,0.5150150060653687,0.4740189909934997,0.4887160062789917,3512953969,-0.0370666194395042,0.0743049981251688,XRP-USD,0.0,0,0.0,0,0.0,0.0,-0.52,0.0,65012,1224841,,,48845358964.58098,0.06450832492752193,0.037184665686923496
2022-09-25,0.4887320101261139,0.518314003944397,0.4787339866161346,0.4926269948482513,3422191941,0.0079707284221503,0.0739519020872329,XRP-USD,0.0,0,0.0,0,0.0,0.0,-0.52,0.0,91460,1260707,,,49278333839.60789,0.06921566107378066,0.03965802352746973
2022-09-26,0.4926809966564178,0.4998610019683838,0.4598369896411896,0.4676780104637146,2916387564,-0.0519722376332751,0.0766374585775637,XRP-USD,0.0,0,0.0,0,0.0,0.0,-0.5800000000000001,0.0,69936,1163011,,,46749121569.60776,0.0740650948830234,0.04230535080574627
2022-09-27,0.4677639901638031,0.4852280020713806,0.440310001373291,0.4487760066986084,2838537511,-0.041256155530058,0.0740092456062237,XRP-USD,0.0,0,0.0,0,0.0,0.0,-0.6,0.0,64659,1124382,,,44909823633.07781,0.07431221621868864,0.04482970948397482
2022-09-28,0.448635995388031,0.454378992319107,0.4195629954338074,0.4506720006465912,2670489294,0.0042159118498631,0.0741356563793541,XRP-USD,0.0,0,0.0,0,0.0,0.0,-0.6,0.0,52533,1128252,,,45156914585.16597,0.07460785215510865,0.04729412501636796
2022-09-29,0.4505940079689026,0.5029749870300293,0.4285280108451843,0.4854170083999634,3292742359,0.0742685290265497,0.0728066783103696,XRP-USD,0.0,0,0.0,0,0.0,0.0,-0.56,0.0,67474,1232582,,,48467229111.86841,0.0743081881921488,0.04950361172926503
2022-09-30,0.4854350090026855,0.4959869980812073,0.4722180068492889,0.479773998260498,3780354931,-0.0116931765794622,0.0713186610665558,XRP-USD,0.0,0,0.0,0,0.0,0.0,-0.5800000000000001,0.0,67284,1246119,,,47937834772.626144,0.07378153998801337,0.05164726915683997
2022-10-01,0.4798220098018646,0.4835169911384582,0.4696069955825805,0.4751099944114685,1544057825,-0.0097688116569768,0.0710394555129197,XRP-USD,0.0,0,0.0,0,0.0,0.0,-0.6,0.0,70226,1182616,,,47461721979.78456,0.07266193937508458,0.053691889038983746
2022-10-02,0.4751189947128296,0.4774340093135834,0.4481579959392547,0.448850005865097,1524148633,-0.056857575139499,0.0714964902996106,XRP-USD,0.0,0,0.0,0,0.0,0.0,-0.52,0.0,71840,1182291,,,44839436667.684944,0.07215938831376195,0.055768124682089366
2022-10-03,0.4488680064678192,0.4675680100917816,0.43954798579216,0.4628790020942688,1852548565,0.0307769160931513,0.0694942129533318,XRP-USD,0.0,0,0.0,0,0.0,0.0,-0.52,0.0,60146,1213081,,,46324926803.09453,0.07123109962855749,0.057872820128589846
2022-10-04,0.4628779888153076,0.4845980107784271,0.4529669880867004,0.4801740050315857,2192220219,0.0366828633305661,0.0679296835490607,XRP-USD,0.0,0,0.0,0,0.0,0.0,-0.6,0.0,49376,1231981,,,47988251959.4233,0.07025570067629572,0.05995808194867211
2022-10-05,0.480120986700058,0.499330997467041,0.4734050035476684,0.4896830022335052,2480530357,0.0196096988417417,0.0660307499006764,XRP-USD,0.0,0,0.0,0,0.0,0.0,-0.5,0.0,65899,1247690,,,48992896117.5449,0.06919811844311984,0.061591724199483444
2022-10-06,0.4896990060806274,0.504086971282959,0.4893719851970672,0.4931840002536773,1913140571,0.0071240825429052,0.0387569076904617,XRP-USD,0.0,0,0.0,0,0.0,0.0,-0.48,0.0,81918,1275607,,,49256519858.54233,0.06274160887862824,0.06195637805162253
2022-10-07,0.4932770133018493,0.5216460227966309,0.4842050075531006,0.5182780027389526,2627481992,0.0496294530419179,0.0392201744282919,XRP-USD,0.0,0,0.0,0,0.0,0.0,-0.54,0.0,73615,1332992,,,51712437032.8961,0.056286345704364506,0.06222949953268901
2022-10-08,0.5182250142097473,0.5279020071029663,0.5143830180168152,0.5171129703521729,1771062053,-0.0022504211621309,0.0376560185981071,XRP-USD,0.0,0,0.0,0,0.0,0.0,-0.52,0.0,60150,1286986,,,51645926349.24475,0.04991870683331956,0.062077411683164475
2022-10-09,0.5171489715576172,0.5414159893989563,0.508167028427124,0.5340610146522522,1789206998,0.0322487301236795,0.0384028674984125,XRP-USD,0.0,0,0.0,0,0.0,0.0,-0.56,0.0,55760,1238898,,,53403502275.57336,0.04401334362318992,0.061868706065096715
2022-10-10,0.5340290069580078,0.537319004535675,0.4970139861106872,0.4970139861106872,2359086772,-0.0718919253130132,0.0409886908180341,XRP-USD,0.0,0,0.0,0,0.0,0.0,-0.56,0.0,60948,1276658,,,49825271073.46294,0.039004931806661466,0.06164392997739219
2022-10-11,0.4966610074043274,0.5008909702301025,0.4809100031852722,0.4853970110416412,2303743073,-0.0236510312171212,0.0397328573893283,XRP-USD,0.0,0,0.0,0,0.0,0.0,-0.52,0.0,53702,1291415,,,48522155466.68673,0.03920012174643478,0.06118860615014292
2022-10-12,0.4854130148887634,0.4947350025177002,0.4837560057640075,0.4883700013160705,1375026360,0.0061061824320147,0.0397309926033928,XRP-USD,0.0,0,0.0,0,0.0,0.0,-0.6,0.0,68734,1464767,,,48766971522.393394,0.03930228538145496,0.06070295938866354
2022-10-13,0.4883530139923095,0.4890959858894348,0.4450240135192871,0.4808120131492615,2840221578,-0.0155969493231159,0.0347552939967934,XRP-USD,0.0,0,0.0,0,0.0,0.0,-0.6,0.0,49478,1436642,,,48169981701.70369,0.038722140461192225,0.059901368682547335
2022-10-14,0.4808059930801391,0.5095369815826416,0.4793039858341217,0.4889659881591797,2184144921,0.0168165645289465,0.0348953676729604,XRP-USD,0.0,0,0.0,0,0.0,0.0,-0.52,0.0,61802,1382918,,,48831339731.57674,0.0380206404961018,0.058179629080050185
2022-10-15,0.4889569878578186,0.4896700084209442,0.4799799919128418,0.4815070033073425,842401177,-0.0153721572855551,0.0350644999729544,XRP-USD,0.0,0,0.0,0,0.0,0.0,-0.52,0.0,55261,1333600,,,48164129200.3796,0.03683580232708586,0.05647085741076383
2022-10-16,0.4815300107002258,0.4871029853820801,0.4718129932880401,0.4770100116729736,1028960255,-0.0093832964033176,0.0311168014322826,XRP-USD,0.0,0,0.0,0,0.0,0.0,-0.52,0.0,67018,1360469,,,47693383491.90163,0.03511259113567672,0.05450775756108719
2022-10-17,0.4770109951496124,0.4812619984149933,0.4653330147266388,0.4799180030822754,1476868338,0.006077782897123,0.03018935991315,XRP-USD,0.0,0,0.0,0,0.0,0.0,-0.6,0.0,56043,1300821,,,48042206293.15248,0.03320426459762816,0.05251855109862888
2022-10-18,0.4799180030822754,0.4833540022373199,0.4598439931869507,0.4659770131111145,1380317427,-0.0294789575761928,0.0296135980128377,XRP-USD,0.0,0,0.0,0,0.0,0.0,-0.56,0.0,52159,1332975,,,46627568372.38797,0.03217592540083702,0.05038110289114133
2022-10-19,0.4659880101680755,0.466390997171402,0.450080007314682,0.4512270092964172,1434466929,-0.0321657453996958,0.0299193514297728,XRP-USD,0.0,0,0.0,0,0.0,0.0,-0.54,0.0,48701,1288984,,,45124468470.00791,0.031180722152199504,0.04837701679221174
2022-10-20,0.4512229859828949,0.4637860059738159,0.4344260096549988,0.4480839967727661,1712992943,-0.0069898517847823,0.0296857240617374,XRP-USD,0.0,0,0.0,0,0.0,0.0,-0.54,0.0,50346,1194378,,,44660980473.684784,0.0301049669699561,0.046356565323229175
2022-10-21,0.4480040073394775,0.4610979855060577,0.4378060102462768,0.4610979855060577,1644912255,0.0286298626790379,0.0270235469564326,XRP-USD,0.0,0,0.0,0,0.0,0.0,-0.54,0.0,59619,1213760,,,46052055549.82522,0.0292863160747861,0.044275513898050206
2022-10-22,0.4610869884490967,0.4700599908828735,0.4572870135307312,0.4654699862003326,884856882,0.009437047846434,0.0274043181349206,XRP-USD,0.0,0,0.0,0,0.0,0.0,-0.6,0.0,51380,1125045,,,46505314821.18677,0.02872930771914022,0.0422794074011577
2022-10-23,0.4654900133609772,0.4710060060024261,0.4534380137920379,0.4690330028533935,950974305,0.0076255163656383,0.025370662922194,XRP-USD,0.0,0,0.0,0,0.0,0.0,-0.54,0.0,57176,1230038,,,46894837597.19039,0.02788072070101148,0.040203553192488355
2022-10-24,0.4690369963645935,0.4709819853305816,0.4496909976005554,0.4538210034370422,1293537737,-0.0329702797867984,0.0194145557261768,XRP-USD,0.0,0,0.0,0,0.0,0.0,-0.56,0.0,51267,1103597,,,45377241649.80856,0.02577976156029228,0.03783619253005954
2022-10-25,0.45380699634552,0.471013993024826,0.4453839957714081,0.461544007062912,1605966218,0.0168745512383755,0.0196790348665773,XRP-USD,0.0,0,0.0,0,0.0,0.0,-0.6,0.0,49396,1064258,,,46104865572.181496,0.02377842372126026,0.03557186625338888
2022-10-26,0.4614660143852234,0.4702509939670563,0.4580920040607452,0.4693759977817535,1440473976,0.0168267423034101,0.0202849966393298,XRP-USD,0.0,0,0.0,0,0.0,0.0,-0.3399999999999999,0.0,52379,1069434,,,46930421294.01489,0.022430713657839697,0.03340619866658293
2022-10-27,0.4693950116634369,0.480455994606018,0.4609769880771637,0.4624069929122925,1694861069,-0.0149587079588259,0.0202548001924496,XRP-USD,0.0,0,0.0,0,0.0,0.0,-0.36,0.0,48172,1066950,,,46229697523.02599,0.0210008100693455,0.03132547367984535
2022-10-28,0.4624269902706146,0.4746739864349365,0.4577850103378296,0.4739809930324554,1201992237,0.0247217814794074,0.0209419054869342,XRP-USD,0.0,0,0.0,0,0.0,0.0,-0.4,0.0,46487,981806,,,47357024309.19141,0.02011505858229354,0.030515700852412286
2022-10-29,0.4739840030670166,0.4816659986972809,0.4676969945430755,0.4704160094261169,1404785407,-0.0075497921541979,0.0206666437379418,XRP-USD,0.0,0,0.0,0,0.0,0.0,-0.3199999999999999,0.0,52138,1049384,,,46969046428.215645,0.02036547618464654,0.029672358548305466
2022-10-30,0.4704070091247558,0.4725100100040436,0.4556420147418976,0.4584549963474273,964813817,-0.0257552968651838,0.02158003369263,XRP-USD,0.0,0,0.0,0,0.0,0.0,-0.3199999999999999,0.0,50398,1099933,,,45776683197.10148,0.02074567594985708,0.028941631961692863
2022-10-31,0.4584009945392608,0.4661140143871307,0.449523001909256,0.4659149944782257,1462007947,0.016141069419119,0.022061925080968,XRP-USD,0.0,0,0.0,0,0.0,0.0,-0.38,0.0,46376,1263950,,,46425727429.8753,0.02110106163818472,0.028198861851809028
2022-11-01,0.4658209979534149,0.4664010107517242,0.4552760124206543,0.4645769894123077,1273429763,-0.0028759108327363,0.0206224673224049,XRP-USD,0.0,0,0.0,0,0.0,0.0,-0.4,0.0,60997,1342745,,,46472945207.14983,0.02117459506417578,0.02727312442018952
2022-11-02,0.4645250141620636,0.4652999937534332,0.4478240013122558,0.450874000787735,1381853436,-0.0299393683116886,0.0203640966716129,XRP-USD,0.0,0,0.0,0,0.0,0.0,-0.4,0.0,74661,1310548,,,45123727240.9198,0.021059033301111522,0.02639272620574791
2022-11-03,0.450884997844696,0.4593620002269745,0.4500980079174042,0.4551349878311157,1086924485,0.0094061284443148,0.020406073757176,XRP-USD,0.0,0,0.0,0,0.0,0.0,-0.4,0.0,58544,1188385,,,45484791055.3304,0.02100691930495836,0.025514320803647142
2022-11-04,0.455141007900238,0.5051109790802002,0.4539969861507416,0.5044040083885193,2774226120,0.1027834994009255,0.0335122411354255,XRP-USD,0.0,0,0.0,0,0.0,0.0,-0.4,0.0,53061,1219768,,,50344662505.7246,0.02339336079351746,0.025457818400857698
2022-11-05,0.5044329762458801,0.5071030259132385,0.4921039938926697,0.4933300018310547,1216193223,-0.0221992258819031,0.0343487443992838,XRP-USD,0.0,0,0.0,0,0.0,0.0,-0.24,0.0,76572,1323684,,,49341774782.375694,0.025850724657180624,0.025432971888417852
2022-11-06,0.4933249950408935,0.4942960143089294,0.4704790115356445,0.4706700146198272,940815148,-0.0470210824473803,0.0369315455116215,XRP-USD,0.0,0,0.0,0,0.0,0.0,-0.1999999999999999,0.0,61522,1262152,,,47121794771.90651,0.029112540295023942,0.025517837594720896
2022-11-07,0.4706839919090271,0.4791699945926666,0.4621599912643432,0.4658569991588592,1592938583,-0.0102785243007281,0.0358434012317783,XRP-USD,0.0,0,0.0,0,0.0,0.0,-0.3399999999999999,0.0,60683,1226231,,,46494992826.03624,0.03220840120705702,0.025732683040152523
2022-11-08,0.4658249914646148,0.4666289985179901,0.362060010433197,0.4062420129776001,3984776863,-0.1369296451861319,0.0511800452052339,XRP-USD,0.0,0,0.0,0,0.0,0.0,-0.38,0.0,49630,1352747,,,40621984996.44085,0.0383631954966686,0.026686805098883607
2022-11-09,0.4062530100345611,0.4098579883575439,0.3258149921894073,0.3331809937953949,3642933610,-0.1982632058524733,0.0711721201002876,XRP-USD,0.0,0,0.0,0,0.0,0.0,-0.42,0.0,62442,1389385,,,32949181889.51928,0.045895171289641025,0.028575828830131333
2022-11-10,0.3331530094146728,0.4004510045051574,0.3312189877033233,0.3957050144672394,3104223968,0.1719831534720679,0.0885185577121787,XRP-USD,0.0,0,0.0,0,0.0,0.0,-0.56,0.0,70580,1259925,,,39415967985.54384,0.05672913395222,0.031239429115695237
2022-11-11,0.3956489861011505,0.3976829946041107,0.3692919909954071,0.3841589987277984,1720205430,-0.0296124946315914,0.0880155904112849,XRP-USD,0.0,0,0.0,0,0.0,0.0,-0.5,0.0,58410,1214454,,,38232265136.22819,0.06694594293215268,0.033890786677038306
2022-11-12,0.3841800093650818,0.3841800093650818,0.3614149987697601,0.3636769950389862,931936263,-0.0547904286570249,0.0886112052455207,XRP-USD,0.0,0,0.0,0,0.0,0.0,-0.5800000000000001,0.0,55537,1097970,,,36262162013.07614,0.07749950373490115,0.03669022569017868
2022-11-13,0.3636719882488251,0.3687590062618255,0.3353370130062103,0.3402960002422333,1064115311,-0.0664502696036297,0.089534340731773,XRP-USD,0.0,0,0.0,0,0.0,0.0,-0.56,0.0,73413,1198090,,,33778835184.14704,0.08517036284020899,0.03951431762639924
2022-11-14,0.3403300046920776,0.3778989911079407,0.3239589929580688,0.3764060139656067,2400878272,0.1008525573603279,0.0949567333977171,XRP-USD,0.0,0,0.0,0,0.0,0.0,-0.52,0.0,67793,1275437,,,37558676662.78466,0.08992728549969488,0.042677320829832104
2022-11-15,0.3763400018215179,0.3959369957447052,0.368472009897232,0.3885209858417511,1966568664,0.031678800783963,0.0957485677580947,XRP-USD,0.0,0,0.0,0,0.0,0.0,-0.56,0.0,54691,1200588,,,38776224664.95077,0.09137328750887808,0.046147048649464735
2022-11-16,0.3885320127010345,0.3902609944343567,0.3648560047149658,0.3763009905815124,1315104592,-0.0319578559386017,0.0957779252375264,XRP-USD,0.0,0,0.0,0,0.0,0.0,-0.54,0.0,47924,1157694,,,37575586530.06581,0.09292575447412638,0.04960608912087152
2022-11-17,0.3762899935245514,0.3847860097885132,0.3704060018062591,0.3825440108776092,1326199204,0.0164543777446137,0.0959226892985149,XRP-USD,0.0,0,0.0,0,0.0,0.0,-0.6,0.0,52601,1113490,,,38192877710.76558,0.09438805128472523,0.053044166059925374
2022-11-18,0.382542997598648,0.3863759934902191,0.37602299451828,0.3830629885196686,945178987,0.0013557287797996,0.0902134585089346,XRP-USD,0.0,0,0.0,0,0.0,0.0,-0.54,0.0,51934,1117943,,,38208663274.85928,0.09452387484015753,0.056224105074311075
2022-11-19,0.3830560147762298,0.3874439895153045,0.376906007528305,0.3846989870071411,571403780,0.0042617400073537,0.0904329927197996,XRP-USD,0.0,0,0.0,0,0.0,0.0,-0.54,0.0,51245,1004093,,,38422303115.178925,0.09361912670457403,0.05938279085762313
2022-11-20,0.3846969902515411,0.3935849964618683,0.3610419929027557,0.3619450032711029,1156162576,-0.0609689009340654,0.0908559251952089,XRP-USD,0.0,0,0.0,0,0.0,0.0,-0.52,0.0,55737,1229986,,,36065219191.73799,0.09264059819199688,0.06257321274204436
2022-11-21,0.3619459867477417,0.3671959936618805,0.3477970063686371,0.3647989928722381,2153323835,0.0078542218108858,0.0911150369435048,XRP-USD,0.0,0,0.0,0,0.0,0.0,-0.5800000000000001,0.0,57677,1185648,,,36524322896.58975,0.09170802053319256,0.06573389470799322
2022-11-22,0.3647240102291107,0.3776730000972748,0.3524470031261444,0.3760609924793243,1363821412,0.0304048468459014,0.0850092945029425,XRP-USD,0.0,0,0.0,0,0.0,0.0,-0.56,0.0,59102,1102866,,,37524015038.1213,0.08952534157407809,0.06859513877262842
2022-11-23,0.3760429918766022,0.3817889988422394,0.3690699934959411,0.3815810084342956,1100062349,0.0145718258063326,0.0644271523807329,XRP-USD,0.0,0,0.0,0,0.0,0.0,-0.56,0.0,65327,1186610,,,38084764877.42524,0.08436808034843774,0.07058626082073424
2022-11-24,0.3815790116786957,0.4039770066738128,0.3754419982433319,0.401991993188858,1259638131,0.052109000898306,0.0467354696814453,XRP-USD,0.0,0,0.0,0,0.0,0.0,-0.6,0.0,53902,1094370,,,40096903868.08398,0.07562857574076688,0.07178495959390843
2022-11-25,0.4019820094108581,0.4169099926948547,0.3902330100536346,0.4084120094776153,1269230070,0.0158443210427253,0.0460090615217733,XRP-USD,0.0,0,0.0,0,0.0,0.0,-0.6,0.0,51883,1005986,,,40873428952.33856,0.06665920300607978,0.07294873176502649
2022-11-26,0.4084100127220154,0.4122759997844696,0.3950859904289245,0.3966290056705475,614794664,-0.0292751427804071,0.0439442217732036,XRP-USD,0.0,0,0.0,0,0.0,0.0,-0.56,0.0,46805,1068222,,,39617648599.94567,0.05722503997201952,0.07342291270310732
2022-11-27,0.3966059982776642,0.4079110026359558,0.3959710001945495,0.396820992231369,630018233,0.0004839285779215,0.038768988130073,XRP-USD,0.0,0,0.0,0,0.0,0.0,-0.48,0.0,44615,1025430,,,39631129899.84592,0.04797697869744562,0.07362383287268864
2022-11-28,0.3968009948730469,0.3987790048122406,0.3755199909210205,0.3903180062770843,1179083829,-0.0165234702446451,0.0293963414361569,XRP-USD,0.0,0,0.0,0,0.0,0.0,-0.4399999999999999,0.0,54934,1099680,,,38962629641.87481,0.04097081650853042,0.07328132359653117
2022-11-29,0.3902789950370788,0.4029760062694549,0.3842549920082092,0.3985489904880523,969049648,0.0208686203332592,0.0287074603941794,XRP-USD,0.0,0,0.0,0,0.0,0.0,-0.48,0.0,54232,1091512,,,39809957052.66893,0.03736521465107724,0.07295696264936757
2022-11-30,0.3985530138015747,0.4108139872550964,0.3951799869537353,0.4087429940700531,933343511,0.0252561542659267,0.0275792614285223,XRP-USD,0.0,0,0.0,0,0.0,0.0,-0.42,0.0,64214,1138442,,,40914799160.954445,0.03367925463242703,0.07188419975042613
2022-12-01,0.4087440073490143,0.4089809954166412,0.3954750001430511,0.3967080116271972,742091191,-0.029886059176068,0.0289621852354114,XRP-USD,0.0,0,0.0,0,0.0,0.0,-0.4599999999999999,0.0,65791,1101028,,,39619766055.87709,0.0306828473248686,0.06996556634747722
2022-12-02,0.3967140018939972,0.3975859880447387,0.3855049908161163,0.3962729871273041,778302835,-0.0010971878121101,0.0289776868266522,XRP-USD,0.0,0,0.0,0,0.0,0.0,-0.4599999999999999,0.0,60840,1071407,,,39538197436.69625,0.028724587064184442,0.06725916312540783
2022-12-03,0.3962709903717041,0.3964180052280426,0.3876110017299652,0.3881469964981079,496500336,-0.020719210357632,0.0296177231608509,XRP-USD,0.0,0,0.0,0,0.0,0.0,-0.4599999999999999,0.0,65928,1069725,,,38778333310.81008,0.02876886340912324,0.06460471461402446
2022-12-04,0.3881219923496246,0.3928239941596985,0.3875409960746765,0.390735000371933,450960651,0.0066454569717232,0.0237259034963005,XRP-USD,0.0,0,0.0,0,0.0,0.0,-0.48,0.0,78125,1067224,,,39015129090.88424,0.02777255202954746,0.06165538271633265
2022-12-05,0.3906449973583221,0.3946030139923095,0.383432000875473,0.3895840048789978,890179719,-0.0029500661138295,0.0238178173689496,XRP-USD,0.0,0,0.0,0,0.0,0.0,-0.48,0.0,189182,1234843,,,38906829026.88338,0.02702026321763292,0.058668268018022496
2022-12-06,0.38960000872612,0.3922599852085113,0.3816789984703064,0.3920939862728119,814317329,0.0064220562655629,0.0226608141609643,XRP-USD,0.0,0,0.0,0,0.0,0.0,-0.5,0.0,50306,1101195,,,39165088040.46104,0.0257599890027435,0.05538208987089737
2022-12-07,0.3920910060405731,0.3920910060405731,0.3765830099582672,0.3837209939956665,839949038,-0.0215858615868211,0.0232900533057895,XRP-USD,0.0,0,0.0,0,0.0,0.0,-0.42,0.0,64677,1183673,,,38341113798.88077,0.02462246229857096,0.05208852103215622
2022-12-08,0.3837189972400665,0.3950139880180359,0.3836050033569336,0.3945449888706207,770396956,0.0278174636479259,0.0197820193153907,XRP-USD,0.0,0,0.0,0,0.0,0.0,-0.5,0.0,45115,1176121,,,39455681869.83209,0.022655321529478918,0.04863416167205914
2022-12-09,0.3945499956607818,0.3949289917945862,0.3862200081348419,0.3891530036926269,693718603,-0.0137605820393845,0.019382569730295,XRP-USD,0.0,0,0.0,0,0.0,0.0,-0.48,0.0,54145,1214195,,,38901451914.68396,0.02178665477627782,0.045155065328049145
2022-12-10,0.389162003993988,0.3893170058727264,0.3862070143222809,0.3866980075836181,331624480,-0.0063285457310029,0.0179478785568362,XRP-USD,0.0,0,0.0,0,0.0,0.0,-0.4599999999999999,0.0,44080,1133650,,,38632174922.283165,0.02061266701385514,0.0418702662393174
2022-12-11,0.3867120146751404,0.3885340094566345,0.3805539906024933,0.3817490041255951,366643114,-0.0128807108561497,0.018170453325433,XRP-USD,0.0,0,0.0,0,0.0,0.0,-0.48,0.0,47852,1136499,,,38130906339.11863,0.019714594846748878,0.038585605357755286
2022-12-12,0.3817310035228729,0.3887520134449005,0.3726949989795685,0.3873940110206604,881038173,0.0146789560463064,0.018266524556177,XRP-USD,0.0,0,0.0,0,0.0,0.0,-0.4599999999999999,0.0,44475,1287687,,,38791355936.59808,0.01870988909682638,0.035286087146890195
2022-12-13,0.3873859941959381,0.3960849940776825,0.3792699873447418,0.3951019942760467,1137292765,0.0197016534935551,0.0181637041716675,XRP-USD,0.0,0,0.0,0,0.0,0.0,-0.4599999999999999,0.0,48301,1290067,,,39478916408.05138,0.01838622606808174,0.031970117475443045
2022-12-14,0.3951010107994079,0.3952530026435852,0.3808630108833313,0.3864139914512634,893235466,-0.0222346334840671,0.0173769006029442,XRP-USD,0.0,0,0.0,0,0.0,0.0,-0.4,0.0,47657,1192639,,,38617833696.95186,0.017985092242611578,0.02889591775271585
2022-12-15,0.3863869905471802,0.3866609930992126,0.3753750026226043,0.3782370090484619,739736057,-0.0213883042459302,0.0165314596270143,XRP-USD,0.0,0,0.0,0,0.0,0.0,-0.38,0.0,50909,1222726,,,37843745658.737885,0.0177018084566472,0.026718840809365006
2022-12-16,0.3782140016555786,0.3796299993991852,0.3481259942054748,0.3519879877567291,1061370203,-0.0719239578721816,0.0246262334006612,XRP-USD,0.0,0,0.0,0,0.0,0.0,-0.42,0.0,44874,1153102,,,35119017817.72998,0.018992964471692842,0.02571387552387482
2022-12-17,0.3519150018692016,0.3564180135726928,0.3488390147686004,0.3548099994659424,590468250,0.0079853841012499,0.0247222233035947,XRP-USD,0.0,0,0.0,0,0.0,0.0,-0.4399999999999999,0.0,54647,1201842,,,35417122393.12435,0.02028410422117638,0.024746291968503066
2022-12-18,0.3548130095005035,0.3549599945545196,0.3485920131206512,0.350270003080368,313888826,-0.0128781389748692,0.0244783130747458,XRP-USD,0.0,0,0.0,0,0.0,0.0,-0.48,0.0,47855,1198072,,,35094348642.1845,0.021547026001792043,0.02386147793675498
2022-12-19,0.350284993648529,0.3525530099868774,0.3343069851398468,0.3388699889183044,986711247,-0.0330877741460649,0.0253285708983095,XRP-USD,0.0,0,0.0,0,0.0,0.0,-0.42,0.0,42524,1162984,,,33880847312.304043,0.0231373600608651,0.023250549880765733
2022-12-20,0.3389039933681488,0.3528220057487488,0.3372589945793152,0.3493730127811432,932296715,0.030523635663008,0.0272722948265478,XRP-USD,0.0,0,0.0,0,0.0,0.0,-0.42,0.0,47870,1119218,,,34992333062.62312,0.0252855271007718,0.023154002307601684
2022-12-21,0.3493320047855377,0.350151002407074,0.3397360146045685,0.3460200130939483,743732204,-0.0096435412710461,0.0270082438928063,XRP-USD,0.0,0,0.0,0,0.0,0.0,-0.48,0.0,44023,1151383,,,34568225979.75473,0.025761929199200822,0.023076765193902903
2022-12-22,0.3459709882736206,0.3497900068759918,0.3423739969730377,0.3495999872684479,685101342,0.0102929926669269,0.0256216209974634,XRP-USD,0.0,0,0.0,0,0.0,0.0,-0.4399999999999999,0.0,47935,1273174,,,34957204724.11216,0.02594180873797456,0.022987781537945683
2022-12-23,0.3495909869670868,0.3545460104942322,0.3477030098438263,0.3542729914188385,577979156,0.0132781707771967,0.0262179890900501,XRP-USD,0.0,0,0.0,0,0.0,0.0,-0.4599999999999999,0.0,48415,1270276,,,35419114130.66412,0.02628974394103542,0.02286304534952017
2022-12-24,0.3542779982089996,0.3543019890785217,0.3514989912509918,0.3521789908409118,225391032,-0.0059282350765002,0.0262186524407932,XRP-USD,0.0,0,0.0,0,0.0,0.0,-0.42,0.0,43016,1261321,,,35185904380.67522,0.026467760249532162,0.022737634695617483
2022-12-25,0.3521879911422729,0.3521879911422729,0.3447229862213135,0.3463920056819916,323700210,-0.0165684449278642,0.0263041381258456,XRP-USD,0.0,0,0.0,0,0.0,0.0,-0.42,0.0,50917,1291376,,,34589444423.06887,0.02627412890939172,0.022587017194026338
2022-12-26,0.3463830053806305,0.3691030144691467,0.3459689915180206,0.3657230138778686,797909103,0.054305156069073,0.03059212134744,XRP-USD,0.0,0,0.0,0,0.0,0.0,-0.4399999999999999,0.0,75535,1241194,,,36573109019.76499,0.026990904400318462,0.022899118005441768
2022-12-27,0.3657279908657074,0.3722699880599975,0.3594410121440887,0.3681260049343109,905248563,0.0065490300688147,0.0300008040564174,XRP-USD,0.0,0,0.0,0,0.0,0.0,-0.4599999999999999,0.0,47080,1121972,,,36825444878.80044,0.02786674101210926,0.02318016285487212
2022-12-28,0.3681220114231109,0.3685429990291595,0.3561359941959381,0.3565309941768646,839617676,-0.0320041080117864,0.030540006685689,XRP-USD,0.0,0,0.0,0,0.0,0.0,-0.4399999999999999,0.0,44188,1130971,,,35617272498.46085,0.02873114453123704,0.02353830796963234
2022-12-29,0.3565239906311035,0.3572250008583069,0.3389109969139099,0.342846006155014,898022518,-0.0391397915575352,0.0315897251817326,XRP-USD,0.0,0,0.0,0,0.0,0.0,-0.4399999999999999,0.0,53217,1077724,,,34257807083.397694,0.02980535907942492,0.023915565782175206
2022-12-30,0.3428309857845306,0.345313012599945,0.335332989692688,0.3450169861316681,672119602,0.0063122662783093,0.0255710266461682,XRP-USD,0.0,0,0.0,0,0.0,0.0,-0.4399999999999999,0.0,50373,1032880,,,34481982225.57311,0.029658736783489438,0.024178702479028726
2022-12-31,0.3450320065021515,0.3450999855995178,0.3398680090904236,0.3399290144443512,337167278,-0.0148568362172196,0.0256527428766462,XRP-USD,0.0,0,0.0,0,0.0,0.0,-0.5,0.0,63130,1090451,,,33937091780.78668,0.02867086108933068,0.024463710349317422
2023-01-01,0.3399229943752289,0.3399229943752289,0.3363319933414459,0.3387629985809326,290828851,-0.0034360711140327,0.025498426695823,XRP-USD,0.0,0,0.0,0,0.0,0.0,-0.48,0.0,61605,1121265,,,33837072510.297253,0.0277703856172118,0.02480691708290773
2023-01-02,0.3387739956378937,0.354104995727539,0.3216280043125152,0.3485560119152069,1325787126,0.0284981964893791,0.0251036636628483,XRP-USD,0.0,0,0.0,0,0.0,0.0,-0.4599999999999999,0.0,57743,1314268,,,34867827771.112366,0.02668311701264366,0.025122063007335695
2023-01-03,0.3485440015792846,0.35104900598526,0.3420099914073944,0.3438239991664886,811872325,-0.0136690440257644,0.0239969459510945,XRP-USD,0.0,0,0.0,0,0.0,0.0,-0.48,0.0,47197,1188838,,,34377733338.76976,0.025164561166516042,0.025382536707104674
2023-01-04,0.3438310027122497,0.3508799970149994,0.3428390026092529,0.3477939963340759,803671745,0.0114804438210594,0.0240853265245068,XRP-USD,0.0,0,0.0,0,0.0,0.0,-0.42,0.0,111248,1262609,,,34742622565.6246,0.02486742114218376,0.025651701359506462
2023-01-05,0.3477930128574371,0.3483389914035797,0.3375169932842254,0.3380390107631683,669029812,-0.0284490346548966,0.0250627401001516,XRP-USD,0.0,0,0.0,0,0.0,0.0,-0.42,0.0,169553,1361256,,,33801112192.1132,0.024749420586884837,0.026001057700288613
2023-01-06,0.3380410075187683,0.3454689979553222,0.3328309953212738,0.3446449935436249,741263420,0.0193535777395417,0.025405380165131,XRP-USD,0.0,0,0.0,0,0.0,0.0,-0.48,0.0,126010,1236689,,,34463853654.68685,0.02473081128074644,0.026404417724748466
2023-01-07,0.3446379899978637,0.3455219864845276,0.3420090079307556,0.3442679941654205,334559534,-0.0010944761459391,0.0253802538219365,XRP-USD,0.0,0,0.0,0,0.0,0.0,-0.5,0.0,135831,1147506,,,34363107490.290085,0.024786129312564083,0.026438691380260972
2023-01-08,0.3442659974098205,0.3455229997634887,0.3392300009727478,0.3453580141067505,515669684,0.0031611941428612,0.0250319098211217,XRP-USD,0.0,0,0.0,0,0.0,0.0,-0.5,0.0,86272,1097634,,,34442874051.143074,0.02499312208656952,0.02645276804014857
2023-01-09,0.345346987247467,0.3566089868545532,0.3442899882793426,0.3493399918079376,1420062936,0.0114640355315404,0.019959064447584,XRP-USD,0.0,0,0.0,0,0.0,0.0,-0.5,0.0,55460,1165835,,,34871108262.97392,0.02416786967118496,0.026247347648004852
2023-01-10,0.3493250012397766,0.3538109958171844,0.3453080058097839,0.3512409925460815,815342810,0.0054269397720879,0.0199187979601488,XRP-USD,0.0,0,0.0,0,0.0,0.0,-0.48,0.0,97513,1147428,,,35144154934.063324,0.023139081243184402,0.026001448878088453
2023-01-11,0.3512539863586426,0.3760260045528412,0.348715990781784,0.3741579949855804,1498360174,0.063205578372425,0.0249918031553146,XRP-USD,0.0,0,0.0,0,0.0,0.0,-0.48,0.0,165411,1317612,,,37280141067.661446,0.023056365841221123,0.02589779016575967
2023-01-12,0.3738270103931427,0.3783220052719116,0.3658689856529236,0.3751969933509826,1226464922,0.0027730489484458,0.0218051173427129,XRP-USD,0.0,0,0.0,0,0.0,0.0,-0.4,0.0,48240,1268257,,,37514055168.1284,0.0223413385453764,0.0256612844134827
2023-01-13,0.3751859962940216,0.3864459991455078,0.3706400096416473,0.3858039975166321,990539135,0.0278782584042797,0.0225445752450595,XRP-USD,0.0,0,0.0,0,0.0,0.0,-0.38,0.0,59517,1177630,,,38534201811.8972,0.02184387163016396,0.02552141869746434
2023-01-14,0.3858070075511932,0.4078899919986725,0.3858070075511932,0.3954429924488067,1601102466,0.0246771743129651,0.0219315353670247,XRP-USD,0.0,0,0.0,0,0.0,0.0,-0.0799999999999999,0.0,59191,1254044,,,39567564671.60132,0.0222383658140521,0.02532657989187228
2023-01-15,0.3954690098762512,0.3961899876594543,0.3810519874095917,0.3848809897899627,829206058,-0.0270724672878615,0.0239308094411458,XRP-USD,0.0,0,0.0,0,0.0,0.0,0.04,0.0,59864,1139083,,,38485032014.74967,0.0230407681102515,0.02522258702825194
2023-01-16,0.384878009557724,0.4050439894199371,0.3808639943599701,0.3865759968757629,1454332113,0.0043943080240055,0.0232875747647364,XRP-USD,0.0,0,0.0,0,0.0,0.0,-0.0999999999999999,0.0,87232,1172371,,,38660300619.81479,0.02269992243213586,0.02508547051183789
2023-01-17,0.3865970075130462,0.3975349962711334,0.3801760077476501,0.3877109885215759,1025137174,0.00293171002522,0.0225432716534705,XRP-USD,0.0,0,0.0,0,0.0,0.0,0.02,0.0,162322,1181655,,,38784863357.57961,0.022847553294287382,0.024719613707566545
2023-01-18,0.387690007686615,0.3952090144157409,0.3713209927082062,0.3794519901275635,1484076132,-0.0215321065166217,0.0239022340205252,XRP-USD,0.0,0,0.0,0,0.0,0.0,0.04,0.0,44456,1065662,,,37948744028.64232,0.02311908504938052,0.024442405978662353
2023-01-19,0.3794189989566803,0.3952090144157409,0.3776180148124695,0.3937849998474121,1108881766,0.0370769940857786,0.0229887716548366,XRP-USD,0.0,0,0.0,0,0.0,0.0,-0.0999999999999999,0.0,37752,1110008,,,39342848068.78785,0.0233305323069429,0.024099168022714515
2023-01-20,0.3937540054321289,0.4134199917316437,0.387017011642456,0.413343995809555,1053958522,0.0484750912208352,0.0250383607318279,XRP-USD,0.0,0,0.0,0,0.0,0.0,0.02,0.0,50144,1183113,,,41267507326.04887,0.02355204256507932,0.02380137872953703
2023-01-21,0.413358986377716,0.4158810079097748,0.4033029973506927,0.403533011674881,1037235129,-0.0240218682275702,0.0267230839052535,XRP-USD,0.0,0,0.0,0,0.0,0.0,0.06,0.0,66255,1351317,,,40395817410.60784,0.02423914439318274,0.023853744968586364
2023-01-22,0.4035730063915252,0.4110989868640899,0.3979029953479767,0.400967001914978,780764704,-0.0063791632523524,0.0270672701839905,XRP-USD,0.0,0,0.0,0,0.0,0.0,0.06,0.0,45395,1277311,,,40065268590.3926,0.02514394409928674,0.023918041664374737
2023-01-23,0.4009599983692169,0.4311169981956482,0.4004330039024353,0.4249430000782013,1980513812,0.0580759080350392,0.0298925393034387,XRP-USD,0.0,0,0.0,0,0.0,0.0,0.0,0.0,58074,1361006,,,42489598236.94683,0.02634200515586944,0.024117774055629995
2023-01-24,0.4247770011425018,0.429544985294342,0.4056510031223297,0.407707005739212,1265360172,-0.0414062492248228,0.0333459858831911,XRP-USD,0.0,0,0.0,0,0.0,0.0,0.04,0.0,63283,1374594,,,40686882971.242165,0.02841344800154034,0.024492425065645584
2023-01-25,0.4077450037002563,0.4234749972820282,0.3995440006256103,0.4176929891109466,1104907019,0.0241978936121333,0.0300871176927611,XRP-USD,0.0,0,0.0,0,0.0,0.0,0.02,0.0,47199,1323620,,,41705336332.208,0.02942319939372698,0.024769251053903152
2023-01-26,0.4175739884376526,0.4177640080451965,0.4077349901199341,0.4101029932498932,892174687,-0.0183383556534498,0.0308803873306218,XRP-USD,0.0,0,0.0,0,0.0,0.0,0.08,0.0,38933,1315950,,,40992195938.9098,0.03025466007880064,0.025078117454181106
2023-01-27,0.410097986459732,0.4132309854030609,0.4008980095386505,0.4127910137176513,813986938,0.0065331136348954,0.0302565645246399,XRP-USD,0.0,0,0.0,0,0.0,0.0,0.1,0.0,51230,1431994,,,41232388119.46832,0.03089251894693052,0.025314200382566942
2023-01-28,0.4127979874610901,0.4155139923095703,0.4070470035076141,0.4081340134143829,508978347,-0.0113458601130382,0.0299692059827007,XRP-USD,0.0,0,0.0,0,0.0,0.0,0.04,0.0,62377,1421266,,,40727166353.29628,0.03090785228278292,0.02552164701063829
2023-01-29,0.4081389904022217,0.417136013507843,0.4073089957237243,0.4137639999389648,566580331,0.0137001781067852,0.0288604479391855,XRP-USD,0.0,0,0.0,0,0.0,0.0,0.1,0.0,53501,1411764,,,41344897789.47063,0.0300107446939818,0.02567983765233143
2023-01-30,0.4137719869613647,0.4203740060329437,0.3911589980125427,0.3945910036563873,1240049824,-0.0474459681413719,0.032110116848206,XRP-USD,0.0,0,0.0,0,0.0,0.0,0.2199999999999999,0.0,45568,1257604,,,39397383629.91216,0.030415344525070782,0.02600157433538071
2023-01-31,0.3945609927177429,0.4108830094337463,0.3896830081939697,0.4063889980316162,1026848071,0.0294610294372861,0.0329744500331463,XRP-USD,0.0,0,0.0,0,0.0,0.0,0.02,0.0,45475,1234966,,,40614508284.496,0.030834157065575678,0.02659318277108809
2023-02-01,0.4063569903373718,0.4154500067234039,0.3980349898338318,0.41389200091362,1066789793,0.0182942483098733,0.0323741887830334,XRP-USD,0.0,0,0.0,0,0.0,0.0,0.1200000000000001,0.0,59459,1301363,,,41375950127.622215,0.03125768191725438,0.02715933689940103
2023-02-02,0.4138320088386535,0.4185439944267273,0.409509003162384,0.4097470045089721,996287377,-0.0100651653712035,0.0313517132204754,XRP-USD,0.0,0,0.0,0,0.0,0.0,0.1999999999999999,0.0,62224,1159080,,,40973350416.09394,0.03153418336480932,0.0274484237205447
2023-02-03,0.4097410142421722,0.4135299921035766,0.4074020087718963,0.4122050106525421,848078651,0.0059809171956832,0.0285229428897326,XRP-USD,0.0,0,0.0,0,0.0,0.0,0.1999999999999999,0.0,52991,1170497,,,41189557251.31356,0.031466682354918736,0.027753779427227412
2023-02-04,0.4121200144290924,0.4193490147590637,0.4083189964294433,0.4113050103187561,583121354,-0.0021857674325396,0.0277052262823943,XRP-USD,0.0,0,0.0,0,0.0,0.0,0.1599999999999999,0.0,60189,1195128,,,41234377826.09143,0.030585704241756394,0.027988354474378994
2023-02-05,0.4112690091133117,0.4119159877300262,0.3963080048561096,0.3989369869232178,758068911,-0.0305315799197719,0.0289484585605432,XRP-USD,0.0,0,0.0,0,0.0,0.0,0.1599999999999999,0.0,56224,1326686,,,39886507342.981575,0.02978050594723578,0.028307305528629836
2023-02-06,0.3989700078964233,0.4034000039100647,0.3922269940376282,0.3928239941596985,950972502,-0.0154418173646167,0.0237299591933126,XRP-USD,0.0,0,0.0,0,0.0,0.0,0.1200000000000001,0.0,45270,1465035,,,39247930456.518005,0.02805166002929162,0.028298175971910144
2023-02-07,0.3928270041942596,0.4046359956264496,0.3909359872341156,0.403903990983963,1015414418,0.0278155440968946,0.0228954223951691,XRP-USD,0.0,0,0.0,0,0.0,0.0,0.08,0.0,34605,1380051,,,40413093025.7491,0.02636040186423036,0.02828035086420254
2023-02-08,0.4038699865341186,0.4052610099315643,0.3953340053558349,0.3980520069599151,853007396,-0.0145945361382324,0.0219836346073379,XRP-USD,0.0,0,0.0,0,0.0,0.0,0.1599999999999999,0.0,53155,1439910,,,39813665387.43149,0.02505254020775142,0.02825491281665106
2023-02-09,0.398059993982315,0.4070909917354584,0.3772220015525818,0.3824659883975982,1488178634,-0.0399429374102373,0.023793654061135,XRP-USD,0.0,0,0.0,0,0.0,0.0,0.1,0.0,63438,1455025,,,38185375026.0085,0.024270225763499558,0.028249977363951507
2023-02-10,0.3824419975280761,0.3876270055770874,0.3786199986934662,0.3826450109481811,877457864,0.0004679649201305,0.0236224347550502,XRP-USD,0.0,0,0.0,0,0.0,0.0,-0.04,0.0,57788,1417599,,,38200472558.90495,0.02320502100240096,0.028278780232143034
2023-02-11,0.3826459944248199,0.3841109871864319,0.3809010088443756,0.38400799036026,436697705,0.003555665589875,0.0236703964767712,XRP-USD,0.0,0,0.0,0,0.0,0.0,-0.02,0.0,48423,1325138,,,38354166965.93341,0.02319310845909268,0.028216600038731363
2023-02-12,0.3839820027351379,0.3848640024662018,0.374451994895935,0.3752819895744324,492457255,-0.0229856450216215,0.0235485048368184,XRP-USD,0.0,0,0.0,0,0.0,0.0,0.0,0.0,54293,1411367,,,37453113326.55168,0.02332372494742254,0.02807230099016613
2023-02-13,0.3752399981021881,0.3781810104846954,0.3641220033168793,0.3716750144958496,1129015396,-0.0096578600786357,0.0205239957729392,XRP-USD,0.0,0,0.0,0,0.0,0.0,-0.04,0.0,47849,1450365,,,37218618606.286,0.0230317971805428,0.02777487942602744
2023-02-14,0.3716109991073608,0.3832449913024902,0.3656350076198578,0.382407009601593,1022310518,0.0284656560565175,0.0203994913069559,XRP-USD,0.0,0,0.0,0,0.0,0.0,0.0,0.0,52522,1446339,,,38240510202.94184,0.022352964629706977,0.027343377244369128
2023-02-15,0.3823640048503876,0.4018619954586029,0.3772479891777038,0.4013519883155823,1072284900,0.0483533070769446,0.0241944478633249,XRP-USD,0.0,0,0.0,0,0.0,0.0,0.06,0.0,59019,1497663,,,40115780137.63185,0.02246736725136192,0.026927398243466117
2023-02-16,0.4013479948043823,0.4036419987678528,0.3850899934768677,0.3851569890975952,1194494182,-0.0411878035697475,0.0263102466035868,XRP-USD,0.0,0,0.0,0,0.0,0.0,0.24,0.0,52295,1317521,,,38592428107.74836,0.02299533727672504,0.02675572228486729
2023-02-17,0.385107010602951,0.3996340036392212,0.3828809857368469,0.3953019976615906,969213569,0.0259990087583199,0.0274387672047753,XRP-USD,0.0,0,0.0,0,0.0,0.0,0.2199999999999999,0.0,43050,1346485,,,39544992596.6995,0.02377338975031642,0.026599285006419716
2023-02-18,0.3953019976615906,0.3968490064144134,0.391882985830307,0.3946300148963928,499633442,-0.0017013690206536,0.0274401657616771,XRP-USD,0.0,0,0.0,0,0.0,0.0,0.1999999999999999,0.0,37995,1296176,,,39435461274.57388,0.025156623748064,0.026471266880830503
2023-02-19,0.3945969939231872,0.397614985704422,0.3861869871616363,0.3863170146942138,727659069,-0.021290340813335,0.0268301690723818,XRP-USD,0.0,0,0.0,0,0.0,0.0,0.1999999999999999,0.0,37472,1339931,,,38631828486.67244,0.02644275930114918,0.026328583384906915
2023-02-20,0.3863779902458191,0.4073230028152466,0.3817490041255951,0.3985249996185303,1354318620,0.0311119165736351,0.0279376148007736,XRP-USD,0.0,0,0.0,0,0.0,0.0,0.1599999999999999,0.0,39328,1346655,,,39820705974.48258,0.027191392688638922,0.02628663642407001
2023-02-21,0.3985190093517303,0.401434987783432,0.3880729973316192,0.3919050097465515,1103766687,-0.0167507422119054,0.0271794360798362,XRP-USD,0.0,0,0.0,0,0.0,0.0,0.1999999999999999,0.0,49449,1459310,,,39141405510.95786,0.0273652305838888,0.026062514570962293
2023-02-22,0.3919079899787903,0.3963910043239593,0.3839260041713714,0.3955860137939453,1114714971,0.0093487563592868,0.0270895755758931,XRP-USD,0.0,0,0.0,0,0.0,0.0,0.1799999999999999,0.0,40503,1485927,,,39538808578.72034,0.02729539225811236,0.025795020277450783
2023-02-23,0.3955860137939453,0.3974629938602447,0.3867120146751404,0.3891299962997436,917426306,-0.0164547761982456,0.0251101470066948,XRP-USD,0.0,0,0.0,0,0.0,0.0,0.1200000000000001,0.0,46840,1380753,,,38885111114.55928,0.026829388507115904,0.025464836560344484
2023-02-24,0.3890880048274994,0.3905470073223114,0.3741329908370971,0.37847700715065,953355531,-0.0277581447695545,0.0262821871729333,XRP-USD,0.0,0,0.0,0,0.0,0.0,0.06,0.0,41874,1401410,,,37822366940.38336,0.0267197921272262,0.025234403558183474
2023-02-25,0.378506988286972,0.3794189989566803,0.3722499907016754,0.3780849874019623,552223148,-0.0010363189972393,0.0262525222460932,XRP-USD,0.0,0,0.0,0,0.0,0.0,0.04,0.0,50068,1207321,,,37737569961.772736,0.02638277361629012,0.025131202619836233
2023-02-26,0.3780849874019623,0.3806059956550598,0.3754200041294098,0.378040999174118,441815645,-0.0001163515833996,0.0254870016166928,XRP-USD,0.0,0,0.0,0,0.0,0.0,0.02,0.0,47878,1294808,,,37742428260.90877,0.026044286723661443,0.02503037422594071
2023-02-27,0.3780049979686737,0.3800419867038727,0.3721579909324646,0.3791149854660034,1049508853,0.0028368976378928,0.0253212921655767,XRP-USD,0.0,0,0.0,0,0.0,0.0,0.0,0.0,47554,1294931,,,37907096797.04771,0.02569063004159816,0.0248655030261695
2023-02-28,0.3791210055351257,0.3824329972267151,0.3730269968509674,0.3771499991416931,1000693267,-0.0051965667754722,0.0241250976558549,XRP-USD,0.0,0,0.0,0,0.0,0.0,0.06,0.0,38543,1423865,,,37751501240.79975,0.02549362017143018,0.024883463865375974
2023-03-01,0.3771330118179321,0.3842459917068481,0.373665988445282,0.383879005908966,912485438,0.0176844301342242,0.0204057477427514,XRP-USD,0.0,0,0.0,0,0.0,0.0,0.0,0.0,51129,1446936,,,38374153214.24748,0.0243183322853938,0.024770296835720625
2023-03-02,0.383881002664566,0.3841989934444427,0.3744829893112182,0.3775799870491028,812536878,-0.0165449816909405,0.0177671954462799,XRP-USD,0.0,0,0.0,0,0.0,0.0,0.02,0.0,48460,1567245,,,37747588888.96324,0.022621266925431142,0.024578640510217985
2023-03-03,0.3775869905948639,0.3791559934616089,0.3598940074443817,0.3776710033416748,1204150691,0.0002410226379592,0.0159503074983652,XRP-USD,0.0,0,0.0,0,0.0,0.0,0.0,0.0,41841,1329399,,,37717994800.27744,0.02071392810176562,0.024222124757364814
2023-03-04,0.3776710033416748,0.3795210123062134,0.370274007320404,0.3738130033016205,556621575,-0.0102677738999841,0.0160499565261323,XRP-USD,0.0,0,0.0,0,0.0,0.0,0.0,0.0,42200,1262539,,,37322450754.36823,0.01885966097387674,0.023877921201504906
2023-03-05,0.3738189935684204,0.3771269917488098,0.3667959868907928,0.3671939969062805,505577640,-0.0178653708868704,0.0157879821657454,XRP-USD,0.0,0,0.0,0,0.0,0.0,-0.06,0.0,37778,1201921,,,36661950245.97575,0.01719223787585484,0.02351962964191283
2023-03-06,0.3671759963035583,0.3732399940490722,0.3609969913959503,0.3704710006713867,1161608429,0.0088848605620871,0.0128747884431164,XRP-USD,0.0,0,0.0,0,0.0,0.0,-0.04,0.0,42293,1262920,,,37008516977.12745,0.01568604601592784,0.02303446071492637
2023-03-07,0.3704400062561035,0.383994996547699,0.368149995803833,0.3805480003356933,1479466647,0.0268371491502008,0.0149700951761776,XRP-USD,0.0,0,0.0,0,0.0,0.0,-0.02,0.0,35952,1283568,,,38019288421.57634,0.015126625961907381,0.022782010687800846
2023-03-08,0.3805559873580932,0.3990600109100342,0.3737600147724151,0.3891879916191101,1881889627,0.0224501757948011,0.0161071860617564,XRP-USD,0.0,0,0.0,0,0.0,0.0,0.0,0.0,46504,1316620,,,38926681942.98368,0.015158001674585619,0.02258690590392814
2023-03-09,0.3891760110855102,0.3963780105113983,0.3666599988937378,0.3721300065517425,1727254553,-0.0448192226283007,0.0195864996807956,XRP-USD,0.0,0,0.0,0,0.0,0.0,-0.12,0.0,39730,1352304,,,37190085728.4172,0.015865310305518278,0.02237745371381317
2023-03-10,0.3720940053462982,0.3747110068798065,0.3598819971084595,0.3706220090389251,1450894929,-0.004060573524364,0.0182804830578884,XRP-USD,0.0,0,0.0,0,0.0,0.0,-0.3199999999999999,0.0,41320,1358194,,,37161746269.22199,0.016363810483946882,0.022012464461735975
2023-03-11,0.3706429898738861,0.3747009932994842,0.3620829880237579,0.3668319880962372,1051093584,-0.0102787545425517,0.0184288128346778,XRP-USD,0.0,0,0.0,0,0.0,0.0,-0.3399999999999999,0.0,53107,1330319,,,36588201013.220726,0.01747461536225916,0.021602921081276996
2023-03-12,0.3668270111083984,0.3733179867267608,0.3524729907512665,0.3733179867267608,1102164948,0.0175266226640947,0.0191676103189468,XRP-USD,0.0,0,0.0,0,0.0,0.0,-0.3399999999999999,0.0,38345,1211385,,,37228736086.73941,0.018314118390813,0.021226895833880165
2023-03-13,0.3733539879322052,0.3810009956359863,0.3581419885158539,0.3737860023975372,1694593960,0.0012528797565264,0.0191485333664504,XRP-USD,0.0,0,0.0,0,0.0,0.0,-0.02,0.0,36653,1227717,,,37330670462.55137,0.0189223878517518,0.020877730574519648
2023-03-14,0.3737899959087372,0.3874790072441101,0.3673180043697357,0.3742789924144745,1527899940,0.0013180407898405,0.0191181312929357,XRP-USD,0.0,0,0.0,0,0.0,0.0,0.1200000000000001,0.0,40526,1250819,,,37434860243.46997,0.01882871417417982,0.020476844960527017
2023-03-15,0.3743259906768799,0.3772209882736206,0.3587599992752075,0.3605580031871795,1062482118,-0.0373486480610106,0.0206757250397314,XRP-USD,0.0,0,0.0,0,0.0,0.0,0.0,0.0,36647,1175672,,,36049238816.232346,0.01930776257054842,0.020181221731431342
2023-03-16,0.3606359958648681,0.367264986038208,0.3585369884967804,0.3660250008106231,692737535,0.0150487990146307,0.0209791479206314,XRP-USD,0.0,0,0.0,0,0.0,0.0,0.04,0.0,42774,1389646,,,36579345341.52768,0.01981782958773914,0.01990347501982854
2023-03-17,0.3660149872303009,0.381316989660263,0.3635930120944977,0.3803820013999939,1046497903,0.0384743753259697,0.0236434846802964,XRP-USD,0.0,0,0.0,0,0.0,0.0,0.02,0.0,43974,1450422,,,38021337418.69303,0.02071300446000906,0.01983680855044679
2023-03-18,0.3804099857807159,0.3878690004348755,0.3734489977359772,0.3744330108165741,867351027,-0.0157631039874199,0.0238806215260048,XRP-USD,0.0,0,0.0,0,0.0,0.0,0.28,0.0,35146,1794318,,,37439455358.83917,0.021659422091919938,0.019727646475586405
2023-03-19,0.374440997838974,0.4000059962272644,0.374440997838974,0.3884649872779846,1189636323,0.0367901322770431,0.0251483640386356,XRP-USD,0.0,0,0.0,0,0.0,0.0,0.26,0.0,883805,2356953,,,39019320981.49649,0.02286546864105992,0.019677457466156515
2023-03-20,0.388374000787735,0.3921149969100952,0.3740330040454864,0.3746280074119568,1074222480,-0.036269489512189,0.0272818243422626,XRP-USD,0.0,0,0.0,0,0.0,0.0,0.32,0.0,51246,1507849,,,37458677731.593445,0.024186688501566158,0.019759040317318777
2023-03-21,0.3746190071105957,0.4913670122623443,0.3745090067386627,0.4697099924087524,4178958939,0.2261819134323626,0.0661918421950691,XRP-USD,0.0,0,0.0,0,0.0,0.0,0.3600000000000001,0.0,60906,1514671,,,46738759723.33939,0.0332292273564537,0.021616792591386616
2023-03-22,0.4696510136127472,0.4745469987392425,0.4129340052604675,0.4224799871444702,3312385991,-0.1059733888600311,0.0735725296124753,XRP-USD,0.0,0,0.0,0,0.0,0.0,0.24,0.0,51772,1547099,,,42265235450.69239,0.04321503634288948,0.02386440313486936
2023-03-23,0.422450989484787,0.4540849924087524,0.4154770076274872,0.4448499977588653,2161421825,0.051595063682873,0.07297349894221,XRP-USD,0.0,0,0.0,0,0.0,0.0,0.1399999999999999,0.0,53648,1504064,,,44524511453.49742,0.05303361182613052,0.026253846371208388
2023-03-24,0.4448559880256653,0.4448739886283874,0.4180339872837066,0.4259020090103149,1314887049,-0.0435278476408243,0.0744208482301381,XRP-USD,0.0,0,0.0,0,0.0,0.0,0.2199999999999999,0.0,44992,1564970,,,42506415220.5206,0.06288810866443102,0.028829012406838307
2023-03-25,0.425911009311676,0.4636450111865997,0.4242179989814758,0.4447160065174103,1832767576,0.0432265968245291,0.0746766085978327,XRP-USD,0.0,0,0.0,0,0.0,0.0,0.28,0.0,43678,1364111,,,44362573623.11736,0.07236706551554503,0.03149838972954137
2023-03-26,0.4446749985218048,0.4629620015621185,0.4427720010280609,0.4488170146942138,1090501588,0.0091793741823346,0.074677478466012,XRP-USD,0.0,0,0.0,0,0.0,0.0,0.28,0.0,44664,1317761,,,44941846515.40362,0.07406419276973361,0.034163277090445
2023-03-27,0.4488410055637359,0.4876129925251007,0.4438959956169128,0.4799909889698028,2730255979,0.0671520657272849,0.0759357656172517,XRP-USD,0.0,0,0.0,0,0.0,0.0,0.28,0.0,47978,1439019,,,47889523794.66464,0.07453683997068891,0.036897267247331646
2023-03-28,0.4800739884376526,0.5297560095787048,0.4702009856700897,0.5150579810142517,3163217119,0.0705121480741257,0.0770201359974597,XRP-USD,0.0,0,0.0,0,0.0,0.0,0.1799999999999999,0.0,49809,1485412,,,51602438357.78429,0.07534616738173885,0.03981296486343816
2023-03-29,0.5150049924850464,0.5803999900817871,0.5149620175361633,0.5435770153999329,4092945977,0.0538919203698888,0.0753813469615894,XRP-USD,0.0,0,0.0,0,0.0,0.0,0.1399999999999999,0.0,50219,1505012,,,54441237555.75588,0.07553826712802911,0.042558930853684146
2023-03-30,0.5436689853668213,0.5542230010032654,0.5271919965744019,0.5342490077018738,2694676898,-0.0173093623592648,0.0763426165268899,XRP-USD,0.0,0,0.0,0,0.0,0.0,0.1999999999999999,0.0,40603,1315222,,,53447575647.13394,0.07587146871384054,0.04529690496573568
2023-03-31,0.5343160033226013,0.5469229817390442,0.5285580158233643,0.5384920239448547,1934253477,0.0079106480399872,0.0764265631897934,XRP-USD,0.0,0,0.0,0,0.0,0.0,0.26,0.0,39365,1313020,,,53889528984.95719,0.07622128565859682,0.04788054421614467
2023-04-01,0.5384719967842102,0.5384719967842102,0.5015389919281006,0.5147410035133362,1829835076,-0.0451088165060274,0.0780114795541072,XRP-USD,0.0,0,0.0,0,0.0,0.0,0.2199999999999999,0.0,37376,1189160,,,50969396251.12232,0.07663642844596792,0.050595589511427334
2023-04-02,0.5099610090255737,0.5284950137138367,0.5035210251808167,0.5189530253410339,1488648839,0.0081495007645583,0.0779899997092138,XRP-USD,0.0,0,0.0,0,0.0,0.0,0.26,0.0,83787,1462793,,,51868202828.47612,0.07683040118831873,0.05330291618754261
2023-04-03,0.5189329981803894,0.5231670141220093,0.4869489967823028,0.4969600141048431,1655872706,-0.0433038007868402,0.0784067106092873,XRP-USD,0.0,0,0.0,0,0.0,0.0,0.26,0.0,40785,1372775,,,49776865643.35704,0.07743547391785832,0.05599560256437627
2023-04-04,0.4968900084495544,0.5076410174369812,0.488974004983902,0.50347900390625,1230443035,0.0130324426610622,0.0513582977681477,XRP-USD,0.0,0,0.0,0,0.0,0.0,0.24,0.0,32990,1231543,,,50287246692.35714,0.07243861016610989,0.057459682764453415
2023-04-05,0.50348299741745,0.525638997554779,0.5000640153884888,0.5062350034713745,1402532299,0.0054589842057579,0.0402846384020026,XRP-USD,0.0,0,0.0,0,0.0,0.0,0.24,0.0,38374,1319152,,,50603518615.46417,0.06521022520855171,0.05842179672395646
2023-04-06,0.5062569975852966,0.5090129971504211,0.4945249855518341,0.5032979846000671,1077113140,-0.0058185858061125,0.0389445625449386,XRP-USD,0.0,0,0.0,0,0.0,0.0,0.26,0.0,40115,1196994,,,50342716937.43293,0.057396841806718,0.059252198428738606
2023-04-07,0.503305971622467,0.5141649842262268,0.4991079866886139,0.5137360095977783,1060408546,0.0205271241099034,0.0359709600365683,XRP-USD,0.0,0,0.0,0,0.0,0.0,0.28,0.0,38948,1113095,,,51355697763.96452,0.04899303387218891,0.05993364443400846
2023-04-08,0.513729989528656,0.513729989528656,0.5044410228729248,0.5057160258293152,587641054,-0.0157342355411707,0.0356595593397918,XRP-USD,0.0,0,0.0,0,0.0,0.0,0.2199999999999999,0.0,34276,1145244,,,50548507410.44918,0.040443603618289796,0.060479829645803715
2023-04-09,0.5056939721107483,0.5091429948806763,0.5009269714355469,0.5058339834213257,550582813,0.0002332214748979,0.0357396646697411,XRP-USD,0.0,0,0.0,0,0.0,0.0,0.2199999999999999,0.0,42811,1222792,,,50566471400.50247,0.03731987699860848,0.061018877061428084
2023-04-10,0.5057929754257202,0.5196729898452759,0.5012590289115906,0.5183179974555969,914389505,0.0243804291582282,0.0319738871689085,XRP-USD,0.0,0,0.0,0,0.0,0.0,0.24,0.0,31300,1069714,,,51855830941.5897,0.03565772675198966,0.06132912811280413
2023-04-11,0.5183079838752747,0.5263059735298157,0.513293981552124,0.5175179839134216,1206362804,-0.0015446725459143,0.0259298230166482,XRP-USD,0.0,0,0.0,0,0.0,0.0,0.3600000000000001,0.0,29469,1373126,,,51739233687.98608,0.03305477884633158,0.06126767350709439
2023-04-12,0.5175660252571106,0.5179960131645203,0.5014150142669678,0.5061150193214417,1063340695,-0.0222803216910294,0.0214298565232566,XRP-USD,0.0,0,0.0,0,0.0,0.0,0.3,0.0,32793,1163490,,,50543323112.56488,0.03014655814366924,0.05923303779473927
2023-04-13,0.5051820278167725,0.5147719979286194,0.5025910139083862,0.5132920145988464,963105081,0.0140809580905844,0.0216947272319912,XRP-USD,0.0,0,0.0,0,0.0,0.0,0.2199999999999999,0.0,29161,1064883,,,51302141777.04745,0.027353591722109123,0.05687495586835362
2023-04-14,0.5133349895477295,0.5438410043716431,0.5124769806861877,0.5239930152893066,1597156518,0.0206334421728632,0.0224343945209176,XRP-USD,0.0,0,0.0,0,0.0,0.0,0.3600000000000001,0.0,37280,1155702,,,52376679684.58733,0.024692537692344422,0.05457772384920398
2023-04-15,0.5239729881286621,0.5258049964904785,0.5182769894599915,0.5204439759254456,670556486,-0.0067961074793075,0.0188084466010224,XRP-USD,0.0,0,0.0,0,0.0,0.0,0.3600000000000001,0.0,45951,1101739,,,52061826574.251,0.022059449578767203,0.0520498874115169
2023-04-16,0.5204300284385681,0.5242540240287781,0.517238974571228,0.5213919878005981,631212313,0.0018198875251198,0.0186935790974702,XRP-USD,0.0,0,0.0,0,0.0,0.0,0.3600000000000001,0.0,41495,1081715,,,52095889015.375694,0.0206122007949316,0.049505204252409514
2023-04-17,0.5213609933853149,0.5213609933853149,0.5082759857177734,0.5111269950866699,1021376248,-0.0198840526758936,0.0152116870775492,XRP-USD,0.0,0,0.0,0,0.0,0.0,0.3799999999999999,0.0,26596,945133,,,51119651978.36167,0.01936856690579012,0.04680221373475211
2023-04-18,0.511135995388031,0.5359619855880737,0.5106170177459717,0.532263994216919,1169237634,0.0405215139898771,0.0182207229693557,XRP-USD,0.0,0,0.0,0,0.0,0.0,0.1599999999999999,0.0,30177,1000313,,,53253483323.277,0.01867376605326302,0.04417880270530229
2023-04-19,0.532247006893158,0.5343829989433289,0.4892579913139343,0.4915989935398102,2047949057,-0.0794762656169304,0.0287722111616918,XRP-USD,0.0,0,0.0,0,0.0,0.0,0.26,0.0,28805,1096158,,,49068928552.54868,0.01994132938141786,0.04198571521276739
2023-04-20,0.4915199875831604,0.4988270103931427,0.4686709940433502,0.4748579859733581,1484251970,-0.0346475479405629,0.0300618958191851,XRP-USD,0.0,0,0.0,0,0.0,0.0,0.04,0.0,30661,1088945,,,47399197934.983765,0.0221920192250504,0.03992574016083992
2023-04-21,0.4748739898204803,0.478769987821579,0.4427390098571777,0.449396014213562,1412575276,-0.0551112918507474,0.0320180795335553,XRP-USD,0.0,0,0.0,0,0.0,0.0,0.0,0.0,27358,1183042,,,44830556025.55961,0.02485691931226742,0.03791098847932471
2023-04-22,0.4494009912014007,0.4745349884033203,0.4467670023441314,0.4726609885692596,948350839,0.0504739148685954,0.0357120503510003,XRP-USD,0.0,0,0.0,0,0.0,0.0,0.06,0.0,29634,1099310,,,47215905637.35284,0.02895699196695764,0.03606032880483412
2023-04-23,0.4726600050926208,0.4726600050926208,0.4558640122413635,0.4650160074234009,745785219,-0.0163065758904947,0.0358051853305703,XRP-USD,0.0,0,0.0,0,0.0,0.0,0.1200000000000001,0.0,38542,1034680,,,46419362211.587,0.03247388443920056,0.03414186088558244
2023-04-24,0.4650169909000397,0.4825330078601837,0.4510360062122345,0.4612730145454407,1287683583,-0.008081739417851,0.0347204276389639,XRP-USD,0.0,0,0.0,0,0.0,0.0,0.06,0.0,29478,1040243,,,46167686634.88573,0.033663527734654974,0.032175062155116535
2023-04-25,0.4612649977207184,0.4714950025081634,0.4520480036735534,0.4699949920177459,1120038773,0.0187319492224978,0.0354406168396397,XRP-USD,0.0,0,0.0,0,0.0,0.0,0.06,0.0,26702,1039785,,,47000148003.65774,0.034739271938745896,0.03022205789285982
2023-04-26,0.4699879884719848,0.482481986284256,0.441330999135971,0.4620369970798492,1585410692,-0.0170770712310448,0.0352936727362726,XRP-USD,0.0,0,0.0,0,0.0,0.0,0.1200000000000001,0.0,26068,1036575,,,46152033585.84644,0.03539439057928936,0.029491847664138225
2023-04-27,0.4620530009269714,0.4692809879779815,0.4573900103569031,0.4668680131435394,1631460643,0.0104016224858026,0.0351419351268956,XRP-USD,0.0,0,0.0,0,0.0,0.0,0.1799999999999999,0.0,28305,974641,,,46664705459.90328,0.03528036753446842,0.02925808842436064
2023-04-28,0.4668850004673004,0.4810959994792938,0.4646219909191131,0.4802710115909576,1145414603,0.028303961431562,0.0356580710781575,XRP-USD,0.0,0,0.0,0,0.0,0.0,0.28,0.0,34044,1001365,,,47874538381.22016,0.03525094468398586,0.029108702448597857
2023-04-29,0.4802370071411133,0.4850609898567199,0.4757260084152221,0.4784089922904968,611537970,-0.0038845529986485,0.0356629642132854,XRP-USD,0.0,0,0.0,0,0.0,0.0,0.28,0.0,23031,962713,,,47768046417.03889,0.03543945199885016,0.029094702638448634
2023-04-30,0.4783770143985748,0.4818159937858581,0.4709540009498596,0.4723320007324219,556459700,-0.0127838693495873,0.0356297161604795,XRP-USD,0.0,0,0.0,0,0.0,0.0,0.1999999999999999,0.0,40610,936626,,,47307801119.8462,0.03547727186301812,0.029093346130298074
2023-05-01,0.4722050130367279,0.4725790023803711,0.4571819901466369,0.4649659991264343,941003865,-0.0157178469482873,0.035531618680833,XRP-USD,0.0,0,0.0,0,0.0,0.0,0.26,0.0,45269,963458,,,46482742602.47795,0.0355248610519302,0.029083889494438617
2023-05-02,0.4649760127067566,0.4658290147781372,0.4594359993934631,0.4649510085582733,903846077,-3.224065811985551e-05,0.0329388902076484,XRP-USD,0.0,0,0.0,0,0.0,0.0,0.1,0.0,29498,966685,,,46483578078.52879,0.03508425206808076,0.029127753268926793
2023-05-03,0.4649589955806732,0.4652589857578277,0.4514360129833221,0.4634940028190613,1049175706,-0.0031385960771217,0.0261007435399231,XRP-USD,0.0,0,0.0,0,0.0,0.0,0.28,0.0,25963,981599,,,46350885337.78396,0.03317278656043388,0.029135522383621104
2023-05-04,0.4634880125522613,0.4649739861488342,0.4560190141201019,0.4615730047225952,752455291,-0.0041532145068615,0.0245937238482068,XRP-USD,0.0,0,0.0,0,0.0,0.0,0.28,0.0,26036,1034289,,,46119416344.58134,0.03095893848741816,0.02927933453475521
2023-05-05,0.4615640044212341,0.4697830080986023,0.4582580029964447,0.4677999913692474,857113580,0.0134006041867766,0.0195090395404051,XRP-USD,0.0,0,0.0,0,0.0,0.0,0.2199999999999999,0.0,26273,1042122,,,46755121802.992,0.027734803163403283,0.029179985094228568
2023-05-06,0.4678210020065307,0.4690810143947601,0.4547640085220337,0.4595490097999573,592275764,-0.0177952406152814,0.0146114345933462,XRP-USD,0.0,0,0.0,0,0.0,0.0,0.1999999999999999,0.0,26719,1080430,,,45842659250.38543,0.02355076634590592,0.02882439600661169
2023-05-07,0.4594990015029907,0.4610390067100525,0.4502489864826202,0.4503639936447143,440082859,-0.020189464517627,0.0149369191329859,XRP-USD,0.0,0,0.0,0,0.0,0.0,0.28,0.0,38953,944120,,,45272806281.53226,0.01995037213097342,0.028648417485337304
2023-05-08,0.4503459930419922,0.4517369866371155,0.4185529947280884,0.4289149940013885,1307982057,-0.0487973804545447,0.0194376486136253,XRP-USD,0.0,0,0.0,0,0.0,0.0,0.1999999999999999,0.0,40033,1216964,,,42804206045.59645,0.018617753145713862,0.02868223882698072
2023-05-09,0.4288890063762665,0.4301579892635345,0.4219050109386444,0.4298880100250244,911350658,0.0022659828515215,0.0183460042009862,XRP-USD,0.0,0,0.0,0,0.0,0.0,0.02,0.0,36075,1148796,,,42896130801.75127,0.01736820921626974,0.02882470778713694
2023-05-10,0.4298050105571747,0.4336960017681122,0.4178250133991241,0.4308730065822601,1068763583,0.0022886654209045,0.0182062485481189,XRP-USD,0.0,0,0.0,0,0.0,0.0,0.04,0.0,25007,1013856,,,43114808926.34634,0.0171076510178125,0.0288240498588989
2023-05-11,0.4308860003948211,0.4308860003948211,0.4129619896411896,0.4218789935111999,906511894,-0.0210948707027746,0.0181039962435231,XRP-USD,0.0,0,0.0,0,0.0,0.0,0.04,0.0,24677,1037874,,,42137604338.30361,0.017806163347847882,0.02833913099898215
2023-05-12,0.4218029975891113,0.439969003200531,0.4177199900150299,0.4307180047035217,1174284548,0.0207350668552873,0.0170428973068083,XRP-USD,0.0,0,0.0,0,0.0,0.0,-0.02,0.0,24357,1041000,,,43063921172.466286,0.01822735898261236,0.02774735833932865
2023-05-13,0.4307200014591217,0.4309450089931488,0.4247139990329742,0.424903005361557,389293055,-0.0135926743389315,0.01706976001757,XRP-USD,0.0,0,0.0,0,0.0,0.0,-0.04,0.0,25392,974410,,,42460749919.08363,0.017753781263401297,0.027067889270420233
2023-05-14,0.4248720109462738,0.4313369989395141,0.4231519997119903,0.4258599877357483,369801280,0.0022497047604956,0.0172495489354923,XRP-USD,0.0,0,0.0,0,0.0,0.0,-0.04,0.0,26840,852160,,,42560207649.26497,0.017534490210302518,0.02622868466062441
2023-05-15,0.4258610010147095,0.4302929937839508,0.4228279888629913,0.4275619983673095,749923785,0.0039886783227879,0.0173222984676727,XRP-USD,0.0,0,0.0,0,0.0,0.0,0.0,0.0,85641,1080269,,,42782950086.13569,0.01735770019421328,0.025388553439583617
2023-05-16,0.4275999963283539,0.4414339959621429,0.4202069938182831,0.4414219856262207,963282009,0.0319019981495804,0.0200543398623991,XRP-USD,0.0,0,0.0,0,0.0,0.0,0.08,0.0,27716,1253172,,,44038292449.482544,0.01774776891798848,0.02472191308610339
2023-05-17,0.4414089918136596,0.4595910012722015,0.4388810098171234,0.4485889971256256,1518727788,0.0161057932148832,0.0207441474505625,XRP-USD,0.0,0,0.0,0,0.0,0.0,0.0,0.0,30042,1295635,,,44838735158.84133,0.01848801894673932,0.024053891750236252
2023-05-18,0.4485670030117035,0.4712519943714142,0.4438329935073852,0.4602989852428436,1356400752,0.0257691516179852,0.0220431812313034,XRP-USD,0.0,0,0.0,0,0.0,0.0,0.02,0.0,33486,1502261,,,46025975195.10125,0.019482703189486,0.023451596681828557
2023-05-19,0.4602769911289215,0.4738000035285949,0.4585300087928772,0.4679819941520691,1083307614,0.0165535748787602,0.0222082857578984,XRP-USD,0.0,0,0.0,0,0.0,0.0,-0.04,0.0,31723,1237714,,,46781618160.16878,0.020474450553967218,0.022863703528692325
2023-05-20,0.4679920077323913,0.4708079993724823,0.4635289907455444,0.4690810143947601,479336096,0.0023456709668048,0.0216091866983951,XRP-USD,0.0,0,0.0,0,0.0,0.0,-0.04,0.0,32685,1199044,,,46888966996.72165,0.021331828200111702,0.022225117875066758
2023-05-21,0.4690749943256378,0.4706220030784607,0.4565919935703277,0.4575499892234802,537234089,-0.02488934730154,0.022004390673333,XRP-USD,0.0,0,0.0,0,0.0,0.0,0.04,0.0,43353,1193473,,,45774920992.85716,0.021721838362298483,0.02160427362325074
2023-05-22,0.4575749933719635,0.4663250148296356,0.4521499872207641,0.4616009891033172,904918280,0.008814713154352,0.0166955968678474,XRP-USD,0.0,0,0.0,0,0.0,0.0,-0.02,0.0,24330,1173178,,,46161212510.34309,0.02091212824575546,0.020743631837222012
2023-05-23,0.4616090059280395,0.4668369889259338,0.459443986415863,0.4654299914836883,829964870,0.0082608332088698,0.0166901669187726,XRP-USD,0.0,0,0.0,0,0.0,0.0,0.0,0.0,27762,1030103,,,46516302490.35787,0.0198415253832493,0.019887202211673807
2023-05-24,0.4654409885406494,0.4654409885406494,0.4474639892578125,0.4536089897155761,1029450864,-0.0257261203578426,0.0186872096890075,XRP-USD,0.0,0,0.0,0,0.0,0.0,0.0,0.0,26275,1223454,,,45337184568.77693,0.019137310169471122,0.019239398551735586
2023-05-25,0.4535860121250152,0.4546290040016174,0.4456219971179962,0.4537340104579925,697466810,0.0002755754839871,0.0173321108939969,XRP-USD,0.0,0,0.0,0,0.0,0.0,0.02,0.0,27022,1070623,,,45365565704.78489,0.018281895008591478,0.018840824340557123
2023-05-26,0.4537430107593536,0.4695709943771362,0.4530070126056671,0.4691399931907654,947890355,0.0333900705520933,0.0184956185701769,XRP-USD,0.0,0,0.0,0,0.0,0.0,-0.02,0.0,27858,1027413,,,46851872679.82607,0.017580140587960258,0.01856363773701031
2023-05-27,0.4691169857978821,0.4777210056781769,0.4667159914970398,0.4722450077533722,634937525,0.0065967182810039,0.0176075500055414,XRP-USD,0.0,0,0.0,0,0.0,0.0,-0.04,0.0,133681,1149203,,,47177050049.93432,0.01776253121549906,0.018477206394516502
2023-05-28,0.472240000963211,0.4858149886131286,0.4707840085029602,0.4828889966011047,570647795,0.0222888714069116,0.017955015779178,XRP-USD,0.0,0,0.0,0,0.0,0.0,0.0,0.0,525772,1639479,,,48254186836.71136,0.01801550098758014,0.01862918735750886
2023-05-29,0.4828749895095825,0.4943520128726959,0.4779039919376373,0.4941509962081909,1039953786,0.0230543242856831,0.0182678830103869,XRP-USD,0.0,0,0.0,0,0.0,0.0,0.04,0.0,294359,1563617,,,49380277270.2904,0.017931635651856022,0.018780594806481633
2023-05-30,0.4942319989204407,0.5254259705543518,0.4905470013618469,0.5219380259513855,2119990185,0.054707725779512,0.0211310682518525,XRP-USD,0.0,0,0.0,0,0.0,0.0,0.02,0.0,33502,1226561,,,52178767653.48308,0.01869142712342714,0.01885756842640105
2023-05-31,0.5218949913978577,0.5271980166435242,0.50245600938797,0.5173860192298889,1585723566,-0.0087596084188268,0.02179117636788,XRP-USD,0.0,0,0.0,0,0.0,0.0,0.02,0.0,30770,1266812,,,51828027917.82276,0.01935053868296776,0.01901416716125986
2023-06-01,0.5173879861831665,0.5173889994621277,0.5031989812850952,0.5073170065879822,1095700204,-0.01965318044422,0.0226576500822533,XRP-USD,0.0,0,0.0,0,0.0,0.0,0.04,0.0,33268,1236186,,,50714701716.217606,0.02036055869831014,0.019216503594629605
2023-06-02,0.5073040127754211,0.5263280272483826,0.5049690008163452,0.5253869891166687,1070731055,0.0349990454372777,0.0237683079871135,XRP-USD,0.0,0,0.0,0,0.0,0.0,0.0,0.0,71360,1441052,,,52451511890.10806,0.02152321713989724,0.019473972310247348
2023-06-03,0.5253559947013855,0.5299130082130432,0.5170459747314453,0.5193510055541992,684948363,-0.0115551473272835,0.0243185749437439,XRP-USD,0.0,0,0.0,0,0.0,0.0,0.06,0.0,42896,1415127,,,51896993902.54047,0.02273335552656864,0.01980468493010806
2023-06-04,0.5193660259246826,0.5447109937667847,0.5166140198707581,0.5359110236167908,943439712,0.0313881807259713,0.0232199361814094,XRP-USD,0.0,0,0.0,0,0.0,0.0,0.04,0.0,40709,1218899,,,53697442712.19743,0.02315112911248002,0.02008423839210076
2023-06-05,0.536005973815918,0.5414329767227173,0.4935460090637207,0.5103939771652222,2077075618,-0.048785214840137,0.0282506008688475,XRP-USD,0.0,0,0.0,0,0.0,0.0,0.06,0.0,39133,1091792,,,50953486899.40244,0.02444301401267352,0.02058428620725327
2023-06-06,0.5103830099105835,0.5318089723587036,0.4982340037822723,0.5304639935493469,1595950808,0.0385691513459793,0.0294747803650358,XRP-USD,0.0,0,0.0,0,0.0,0.0,-0.12,0.0,31703,1162708,,,53025415232.86777,0.025806440069230017,0.0211366717480425
2023-06-07,0.5304279923439026,0.5371230244636536,0.5089340209960938,0.5196279883384705,1649651366,-0.020638934573721,0.0290373074479592,XRP-USD,0.0,0,0.0,0,0.0,0.0,0.06,0.0,32223,1045928,,,51936612744.72831,0.026860239961399156,0.02154498845647705
2023-06-08,0.5196120142936707,0.5273330211639404,0.5169619917869568,0.5245460271835327,954016646,0.0094200298792195,0.0289114460166072,XRP-USD,0.0,0,0.0,0,0.0,0.0,0.0,0.0,29011,1158614,,,52431168959.21444,0.027778814175971823,0.02191622930038817
2023-06-09,0.524541974067688,0.5398839712142944,0.5216730237007141,0.5379170179367065,1233816475,0.0251711281244117,0.0284881506237367,XRP-USD,0.0,0,0.0,0,0.0,0.0,0.0,0.0,30980,1157829,,,53676180256.535126,0.028832457064437277,0.022209182454589686
2023-06-10,0.5379719734191895,0.5380300283432007,0.4823650121688843,0.5081989765167236,2110109968,-0.0568312495659026,0.0336142970838656,XRP-USD,0.0,0,0.0,0,0.0,0.0,-0.02,0.0,33944,1382793,,,50844197631.30158,0.0299051963074409,0.022727637514860923
2023-06-11,0.5081899762153625,0.5283970236778259,0.504347026348114,0.5212209820747375,828115958,0.0253010447367206,0.0337412091086594,XRP-USD,0.0,0,0.0,0,0.0,0.0,-0.06,0.0,35545,1036046,,,52038441983.38704,0.03075848205616562,0.02327909307896385
2023-06-12,0.5211629867553711,0.5275239944458008,0.5110899806022644,0.52572101354599,1199140307,0.0085965778489486,0.0333804849199497,XRP-USD,0.0,0,0.0,0,0.0,0.0,-0.06,0.0,31754,1095905,,,52549420986.62605,0.03162711755056372,0.02379618827199188
2023-06-13,0.5256779789924622,0.5613769888877869,0.5087649822235107,0.5200859904289246,2617707336,-0.0107765154182762,0.0302319002507294,XRP-USD,0.0,0,0.0,0,0.0,0.0,-0.0999999999999999,0.0,34493,1067117,,,51949248718.32212,0.03189120839738816,0.024411474789395607
2023-06-14,0.5200859904289246,0.5202100276947021,0.4674800038337707,0.4802199900150299,1757437649,-0.0797498526733196,0.0369707444625782,XRP-USD,0.0,0,0.0,0,0.0,0.0,-0.0799999999999999,0.0,34142,1089623,,,47913578284.21598,0.033587727165156456,0.02533331922320495
2023-06-15,0.480226993560791,0.4845019876956939,0.4695580005645752,0.4801180064678192,1180880587,-0.0002123909456202,0.0367556371740376,XRP-USD,0.0,0,0.0,0,0.0,0.0,-0.18,0.0,73950,1042631,,,47927454565.30663,0.034215995183190864,0.026154611381615404
2023-06-16,0.4801070094108581,0.4823490083217621,0.4592849910259247,0.4757429957389831,1166129294,-0.0091541369931475,0.0350107008293121,XRP-USD,0.0,0,0.0,0,0.0,0.0,-0.06,0.0,59403,997710,,,47478683930.53719,0.034469893527321396,0.02695818365140246
2023-06-17,0.4757640063762665,0.4852289855480194,0.4705739915370941,0.4797900021076202,635717535,0.008470729062315,0.0352226816600878,XRP-USD,0.0,0,0.0,0,0.0,0.0,-0.06,0.0,56659,1094630,,,47907581685.77623,0.03483833287534902,0.027718504700943867
2023-06-18,0.4797869920730591,0.4966970086097717,0.4765709936618805,0.4875729978084564,743984056,0.0160915057587059,0.034207680739002,XRP-USD,0.0,0,0.0,0,0.0,0.0,-0.02,0.0,41979,943668,,,48736197023.6238,0.03563348897300354,0.02847305609791935
2023-06-19,0.4875720143318176,0.4972800016403198,0.4837110042572021,0.4933950006961822,870856054,0.0118700533668135,0.0322601816982396,XRP-USD,0.0,0,0.0,0,0.0,0.0,-0.06,0.0,29886,1027658,,,49335856576.41162,0.03469137642013582,0.02912329091242215
2023-06-20,0.4934239983558655,0.4955579936504364,0.4737829864025116,0.4928700029850006,1073485912,-0.0010646180464858,0.0300498503921738,XRP-USD,0.0,0,0.0,0,0.0,0.0,-0.02,0.0,29384,921895,,,49241835268.64636,0.03335021906376306,0.02965883488432156
2023-06-21,0.4928610026836395,0.5025219917297363,0.490334004163742,0.500694990158081,1305891782,0.0157516599672301,0.0301899236781548,XRP-USD,0.0,0,0.0,0,0.0,0.0,0.1799999999999999,0.0,32651,1097275,,,50102786700.225006,0.032386063633531595,0.03007060104006257
2023-06-22,0.5006409883499146,0.523157000541687,0.4913130104541778,0.4949750006198883,1518125316,-0.0114898561148252,0.0300637638906693,XRP-USD,0.0,0,0.0,0,0.0,0.0,0.3,0.0,31828,977398,,,49526532124.133255,0.0313542800796479,0.030446627745643898
2023-06-23,0.494962990283966,0.5018900036811829,0.4861479997634887,0.4965659976005554,1108503309,0.0032091428371436,0.028969476615835,XRP-USD,0.0,0,0.0,0,0.0,0.0,0.3,0.0,157108,1196422,,,49602993695.45165,0.0303066392550145,0.030733528951715793
2023-06-24,0.4965760111808777,0.4965760111808777,0.4828279912471771,0.4873130023479461,693890997,-0.0188097684091736,0.025366877195345,XRP-USD,0.0,0,0.0,0,0.0,0.0,0.24,0.0,158966,993936,,,48700727043.48513,0.028927978354435578,0.03080619118845359
2023-06-25,0.4873160123825073,0.4956429898738861,0.4842079877853393,0.4902769923210144,681228509,0.006063889916168,0.02421074739358,XRP-USD,0.0,0,0.0,0,0.0,0.0,0.28,0.0,158966,1001813,,,48991158591.262405,0.027760157754716817,0.030801289936173412
2023-06-26,0.4902789890766144,0.491252988576889,0.4745739996433258,0.4793320000171661,953227780,-0.0225770538356051,0.0243593758115847,XRP-USD,0.0,0,0.0,0,0.0,0.0,0.1,0.0,158940,1104307,,,47883588829.61344,0.0265940481814028,0.03085308264663593
2023-06-27,0.4793570041656494,0.4849970042705536,0.4772320091724396,0.4838399887084961,847044879,0.0093607822101869,0.0246860317805845,XRP-USD,0.0,0,0.0,0,0.0,0.0,0.1799999999999999,0.0,163093,1203328,,,48370965316.465614,0.02551850175938584,0.030691056778987612
2023-06-28,0.4838390052318573,0.4839099943637848,0.4565410017967224,0.4652220010757446,989599376,-0.039239536887685,0.0161786895785634,XRP-USD,0.0,0,0.0,0,0.0,0.0,0.24,0.0,157330,1269615,,,46515362336.1981,0.022960344351931523,0.030086689015966138
2023-06-29,0.4651710093021393,0.4767229855060577,0.4623959958553314,0.4747219979763031,718808031,0.0202146519543419,0.0172629530303136,XRP-USD,0.0,0,0.0,0,0.0,0.0,0.08,0.0,133359,1026675,,,47452976444.336685,0.02133955951892524,0.029551491087891336
2023-06-30,0.4746989905834198,0.4822700023651123,0.4565100073814392,0.4740369915962219,1261905827,-0.0014440052882519,0.0170983896230574,XRP-USD,0.0,0,0.0,0,0.0,0.0,0.1200000000000001,0.0,34480,980133,,,47471547130.48891,0.019917087964820723,0.029014533979093617
2023-07-01,0.4740200042724609,0.4754549860954284,0.4656040072441101,0.4735220074653625,737421634,-0.0010869701666577,0.0169129270032153,XRP-USD,0.0,0,0.0,0,0.0,0.0,0.1799999999999999,0.0,31378,880901,,,47297383634.58449,0.018427798203146842,0.028488387450888098
2023-07-02,0.4735159873962402,0.4945299923419952,0.471327006816864,0.4844929873943329,1154671474,0.0229045674981752,0.0175275131787674,XRP-USD,0.0,0,0.0,0,0.0,0.0,0.26,0.0,40769,882297,,,48452965163.22986,0.01699609448278342,0.02775717000065636
2023-07-03,0.484497994184494,0.4909110069274902,0.4797129929065704,0.4895470142364502,1059955641,0.0103775454615956,0.0174511700025519,XRP-USD,0.0,0,0.0,0,0.0,0.0,0.24,0.0,29068,937165,,,48897847308.426735,0.017250590567581124,0.027016713677651474
2023-07-04,0.4895099997520447,0.4926219880580902,0.4833369851112366,0.4878419935703277,841667226,-0.003488933028826,0.0174685897509047,XRP-USD,0.0,0,0.0,0,0.0,0.0,0.28,0.0,24363,1052830,,,48839415302.05197,0.01729171791169934,0.026293445715422158
2023-07-05,0.4878099858760834,0.4916000068187713,0.4711540043354034,0.4782719910144806,950150566,-0.0198119802361791,0.017472913050307,XRP-USD,0.0,0,0.0,0,0.0,0.0,0.2199999999999999,0.0,24132,929883,,,47808168417.811966,0.01736662259714926,0.025713491751766595
2023-07-06,0.4782289862632751,0.4837810099124908,0.4632959961891174,0.4637390077114105,950187883,-0.0308576789278058,0.018883349183329,XRP-USD,0.0,0,0.0,0,0.0,0.0,0.1200000000000001,0.0,29272,997676,,,46471958986.81658,0.017760707033172,0.024891337420891634
2023-07-07,0.463714987039566,0.4704850018024444,0.4606299996376037,0.468764990568161,682747263,0.0107796460594667,0.0192311002038849,XRP-USD,0.0,0,0.0,0,0.0,0.0,0.1,0.0,25181,987766,,,46832042048.52587,0.018101424438195502,0.024094767558611965
2023-07-08,0.4687570035457611,0.4739620089530945,0.4660449922084808,0.4706439971923828,409435365,0.0040004069676883,0.0188529381760357,XRP-USD,0.0,0,0.0,0,0.0,0.0,0.1599999999999999,0.0,22541,989669,,,47024611272.6274,0.018381778072892256,0.023360323801644857
2023-07-09,0.4706439971923828,0.471789002418518,0.4681169986724853,0.4685499966144562,324938269,-0.0044591512754506,0.0186949493720718,XRP-USD,0.0,0,0.0,0,0.0,0.0,0.1,0.0,27693,887998,,,46804571135.63646,0.01862704999712568,0.022609063243098672
2023-07-10,0.4685539901256561,0.4799860119819641,0.4646059870719909,0.4776639938354492,885726455,0.0192647312009515,0.0187099530902039,XRP-USD,0.0,0,0.0,0,0.0,0.0,0.1200000000000001,0.0,27060,895017,,,47723857955.60892,0.01887445800510506,0.021904621077244214
2023-07-11,0.4776850044727325,0.4782879948616028,0.471807986497879,0.475719004869461,645625637,-0.0040801895292215,0.0185228267875363,XRP-USD,0.0,0,0.0,0,0.0,0.0,0.1399999999999999,0.0,25551,851711,,,47597730828.2758,0.01880235352594652,0.021280195854030428
2023-07-12,0.4756909906864166,0.4770210087299347,0.4678579866886139,0.471105009317398,715809444,-0.0097463351306962,0.0152534296821736,XRP-USD,0.0,0,0.0,0,0.0,0.0,0.28,0.0,23288,885816,,,47095708551.15713,0.01800681942160426,0.020607631276303145
2023-07-13,0.4711009860038757,0.8875110149383545,0.470102995634079,0.8153650164604187,10397344596,0.548554867047985,0.1474504350206327,XRP-USD,0.0,0,0.0,0,0.0,0.0,0.1399999999999999,0.0,64673,1386155,,,81333436437.94057,0.04372631879052366,0.025937654519143052
2023-07-14,0.8161969780921936,0.8214120268821716,0.6807630062103271,0.7191569805145264,7060210982,-0.125556220312219,0.1536463594145424,XRP-USD,0.0,0,0.0,0,0.0,0.0,0.1999999999999999,0.0,65204,1403711,,,72055952911.98845,0.07071660079901779,0.03155504522477364
2023-07-15,0.719215989112854,0.731020987033844,0.6969010233879089,0.7132790088653564,3369947488,-0.0082070049694975,0.1537680927898621,XRP-USD,0.0,0,0.0,0,0.0,0.0,0.1200000000000001,0.0,40466,1257090,,,71287102029.61421,0.09772822873894942,0.03722770959632033
2023-07-16,0.7133529782295227,0.7873319983482361,0.709725022315979,0.7468600273132324,3937651423,0.0460051271553811,0.153818554572692,XRP-USD,0.0,0,0.0,0,0.0,0.0,0.1399999999999999,0.0,43627,1046376,,,74798266253.24883,0.12478737429598055,0.04306642220438156
2023-07-17,0.7469660043716431,0.7603020071983337,0.7184249758720398,0.739205002784729,2506419441,-0.0103024996658827,0.1541299063457575,XRP-USD,0.0,0,0.0,0,0.0,0.0,0.08,0.0,34470,1168368,,,73889922350.31204,0.15256266962869733,0.048971838520389624
2023-07-18,0.739096999168396,0.7809889912605286,0.7360929846763611,0.7795400023460388,2626009775,0.0531287169952025,0.1539422379426438,XRP-USD,0.0,0,0.0,0,0.0,0.0,0.1200000000000001,0.0,31703,1173395,,,77637777411.5865,0.15386103021309955,0.054861968617255945
2023-07-19,0.7795869708061218,0.8418409824371338,0.7743350267410278,0.8206940293312073,3954595150,0.0514463543799826,0.1532210317427138,XRP-USD,0.0,0,0.0,0,0.0,0.0,0.0,0.0,39345,1246170,,,82070016635.25253,0.15377596467873383,0.06070446861553456
2023-07-20,0.8206449747085571,0.8467990159988403,0.7739449739456177,0.7940580248832703,2843382854,-0.0329938217411872,0.153296532304604,XRP-USD,0.0,0,0.0,0,0.0,0.0,0.1200000000000001,0.0,38110,1078574,,,79435663240.25261,0.1536816525816822,0.06693709783035458
2023-07-21,0.7940300107002258,0.7979990243911743,0.7641419768333435,0.7725020051002502,1860721533,-0.0275219334074932,0.1541670081607169,XRP-USD,0.0,0,0.0,0,0.0,0.0,0.0,0.0,33212,1148824,,,77252555699.16328,0.1537513432992872,0.0731600094271911
2023-07-22,0.7724469900131226,0.7789120078086853,0.730679988861084,0.73328697681427,1637792182,-0.0520974691224036,0.1557744107577368,XRP-USD,0.0,0,0.0,0,0.0,0.0,0.04,0.0,32715,986960,,,73247752907.96465,0.15408024418168306,0.0794634649333129
2023-07-23,0.7333070039749146,0.7505589723587036,0.7193089723587036,0.7386829853057861,1541388766,0.0073317157303504,0.1555957990492397,XRP-USD,0.0,0,0.0,0,0.0,0.0,0.08,0.0,35508,1188039,,,73771037468.81671,0.15441095640300223,0.0857672318444958
2023-07-24,0.7386469841003418,0.7415069937705994,0.687578022480011,0.7027649879455566,2266820366,-0.0498463138523594,0.1571372483659933,XRP-USD,0.0,0,0.0,0,0.0,0.0,0.1,0.0,32751,1121117,,,70335813871.451,0.15519419972765813,0.09211312889846063
2023-07-25,0.7028170228004456,0.7140989899635315,0.6791489720344543,0.7095999717712402,1813094168,0.0096788540909915,0.1569669401112185,XRP-USD,0.0,0,0.0,0,0.0,0.0,0.0,0.0,27537,1029034,,,71029439045.85516,0.15592828128898104,0.09845475481249094
2023-07-26,0.7096199989318848,0.7295269966125488,0.696075975894928,0.7157989740371704,1676809706,0.0086979738074122,0.1566978472594046,XRP-USD,0.0,0,0.0,0,0.0,0.0,0.02,0.0,38050,879664,,,71564279447.42639,0.15643444910871857,0.10478335742651365
2023-07-27,0.7158010005950928,0.7270749807357788,0.7091050148010254,0.7136459946632385,1480051564,-0.0030123314280863,0.0476626781023624,XRP-USD,0.0,0,0.0,0,0.0,0.0,0.02,0.0,27528,688585,,,71327912376.67503,0.1348121025776437,0.10615561947433436
2023-07-28,0.7136330008506775,0.7175430059432983,0.704509973526001,0.7125679850578308,1055913805,-0.0015117083776069,0.0340052071706845,XRP-USD,0.0,0,0.0,0,0.0,0.0,0.04,0.0,27281,855326,,,71251935997.96443,0.11049398420193265,0.10684297665557779
2023-07-29,0.7125430107116699,0.7146109938621521,0.706866979598999,0.7127389907836914,725769153,0.0002399563456568,0.0339358179134808,XRP-USD,0.0,0,0.0,0,0.0,0.0,0.04,0.0,33418,612171,,,71257125057.67209,0.08585369811143015,0.10751137291510487
2023-07-30,0.7127230167388916,0.7298099994659424,0.6935369968414307,0.7051360011100769,1323282055,-0.0107245879778729,0.0312973922583931,XRP-USD,0.0,0,0.0,0,0.0,0.0,0.04,0.0,98508,731717,,,70457951512.2944,0.060719788540865086,0.10807702991884839
2023-07-31,0.7051100134849548,0.7173640131950378,0.6921539902687073,0.6985210180282593,1488758727,-0.0094254251056002,0.0312849103761845,XRP-USD,0.0,0,0.0,0,0.0,0.0,0.0,0.0,122554,738028,,,69879583969.7905,0.03563720116422106,0.1086493008735808
2023-08-01,0.6985030174255371,0.7072110176086426,0.6835319995880127,0.7072110176086426,1438067858,0.0123638219217774,0.0271824697030353,XRP-USD,0.0,0,0.0,0,0.0,0.0,0.06,0.0,153040,989995,,,70580767424.0514,0.03154115948435564,0.10903441526507313
2023-08-02,0.707086980342865,0.707086980342865,0.6802319884300232,0.6851950287818909,1132335650,-0.0316255791106008,0.0220322539790842,XRP-USD,0.0,0,0.0,0,0.0,0.0,0.06,0.0,170276,1268354,,,68486150202.55316,0.02914656884603558,0.10919393468287074
2023-08-03,0.6851800084114075,0.6867610216140747,0.6588510274887085,0.6641349792480469,1414576525,-0.0312181004717012,0.0219123952534112,XRP-USD,0.0,0,0.0,0,0.0,0.0,0.04,0.0,82784,1178862,,,66464592782.63827,0.026741884314021656,0.10949661493610882
2023-08-04,0.6640880107879639,0.6664419770240784,0.6303039789199829,0.6355389952659607,1342066974,-0.0440119605190802,0.0231736985503115,XRP-USD,0.0,0,0.0,0,0.0,0.0,0.08,0.0,28651,1084823,,,63563364636.92586,0.025117145572405342,0.10384767236927604
2023-08-05,0.635532021522522,0.635532021522522,0.6126369833946228,0.6284229755401611,1142144189,-0.0112599826181879,0.0204061440301294,XRP-USD,0.0,0,0.0,0,0.0,0.0,0.0,0.0,26138,1236331,,,62809674119.557686,0.022941392303194322,0.09779129894271182
2023-08-06,0.6284289956092834,0.6364349722862244,0.6216340065002441,0.6230869889259338,849060664,-0.0085273295454348,0.0197380993095121,XRP-USD,0.0,0,0.0,0,0.0,0.0,-0.02,0.0,70506,1019273,,,62228556352.82942,0.02145251822448968,0.09169902651178682
2023-08-07,0.6230930089950562,0.6277779936790466,0.6049780249595642,0.6219310164451599,1417493753,-0.0018569575828854,0.0166079373461965,XRP-USD,0.0,0,0.0,0,0.0,0.0,-0.02,0.0,125142,1246386,,,62054229646.52201,0.02036765489791214,0.08546218027421884
2023-08-08,0.6219279766082764,0.6448860168457031,0.6153180003166199,0.6424059867858887,1296031585,0.0323913014423782,0.0194161884245275,XRP-USD,0.0,0,0.0,0,0.0,0.0,0.08,0.0,189349,1279339,,,64159022111.37824,0.0198684135321354,0.07933882945961747
2023-08-09,0.6423749923706055,0.6623439788818359,0.6346529722213745,0.6433650255203247,1659437400,0.0014917724899838,0.0190571991147715,XRP-USD,0.0,0,0.0,0,0.0,0.0,0.0,0.0,75378,1116060,,,64369496002.4236,0.019045113645027402,0.07320769133107782
2023-08-10,0.6433460116386414,0.6434400081634521,0.6252760291099548,0.6329860091209412,1159039975,-0.0162639350789433,0.0191396270845909,XRP-USD,0.0,0,0.0,0,0.0,0.0,0.06,0.0,141446,1252387,,,63295335050.83849,0.0187918102559197,0.06711308202843587
2023-08-11,0.6329910159111023,0.6391479969024658,0.6273329854011536,0.6316750049591064,885715586,-0.0020732901810917,0.0191242853410957,XRP-USD,0.0,0,0.0,0,0.0,0.0,0.02,0.0,194994,1088342,,,63161751490.03201,0.01866904746223642,0.061014343530094585
2023-08-12,0.6316570043563843,0.6321520209312439,0.6255419850349426,0.6272050142288208,519563800,-0.0071015655949826,0.01896300690714,XRP-USD,0.0,0,0.0,0,0.0,0.0,0.08,0.0,147444,1216106,,,62686972674.81304,0.019140061374425123,0.05486870710947745
2023-08-13,0.6271920204162598,0.6370409727096558,0.6249030232429504,0.6261019706726074,635297148,-0.0017602133464555,0.0190561966232587,XRP-USD,0.0,0,0.0,0,0.0,0.0,0.08,0.0,203447,1359116,,,62573798988.85173,0.01906806301417136,0.048654242830637545
2023-08-14,0.6260979771614075,0.6354510188102722,0.6247239708900452,0.6342819929122925,939329129,0.0129803890407577,0.0198941467957037,XRP-USD,0.0,0,0.0,0,0.0,0.0,0.0,0.0,25201,1301016,,,63443357817.98401,0.0192354525503578,0.04248598591002227
2023-08-15,0.6342380046844482,0.6342380046844482,0.5935029983520508,0.6095989942550659,1230727429,-0.0396922847965529,0.0208598544702838,XRP-USD,0.0,0,0.0,0,0.0,0.0,0.06,0.0,25340,1180081,,,60884995881.28408,0.01957949802749638,0.036291558914762746
2023-08-16,0.6095880270004272,0.6143149733543396,0.5790519714355469,0.5883280038833618,1688583741,-0.0355167324239573,0.021184813024612,XRP-USD,0.0,0,0.0,0,0.0,0.0,0.04,0.0,25202,1084277,,,58792173693.61741,0.01999160356419964,0.030119644047189722
2023-08-17,0.5883439779281616,0.5934709906578064,0.4681060016155243,0.5071420073509216,2425926882,-0.1484935643363918,0.0424029703481191,XRP-USD,0.0,0,0.0,0,0.0,0.0,0.0,0.0,28283,1144529,,,50749140482.90313,0.024679596252395457,0.024924422369404012
2023-08-18,0.5072450041770935,0.5170609951019287,0.4875949919223785,0.5060999989509583,2169285316,-0.0020567816194372,0.0420000369532484,XRP-USD,0.0,0,0.0,0,0.0,0.0,-0.26,0.0,31902,1357523,,,50541844258.71479,0.029268364318393403,0.024667029589898835
2023-08-19,0.5061280131340027,0.5232080221176147,0.5019760131835938,0.5196290016174316,1038954380,0.0263808223676355,0.0435224177771348,XRP-USD,0.0,0,0.0,0,0.0,0.0,-0.2199999999999999,0.0,23350,969980,,,51971580568.84685,0.033994018514679626,0.025099630072010215
2023-08-20,0.5196390151977539,0.5529590249061584,0.5173289775848389,0.5395470261573792,1471670949,0.0376148485706252,0.0456304325586922,XRP-USD,0.0,0,0.0,0,0.0,0.0,-0.26,0.0,27839,956648,,,53985905516.14432,0.0389481341323613,0.02563120346497437
2023-08-21,0.5395479798316956,0.5397819876670837,0.5100489854812622,0.524537980556488,1445315789,-0.0282121089890626,0.0457994253012477,XRP-USD,0.0,0,0.0,0,0.0,0.0,-0.24,0.0,24795,935493,,,52449076932.68831,0.04387105658768844,0.026290386785104126
2023-08-22,0.5245360136032104,0.5248180031776428,0.5063430070877075,0.5209299921989441,1227160129,-0.0069021773507853,0.0440286421775201,XRP-USD,0.0,0,0.0,0,0.0,0.0,-0.26,0.0,25154,927633,,,52028853081.588,0.044196190953568644,0.02686964732152847
2023-08-23,0.5209190249443054,0.5347710251808167,0.516435980796814,0.5299019813537598,1007927236,0.0170763878548888,0.0446692675372314,XRP-USD,0.0,0,0.0,0,0.0,0.0,-0.26,0.0,24192,940000,,,52961834807.64563,0.044730037070365235,0.027664501768537384
2023-08-24,0.5299130082130432,0.5313839912414551,0.5133050084114075,0.5184130072593689,881617931,-0.0219198127133454,0.0447182442163809,XRP-USD,0.0,0,0.0,0,0.0,0.0,-0.18,0.0,31949,882473,,,51771261430.39627,0.04496920235821446,0.02869568314295996
2023-08-25,0.5184580087661743,0.529774010181427,0.5087429881095886,0.5262460112571716,1067427241,0.0149965695218544,0.045305020816866,XRP-USD,0.0,0,0.0,0,0.0,0.0,-0.2199999999999999,0.0,26559,847559,,,52571718174.1009,0.04490412000984921,0.029758984304935177
2023-08-26,0.5262179970741272,0.5268650054931641,0.5193060040473938,0.5234699845314026,541153725,-0.005289112880912,0.0453258903941959,XRP-USD,0.0,0,0.0,0,0.0,0.0,-0.24,0.0,31848,895250,,,52322086814.64359,0.044809413028438855,0.030765902116020837
2023-08-27,0.5234839916229248,0.5296019911766052,0.5215160250663757,0.5238440036773682,584757090,0.0007142445648141,0.0453775244033136,XRP-USD,0.0,0,0.0,0,0.0,0.0,-0.24,0.0,36766,946159,,,52325292469.90545,0.045079189473597556,0.03190096486025648
2023-08-28,0.5238400101661682,0.52435302734375,0.512673020362854,0.523248016834259,842593344,-0.0011383658662175,0.0449165546160871,XRP-USD,0.0,0,0.0,0,0.0,0.0,-0.2199999999999999,0.0,24320,1175296,,,52334128794.81649,0.0451286468893687,0.033045440101464436
2023-08-29,0.523252010345459,0.5465760231018066,0.5137709975242615,0.5400649905204773,1468584828,0.0316339139054677,0.0457838888812558,XRP-USD,0.0,0,0.0,0,0.0,0.0,-0.2199999999999999,0.0,26485,1077395,,,53973560963.917046,0.04534177582234368,0.0343716197166944
2023-08-30,0.5400450229644775,0.5401650071144104,0.5231519937515259,0.528194010257721,967541032,-0.0222258252469051,0.0453194004823791,XRP-USD,0.0,0,0.0,0,0.0,0.0,-0.02,0.0,30088,1061720,,,52797568624.89041,0.045344651755446296,0.035549038446596744
2023-08-31,0.5281950235366821,0.5284619927406311,0.505079984664917,0.510798990726471,1074749312,-0.033487511597165,0.0225282640880923,XRP-USD,0.0,0,0.0,0,0.0,0.0,0.04,0.0,32639,1016396,,,51059652277.38554,0.04078512649422558,0.03570681412720223
2023-09-01,0.5107880234718323,0.5116230249404907,0.4886009991168976,0.498075008392334,1097204087,-0.0252254633437038,0.023558973199567,XRP-USD,0.0,0,0.0,0,0.0,0.0,-0.1999999999999999,0.0,31106,917274,,,49751325610.95617,0.03642141625347626,0.035907693496064784
2023-09-02,0.4980599880218506,0.5021100044250488,0.4953620135784149,0.4990909993648529,661651382,0.0020377576375182,0.0222323755445261,XRP-USD,0.0,0,0.0,0,0.0,0.0,-0.2199999999999999,0.0,24023,979169,,,49872261589.40851,0.03188458043916406,0.03604897032349344
2023-09-03,0.4991079866886139,0.5091860294342041,0.4978390038013458,0.5050489902496338,622598422,0.0118669923835262,0.0195249024632654,XRP-USD,0.0,0,0.0,0,0.0,0.0,-0.1999999999999999,0.0,32771,987222,,,50471448120.65447,0.026632783155565977,0.036074511030590055
2023-09-04,0.5050489902496338,0.512067973613739,0.4989930093288421,0.5083749890327454,843268290,0.0065639076887593,0.0184909958710025,XRP-USD,0.0,0,0.0,0,0.0,0.0,-0.1999999999999999,0.0,28210,1000243,,,50791803951.51224,0.021267102233290657,0.03604882008730568
2023-09-05,0.5083969831466675,0.5083969831466675,0.5001230239868164,0.5054110288619995,750823613,-0.0058473258923297,0.0184726580125904,XRP-USD,0.0,0,0.0,0,0.0,0.0,-0.1999999999999999,0.0,22205,1070103,,,50546224740.16122,0.020455981018190277,0.03598420696080053
2023-09-06,0.5054309964179993,0.5054550170898438,0.4938110113143921,0.5032430291175842,773743079,-0.0042988040665306,0.0176242781190455,XRP-USD,0.0,0,0.0,0,0.0,0.0,-0.16,0.0,22071,1083350,,,50304798032.86834,0.019269042002085977,0.03583713530847152
2023-09-07,0.5032370090484619,0.5060909986495972,0.4973379969596863,0.5048570036888123,699614463,0.0032020154700887,0.016888649776402,XRP-USD,0.0,0,0.0,0,0.0,0.0,-0.18,0.0,21509,1035228,,,50451671179.48977,0.01820029684846116,0.0356418551608256
2023-09-08,0.5048649907112122,0.5067179799079895,0.4970290064811706,0.5048499703407288,709453301,-1.3931463809808091e-05,0.0161962353011858,XRP-USD,0.0,0,0.0,0,0.0,0.0,-0.0799999999999999,0.0,25111,954234,,,50483291927.36216,0.01753456341604524,0.03445063993141955
2023-09-09,0.5048589706420898,0.5048589706420898,0.5020279884338379,0.5038549900054932,359744792,-0.0019727882721832,0.0161838730844962,XRP-USD,0.0,0,0.0,0,0.0,0.0,-0.18,0.0,23676,1038556,,,50360920170.3205,0.017073138858743977,0.033277177937385355
2023-09-10,0.5038579702377319,0.5038830041885376,0.4954189956188202,0.4978139996528625,506251985,-0.0120619958442861,0.0163343601809691,XRP-USD,0.0,0,0.0,0,0.0,0.0,-0.1999999999999999,0.0,25619,1081491,,,49772614758.83116,0.01664547929241972,0.032041357137559644
2023-09-11,0.4977859854698181,0.4980149865150451,0.4670790135860443,0.474373996257782,1280910602,-0.0482304803631471,0.020176424183985,XRP-USD,0.0,0,0.0,0,0.0,0.0,-0.1999999999999999,0.0,32620,1011599,,,47377268500.057205,0.01715590850540762,0.030884356756891128
2023-09-12,0.474388986825943,0.4848299920558929,0.4707520008087158,0.4807380139827728,1026076357,0.0133264200229433,0.0179500015624919,XRP-USD,0.0,0,0.0,0,0.0,0.0,-0.4,0.0,21950,970021,,,48057314226.471535,0.0173681788626256,0.029618473859674956
2023-09-13,0.4807569980621338,0.4867869913578033,0.4749340116977691,0.4837749898433685,899389429,0.0062974493557003,0.0178678010984649,XRP-USD,0.0,0,0.0,0,0.0,0.0,-0.18,0.0,20865,986927,,,48380963370.24545,0.017702492022081417,0.028429344719717906
2023-09-14,0.4837670028209686,0.4931150078773498,0.4806509912014007,0.4894570112228393,783751989,0.0116767347009473,0.01660945322975,XRP-USD,0.0,0,0.0,0,0.0,0.0,-0.0999999999999999,0.0,20950,1015488,,,48952081126.98778,0.01778760805113218,0.027153898614832386
2023-09-15,0.4894680082798004,0.5050740242004395,0.4889769852161407,0.5008749961853027,951792585,0.0230599250386194,0.0166633237682821,XRP-USD,0.0,0,0.0,0,0.0,0.0,-0.0999999999999999,0.0,21988,952501,,,50099146783.173805,0.01785340076859478,0.02587867495810062
2023-09-16,0.5008490085601807,0.503167986869812,0.4988450109958648,0.4998799860477447,517370943,-0.0019885196338689,0.0166676353844119,XRP-USD,0.0,0,0.0,0,0.0,0.0,-0.14,0.0,19938,1131263,,,49935850272.76248,0.017151643008680162,0.0245769756202618
2023-09-17,0.499906986951828,0.5003719925880432,0.4920220077037811,0.4930410087108612,500486648,-0.0137756891538188,0.0166855391197157,XRP-USD,0.0,0,0.0,0,0.0,0.0,-0.0799999999999999,0.0,38299,975291,,,49221454314.478165,0.01689875052012492,0.02327514147142179
2023-09-18,0.4930289983749389,0.5066319704055786,0.4895470142364502,0.5032029747962952,955363038,0.0204012645735452,0.0175987564654363,XRP-USD,0.0,0,0.0,0,0.0,0.0,-0.0799999999999999,0.0,22455,1097079,,,50303225284.20505,0.0168449415935192,0.022012470201518277
2023-09-19,0.5031870007514954,0.5159749984741211,0.5018370151519775,0.5141509771347046,981191150,0.0215233350329588,0.0184846013410619,XRP-USD,0.0,0,0.0,0,0.0,0.0,-0.0799999999999999,0.0,22524,1070864,,,51361481053.68265,0.01721997121578158,0.020811017779926222
2023-09-20,0.5141329765319824,0.5242660045623779,0.5103909969329834,0.5213549733161926,1081193591,0.0139141883351447,0.018705549982454,XRP-USD,0.0,0,0.0,0,0.0,0.0,-0.06,0.0,24471,1079297,,,52100284656.775536,0.01762841645861596,0.01958018419361705
2023-09-21,0.5213580131530762,0.5213580131530762,0.5020229816436768,0.5071790218353271,1120291947,-0.0275670989613311,0.0203548435882948,XRP-USD,0.0,0,0.0,0,0.0,0.0,-0.06,0.0,23171,1130676,,,50697582895.615456,0.018365858099392538,0.01844543160752231
2023-09-22,0.5071939826011658,0.5161809921264648,0.5056089758872986,0.5125100016593933,712954688,0.0104561847222298,0.0205328878490281,XRP-USD,0.0,0,0.0,0,0.0,0.0,-0.14,0.0,21923,1050446,,,51234879063.93804,0.01913532784525502,0.018354732687564847
2023-09-23,0.5124980211257935,0.5135189890861511,0.5068860054016113,0.5080339908599854,382427235,-0.0087718697733674,0.0206903392985453,XRP-USD,0.0,0,0.0,0,0.0,0.0,-0.06,0.0,30323,1076568,,,50731190976.77454,0.019753644411876818,0.018224340237518403
2023-09-24,0.5080159902572632,0.5113170146942139,0.5014330148696899,0.5023880004882812,404611925,-0.0111756259914031,0.0206499630864946,XRP-USD,0.0,0,0.0,0,0.0,0.0,-0.12,0.0,25445,1081174,,,50238142467.56565,0.020186716760963362,0.018152412398516973
2023-09-25,0.5023869872093201,0.5064690113067627,0.4925830066204071,0.5054609775543213,852958013,0.0060981092522134,0.015121727228131,XRP-USD,0.0,0,0.0,0,0.0,0.0,-0.06,0.0,21781,1253075,,,50509065544.37336,0.019469952210098763,0.01795226806964723
2023-09-26,0.5054550170898438,0.5066549777984619,0.4988040030002594,0.5017079710960388,782380755,-0.0074526202062614,0.015211823622427,XRP-USD,0.0,0,0.0,0,0.0,0.0,-0.0799999999999999,0.0,21472,1249383,,,50142002426.42849,0.018441348216925203,0.017803214785621066
2023-09-27,0.5017039775848389,0.5064759850502014,0.4973739981651306,0.4995970129966736,748882159,-0.0042164200924185,0.0152984344881269,XRP-USD,0.0,0,0.0,0,0.0,0.0,-0.12,0.0,23713,1262301,,,49916170139.97954,0.017394457544744963,0.017658931898145453
2023-09-28,0.4995900094509125,0.5095250010490417,0.495606005191803,0.5095250010490417,786510398,0.0196771217874403,0.01581634329375,XRP-USD,0.0,0,0.0,0,0.0,0.0,-0.0799999999999999,0.0,22691,1156798,,,50931279662.72672,0.0164196583437859,0.017576753042450207
2023-09-29,0.5095369815826416,0.5454570055007935,0.5068169832229614,0.5217189788818359,1721538761,0.0236501670539493,0.0158749790788122,XRP-USD,0.0,0,0.0,0,0.0,0.0,-0.04,0.0,24229,1246939,,,52050170260.95257,0.01546466154224942,0.01753067710165067
2023-09-30,0.5216889977455139,0.5216889977455139,0.5152069926261902,0.515404999256134,544604664,-0.0121760903543621,0.0163434840642098,XRP-USD,0.0,0,0.0,0,0.0,0.0,-0.06,0.0,24605,1263721,,,51533868284.86816,0.01570901290946518,0.01753737022724267
2023-10-01,0.5153679847717285,0.5252199769020081,0.51494300365448,0.5242040157318115,549430554,0.0169279536154716,0.0160951967094086,XRP-USD,0.0,0,0.0,0,0.0,0.0,-0.04,0.0,25735,1061578,,,52410296601.18932,0.0158856875268615,0.017533339482920504
2023-10-02,0.5242040157318115,0.5255429744720459,0.5109900236129761,0.51283198595047,946645872,-0.0219326727867291,0.0168138998808532,XRP-USD,0.0,0,0.0,0,0.0,0.0,0.0,0.0,28216,1208357,,,51232175734.18538,0.01618878060540676,0.017555136742006146
2023-10-03,0.5128120183944702,0.5449010133743286,0.5074650049209595,0.5383870005607605,1206543606,0.0486293547042874,0.0204767693599552,XRP-USD,0.0,0,0.0,0,0.0,0.0,0.0,0.0,21931,1127602,,,53833463575.46668,0.017120865818647798,0.017568788795459336
2023-10-04,0.5384039878845215,0.5410130023956299,0.5232620239257812,0.5329310297966003,1467518350,-0.0101856176773595,0.0205278620479763,XRP-USD,0.0,0,0.0,0,0.0,0.0,-0.02,0.0,24952,1217780,,,53276573859.35401,0.018051442412480617,0.017685964272072266
2023-10-05,0.5329570174217224,0.5329570174217224,0.5188279747962952,0.5233659744262695,823945282,-0.0181110365421763,0.0196314545973648,XRP-USD,0.0,0,0.0,0,0.0,0.0,-0.04,0.0,21985,1134176,,,52349127174.55119,0.01870903651911162,0.017766130340204075
2023-10-06,0.5233539938926697,0.529079020023346,0.5184940099716187,0.5261930227279663,684500790,0.0053871295398891,0.0195147413891586,XRP-USD,0.0,0,0.0,0,0.0,0.0,0.0,0.0,24695,1071478,,,52598412708.82087,0.019392945455061622,0.017898188892904468
2023-10-07,0.5261899828910828,0.5261899828910828,0.5208330154418945,0.5219060182571411,321512118,-0.0081805787640674,0.0194905347762883,XRP-USD,0.0,0,0.0,0,0.0,0.0,-0.02,0.0,23045,1033668,,,52184157120.95185,0.01992827243414864,0.018026698484177477
2023-10-08,0.5218790173530579,0.5235400199890137,0.5172640085220337,0.5179610252380371,356449311,-0.0075875314446704,0.0193279393172144,XRP-USD,0.0,0,0.0,0,0.0,0.0,0.0,0.0,33992,1023987,,,51766670387.15605,0.019698506425600483,0.018147621390213954
2023-10-09,0.517973005771637,0.5197669863700867,0.495290994644165,0.5032269954681396,989847649,-0.0288586470365952,0.0209710395683565,XRP-USD,0.0,0,0.0,0,0.0,0.0,0.0,0.0,21610,1030857,,,50276868257.31744,0.01978714192967652,0.018342416865152176
2023-10-10,0.5032560229301453,0.5032560229301453,0.4932970106601715,0.497435986995697,670612869,-0.0115744725742897,0.0211074241130663,XRP-USD,0.0,0,0.0,0,0.0,0.0,0.0,0.0,21698,1027952,,,49753895611.620094,0.020082335832816822,0.01850190175822626
2023-10-11,0.4973790049552917,0.4977909922599792,0.4808599948883056,0.4888379871845245,794253917,-0.0174357589376471,0.0215717048610431,XRP-USD,0.0,0,0.0,0,0.0,0.0,-0.06,0.0,21657,1198740,,,48833101092.85181,0.020493728527193722,0.018642224645498136
2023-10-12,0.4887979924678802,0.4888570010662079,0.4756369888782501,0.483049988746643,812745907,-0.0119109753599515,0.0208189411364525,XRP-USD,0.0,0,0.0,0,0.0,0.0,-0.0999999999999999,0.0,22871,1114973,,,48301362807.36944,0.02075940979922656,0.018738287879770794
2023-10-13,0.4830490052700043,0.4897890090942383,0.4793410003185272,0.4856989979743957,696915013,0.0054689416279476,0.019499400451675,XRP-USD,0.0,0,0.0,0,0.0,0.0,-0.12,0.0,22781,765408,,,48552141468.37612,0.02079370202611868,0.018699404100833532
2023-10-14,0.4856899976730346,0.4879800081253052,0.4839740097522735,0.4867750108242035,357321203,0.0022129399432468,0.0194775077053545,XRP-USD,0.0,0,0.0,0,0.0,0.0,-0.06,0.0,20159,752547,,,48655011169.21057,0.020494995653518276,0.018651432276121097
2023-10-15,0.4867730140686035,0.4899919927120209,0.4856649935245514,0.4878459870815277,385469444,0.0021977295598899,0.0186348826060309,XRP-USD,0.0,0,0.0,0,0.0,0.0,-0.0999999999999999,0.0,25232,803748,,,48761931482.374245,0.020000487352111202,0.018558002426461353
2023-10-16,0.4878380000591278,0.5054579973220825,0.4861570000648498,0.4979769885540008,1082594336,0.0205541124360147,0.0191414625647336,XRP-USD,0.0,0,0.0,0,0.0,0.0,-0.06,0.0,22401,821173,,,49805398407.760994,0.0195144388928493,0.018489434220926762
2023-10-17,0.497981995344162,0.4981380105018616,0.4886049926280975,0.4916940033435821,773438395,-0.0126972896531216,0.012506573469054,XRP-USD,0.0,0,0.0,0,0.0,0.0,0.04,0.0,21477,787184,,,49151149885.12504,0.0178519653593696,0.01837056359551417
2023-10-18,0.491703987121582,0.4922049939632416,0.4874219894409179,0.4883190095424652,734621817,-0.0068876782231168,0.0124623900328063,XRP-USD,0.0,0,0.0,0,0.0,0.0,0.0,0.0,37851,816212,,,48798845978.31113,0.016444563275595857,0.0182455893414405
2023-10-19,0.4883120059967041,0.5224959850311279,0.4786680042743683,0.52012699842453,1385006018,0.0631041091382997,0.0218673020426891,XRP-USD,0.0,0,0.0,0,0.0,0.0,0.04,0.0,23413,877984,,,51929228216.22827,0.01692252214306278,0.018544174230284236
2023-10-20,0.5200780034065247,0.5291029810905457,0.510004997253418,0.5160040259361267,1369774008,-0.0079584418432928,0.0218844588735326,XRP-USD,0.0,0,0.0,0,0.0,0.0,0.06,0.0,25545,866737,,,51671610974.29941,0.01757243739656312,0.018819997665728897
2023-10-21,0.5159900188446045,0.5294820070266724,0.5123289823532104,0.5212429761886597,656496071,0.0101017304314785,0.0219937084531919,XRP-USD,0.0,0,0.0,0,0.0,0.0,0.26,0.0,31875,851990,,,52080397339.99654,0.01814288657425478,0.019098121728200704
2023-10-22,0.5211979746818542,0.5238490104675293,0.5160009860992432,0.5224869847297668,556378450,0.0023837758362146,0.0218934876375639,XRP-USD,0.0,0,0.0,0,0.0,0.0,0.06,0.0,30041,931742,,,52261014640.77458,0.02002026940795676,0.019350394617898618
2023-10-23,0.5235980153083801,0.5505380034446716,0.5218260288238525,0.5468699932098389,1699115599,0.0456110278759167,0.0231883376683017,XRP-USD,0.0,0,0.0,0,0.0,0.0,0.06,0.0,28820,1036927,,,54596996199.71249,0.022165458935055837,0.019672810116030122
2023-10-24,0.5468930006027222,0.5829730033874512,0.5374550223350525,0.5585319995880127,2705905445,0.0211008106631804,0.0229327990318625,XRP-USD,0.0,0,0.0,0,0.0,0.0,0.32,0.0,28846,967424,,,55855165643.32453,0.02237855833289052,0.019950941895621455
2023-10-25,0.5586199760437012,0.5623769760131836,0.5422379970550537,0.5553060173988342,1396455738,-0.005792567968262,0.0221256047244336,XRP-USD,0.0,0,0.0,0,0.0,0.0,0.4399999999999999,0.0,24539,978471,,,55455593353.66682,0.02242678750307072,0.0200258889576432
2023-10-26,0.5553529858589172,0.5667750239372253,0.5445520281791687,0.5536829829216003,1401251370,-0.0029270545254529,0.0215930217789942,XRP-USD,0.0,0,0.0,0,0.0,0.0,0.4199999999999999,0.0,23320,1001049,,,55347937029.88916,0.02234665016823118,0.020074305309053103
2023-10-27,0.5536850094795227,0.5575659871101379,0.5394780039787292,0.5461069941520691,1048891335,-0.0137773734332674,0.0224808231112244,XRP-USD,0.0,0,0.0,0,0.0,0.0,0.3999999999999999,0.0,23241,971579,,,54558375076.18527,0.02246411726296328,0.020203822059683088
2023-10-28,0.5457149744033813,0.550046980381012,0.5416520237922668,0.5453910231590271,566792583,-0.0013119054443977,0.0225746655420283,XRP-USD,0.0,0,0.0,0,0.0,0.0,0.3,0.0,21531,954266,,,54491943923.29721,0.0223413828377086,0.020342909521177163
2023-10-29,0.5453720092773438,0.5609059929847717,0.5421860218048096,0.5563939809799194,655356620,0.0199736311093437,0.0227153178058842,XRP-USD,0.0,0,0.0,0,0.0,0.0,0.4399999999999999,0.0,26182,815745,,,55653207672.89276,0.02229788659251294,0.020489490567976977
2023-10-30,0.5563899874687195,0.583204984664917,0.5505980253219604,0.5789440274238586,1527609944,0.0397291595864053,0.0239828969981086,XRP-USD,0.0,0,0.0,0,0.0,0.0,0.3600000000000001,0.0,29225,899523,,,57820372552.133,0.022669345047247942,0.020701079553472168
2023-10-31,0.5789279937744141,0.6127369999885559,0.5664929747581482,0.6002820134162903,2218043567,0.03619376536664,0.0238636220255109,XRP-USD,0.0,0,0.0,0,0.0,0.0,0.32,0.0,31886,1001232,,,59919988081.834175,0.023123465096551284,0.020832560574251913
2023-11-01,0.6002950072288513,0.6159060001373291,0.5822619795799255,0.6095380187034607,1779920317,0.0153017566972109,0.0230753632403514,XRP-USD,0.0,0,0.0,0,0.0,0.0,0.32,0.0,43335,1013440,,,60913405862.18172,0.023242373122376682,0.020922012352764873
2023-11-02,0.6095439791679382,0.6241059899330139,0.5932300090789795,0.6064389944076538,1826715430,-0.0050971868252704,0.0192035615649029,XRP-USD,0.0,0,0.0,0,0.0,0.0,0.4399999999999999,0.0,57055,1190755,,,60576569057.30536,0.022568152326951602,0.02081436947566759
2023-11-03,0.6063860058784485,0.6152380108833313,0.5939189791679382,0.6130020022392273,1403532406,0.0107640652038556,0.018420196469747,XRP-USD,0.0,0,0.0,0,0.0,0.0,0.3,0.0,30587,1156719,,,61228707581.106606,0.021709128059724157,0.02070533562718098
2023-11-04,0.6130399703979492,0.6180210113525391,0.6101379990577698,0.6161839962005615,811373229,0.0051774118372749,0.018512265854972,XRP-USD,0.0,0,0.0,0,0.0,0.0,0.3600000000000001,0.0,36241,1073103,,,61644337357.19953,0.02061500183109684,0.020660465872785385
2023-11-05,0.6161800026893616,0.6611469984054565,0.6152909994125366,0.6611469984054565,1923304412,0.0704305889687502,0.0239431905634829,XRP-USD,0.0,0,0.0,0,0.0,0.0,0.3999999999999999,0.0,35499,1100235,,,65786774403.438034,0.020630915538691237,0.020863451457245767
2023-11-06,0.661126971244812,0.7298719882965088,0.660660982131958,0.715516984462738,3293503683,0.0790291335756385,0.0283038085115046,XRP-USD,0.0,0,0.0,0,0.0,0.0,0.48,0.0,41644,1052907,,,71505550217.41034,0.02167660459292188,0.021302948089312754
2023-11-07,0.7155050039291382,0.7155050039291382,0.6576589941978455,0.6864020228385925,2813667010,-0.041541841412849,0.0326048440549895,XRP-USD,0.0,0,0.0,0,0.0,0.0,0.3600000000000001,0.0,28305,937426,,,68558270372.50037,0.0243568610909392,0.02191491997523348
2023-11-08,0.6863200068473816,0.6968960165977478,0.6740289926528931,0.6880760192871094,1770450557,0.0024358297839618,0.0322790729946876,XRP-USD,0.0,0,0.0,0,0.0,0.0,0.32,0.0,27398,1013131,,,68807122853.94554,0.02712863639592732,0.02281366995367137
2023-11-09,0.688031017780304,0.7043129801750183,0.6463189721107483,0.6674749851226807,3292007279,-0.0303974108787513,0.0342480026141819,XRP-USD,0.0,0,0.0,0,0.0,0.0,0.3799999999999999,0.0,30285,1137991,,,66593292942.579605,0.0302757837477693,0.023803925071006624
2023-11-10,0.6676030158996582,0.6705390214920044,0.643110990524292,0.6605749726295471,2009821437,-0.0103912876781489,0.0340530859392364,XRP-USD,0.0,0,0.0,0,0.0,0.0,0.3999999999999999,0.0,28574,1044851,,,66049291475.5799,0.03229776282292,0.0243578243390315
2023-11-11,0.6605600118637085,0.680741012096405,0.6443160176277161,0.6627349853515625,1754960201,0.0032645634189123,0.0339207142400998,XRP-USD,0.0,0,0.0,0,0.0,0.0,0.3999999999999999,0.0,25264,911120,,,66161201055.02376,0.03342114396863904,0.024904926855693645
2023-11-12,0.6627479791641235,0.6704530119895935,0.6503880023956299,0.6615359783172607,988542527,-0.0018108187747545,0.0341206949098452,XRP-USD,0.0,0,0.0,0,0.0,0.0,0.4599999999999999,0.0,29383,948391,,,66099775423.71653,0.033724314139610176,0.025456153512814248
2023-11-13,0.6615980267524719,0.740568995475769,0.6451879739761353,0.6715239882469177,3089036403,0.014985367634578,0.0332231864465521,XRP-USD,0.0,0,0.0,0,0.0,0.0,0.4399999999999999,0.0,26261,1069056,,,66919255208.03663,0.03391313682998308,0.025971139822313714
2023-11-14,0.6714940071105957,0.6714940071105957,0.6076170206069946,0.6296730041503906,2298949026,-0.0643490950951012,0.037813917255853,XRP-USD,0.0,0,0.0,0,0.0,0.0,0.3799999999999999,0.0,26154,1084451,,,63059796980.681625,0.0346263197583173,0.026635938894475134
2023-11-15,0.629725992679596,0.6501539945602417,0.6265640258789062,0.6496480107307434,1441133011,0.0312300506549855,0.0384336396907484,XRP-USD,0.0,0,0.0,0,0.0,0.0,0.1999999999999999,0.0,25657,1057402,,,64876381218.624886,0.0355024305086197,0.02734052256078813
2023-11-16,0.6496090292930603,0.652059018611908,0.6074169874191284,0.61216801404953,1756409884,-0.0594239166652397,0.0420548071834802,XRP-USD,0.0,0,0.0,0,0.0,0.0,0.3999999999999999,0.0,25263,972498,,,61077035958.01995,0.03712924909729578,0.028246395399835703
2023-11-17,0.6121990084648132,0.6238399744033813,0.5899869799613953,0.6137170195579529,1462505199,0.0025271641146732,0.0419602631253157,XRP-USD,0.0,0,0.0,0,0.0,0.0,0.26,0.0,25647,1081721,,,61341750215.773445,0.03869716274038988,0.029172179097395775
2023-11-18,0.6137380003929138,0.6144880056381226,0.5933169722557068,0.6111890077590942,836754904,-0.004127688707208,0.0419470591826753,XRP-USD,0.0,0,0.0,0,0.0,0.0,0.3799999999999999,0.0,33167,900140,,,61068988819.62345,0.04044193728761452,0.030057008009734452
2023-11-19,0.6111869812011719,0.6287199854850769,0.6030430197715759,0.627498984336853,960738459,0.0263357994147021,0.0376391545713699,XRP-USD,0.0,0,0.0,0,0.0,0.0,0.32,0.0,31642,917017,,,62747773113.36255,0.0404069847507179,0.030741757511068158
2023-11-20,0.6274200081825256,0.627888023853302,0.6122310161590576,0.6128420233726501,1151372006,-0.0236348603430299,0.0293667125632756,XRP-USD,0.0,0,0.0,0,0.0,0.0,0.3799999999999999,0.0,23457,1007095,,,61307140789.61215,0.03859359932522334,0.031044093636404133
2023-11-21,0.6128339767456055,0.6178200244903564,0.5792890191078186,0.5804619789123535,1664786743,-0.0542828902183374,0.0305571645008349,XRP-USD,0.0,0,0.0,0,0.0,0.0,0.4199999999999999,0.0,28112,1048338,,,58167565339.844604,0.036294070788694274,0.03134292397743715
2023-11-22,0.5804430246353149,0.6151120066642761,0.5794370174407959,0.6118990182876587,1332443782,0.0527429642433502,0.0350148508738604,XRP-USD,0.0,0,0.0,0,0.0,0.0,0.24,0.0,28654,973363,,,61179783499.67786,0.03490498833840322,0.031849798015998486
2023-11-23,0.6118599772453308,0.6227570176124573,0.6073259711265564,0.6202419996261597,1233580691,0.0135424577610837,0.0348585191285945,XRP-USD,0.0,0,0.0,0,0.0,0.0,0.32,0.0,24520,1028672,,,62054246294.11057,0.03348728032758706,0.032385396010918624
2023-11-24,0.6202499866485596,0.6252779960632324,0.6175259947776794,0.6218810081481934,1220784875,0.002639045349008,0.034884411673054,XRP-USD,0.0,0,0.0,0,0.0,0.0,0.32,0.0,24206,990243,,,62140490902.15616,0.03293633174792388,0.03309816192492549
2023-11-25,0.6218580007553101,0.6234750151634216,0.6169270277023315,0.6234440207481384,604505841,0.0025102095989541,0.0348723899571632,XRP-USD,0.0,0,0.0,0,0.0,0.0,0.4599999999999999,0.0,22140,843625,,,62236851582.5505,0.0340374672267014,0.03384598890162623
2023-11-26,0.6234520077705383,0.6355940103530884,0.6124240159988403,0.6168190240859985,1126158902,-0.0106833138351046,0.0349030007439435,XRP-USD,0.0,0,0.0,0,0.0,0.0,0.4599999999999999,0.0,27672,915885,,,61686657770.28508,0.03490663447532312,0.03459102230567039
2023-11-27,0.6167470216751099,0.6169559955596924,0.5967379808425903,0.6041529774665833,1209304147,-0.0207482251561856,0.0346346823923885,XRP-USD,0.0,0,0.0,0,0.0,0.0,0.32,0.0,26360,1064544,,,60338909994.28639,0.03483060077902874,0.03507699920698428
2023-11-28,0.6041399836540222,0.6139659881591797,0.5975340008735657,0.6114220023155212,1079777511,0.0119599557686501,0.0308009821451161,XRP-USD,0.0,0,0.0,0,0.0,0.0,0.3600000000000001,0.0,26846,1068009,,,61114517929.82949,0.03401909338233306,0.03519050709942117
2023-11-29,0.6114100217819214,0.6165099740028381,0.6051130294799805,0.609358012676239,1007163957,-0.0033814308566424,0.0292709131134906,XRP-USD,0.0,0,0.0,0,0.0,0.0,0.4399999999999999,0.0,25821,912779,,,60927862167.34093,0.032896393670420375,0.035038964783898494
2023-11-30,0.6093549728393555,0.6096320152282715,0.5998160243034363,0.606357991695404,980182657,-0.0049354077097767,0.0246789865113268,XRP-USD,0.0,0,0.0,0,0.0,0.0,0.48,0.0,27044,849942,,,60594392627.109314,0.0308577129812531,0.03469350630738209
2023-12-01,0.6063500046730042,0.6139929890632629,0.6043859720230103,0.6129149794578552,919121548,0.0107556734698294,0.0248586037720234,XRP-USD,0.0,0,0.0,0,0.0,0.0,0.4199999999999999,0.0,28571,906723,,,61291519792.19014,0.028848833586869082,0.03426671545092034
2023-12-02,0.6129140257835388,0.6224589943885803,0.6117460131645203,0.6209759712219238,667809511,0.0130661570106165,0.0250678077017449,XRP-USD,0.0,0,0.0,0,0.0,0.0,0.48,0.0,36359,1148581,,,61983746019.76676,0.026935458648740362,0.033858293712852545
2023-12-03,0.6209980249404907,0.6329129934310913,0.6180999875068665,0.6237229704856873,993447972,0.0044139247357503,0.0240359784834122,XRP-USD,0.0,0,0.0,0,0.0,0.0,0.4599999999999999,0.0,30730,1124465,,,62386359692.099335,0.02558245791639958,0.03340898754209402
2023-12-04,0.6236760020256042,0.6410880088806152,0.6079999804496765,0.6243739724159241,1947607222,0.0010431913850554,0.0230896700118499,XRP-USD,0.0,0,0.0,0,0.0,0.0,0.48,0.0,37648,1429788,,,62347316019.51516,0.02434620929607144,0.03290757731945787
2023-12-05,0.624396026134491,0.6283730268478394,0.6093699932098389,0.6219969987869263,1452525777,-0.0038142359950279,0.0168301498983837,XRP-USD,0.0,0,0.0,0,0.0,0.0,0.5,0.0,28201,1235898,,,62162995213.08652,0.02277644197348282,0.03216243929454112
2023-12-06,0.6219620108604431,0.6421639919281006,0.6156839728355408,0.6403329968452454,2038373923,0.0290530809852297,0.0122108594882697,XRP-USD,0.0,0,0.0,0,0.0,0.0,0.4399999999999999,0.0,28836,1149516,,,63895210078.55562,0.020246893116732077,0.03099866394146916
2023-12-07,0.640487015247345,0.6530579924583435,0.6261299848556519,0.6436319947242737,1839789008,0.0051387773972267,0.0118674078439794,XRP-USD,0.0,0,0.0,0,0.0,0.0,0.4399999999999999,0.0,28169,1221981,,,64286516061.59499,0.01760681314517898,0.0297911079484342
2023-12-08,0.643667995929718,0.6742069721221924,0.6400399804115295,0.6731380224227905,1892803940,0.0448232679326287,0.0163679663825767,XRP-USD,0.0,0,0.0,0,0.0,0.0,0.4399999999999999,0.0,30683,1386521,,,67200710443.49442,0.01607321072501188,0.02862352427566586
2023-12-09,0.673130989074707,0.6988379955291748,0.6578440070152283,0.658814013004303,2229504514,-0.0215091253656129,0.0179094593518367,XRP-USD,0.0,0,0.0,0,0.0,0.0,0.4599999999999999,0.0,28425,1596161,,,66122623161.14233,0.015037168593009239,0.0275303059223259
2023-12-10,0.6588580012321472,0.6703150272369385,0.649806022644043,0.6615779995918274,1170952363,0.004186621243346,0.017409351563265,XRP-USD,0.0,0,0.0,0,0.0,0.0,0.48,0.0,32045,1275541,,,66108561476.39476,0.015153008925985501,0.026414955575989073
2023-12-11,0.6616330146789551,0.6627510190010071,0.6050969958305359,0.6202110052108765,2252797875,-0.0645681386939838,0.02477597700454,XRP-USD,0.0,0,0.0,0,0.0,0.0,0.48,0.0,28230,1440847,,,61928886645.101456,0.017666032429239562,0.02583026568658771
2023-12-12,0.6199619770050049,0.6257209777832031,0.6082540154457092,0.6195489764213562,1458882180,-0.001067995196256,0.0246121234172582,XRP-USD,0.0,0,0.0,0,0.0,0.0,0.3400000000000001,0.0,26947,1452326,,,61931058878.54269,0.02021497554389532,0.025614147998132376
2023-12-13,0.6195080280303955,0.6334260106086731,0.5987930297851562,0.6284859776496887,1557123843,0.0143219610327931,0.0248266908796348,XRP-USD,0.0,0,0.0,0,0.0,0.0,0.3,0.0,26378,1512929,,,62887741320.55414,0.021906720443306944,0.02535367192444146
2023-12-14,0.6284130215644836,0.6375060081481934,0.617451012134552,0.6324319839477539,1428433767,0.006258962597371,0.0247591123286622,XRP-USD,0.0,0,0.0,0,0.0,0.0,0.4399999999999999,0.0,28240,1251873,,,63224682043.88103,0.02327665103867204,0.024887501990568817
2023-12-15,0.6324359774589539,0.6419489979743958,0.6150820255279541,0.6154919862747192,1392239590,-0.0271507538814844,0.0258932904127891,XRP-USD,0.0,0,0.0,0,0.0,0.0,0.3999999999999999,0.0,26875,1184609,,,61552035068.09149,0.02497343880857686,0.024479991594395845
2023-12-16,0.6155170202255249,0.6252110004425049,0.6120110154151917,0.6198350191116333,770529288,0.0070314187442922,0.0257140257762448,XRP-USD,0.0,0,0.0,0,0.0,0.0,0.3400000000000001,0.0,35712,1187245,,,61911702873.55945,0.025161048562917822,0.02406315587181361
2023-12-17,0.6198269724845886,0.621891975402832,0.6096349954605103,0.6104180216789246,832504145,-0.0153093405115773,0.0259847141804015,XRP-USD,0.0,0,0.0,0,0.0,0.0,0.4599999999999999,0.0,30555,1320609,,,60991221456.4751,0.025435566715546483,0.023659170609233535
2023-12-18,0.6103619933128357,0.6136659979820251,0.5833830237388611,0.612529993057251,1674969771,0.0034539055666053,0.0260111244297718,XRP-USD,0.0,0,0.0,0,0.0,0.0,0.3,0.0,27870,1272624,,,61219644467.124855,0.025672453425573883,0.02325499441313482
2023-12-19,0.6125079989433289,0.6158319711685181,0.5981580018997192,0.6054559946060181,1137147807,-0.0116160252500892,0.026150764687134,XRP-USD,0.0,0,0.0,0,0.0,0.0,0.4599999999999999,0.0,37460,1220680,,,60436724811.03304,0.025950783897268237,0.022869361790168706
2023-12-20,0.6054080128669739,0.6253569722175598,0.6023849844932556,0.6173189878463745,1344408213,0.0194040042115424,0.0253875231912641,XRP-USD,0.0,0,0.0,0,0.0,0.0,0.48,0.0,30493,1166091,,,61640582246.83182,0.025849630452963242,0.022623295474084523
2023-12-21,0.6173329949378967,0.6245020031929016,0.6116210222244263,0.6239100098609924,1149787445,0.0106202545649256,0.0255579900939719,XRP-USD,0.0,0,0.0,0,0.0,0.0,0.3999999999999999,0.0,27210,1147416,,,62340843358.367325,0.02581842331650866,0.022454526245924585
2023-12-22,0.6239089965820312,0.6276729702949524,0.6168360114097595,0.6254019737243652,1374123624,0.0023884579548529,0.0217875037728109,XRP-USD,0.0,0,0.0,0,0.0,0.0,0.48,0.0,29260,1409298,,,62500457856.46869,0.02497898123499054,0.022323095212355676
2023-12-23,0.6253730058670044,0.6253730058670044,0.6129999756813049,0.6202049851417542,774484009,-0.0083445563655732,0.021310853547344,XRP-USD,0.0,0,0.0,0,0.0,0.0,0.3999999999999999,0.0,26712,1206379,,,61974508531.84,0.024038927058504977,0.022161833838506614
2023-12-24,0.620212972164154,0.6284130215644836,0.6085600256919861,0.6135179996490479,1178583398,-0.0108404415905415,0.0212280599576241,XRP-USD,0.0,0,0.0,0,0.0,0.0,0.4199999999999999,0.0,35764,1550537,,,61362587748.55213,0.023054386112603,0.021987299850137487
2023-12-25,0.6135029792785645,0.6469849944114685,0.6102579832077026,0.6463369727134705,1781837085,0.0521113943667676,0.0189927580709524,XRP-USD,0.0,0,0.0,0,0.0,0.0,0.4599999999999999,0.0,39694,2425219,,,64606829936.32923,0.02177543308854066,0.021758062558662042
2023-12-26,0.6463490128517151,0.646481990814209,0.6083869934082031,0.6223689913749695,1622454757,-0.0377878468011655,0.021902471267802,XRP-USD,0.0,0,0.0,0,0.0,0.0,0.4199999999999999,0.0,56120,4286314,,,62123706457.29408,0.02104432932330668,0.021704098979387135
2023-12-27,0.6223970055580139,0.6415380239486694,0.6142190098762512,0.6348559856414795,1432931897,0.0198650283381649,0.0222227311509806,XRP-USD,0.0,0,0.0,0,0.0,0.0,0.4599999999999999,0.0,43611,2106463,,,63467358638.89028,0.02113137479894062,0.021949216309050633
2023-12-28,0.6349480152130127,0.6557689905166626,0.6275569796562195,0.6349980235099792,1864381371,0.0002237073995412,0.0221654885040599,XRP-USD,0.0,0,0.0,0,0.0,0.0,0.4599999999999999,0.0,31566,1641313,,,63511550074.96384,0.0213023017902838,0.022401699446132003
2023-12-29,0.6350110173225403,0.6365950107574463,0.6151900291442871,0.6234019994735718,1324305215,-0.0184303116084662,0.0214459107129247,XRP-USD,0.0,0,0.0,0,0.0,0.0,0.3,0.0,57708,5176106,,,62195129416.58242,0.02134587194134392,0.022837085940174973
2023-12-30,0.6234109997749329,0.6294789910316467,0.6171950101852417,0.6218439936637878,718565033,-0.0025023274619522,0.0213879412570657,XRP-USD,0.0,0,0.0,0,0.0,0.0,0.3600000000000001,0.0,71131,6862618,,,62159748534.6435,0.02182490857856658,0.02306526661628811
2023-12-31,0.6217920184135437,0.6275759935379028,0.6112080216407776,0.6149410009384155,710033547,-0.0111629174635781,0.0211839242238204,XRP-USD,0.0,0,0.0,0,0.0,0.0,0.3400000000000001,0.0,72680,7226301,,,61349094586.23973,0.02168119916977026,0.023214105928651006
2024-01-01,0.6156560182571411,0.6312749981880188,0.6096360087394714,0.6300820112228394,729315153,0.0243236576863957,0.0221193496347088,XRP-USD,0.0,0,0.0,0,0.0,0.0,0.3,0.0,71152,7159985,,,62980715372.57691,0.0216605228665159,0.023428196750080267
2024-01-02,0.6300939917564392,0.6386269927024841,0.6231819987297058,0.6253629922866821,1326197378,-0.0075177186543218,0.0219515142019364,XRP-USD,0.0,0,0.0,0,0.0,0.0,0.4199999999999999,0.0,62579,6851211,,,62648377298.46279,0.0216177280060912,0.02329981207723465
2024-01-03,0.6253809928894043,0.6377699971199036,0.5387660264968872,0.5825799703598022,3406740412,-0.0708658046151834,0.0287494192626612,XRP-USD,0.0,0,0.0,0,0.0,0.0,0.3999999999999999,0.0,61749,6173817,,,58124768748.93226,0.0230784297160385,0.02348787097929842
2024-01-04,0.5825769901275635,0.5939409732818604,0.5729550123214722,0.5882260203361511,1452005657,0.0096447981791163,0.0287120607707475,XRP-USD,0.0,0,0.0,0,0.0,0.0,0.3600000000000001,0.0,54634,6113087,,,58750701914.142,0.02454325361877486,0.023664478701621725
2024-01-05,0.5881969928741455,0.5894129872322083,0.5584440231323242,0.5764859914779663,1509144162,-0.0201602222109132,0.0289451331954382,XRP-USD,0.0,0,0.0,0,0.0,0.0,0.4399999999999999,0.0,57052,5546007,,,57579222050.9601,0.02609549541309842,0.023854752377384273
2024-01-06,0.5765119791030884,0.5765119791030884,0.5593860149383545,0.5685120224952698,820534691,-0.0139285794403189,0.0290210097254689,XRP-USD,0.0,0,0.0,0,0.0,0.0,0.3999999999999999,0.0,51986,5387000,,,56726528077.67182,0.027475827431250443,0.023996921437051535
2024-01-07,0.5685210227966309,0.5727760195732117,0.5484769940376282,0.5517410039901733,901525412,-0.0299437202155269,0.0296963993330223,XRP-USD,0.0,0,0.0,0,0.0,0.0,0.4199999999999999,0.0,53318,5644033,,,55038842980.16484,0.029024804457467617,0.024177938416905062
2024-01-08,0.5517160296440125,0.5815950036048889,0.5506749749183655,0.5779229998588562,2011066819,0.0463619010603782,0.0288346556302943,XRP-USD,0.0,0,0.0,0,0.0,0.0,0.4199999999999999,0.0,49409,5151027,,,57856583625.52782,0.029041851730994238,0.024307481210082006
2024-01-09,0.5779640078544617,0.5785099864006042,0.5571969747543335,0.5666329860687256,1740178857,-0.0197288383002867,0.0277839633780166,XRP-USD,0.0,0,0.0,0,0.0,0.0,0.52,0.0,47134,4911662,,,56721435148.91226,0.02885623225244806,0.024388064798638587
2024-01-10,0.5666720271110535,0.6125169992446899,0.5521169900894165,0.5999889969825745,2223452643,0.0571995134251405,0.0320016000990871,XRP-USD,0.0,0,0.0,0,0.0,0.0,0.4599999999999999,0.0,51126,4539238,,,60310394990.763535,0.029467525633177838,0.02465401186281827
2024-01-11,0.6001700162887573,0.6223400235176086,0.5878440141677856,0.6020950078964233,2112917472,0.0035039365968194,0.0320471530682066,XRP-USD,0.0,0,0.0,0,0.0,0.0,0.52,0.0,46611,4622074,,,60213973006.27752,0.03007275430172538,0.024956722311770204
2024-01-12,0.6020960211753845,0.6032059788703918,0.5614129900932312,0.5702990293502808,1716194372,-0.0542544171198509,0.034631199208413,XRP-USD,0.0,0,0.0,0,0.0,0.0,0.4199999999999999,0.0,45638,4699490,,,57002268662.80867,0.03105971427680352,0.025369140907881168
2024-01-13,0.5701709985733032,0.5774520039558411,0.5652269721031189,0.575078010559082,718059698,0.0083448659698801,0.0348448121685575,XRP-USD,0.0,0,0.0,0,0.0,0.0,0.28,0.0,53309,4469535,,,57493802037.63423,0.03226174558445616,0.025962654925869647
2024-01-14,0.5750709772109985,0.592091977596283,0.5723379850387573,0.5762330293655396,841667731,0.0020064416198483,0.0348603906078036,XRP-USD,0.0,0,0.0,0,0.0,0.0,0.1999999999999999,0.0,48858,4361161,,,57736572425.15707,0.033677031030413564,0.026578542974072358
2024-01-15,0.5761550068855286,0.5884600281715393,0.5695819854736328,0.5759199857711792,993534380,-0.0005434062975158,0.03389092867768,XRP-USD,0.0,0,0.0,0,0.0,0.0,0.04,0.0,44381,4180385,,,57571387934.555664,0.03405489674613214,0.027154127915893077
2024-01-16,0.5758669972419739,0.5796409845352173,0.5676479935646057,0.5759469866752625,924543394,4.688198330904397e-05,0.033932359372081,XRP-USD,0.0,0,0.0,0,0.0,0.0,0.28,0.0,43380,4175616,,,57644980451.91223,0.03443193800690701,0.027833200702308013
2024-01-17,0.5759029984474182,0.5760629773139954,0.5632920265197754,0.5679730176925659,901923640,-0.0139417059076971,0.0285261289533054,XRP-USD,0.0,0,0.0,0,0.0,0.0,0.1999999999999999,0.0,39215,4165910,,,56780530470.42635,0.0332109239558855,0.028134276051649077
2024-01-18,0.5679810047149658,0.568356990814209,0.5461289882659912,0.5519070029258728,1057710374,-0.028694354406857,0.029174404656802,XRP-USD,0.0,0,0.0,0,0.0,0.0,0.26,0.0,43624,4214879,,,55152651615.74497,0.0320768424535344,0.028450261211004593
2024-01-19,0.5518699884414673,0.5529950261116028,0.5239369869232178,0.5442559719085693,1330077736,-0.0139598863386095,0.028965557166045,XRP-USD,0.0,0,0.0,0,0.0,0.0,0.02,0.0,44512,4326423,,,54413746500.29543,0.03089787576518268,0.02875935524109483
2024-01-20,0.5442439913749695,0.5543860197067261,0.5393379926681519,0.5531259775161743,725888847,0.0161661102365654,0.029295618454134,XRP-USD,0.0,0,0.0,0,0.0,0.0,0.04,0.0,40329,3735570,,,55256825304.61994,0.02997881372047348,0.029116160138422522
2024-01-21,0.5531449913978577,0.5547699928283691,0.546110987663269,0.546110987663269,494271879,-0.0127635538254383,0.0283787158725421,XRP-USD,0.0,0,0.0,0,0.0,0.0,0.1200000000000001,0.0,43888,3889734,,,54689205299.53065,0.028868085020565704,0.029433922620944176
2024-01-22,0.5462160110473633,0.5486379861831665,0.5219169855117798,0.5267159938812256,1151736625,-0.0361607369607769,0.0263415461253368,XRP-USD,0.0,0,0.0,0,0.0,0.0,0.1,0.0,39085,3894914,,,52650029747.03841,0.028431168454971976,0.029668359980104017
2024-01-23,0.5267260074615479,0.5310249924659729,0.4975450038909912,0.5177369713783264,1414753278,-0.0171941562002641,0.0262531314148068,XRP-USD,0.0,0,0.0,0,0.0,0.0,0.0,0.0,41929,3848250,,,51706658181.14492,0.027846913806572938,0.029856259151926648
2024-01-24,0.517753005027771,0.518867015838623,0.5111770033836365,0.5179880261421204,880367820,0.0004847904015291,0.0190696622474975,XRP-USD,0.0,0,0.0,0,0.0,0.0,-0.04,0.0,41577,3900393,,,51805381214.20822,0.02586773482286344,0.029725265881270335
2024-01-25,0.517982006072998,0.517982006072998,0.5043699741363525,0.5136060118675232,825132968,-0.008495668779779,0.0186571666163283,XRP-USD,0.0,0,0.0,0,0.0,0.0,0.04,0.0,38155,3975761,,,51362879384.88224,0.0237400444553023,0.029266527124618844
2024-01-26,0.5135819911956787,0.535224974155426,0.5089550018310547,0.5321890115737915,1021918092,0.035542253499263,0.0182040924793812,XRP-USD,0.0,0,0.0,0,0.0,0.0,-0.02,0.0,39186,4101781,,,53138607974.39486,0.02170511977667012,0.02878889220228401
2024-01-27,0.5321900248527527,0.5343189835548401,0.5270799994468689,0.5302600264549255,471931644,-0.0036312089698458,0.0178088864436287,XRP-USD,0.0,0,0.0,0,0.0,0.0,0.1,0.0,47698,4033917,,,53018227916.89371,0.0199985878403285,0.02828269916811085
2024-01-28,0.5302749872207642,0.5350540280342102,0.5218300223350525,0.5240939855575562,523517403,-0.0116964721974928,0.0177234533265571,XRP-USD,0.0,0,0.0,0,0.0,0.0,0.08,0.0,46088,4175640,,,52354513763.77372,0.01829265222267856,0.02776917387725122
2024-01-29,0.5240880250930786,0.5395770072937012,0.5206350088119507,0.5350900292396545,901992026,0.0207639817026093,0.0191565958971365,XRP-USD,0.0,0,0.0,0,0.0,0.0,0.1,0.0,35590,3967780,,,53528703267.81863,0.018310038952606363,0.027290091902892777
2024-01-30,0.5351330041885376,0.538703978061676,0.5086380243301392,0.5106980204582214,1673319214,-0.0466565541795146,0.0220158983383126,XRP-USD,0.0,0,0.0,0,0.0,0.0,0.2199999999999999,0.0,35738,4038952,,,51024985658.41805,0.01898178529700322,0.026980148389620876
2024-01-31,0.5106809735298157,0.5137540102005005,0.4945420026779175,0.5031930208206177,1339066820,-0.0148046218151225,0.0220332398041188,XRP-USD,0.0,0,0.0,0,0.0,0.0,0.1999999999999999,0.0,43289,4254571,,,50285022210.97164,0.01974761476195074,0.026718751863534618
2024-02-01,0.5031759738922119,0.5100989937782288,0.4903469979763031,0.5058590173721313,1004296109,0.0052841729743153,0.0215209125060838,XRP-USD,0.0,0,0.0,0,0.0,0.0,0.26,0.0,37325,3848104,,,50557556214.53205,0.020490019974441758,0.02624235697294356
2024-02-02,0.5058599710464478,0.5132740139961243,0.4991729855537414,0.5104119777679443,927836205,0.0089601904979135,0.0217575638516913,XRP-USD,0.0,0,0.0,0,0.0,0.0,0.26,0.0,36142,3654488,,,50962771037.01268,0.0212968420794686,0.025774648372192864
2024-02-03,0.5103979706764221,0.5257400274276733,0.5060309767723083,0.5189390182495117,861729960,0.0165681785376297,0.0217873077025628,XRP-USD,0.0,0,0.0,0,0.0,0.0,0.1999999999999999,0.0,33215,3406674,,,51995887504.06671,0.021822984440553857,0.025190835121926946
2024-02-04,0.518884003162384,0.5189710259437561,0.5021029710769653,0.5032879710197449,538479551,-0.0306238644289033,0.0228039695603968,XRP-USD,0.0,0,0.0,0,0.0,0.0,0.1999999999999999,0.0,37975,3147749,,,50308587367.562416,0.021980598684970702,0.024643524094283276
2024-02-05,0.5032439827919006,0.5128899812698364,0.4982329905033111,0.5062440037727356,831962506,0.0058562606734336,0.0212150614671256,XRP-USD,0.0,0,0.0,0,0.0,0.0,0.1999999999999999,0.0,41265,2755027,,,50587224829.66769,0.02181696301757206,0.024023281860616096
2024-02-06,0.5062369704246521,0.5104429721832275,0.4989100098609924,0.5051530003547668,767495086,-0.0021574195626159,0.0208087384856402,XRP-USD,0.0,0,0.0,0,0.0,0.0,0.28,0.0,39421,2731085,,,50535468971.10744,0.02167452821348334,0.02342863685188701
2024-02-07,0.5051419734954834,0.514523983001709,0.499442994594574,0.5137889981269836,895523747,0.0169513173040523,0.0214021448347461,XRP-USD,0.0,0,0.0,0,0.0,0.0,0.24,0.0,32686,2694587,,,51335260062.9112,0.021603444410094298,0.022859081645644517
2024-02-08,0.5137799978256226,0.5184800028800964,0.5102840065956116,0.5145289897918701,902244431,0.0014392275566773,0.0212839238184873,XRP-USD,0.0,0,0.0,0,0.0,0.0,0.32,0.0,31292,2694000,,,51415950813.6494,0.0215027676332792,0.022529890503152784
2024-02-09,0.5145159959793091,0.528078019618988,0.5142019987106323,0.5260310173034668,1032596975,0.0221082800075094,0.0198167557345172,XRP-USD,0.0,0,0.0,0,0.0,0.0,0.4399999999999999,0.0,32745,2730650,,,52587937130.21585,0.02090532486810328,0.022104542824867113
2024-02-10,0.5260319709777832,0.5281879901885986,0.5194500088691711,0.5241119861602783,578419105,-0.0036548037229107,0.0198170131726207,XRP-USD,0.0,0,0.0,0,0.0,0.0,0.48,0.0,42570,2600519,,,52404426683.5917,0.0206257152092023,0.0216886999160751
2024-02-11,0.524092972278595,0.5353350043296814,0.5220909714698792,0.5260840058326721,715511550,0.0037555313583591,0.019594480020413,XRP-USD,0.0,0,0.0,0,0.0,0.0,0.4199999999999999,0.0,37300,2548327,,,52576985940.88922,0.020382863516156858,0.02124773907817869
2024-02-12,0.5261020064353943,0.5369809865951538,0.5148929953575134,0.5318970084190369,1028191903,0.0109889705106229,0.0189723466563428,XRP-USD,0.0,0,0.0,0,0.0,0.0,0.3999999999999999,0.0,35402,2571133,,,53163850284.27285,0.019896903880476203,0.02082017684107872
2024-02-13,0.5318869948387146,0.5335379838943481,0.5163130164146423,0.5248349905014038,1023754839,-0.0133659680217831,0.014224752750557,XRP-USD,0.0,0,0.0,0,0.0,0.0,0.5800000000000001,0.0,35801,2739111,,,52518027838.002205,0.01848506966689014,0.020269413505861457
2024-02-14,0.5248180031776428,0.5418819785118103,0.5209739804267883,0.5384010076522827,1156449389,0.0255197405159193,0.0146474042380267,XRP-USD,0.0,0,0.0,0,0.0,0.0,0.48,0.0,36133,2708895,,,53871032413.89568,0.01745119936759204,0.019741880452371453
2024-02-15,0.5383960008621216,0.5738480091094971,0.5383960008621216,0.5627549886703491,1877470522,0.0442406946580229,0.0180461908791398,XRP-USD,0.0,0,0.0,0,0.0,0.0,0.4399999999999999,0.0,36496,2722643,,,56338144041.46266,0.01709703490889586,0.019695359026537015
2024-02-16,0.5627809762954712,0.5784599781036377,0.5552350282669067,0.5649600028991699,1505352932,0.0039105927567913,0.0180676501732697,XRP-USD,0.0,0,0.0,0,0.0,0.0,0.4399999999999999,0.0,38463,2668531,,,56479535626.052,0.016791668939467198,0.019668562824579804
2024-02-17,0.5649600028991699,0.5656120181083679,0.5411139726638794,0.5498859882354736,911234746,-0.027043974690913,0.0199948807871776,XRP-USD,0.0,0,0.0,0,0.0,0.0,0.52,0.0,40693,2457175,,,55007340166.98057,0.016996175765634162,0.019749962293116007
2024-02-18,0.5498849749565125,0.5621960163116455,0.5479859709739685,0.5569030046463013,689299497,0.0126801232669675,0.017382616185777,XRP-USD,0.0,0,0.0,0,0.0,0.0,0.4399999999999999,0.0,60779,2424012,,,55728914157.164185,0.01762774845267816,0.019730586372304564
2024-02-19,0.5569210052490234,0.567300021648407,0.5550829768180847,0.5625969767570496,1108245167,0.0101724364547399,0.0173946373438013,XRP-USD,0.0,0,0.0,0,0.0,0.0,0.5,0.0,37310,2197938,,,56317508432.2445,0.01817719507383308,0.019715640191270208
2024-02-20,0.5625900030136108,0.5744640231132507,0.5465720295906067,0.5629220008850098,1777533547,0.0005775542544399,0.0172924209280469,XRP-USD,0.0,0,0.0,0,0.0,0.0,0.4399999999999999,0.0,37117,2033033,,,56373773854.85013,0.0180264410836145,0.0196309049654025
2024-02-21,0.5628790259361267,0.5628790259361267,0.5344229936599731,0.5490040183067322,1336498049,-0.0250353157941086,0.019115707021891,XRP-USD,0.0,0,0.0,0,0.0,0.0,0.56,0.0,32395,2069366,,,54846976570.339455,0.018236052453338758,0.019499078087383336
2024-02-22,0.5490019917488098,0.550961971282959,0.5378000140190125,0.540913999080658,1169167859,-0.0148454611720743,0.0198143899224367,XRP-USD,0.0,0,0.0,0,0.0,0.0,0.48,0.0,32797,1923126,,,54100703565.52885,0.01819995428039058,0.019398221274579606
2024-02-23,0.5408729910850525,0.5432940125465393,0.5267099738121033,0.5345339775085449,1098846027,-0.0118650024142407,0.0194465702447989,XRP-USD,0.0,0,0.0,0,0.0,0.0,0.52,0.0,42141,2092468,,,53438278383.57064,0.01861274509219496,0.019303932989975743
2024-02-24,0.5345360040664673,0.5477070212364197,0.5319110155105591,0.545117974281311,706533507,0.0196069405924246,0.0199910282337474,XRP-USD,0.0,0,0.0,0,0.0,0.0,0.4399999999999999,0.0,47565,2122281,,,54502027327.96706,0.01913202327018418,0.019223635916432842
2024-02-25,0.5451139807701111,0.5483999848365784,0.5423460006713867,0.5424249768257141,702442509,-0.0049524535229988,0.020094445008644,XRP-USD,0.0,0,0.0,0,0.0,0.0,0.48,0.0,37617,2148263,,,54258490492.32793,0.0196924280863036,0.019146687612163805
2024-02-26,0.5424360036849976,0.5524439811706543,0.5292329788208008,0.5514050126075745,1154518101,0.016419804954436,0.0203285348848501,XRP-USD,0.0,0,0.0,0,0.0,0.0,0.4399999999999999,0.0,31093,2072728,,,55102439962.56354,0.019934993658895422,0.01903416785418441
2024-02-27,0.5514050126075745,0.5960649847984314,0.5481699705123901,0.5862579941749573,2360919082,0.0612903665464616,0.0250658089417897,XRP-USD,0.0,0,0.0,0,0.0,0.0,0.5800000000000001,0.0,33345,1871669,,,58795548465.099686,0.020985277462766024,0.019209201830305504
2024-02-28,0.586251974105835,0.6052049994468689,0.5436879992485046,0.5758110284805298,3080912384,-0.017980424474151,0.0254081816989343,XRP-USD,0.0,0,0.0,0,0.0,0.0,0.6399999999999999,0.0,42275,1898644,,,57620099533.9685,0.022177599753593104,0.019418267430909783
2024-02-29,0.5757840275764465,0.6243829727172852,0.5691540241241455,0.5863249897956848,3647028817,0.0180946946310889,0.0231462656323378,XRP-USD,0.0,0,0.0,0,0.0,0.0,0.6000000000000001,0.0,41087,1873897,,,58772454581.04993,0.02280864723331118,0.01949754564898213
2024-03-01,0.5862429738044739,0.6031879782676697,0.5840060114860535,0.6018900275230408,1739419651,0.0262005241441246,0.0239707844393818,XRP-USD,0.0,0,0.0,0,0.0,0.0,0.6000000000000001,0.0,35084,1718656,,,60194851575.80512,0.02358391511945874,0.01961967567720461
2024-03-02,0.601917028427124,0.6495140194892883,0.6007769703865051,0.64485102891922,2956033334,0.0689445771158821,0.0276869138292557,XRP-USD,0.0,0,0.0,0,0.0,0.0,0.6000000000000001,0.0,36608,1890801,,,64251612945.87827,0.025055590908339857,0.01997741013605636
2024-03-03,0.6448460221290588,0.6448460221290588,0.6024699807167053,0.6270719766616821,2060336711,-0.0279579978456622,0.029603932385632,XRP-USD,0.0,0,0.0,0,0.0,0.0,0.6599999999999999,0.0,35697,1580924,,,62694628255.04746,0.02596321559710832,0.020422270100284145
2024-03-04,0.6271679997444153,0.6641809940338135,0.6216049790382385,0.6501330137252808,3629204334,0.0361156490967915,0.0305161756740704,XRP-USD,0.0,0,0.0,0,0.0,0.0,0.6399999999999999,0.0,40502,1697652,,,64970247822.0435,0.026984814392135542,0.020918710811814026
2024-03-05,0.649815022945404,0.6685100197792053,0.5502349734306335,0.5929009914398193,5014326043,-0.0921495555557501,0.0410429209134318,XRP-USD,0.0,0,0.0,0,0.0,0.0,0.8,0.0,39666,1674829,,,59328545051.04973,0.03056414544835434,0.021921918732590803
2024-03-06,0.5928800106048584,0.6228970289230347,0.5764439702033997,0.6122530102729797,2755184860,0.0321181896592454,0.0408059429007912,XRP-USD,0.0,0,0.0,0,0.0,0.0,0.5,0.0,33687,1589566,,,61283389474.86417,0.03393117714063622,0.023130154648510537
2024-03-07,0.6122660040855408,0.6397190093994141,0.6083700060844421,0.6286240220069885,2529220366,0.026387726167122,0.0405337594933003,XRP-USD,0.0,0,0.0,0,0.0,0.0,0.6399999999999999,0.0,35627,1478675,,,62995862200.83064,0.036500546273445136,0.024306807160113884
2024-03-08,0.628607988357544,0.6342830061912537,0.6048439741134644,0.6219549775123596,2164877115,-0.0106656320268099,0.0404835585444009,XRP-USD,0.0,0,0.0,0,0.0,0.0,0.6200000000000001,0.0,38701,1465519,,,62177749900.38349,0.03867647150519892,0.02532668750853484
2024-03-09,0.6219540238380432,0.6333230137825012,0.6187340021133423,0.6218050122261047,1571098762,-0.0002411482733307,0.0404996854403735,XRP-USD,0.0,0,0.0,0,0.0,0.0,0.6799999999999999,0.0,51585,1277991,,,62205712609.06324,0.04067317345845954,0.026346325475221376
2024-03-10,0.6218050122261047,0.6283169984817505,0.5985360145568848,0.6084319949150085,1510773123,-0.0217414108052941,0.0411999235807163,XRP-USD,0.0,0,0.0,0,0.0,0.0,0.5800000000000001,0.0,45330,1346364,,,60720105770.706566,0.040704573991916446,0.027310191056745866
2024-03-11,0.6084160208702087,0.7421259880065918,0.5932829976081848,0.7180359959602356,6790039283,0.1656345538208233,0.0589612635373158,XRP-USD,0.0,0,0.0,0,0.0,0.0,0.6399999999999999,0.0,43790,1528267,,,72029037610.62025,0.04433563811922136,0.0292001295727249
2024-03-12,0.7180359959602356,0.7305489778518677,0.6659489870071411,0.6882089972496033,4163275980,-0.0424271345657918,0.0597308993986338,XRP-USD,0.0,0,0.0,0,0.0,0.0,0.6200000000000001,0.0,55403,1570663,,,68825330701.02132,0.04817506610028806,0.03112450512067183
2024-03-13,0.688211977481842,0.7020930051803589,0.6727020144462585,0.6909499764442444,2398788495,0.0039748612825186,0.0591844177440564,XRP-USD,0.0,0,0.0,0,0.0,0.0,0.6200000000000001,0.0,35561,1428955,,,68927234215.49074,0.05191523794021916,0.03302868679412681
2024-03-14,0.6909549832344055,0.7048069834709167,0.6438180208206177,0.669966995716095,3428582152,-0.0308389771111943,0.0602962018719811,XRP-USD,0.0,0,0.0,0,0.0,0.0,0.76,0.0,31712,1491709,,,66965437170.02569,0.055874541226540675,0.03490052746913091
2024-03-15,0.6699609756469727,0.6741560101509094,0.6025879979133606,0.6337370276451111,3656774483,-0.0555943655496002,0.0624794350894229,XRP-USD,0.0,0,0.0,0,0.0,0.0,0.6599999999999999,0.0,32848,1578908,,,63448327812.16109,0.06013044352828199,0.03683984770399391
2024-03-16,0.63373202085495,0.6431490182876587,0.5947350263595581,0.6030600070953369,2237388470,-0.0496173794665996,0.060970095079965,XRP-USD,0.0,0,0.0,0,0.0,0.0,0.6200000000000001,0.0,33194,1474810,,,60201597561.698135,0.060532209836811846,0.03872728065104692
2024-03-17,0.6030600070953369,0.6243600249290466,0.5895980000495911,0.6192319989204407,1826991062,0.0264632927530919,0.0611137653942695,XRP-USD,0.0,0,0.0,0,0.0,0.0,0.5800000000000001,0.0,37731,1406388,,,61822703859.99242,0.060808783035938986,0.0405964959765252
2024-03-18,0.6192319989204407,0.6642270088195801,0.5957580208778381,0.6475650072097778,2767146303,0.0447391869860532,0.0615573794021308,XRP-USD,0.0,0,0.0,0,0.0,0.0,0.54,0.0,32968,1396739,,,65201866440.30601,0.06128337536755386,0.04248117481259278
2024-03-19,0.647566020488739,0.647566020488739,0.57294100522995,0.5844410061836243,3571952543,-0.1025633403469502,0.0628031763699376,XRP-USD,0.0,0,0.0,0,0.0,0.0,0.5800000000000001,0.0,35816,1436830,,,58289019384.0228,0.06178477026714516,0.04441184033464221
2024-03-20,0.5844410061836243,0.6185659766197205,0.5708739757537842,0.6121619939804077,2741181693,0.0463410981104705,0.0634918390960768,XRP-USD,0.0,0,0.0,0,0.0,0.0,0.48,0.0,33014,1347825,,,61198007854.35545,0.06198725106847595,0.046158478068927984
2024-03-21,0.61216801404953,0.6535210013389587,0.599407970905304,0.6406909823417664,2809003717,0.0455503103162099,0.0643060434844252,XRP-USD,0.0,0,0.0,0,0.0,0.0,0.56,0.0,39291,1289369,,,64029710733.026695,0.06265444074936798,0.047926562695541214
2024-03-22,0.6406949758529663,0.6443449854850769,0.6004049777984619,0.6109489798545837,2053036282,-0.0475338008570735,0.0655786283133297,XRP-USD,0.0,0,0.0,0,0.0,0.0,0.5,0.0,33572,1243920,,,61000613425.52219,0.06354741333318002,0.049855306453768115
2024-03-23,0.6109480261802673,0.632407009601593,0.6057800054550171,0.6175959706306458,1160450696,0.0108210214592769,0.0656586423911078,XRP-USD,0.0,0,0.0,0,0.0,0.0,0.4599999999999999,0.0,36841,1126566,,,61913162814.48514,0.06436766593097543,0.051750209087937475
2024-03-24,0.6176080107688904,0.6356009840965271,0.6149119734764099,0.6329500079154968,1230486578,0.0245569681372199,0.0656716272463624,XRP-USD,0.0,0,0.0,0,0.0,0.0,0.48,0.0,56100,1316047,,,63360083880.7902,0.06494135610626038,0.053476786970533235
2024-03-25,0.6329529881477356,0.6592959761619568,0.6273390054702759,0.6410340070724487,2044948880,0.012691066079988,0.0463967100935138,XRP-USD,0.0,0,0.0,0,0.0,0.0,0.5,0.0,37695,1278321,,,64113883317.611046,0.06152233030574779,0.05424009504816423
2024-03-26,0.6410340070724487,0.6528139710426331,0.6270260214805603,0.6322529911994934,1799059517,-0.0137928920905286,0.0453873537862591,XRP-USD,0.0,0,0.0,0,0.0,0.0,0.6200000000000001,0.0,51113,1299084,,,63249159310.64852,0.05773859236611456,0.05491605768962735
2024-03-27,0.6322529911994934,0.6344680190086365,0.608322024345398,0.6119639873504639,1989187555,-0.0326161799956688,0.0458167288824919,XRP-USD,0.0,0,0.0,0,0.0,0.0,0.6599999999999999,0.0,41817,1245508,,,61114098448.62677,0.05378621247994699,0.05513304896094826
2024-03-28,0.6119490265846252,0.636447012424469,0.6048370003700256,0.6245539784431458,1783253508,0.0203643239047814,0.0459544969718655,XRP-USD,0.0,0,0.0,0,0.0,0.0,0.6000000000000001,0.0,36236,1353273,,,62504977908.70971,0.049845383396098536,0.055367074145997106
2024-03-29,0.6245700120925903,0.6439949870109558,0.6104699969291687,0.6307500004768372,1874392966,0.0098718277900203,0.0436865055322385,XRP-USD,0.0,0,0.0,0,0.0,0.0,0.5800000000000001,0.0,36942,1292786,,,63074715504.52701,0.045448359053273754,0.05551038078413065
2024-03-30,0.6307529807090759,0.6364560127258301,0.6189050078392029,0.6218360066413879,1042947263,-0.014233185218423,0.0415893749786736,XRP-USD,0.0,0,0.0,0,0.0,0.0,0.5,0.0,31585,1305005,,,62071168680.84316,0.044486892030305716,0.055560645167506674
2024-03-31,0.6218360066413879,0.6297630071640015,0.621213972568512,0.6292250156402588,756039151,0.0118125251867228,0.0411132182331066,XRP-USD,0.0,0,0.0,0,0.0,0.0,0.5,0.0,43364,1271343,,,62895359933.5884,0.04363206491967522,0.05558853302172182
2024-04-01,0.6292250156402588,0.6320359706878662,0.5972999930381775,0.6112579703330994,1772433656,-0.0289698481416281,0.0397995103903758,XRP-USD,0.0,0,0.0,0,0.0,0.0,0.5800000000000001,0.0,49038,1345070,,,61245185285.63391,0.042428621221252,0.05552487787670635
2024-04-02,0.6112579703330994,0.6177380084991455,0.5804849863052368,0.5854660272598267,2172750437,-0.0431109222168957,0.0305952662972616,XRP-USD,0.0,0,0.0,0,0.0,0.0,0.5800000000000001,0.0,46912,1328197,,,58600438070.744576,0.03935677508633122,0.05423551436579479
2024-04-03,0.5854610204696655,0.592831015586853,0.5680950284004211,0.5749170184135437,1649286699,-0.018182443306637,0.0278330082919603,XRP-USD,0.0,0,0.0,0,0.0,0.0,0.4199999999999999,0.0,39707,1269613,,,57554819094.31613,0.036186075638275576,0.05278561022458235
2024-04-04,0.574891984462738,0.6137800216674805,0.5635700225830078,0.5936560034751892,2190487090,0.0320743182996966,0.0261517885450538,XRP-USD,0.0,0,0.0,0,0.0,0.0,0.3999999999999999,0.0,39645,1286645,,,59259408436.60923,0.03309855835155162,0.05128412707917315
2024-04-05,0.5936560034751892,0.5936980247497559,0.5703160166740417,0.5875229835510254,1534570775,-0.0103846666889612,0.0232798320296299,XRP-USD,0.0,0,0.0,0,0.0,0.0,0.5800000000000001,0.0,56048,1255156,,,58776956427.96545,0.02953188111085628,0.049601564813611734
2024-04-06,0.5875229835510254,0.5981910228729248,0.5862939953804016,0.5933399796485901,871610029,0.0098521900191845,0.0232376522676879,XRP-USD,0.0,0,0.0,0,0.0,0.0,0.5,0.0,50556,1171832,,,59421977459.52304,0.0262195094863187,0.04781784741262378
2024-04-07,0.5933409929275513,0.6017420291900635,0.5904719829559326,0.59483402967453,924956309,0.0025148687004618,0.0219479466707885,XRP-USD,0.0,0,0.0,0,0.0,0.0,0.56,0.0,40642,1225417,,,59423841738.9182,0.024490045561024083,0.04604411339402484
2024-04-08,0.5948349833488464,0.6260390281677246,0.5891029834747314,0.6154900193214417,2016910258,0.034136305020123,0.0238970750341077,XRP-USD,0.0,0,0.0,0,0.0,0.0,0.52,0.0,26499,1195097,,,61617474180.71801,0.023702858909453558,0.04435244565038113
2024-04-09,0.6154900193214417,0.6412580013275146,0.6024519801139832,0.6138169765472412,2423935496,-0.0027219300187404,0.0236913409853025,XRP-USD,0.0,0,0.0,0,0.0,0.0,0.6000000000000001,0.0,29136,1310618,,,61414861976.37082,0.0232107693975033,0.04263126208597984
2024-04-10,0.6138259768486023,0.6196969747543335,0.598688006401062,0.6175609827041626,2345474173,0.0060810211295329,0.0220601114000077,XRP-USD,0.0,0,0.0,0,0.0,0.0,0.56,0.0,30808,1233484,,,61749971103.232765,0.02296682527157886,0.04077930458734666
2024-04-11,0.617559015750885,0.6208890080451965,0.6036580204963684,0.6088799834251404,1218887360,-0.0141566443043341,0.021611808085952,XRP-USD,0.0,0,0.0,0,0.0,0.0,0.52,0.0,44210,1183952,,,60841076497.40183,0.02264165643523168,0.03887566681415917
2024-04-12,0.6088799834251404,0.6153050065040588,0.5183159708976746,0.5484139919281006,2872824835,-0.104590715282486,0.0345990633989778,XRP-USD,0.0,0,0.0,0,0.0,0.0,0.5800000000000001,0.0,38344,1262587,,,54700906374.40336,0.025171879780869537,0.03752534953754793
2024-04-13,0.548412024974823,0.5488380193710327,0.4336340129375458,0.4808189868927002,3957442555,-0.1315395888040444,0.047503280127285,XRP-USD,0.0,0,0.0,0,0.0,0.0,0.4399999999999999,0.0,34081,1394775,,,48031356295.12911,0.029893120799505003,0.03670374280181862
2024-04-14,0.4808189868927002,0.5074589848518372,0.4668180048465729,0.5042579770088196,2824792033,0.0475971236099222,0.0501417521222354,XRP-USD,0.0,0,0.0,0,0.0,0.0,0.4399999999999999,0.0,40407,1336616,,,50499485453.01296,0.03518320302689158,0.03599842960777897
2024-04-15,0.5042499899864197,0.5190650224685669,0.483485996723175,0.4977310001850128,2356318423,-0.0130282254461661,0.0500008322116802,XRP-USD,0.0,0,0.0,0,0.0,0.0,0.48,0.0,41275,1332341,,,49711170716.02365,0.04077134718922608,0.035286120742566145
2024-04-16,0.4977290034294128,0.5009899735450745,0.4792650043964386,0.4966950118541717,1913160798,-0.0020835913242371,0.0494048010619473,XRP-USD,0.0,0,0.0,0,0.0,0.0,0.3,0.0,25595,1129686,,,49699711697.05781,0.04632994578442514,0.035422852150222214
2024-04-17,0.4966990053653717,0.5065799951553345,0.4747979938983917,0.4948410093784332,1791966493,-0.0037396616900098,0.0494108334924818,XRP-USD,0.0,0,0.0,0,0.0,0.0,0.3400000000000001,0.0,25173,1180445,,,49475735182.39905,0.04929229980312594,0.03560573759141415
2024-04-18,0.494839996099472,0.5047540068626404,0.4869509935379028,0.5029829740524292,1420648263,0.0163198029242957,0.0485329933627224,XRP-USD,0.0,0,0.0,0,0.0,0.0,0.1399999999999999,0.0,29023,1206392,,,50267547743.716896,0.04949824245021342,0.035729204158697354
2024-04-19,0.5029829740524292,0.5106980204582214,0.4690069854259491,0.503786027431488,2145715371,0.0015953084534584,0.0486660353918312,XRP-USD,0.0,0,0.0,0,0.0,0.0,0.32,0.0,35283,1198426,,,50303363516.75128,0.04920309910413258,0.03585245590505943
2024-04-20,0.503786027431488,0.52988600730896,0.4994780123233795,0.5292930006980896,1237297114,0.049390525903244,0.051056667951847,XRP-USD,0.0,0,0.0,0,0.0,0.0,0.32,0.0,40277,1205012,,,52876403512.13185,0.04941426625216594,0.03618746328776891
2024-04-21,0.5292919874191284,0.5366100072860718,0.5204430222511292,0.5246800184249878,896875433,-0.0087535670176668,0.0509641930256003,XRP-USD,0.0,0,0.0,0,0.0,0.0,0.4399999999999999,0.0,27543,1147407,,,52463258713.92352,0.04972614464489654,0.03661359138081103
2024-04-22,0.5246760249137878,0.569130003452301,0.5232830047607422,0.556833028793335,1671344072,0.0594768381508936,0.0530211666680942,XRP-USD,0.0,0,0.0,0,0.0,0.0,0.4599999999999999,0.0,25609,1350032,,,55722496645.39368,0.050448211280019015,0.03715486176421956
2024-04-23,0.5568289756774902,0.557187020778656,0.5430060029029846,0.5451589822769165,1351313210,-0.0211879634906309,0.0531320074114707,XRP-USD,0.0,0,0.0,0,0.0,0.0,0.4199999999999999,0.0,37065,1396920,,,54506300101.55523,0.051368014089768675,0.037760884356087515
2024-04-24,0.5451549887657166,0.5516200065612793,0.522068977355957,0.5274040102958679,1534036870,-0.0331105849354306,0.0533382715248856,XRP-USD,0.0,0,0.0,0,0.0,0.0,0.4399999999999999,0.0,37752,1285791,,,52599285935.1452,0.052302461316379556,0.03879465732097951
2024-04-25,0.5274080038070679,0.532256007194519,0.5141689777374268,0.5255119800567627,1286617507,-0.0035938902873605,0.0533690294411382,XRP-USD,0.0,0,0.0,0,0.0,0.0,0.4399999999999999,0.0,23777,1177042,,,52535140082.32105,0.0527649336142378,0.03995538555503305
2024-04-26,0.5255140066146851,0.5355110168457031,0.5161510109901428,0.5261120200157166,1158982887,0.0011411683720229,0.0460058351785444,XRP-USD,0.0,0,0.0,0,0.0,0.0,0.3999999999999999,0.0,23901,1096005,,,52547332544.85945,0.051773262044826615,0.04085784222019171
2024-04-27,0.5261110067367554,0.5262110233306885,0.5104230046272278,0.5177749991416931,753955067,-0.0159733725685266,0.0280094879633632,XRP-USD,0.0,0,0.0,0,0.0,0.0,0.3400000000000001,0.0,21726,811956,,,51803633659.6662,0.046770926303880425,0.04107282658081596
2024-04-28,0.5177749991416931,0.5246260166168213,0.5094550251960754,0.5103769898414612,580872466,-0.0143911348892202,0.0256031938840934,XRP-USD,0.0,0,0.0,0,0.0,0.0,0.3,0.0,22267,751486,,,50992639886.31311,0.041265163598404965,0.041180351199743476
2024-04-29,0.5103750228881836,0.5171279907226562,0.4996469914913177,0.5154320001602173,1143210748,0.0098557358853075,0.0253777162243286,XRP-USD,0.0,0,0.0,0,0.0,0.0,0.3400000000000001,0.0,26751,772540,,,51567334257.26646,0.03567305253829356,0.041336249815813485
2024-04-30,0.5154340267181396,0.5192300081253052,0.4904929995536804,0.50006502866745,1347490379,-0.030267237000249,0.0268444189824083,XRP-USD,0.0,0,0.0,0,0.0,0.0,0.3400000000000001,0.0,26976,892618,,,49960255545.56494,0.03036813044654758,0.04147021999528169
2024-05-01,0.5000619888305664,0.5201680064201355,0.48020800948143,0.5170000195503235,1720060134,0.0333047650229976,0.0281882595203,XRP-USD,0.0,0,0.0,0,0.0,0.0,0.08,0.0,32522,896301,,,51593908812.08238,0.0268046153148987,0.04167462538323612
2024-05-02,0.5169969797134399,0.5243350267410278,0.5066930055618286,0.5183290243148804,1118497654,0.002567310368422,0.0279316794228057,XRP-USD,0.0,0,0.0,0,0.0,0.0,-0.14,0.0,34053,813748,,,51896234181.90362,0.0267890536067872,0.041941514838817855
2024-05-03,0.5183290243148804,0.5365129709243774,0.5151939988136292,0.5318940281867981,1138445190,0.0258340516702708,0.0286371787216027,XRP-USD,0.0,0,0.0,0,0.0,0.0,-0.04,0.0,24821,726222,,,53206068462.17801,0.02739585057428906,0.042260849867711066
2024-05-04,0.5318930149078369,0.5401409864425659,0.5280889868736267,0.5304049849510193,686389982,-0.0028034370598006,0.0254797265598863,XRP-USD,0.0,0,0.0,0,0.0,0.0,0.3400000000000001,0.0,23139,653733,,,53029343256.08959,0.0274162526414006,0.04184633455684327
2024-05-05,0.5304049849510193,0.5331860184669495,0.5247910022735596,0.5297840237617493,535784827,-0.0011714161440547,0.0253562035448977,XRP-USD,0.0,0,0.0,0,0.0,0.0,0.3799999999999999,0.0,41118,704753,,,52975582366.3117,0.02711860955389848,0.04083964925764385
2024-05-06,0.5297889709472656,0.5688809752464294,0.5266100168228149,0.5405470132827759,1774389100,0.0201121932351393,0.0199401878984785,XRP-USD,0.0,0,0.0,0,0.0,0.0,0.4199999999999999,0.0,27561,751855,,,54025549191.144806,0.02546899522953418,0.03946685088383672
2024-05-07,0.5405480265617371,0.5438420176506042,0.5229610204696655,0.5247439742088318,1132990207,-0.0296711389241713,0.0206793790167384,XRP-USD,0.0,0,0.0,0,0.0,0.0,0.3600000000000001,0.0,22789,717418,,,52474474883.91935,0.02401853514832072,0.0381340575567939
2024-05-08,0.5247439742088318,0.5290600061416626,0.5157150030136108,0.5172299742698669,1122168971,-0.0144228753593229,0.0191108791937505,XRP-USD,0.0,0,0.0,0,0.0,0.0,0.28,0.0,23143,674404,,,51665796372.83881,0.022113275242750283,0.0367570611082395
2024-05-09,0.5172240138053894,0.5232700109481812,0.5099250078201294,0.521028995513916,978009518,0.0073180936724879,0.0192362495561042,XRP-USD,0.0,0,0.0,0,0.0,0.0,0.1,0.0,21793,758343,,,52053957525.49937,0.02086457984199386,0.03538548911113143
2024-05-10,0.5210310220718384,0.521058976650238,0.4987959861755371,0.5023379921913147,1100350623,-0.0365325094316946,0.0214767621476716,XRP-USD,0.0,0,0.0,0,0.0,0.0,0.32,0.0,22466,783289,,,50226074263.76476,0.020088691562548642,0.034155660419538214
2024-05-11,0.5023379921913147,0.50730299949646,0.5011299848556519,0.5059750080108643,447992708,0.0072140924341557,0.0213179779041605,XRP-USD,0.0,0,0.0,0,0.0,0.0,0.06,0.0,19109,759603,,,50577082564.07236,0.020364249563685037,0.03291256689737137
2024-05-12,0.5059760212898254,0.5085880160331726,0.4974470138549804,0.4994750022888183,397026846,-0.012929725416338,0.0212542553103327,XRP-USD,0.0,0,0.0,0,0.0,0.0,0.1200000000000001,0.0,20509,703406,,,49933370429.10912,0.0204792248224039,0.03155791177730253
2024-05-13,0.4994750022888183,0.5116739869117737,0.4879190027713775,0.5049020051956177,991525778,0.010806809959344,0.0212949695485909,XRP-USD,0.0,0,0.0,0,0.0,0.0,0.1399999999999999,0.0,21340,721269,,,50489145608.56826,0.020916042893371976,0.03020931071016574
2024-05-14,0.5049020051956177,0.511355996131897,0.4978280067443847,0.4998869895935058,1077455413,-0.0099823092651549,0.0198245157933434,XRP-USD,0.0,0,0.0,0,0.0,0.0,0.32,0.0,21829,812052,,,49966320875.99521,0.02103369614081982,0.028700372034040703
2024-05-15,0.4998889863491058,0.5196210145950317,0.4974499940872192,0.5190039873123169,1118098628,0.0375295137564184,0.0203948439872247,XRP-USD,0.0,0,0.0,0,0.0,0.0,0.28,0.0,22293,776379,,,51862929764.14158,0.02081731250873044,0.02721231915112043
2024-05-16,0.5190119743347168,0.5213310122489929,0.5131040215492249,0.5156980156898499,1152212983,-0.0063902125689571,0.0204578527489339,XRP-USD,0.0,0,0.0,0,0.0,0.0,0.3999999999999999,0.0,22204,831724,,,51549301638.13425,0.02064528747768512,0.025717754661304448
2024-05-17,0.515699028968811,0.5288699865341187,0.5139979720115662,0.5238040089607239,1015239692,0.0155962324038409,0.0196149932945449,XRP-USD,0.0,0,0.0,0,0.0,0.0,0.48,0.0,24326,767141,,,52377232864.38733,0.02031743507452756,0.024183480291004752
2024-05-18,0.5238040089607239,0.5256279706954956,0.5195199847221375,0.5213900208473206,496850725,-0.0046192234874563,0.0196331553412376,XRP-USD,0.0,0,0.0,0,0.0,0.0,0.4599999999999999,0.0,37128,828095,,,52102181505.90983,0.0199850722330569,0.022984722116581712
2024-05-19,0.521390974521637,0.5235369801521301,0.5074570178985596,0.5096610188484192,562911149,-0.0227525263631114,0.02045854630625,XRP-USD,0.0,0,0.0,0,0.0,0.0,0.4399999999999999,0.0,24073,780568,,,50928128232.37993,0.02011187833563822,0.02264149749580384
2024-05-20,0.5096610188484192,0.5373330116271973,0.5074959993362427,0.5373330116271973,1401702874,0.0528721998862102,0.0247086324213769,XRP-USD,0.0,0,0.0,0,0.0,0.0,0.3999999999999999,0.0,26792,843356,,,53647520581.18408,0.02097463602246866,0.02260083561113491
2024-05-21,0.537326991558075,0.5561180114746094,0.532230019569397,0.5369830131530762,1977024521,-0.000651574543115,0.0232401065601233,XRP-USD,0.0,0,0.0,0,0.0,0.0,0.52,0.0,24717,879750,,,53688900155.71828,0.021531086784706537,0.022503671535489215
2024-05-22,0.5369830131530762,0.5376880168914795,0.5236920118331909,0.5265100002288818,1205640257,-0.0196961359657791,0.0235611054907298,XRP-USD,0.0,0,0.0,0,0.0,0.0,0.52,0.0,30304,934952,,,52622334349.73593,0.02232030922394352,0.022354430013140192
2024-05-23,0.5265100002288818,0.5392069816589355,0.5093910098075867,0.5282859802246094,2188558788,0.0033674411106768,0.0235066938467382,XRP-USD,0.0,0,0.0,0,0.0,0.0,0.52,0.0,22241,873633,,,52778685659.70591,0.02309501692504364,0.022141631573432838
2024-05-24,0.5282859802246094,0.5367299914360046,0.5178719758987427,0.5357530117034912,1232280845,0.0140354895182607,0.0210551231575798,XRP-USD,0.0,0,0.0,0,0.0,0.0,0.48,0.0,21642,818507,,,53521074346.36879,0.023214332295309597,0.021829060834104387
2024-05-25,0.5357490181922913,0.5423189997673035,0.5335080027580261,0.5418090224266052,652679509,0.0112403263911576,0.021120968914332,XRP-USD,0.0,0,0.0,0,0.0,0.0,0.52,0.0,20712,795179,,,54131744819.54044,0.022496799593900618,0.0214874149337739
2024-05-26,0.541808009147644,0.5418350100517273,0.526602029800415,0.5282109975814819,579619779,-0.0254177616884002,0.0221690317526804,XRP-USD,0.0,0,0.0,0,0.0,0.0,0.5,0.0,23825,776306,,,52817154070.766624,0.02228258463241204,0.021336928806173633
2024-05-27,0.5282109975814819,0.539929986000061,0.5237690210342407,0.5337719917297363,1013292526,0.0104729454856026,0.0221613194734143,XRP-USD,0.0,0,0.0,0,0.0,0.0,0.48,0.0,23619,833049,,,53375569951.60801,0.02200262742894894,0.021191706802924384
2024-05-28,0.5337719917297363,0.5345720052719116,0.5215920209884644,0.5282350182533264,1141481357,-0.0104274709956835,0.0221831895548685,XRP-USD,0.0,0,0.0,0,0.0,0.0,0.4399999999999999,0.0,23885,860812,,,52829610532.34845,0.021737926570575,0.021293661423669386
2024-05-29,0.5282340049743652,0.5320940017700195,0.5200960040092468,0.523248016834259,1184420624,-0.0094857237755829,0.0201748552267776,XRP-USD,0.0,0,0.0,0,0.0,0.0,0.4399999999999999,0.0,22205,865944,,,52327933616.170006,0.02156187298441456,0.021270728524125714
2024-05-30,0.5232489705085754,0.5273370146751404,0.5136370062828064,0.5188609957695007,1329469469,-0.0084195548212225,0.0202359982138285,XRP-USD,0.0,0,0.0,0,0.0,0.0,0.4599999999999999,0.0,21059,832704,,,51909588902.95238,0.021384878844313858,0.02132187029776562
2024-05-31,0.5188609957695007,0.5240820050239563,0.5126820206642151,0.517799973487854,1220311836,-0.0020470002895912,0.019763151572624,XRP-USD,0.0,0,0.0,0,0.0,0.0,0.4599999999999999,0.0,20805,831061,,,51743078101.37372,0.02090370280830258,0.021345820389425615
2024-06-01,0.517799973487854,0.5212609767913818,0.517507016658783,0.5183129906654358,559721132,0.0009902727545249,0.0197371231390845,XRP-USD,0.0,0,0.0,0,0.0,0.0,0.4399999999999999,0.0,40334,805332,,,51826820475.516754,0.02041886354143662,0.02126674588903529
2024-06-02,0.5183129906654358,0.5194140076637268,0.5092869997024536,0.5134819746017456,738754247,-0.0093643631330563,0.0188776097566969,XRP-USD,0.0,0,0.0,0,0.0,0.0,0.4599999999999999,0.0,29301,777773,,,51338160991.68576,0.0197577475818023,0.02115582006415058
2024-06-03,0.5134760141372681,0.5224829912185669,0.5130339860916138,0.5200999975204468,1098641926,0.0128061702741853,0.0121824276300563,XRP-USD,0.0,0,0.0,0,0.0,0.0,0.4599999999999999,0.0,28001,824536,,,52004664210.913445,0.01815926206245804,0.02074346426050165
2024-06-04,0.5200999975204468,0.5300390124320984,0.5185189843177795,0.5257650017738342,1165207605,0.0108332522085318,0.0126805265688577,XRP-USD,0.0,0,0.0,0,0.0,0.0,0.4599999999999999,0.0,27587,766157,,,52546060777.59026,0.01664816773346388,0.02035189867051378
2024-06-05,0.5257650017738342,0.5306640267372131,0.5246509909629822,0.5257109999656677,1154026310,-0.0001027161972781,0.0115495257082944,XRP-USD,0.0,0,0.0,0,0.0,0.0,0.5,0.0,32935,760753,,,52547883575.57095,0.01500544256059796,0.01997576275755701
2024-06-06,0.5257059931755066,0.5276039838790894,0.5175470113754272,0.5215780138969421,1194300808,-0.0078927735699721,0.0116801827983721,XRP-USD,0.0,0,0.0,0,0.0,0.0,0.56,0.0,22881,839420,,,52163395261.02968,0.013394054492455478,0.019579641794427345
2024-06-07,0.5215759873390198,0.5274670124053955,0.4636009931564331,0.4989509880542755,2462659926,-0.0443509878573807,0.0156732877362991,XRP-USD,0.0,0,0.0,0,0.0,0.0,0.54,0.0,44615,773516,,,49898602808.21179,0.01275319008837592,0.01936216156658031
2024-06-08,0.4989460110664367,0.5005019903182983,0.491344004869461,0.4931449890136719,825177679,-0.0117046444279291,0.0150211499709459,XRP-USD,0.0,0,0.0,0,0.0,0.0,0.4399999999999999,0.0,28620,744338,,,49305800446.75504,0.01332093455655384,0.019153350506416717
2024-06-09,0.493137001991272,0.4990290105342865,0.4918000102043152,0.4985829889774322,635952948,0.0109668267655525,0.0146814109580199,XRP-USD,0.0,0,0.0,0,0.0,0.0,0.5,0.0,24603,691836,,,49848610490.92768,0.01372111143438628,0.018928271216270456
2024-06-10,0.4986020028591156,0.5051659941673279,0.4940919876098633,0.4966279864311218,1117710952,-0.0039288253633621,0.0140719115109105,XRP-USD,0.0,0,0.0,0,0.0,0.0,0.4399999999999999,0.0,25181,734183,,,49624366706.13696,0.0142255885949095,0.018637969634664117
2024-06-11,0.496627002954483,0.4966480135917663,0.4726479947566986,0.480320006608963,1517249424,-0.033388665365137,0.0159471841969247,XRP-USD,0.0,0,0.0,0,0.0,0.0,0.48,0.0,31107,779985,,,48022516702.1114,0.01507898887462002,0.01823972198809811
2024-06-12,0.4803029894828796,0.4975320100784302,0.4751389920711517,0.4915400147438049,1255729794,0.0230907875861295,0.0177936701535342,XRP-USD,0.0,0,0.0,0,0.0,0.0,0.4399999999999999,0.0,21313,743505,,,49124832390.31334,0.01550306535806704,0.017992156696889514
2024-06-13,0.4915579855442047,0.4915579855442047,0.4763259887695312,0.4770050048828125,1048059804,-0.0300163665406325,0.01905438000443,XRP-USD,0.0,0,0.0,0,0.0,0.0,0.3999999999999999,0.0,29638,715837,,,47711688017.25208,0.01630971136476386,0.01778730553842134
2024-06-14,0.476978987455368,0.4807519912719726,0.4646849930286407,0.47427499294281,1220484176,-0.0057396758914383,0.0190208634849918,XRP-USD,0.0,0,0.0,0,0.0,0.0,0.48,0.0,27887,800822,,,47389228609.78436,0.017177601870158238,0.017583404158341958
2024-06-15,0.4742740094661712,0.5038589835166931,0.4742270112037658,0.4906910061836242,770448137,0.0340273070255688,0.0218326073482252,XRP-USD,0.0,0,0.0,0,0.0,0.0,0.48,0.0,33613,732929,,,49110423505.0273,0.018729741037621178,0.01761874434882584
2024-06-16,0.4906949996948242,0.4986270070075989,0.4880619943141937,0.4888319969177246,692035447,-0.0037957485266159,0.0217762808688145,XRP-USD,0.0,0,0.0,0,0.0,0.0,0.4199999999999999,0.0,25138,755011,,,48857211423.47511,0.01989556037199914,0.017648531255847772
2024-06-17,0.4888139963150024,0.5191419720649719,0.4846679866313934,0.5051599740982056,2028523218,0.0328562936459228,0.0235215432614033,XRP-USD,0.0,0,0.0,0,0.0,0.0,0.4199999999999999,0.0,21976,778296,,,50474601663.58926,0.02104113499357296,0.017710009051698814
2024-06-18,0.5050489902496338,0.5078030228614807,0.4772830009460449,0.4909479916095733,2024283447,-0.0285369607213813,0.0242023147608752,XRP-USD,0.0,0,0.0,0,0.0,0.0,0.48,0.0,44726,884525,,,49052418232.61278,0.022070721944862003,0.01780278156476522
2024-06-19,0.4909459948539734,0.4991689920425415,0.4879910051822662,0.493241012096405,1001252678,0.0046597241530454,0.024308076852891,XRP-USD,0.0,0,0.0,0,0.0,0.0,0.28,0.0,21024,767662,,,49268483622.64537,0.02312816461844184,0.017899367351038968
2024-06-20,0.493241012096405,0.501285970211029,0.4887160062789917,0.4887160062789917,1106889108,-0.0092163664248476,0.0243246303680487,XRP-USD,0.0,0,0.0,0,0.0,0.0,0.1999999999999999,0.0,22916,758641,,,48866370533.68499,0.02362656922240654,0.01808799349382402
2024-06-21,0.4887120127677917,0.4948840141296386,0.4800280034542084,0.4889560043811798,1131886818,0.0004909583262934,0.0214806288116575,XRP-USD,0.0,0,0.0,0,0.0,0.0,0.26,0.0,20892,902674,,,48889782361.15595,0.023567438810975137,0.018144567611907157
2024-06-22,0.4889459908008575,0.4893420040607452,0.4842419922351837,0.4866209924221039,455648980,-0.0047869443941249,0.0213053293827032,XRP-USD,0.0,0,0.0,0,0.0,0.0,0.06,0.0,23567,1004101,,,48655540991.97407,0.023124196035235117,0.01821466660327439
2024-06-23,0.4865939915180206,0.4888480007648468,0.4781039953231811,0.4794889986515045,500633866,-0.0147646197576083,0.0213079913823756,XRP-USD,0.0,0,0.0,0,0.0,0.0,0.1,0.0,25510,1649658,,,47940502901.061165,0.0225453313595352,0.01828606970524217
2024-06-24,0.4794990122318268,0.4812979996204376,0.4635969996452331,0.4741429984569549,1322556294,-0.0112119899791086,0.0214265326109062,XRP-USD,0.0,0,0.0,0,0.0,0.0,0.02,0.0,22907,2072169,,,47366829918.83476,0.02196902251113824,0.018401929834978955
2024-06-25,0.4741150140762329,0.4795460104942322,0.473037987947464,0.4756850004196167,856021183,0.0032469106389561,0.0196324092953834,XRP-USD,0.0,0,0.0,0,0.0,0.0,-0.4,0.0,21941,1822690,,,47512084761.35908,0.02103057829660518,0.018740565365221094
2024-06-26,0.4756909906864166,0.4778169989585876,0.4662100076675415,0.4695999920368194,886063357,-0.0128746197882379,0.018607207886193,XRP-USD,0.0,0,0.0,0,0.0,0.0,-0.0799999999999999,0.0,21748,1037767,,,46967094689.26423,0.02045589411151228,0.01900995997055452
2024-06-27,0.4695670008659363,0.4764530062675476,0.4656920135021209,0.4746550023555755,840598295,0.0107069777562594,0.0172354995952384,XRP-USD,0.0,0,0.0,0,0.0,0.0,-0.1999999999999999,0.0,22534,1119009,,,47439586159.91385,0.019641928154019318,0.01926841332905197
2024-06-28,0.4746499955654144,0.4801720082759857,0.4702669978141784,0.4708850085735321,937124567,-0.0079743082601339,0.017299453562154,XRP-USD,0.0,0,0.0,0,0.0,0.0,-0.06,0.0,21023,1136053,,,47064377384.81525,0.018840220589975,0.019523834727405695
2024-06-29,0.4709770083427429,0.4761430025100708,0.4709149897098541,0.471994012594223,402714114,0.0023523792707239,0.0142345095869928,XRP-USD,0.0,0,0.0,0,0.0,0.0,-0.4,0.0,41544,1111035,,,47164223326.36012,0.01740181598519232,0.019458435720619047
2024-06-30,0.4719789922237396,0.4773260056972503,0.4699969887733459,0.4754830002784729,465426276,0.0073648297684608,0.0144832819199934,XRP-USD,0.0,0,0.0,0,0.0,0.0,-0.06,0.0,21375,1141441,,,47566581004.168365,0.016371990510114322,0.019433987172848475
2024-07-01,0.4754720032215118,0.4828220009803772,0.4750739932060241,0.4766409993171692,813551774,0.0024324554578239,0.0106224673335198,XRP-USD,0.0,0,0.0,0,0.0,0.0,0.06,0.0,27953,1316440,,,47640667612.937485,0.014775042399579682,0.019249489735371203
2024-07-02,0.476624995470047,0.4877249896526336,0.4759129881858825,0.4845199882984161,844534843,0.0163951004480705,0.0094059053173859,XRP-USD,0.0,0,0.0,0,0.0,0.0,0.02,0.0,22008,1521688,,,48423334628.81749,0.01320912354400918,0.019037398544756445
2024-07-03,0.4845350086688995,0.4860219955444336,0.4625900089740753,0.4667600095272064,1275422799,-0.0373434586484558,0.0133527364547307,XRP-USD,0.0,0,0.0,0,0.0,0.0,0.0,0.0,21617,1741856,,,46669953926.4749,0.01241978012252452,0.018919469101929445
2024-07-04,0.4667370021343231,0.4690040051937103,0.4329249858856201,0.4335739910602569,1521233429,-0.0737527627400445,0.0229817968149374,XRP-USD,0.0,0,0.0,0,0.0,0.0,-0.12,0.0,23693,2059905,,,43611153716.103004,0.014169237568113441,0.019155293041084136
2024-07-05,0.4334479868412018,0.4334479868412018,0.3911390006542206,0.425491988658905,2152542241,-0.0188163448367211,0.0229767415587457,XRP-USD,0.0,0,0.0,0,0.0,0.0,-0.42,0.0,27552,2074984,,,42578593902.42154,0.0158679294958639,0.019333582202643942
2024-07-06,0.4254849851131439,0.4494819939136505,0.4241859912872314,0.4490529894828796,723560145,0.053894777671991,0.0286414651729929,XRP-USD,0.0,0,0.0,0,0.0,0.0,-0.48,0.0,21176,2014019,,,44884810446.88405,0.01947172906375852,0.019770882279371262
2024-07-07,0.4490480124950409,0.4490480124950409,0.4188230037689209,0.4198229908943176,758268409,-0.0673077252538202,0.0330225954210388,XRP-USD,0.0,0,0.0,0,0.0,0.0,-0.42,0.0,21324,2232806,,,42069643005.83316,0.024195067084489104,0.02027951810086279
2024-07-08,0.4198029935359955,0.4420619904994964,0.4046700000762939,0.4314799904823303,1537507458,0.0273879652583622,0.0344485572897345,XRP-USD,0.0,0,0.0,0,0.0,0.0,-0.4399999999999999,0.0,22376,2551985,,,43143762274.22944,0.028414231251489862,0.020855530665450064
2024-07-09,0.4314300119876861,0.4374260008335113,0.427949994802475,0.435916006565094,986003310,0.0102284418485703,0.0346540888743478,XRP-USD,0.0,0,0.0,0,0.0,0.0,-0.4599999999999999,0.0,25853,2551546,,,43579443360.79585,0.030748689663371943,0.021361555466038448
2024-07-10,0.4358479976654053,0.4424040019512176,0.4317499995231628,0.4390380084514618,967522144,0.0071364096458545,0.034771706063847,XRP-USD,0.0,0,0.0,0,0.0,0.0,-0.4399999999999999,0.0,31755,2303419,,,43878112563.59625,0.0331076825643922,0.021841982343446257
2024-07-11,0.4390510022640228,0.4528189897537231,0.4371150135993957,0.4490410089492798,1102016670,0.0225282285908643,0.0353166718941525,XRP-USD,0.0,0,0.0,0,0.0,0.0,-0.42,0.0,20539,2472662,,,44863072898.5848,0.034442723908624115,0.022342373027139963
2024-07-12,0.4490369856357574,0.4774129986763,0.4452190101146698,0.4747300148010254,1596389224,0.0556320350129695,0.0386909816025596,XRP-USD,0.0,0,0.0,0,0.0,0.0,-0.5,0.0,39064,2688318,,,47464031027.89074,0.03557640114492828,0.022995388992345003
2024-07-13,0.4747200012207031,0.5635790228843689,0.4744009971618652,0.526328980922699,2857057880,0.1031802037014871,0.0474408286244516,XRP-USD,0.0,0,0.0,0,0.0,0.0,-0.5,0.0,38840,2852157,,,52700118547.001656,0.0381748554118717,0.02417539807474474
2024-07-14,0.5262010097503662,0.5396050214767456,0.5148059725761414,0.52286297082901,1570275472,-0.0066070325765202,0.0475970018259892,XRP-USD,0.0,0,0.0,0,0.0,0.0,-0.3399999999999999,0.0,23136,2920904,,,52362521062.64861,0.04076343800219998,0.0253704740948941
2024-07-15,0.5227339863777161,0.5393840074539185,0.5211589932441711,0.5378779768943787,1760362204,0.0283123020180232,0.0479164461187314,XRP-USD,0.0,0,0.0,0,0.0,0.0,0.04,0.0,41467,3788498,,,53652230701.14539,0.04339238601317686,0.026579949310182996
2024-07-16,0.5377529859542847,0.5925269722938538,0.5342839956283569,0.5793759822845459,3380662320,0.0743199060494066,0.05103740788501,XRP-USD,0.0,0,0.0,0,0.0,0.0,0.3,0.0,50254,4449099,,,57841640190.68233,0.04653653321134836,0.02792589818627863
2024-07-17,0.5793730020523071,0.6366440057754517,0.5793730020523071,0.6264860033988953,3708255186,0.078174801403368,0.051646476090072,XRP-USD,0.0,0,0.0,0,0.0,0.0,0.3799999999999999,0.0,52648,3902799,,,62843109754.32017,0.049127632108850836,0.029381083040582658
2024-07-18,0.6265890002250671,0.6359869837760925,0.5604320168495178,0.5695739984512329,2986711547,-0.0952377228736879,0.0548962420411173,XRP-USD,0.0,0,0.0,0,0.0,0.0,0.2199999999999999,0.0,43235,4783137,,,57005673601.426704,0.05061871479218398,0.03103058459307921
2024-07-19,0.5696079730987549,0.5860120058059692,0.5426380038261414,0.5737519860267639,2340175055,0.0073085125839505,0.0539295509440733,XRP-USD,0.0,0,0.0,0,0.0,0.0,0.1999999999999999,0.0,23498,5429413,,,57212204959.92223,0.05188522461580081,0.032698496018026255
2024-07-20,0.5737289786338806,0.6037819981575012,0.571832001209259,0.5946509838104248,1538358691,0.0357774287546625,0.053302351558478,XRP-USD,0.0,0,0.0,0,0.0,0.0,0.48,0.0,20704,2855517,,,59482279448.60649,0.052962405703750125,0.03433499138149553
2024-07-21,0.5946530103683472,0.6071879863739014,0.5756160020828247,0.5974670052528381,1489477305,0.0047244093387673,0.0473662795853171,XRP-USD,0.0,0,0.0,0,0.0,0.0,0.48,0.0,20194,3164810,,,59678527065.50639,0.052228180043811544,0.035840980926873905
2024-07-22,0.5974799990653992,0.6226630210876465,0.586667001247406,0.6076369881629944,2052124201,0.0168785837663054,0.0474122723173949,XRP-USD,0.0,0,0.0,0,0.0,0.0,0.3999999999999999,0.0,25076,3617919,,,60570691196.058334,0.051381339289276115,0.03733775321766488
2024-07-23,0.6076369881629944,0.6165760159492493,0.584276020526886,0.5974569916725159,1657693155,-0.0168953439625158,0.0485781369676589,XRP-USD,0.0,0,0.0,0,0.0,0.0,0.4199999999999999,0.0,28316,2054521,,,59744549678.48471,0.050117718274584444,0.039063010928307565
2024-07-24,0.5974599719047546,0.6321550011634827,0.5925769805908203,0.6188430190086365,1933084899,0.0351693355847065,0.0484730444364246,XRP-USD,0.0,0,0.0,0,0.0,0.0,0.3799999999999999,0.0,23543,1523748,,,61567844842.35709,0.049026416973054696,0.040838789979172965
2024-07-25,0.6188520193099976,0.6238240003585815,0.5869389772415161,0.5998160243034363,2306853709,-0.031228654299452,0.0507199620086645,XRP-USD,0.0,0,0.0,0,0.0,0.0,0.3600000000000001,0.0,23193,1450039,,,59842410690.44205,0.048509939063092,0.0425373002316245
2024-07-26,0.5998139977455139,0.6084539890289307,0.5874590277671814,0.6040679812431335,1385845116,0.007063761292593,0.0497979588090288,XRP-USD,0.0,0,0.0,0,0.0,0.0,0.3600000000000001,0.0,22543,1541175,,,60331606085.62813,0.04899627490783434,0.04375621668590138
2024-07-27,0.6040689945220947,0.6088709831237793,0.5867040157318115,0.5967950224876404,1007994247,-0.0121130348093397,0.0436395931381463,XRP-USD,0.0,0,0.0,0,0.0,0.0,0.4399999999999999,0.0,38537,1469438,,,59775190685.36627,0.04824173907198462,0.044695437212237774
2024-07-28,0.5967950224876404,0.6129159927368164,0.5921570062637329,0.601947009563446,916029262,0.0085957089344492,0.0434105839981759,XRP-USD,0.0,0,0.0,0,0.0,0.0,0.4199999999999999,0.0,24110,1385438,,,60083918243.17807,0.04720822847808802,0.04536676079520064
2024-07-29,0.6019440293312073,0.611411988735199,0.593300998210907,0.6020860075950623,1178431461,0.000230887409652,0.0431503661849553,XRP-USD,0.0,0,0.0,0,0.0,0.0,0.48,0.0,22317,1482234,,,60190482038.574646,0.04614369282779416,0.04582711401174229
2024-07-30,0.6020839810371399,0.6349650025367737,0.5961570143699646,0.6278769969940186,2197505659,0.0419439777618564,0.0400844784004272,XRP-USD,0.0,0,0.0,0,0.0,0.0,0.3400000000000001,0.0,24927,1467075,,,62654900791.99807,0.0440165961061467,0.04608329224404651
2024-07-31,0.6278610229492188,0.6579110026359558,0.6237620115280151,0.6239389777183533,2419022403,-0.006291711155562,0.0342801716873356,XRP-USD,0.0,0,0.0,0,0.0,0.0,0.2199999999999999,0.0,29582,1378807,,,62555285995.36261,0.04091303868180805,0.04606629600827323
2024-08-01,0.6239339709281921,0.6294329762458801,0.5718839764595032,0.5964639782905579,1990603913,-0.0450337202032803,0.0249363659269854,XRP-USD,0.0,0,0.0,0,0.0,0.0,0.04,0.0,25743,1239708,,,59633172801.70056,0.03717239323957588,0.045619235092961334
2024-08-02,0.5964630246162415,0.5964660048484802,0.5496360063552856,0.5607709884643555,1884164485,-0.0617062492941575,0.0303220268451365,XRP-USD,0.0,0,0.0,0,0.0,0.0,0.1399999999999999,0.0,22936,1056664,,,56067738986.93344,0.034554681808967994,0.045392205772551514
2024-08-03,0.5607709884643555,0.5765460133552551,0.5424720048904419,0.5563910007476807,1325726393,-0.0078413161231081,0.0283596293143821,XRP-USD,0.0,0,0.0,0,0.0,0.0,-0.26,0.0,24468,1091876,,,55583821553.100365,0.03159653443485336,0.04492259885036163
2024-08-04,0.5563899874687195,0.5583059787750244,0.5164279937744141,0.5233960151672363,1209933394,-0.0611329091421002,0.0319072318664826,XRP-USD,0.0,0,0.0,0,0.0,0.0,-0.3199999999999999,0.0,28684,1079038,,,52463854028.38471,0.02996108512806444,0.04421652627045394
2024-08-05,0.5233960151672363,0.5252829790115356,0.4334920048713684,0.4894660115242004,4193893853,-0.0670233522354157,0.0343655396210315,XRP-USD,0.0,0,0.0,0,0.0,0.0,-0.48,0.0,42221,1363220,,,49192486390.572495,0.02997815871480362,0.0436150961702286
2024-08-06,0.4894579946994781,0.5185030102729797,0.4892959892749786,0.5056970119476318,1747524592,0.0326226748520568,0.0366756651656291,XRP-USD,0.0,0,0.0,0,0.0,0.0,-0.6599999999999999,0.0,28761,1047821,,,50529432135.732574,0.03232601856253236,0.04310415158145123
2024-08-07,0.5056909918785095,0.6408190131187439,0.4942300021648407,0.6008099913597107,4286385926,0.1723410310809363,0.0606848231534444,XRP-USD,0.0,0,0.0,0,0.0,0.0,-0.42,0.0,26960,1093117,,,60559301517.038574,0.03839857782419394,0.04354267045728915
2024-08-08,0.6008489727973938,0.6416190266609192,0.5809080004692078,0.6175770163536072,3502679662,0.0275250531603611,0.0605477981173809,XRP-USD,0.0,0,0.0,0,0.0,0.0,-0.6,0.0,31935,1242038,,,61664632640.442986,0.04483621158479369,0.04394727600398501
2024-08-09,0.617579996585846,0.6237069964408875,0.5690230131149292,0.5811529755592346,2024450473,-0.0607897643655507,0.0627926750701046,XRP-USD,0.0,0,0.0,0,0.0,0.0,-0.04,0.0,31753,1199633,,,58024790538.37039,0.0510133002255181,0.044306204778029885
2024-08-10,0.581151008605957,0.6013669967651367,0.5795980095863342,0.585578978061676,1134054567,0.0075870446848417,0.0627877460992787,XRP-USD,0.0,0,0.0,0,0.0,0.0,-0.1999999999999999,0.0,39002,1216186,,,58525927726.97625,0.056697741521167536,0.0447088500123574
2024-08-11,0.5855860114097595,0.5930770039558411,0.5475410223007202,0.5529320240020752,1202704291,-0.057365992155811,0.0644368036489231,XRP-USD,0.0,0,0.0,0,0.0,0.0,-0.2199999999999999,0.0,23694,1592725,,,55206306173.7058,0.06224996921782634,0.045214961471014
2024-08-12,0.552931010723114,0.5790690183639526,0.5521630048751831,0.5687680244445801,1479740403,0.0282375893659151,0.0650788998491457,XRP-USD,0.0,0,0.0,0,0.0,0.0,-0.5,0.0,21410,1716425,,,56920030864.01436,0.0631287845569666,0.046020080573915295
2024-08-13,0.5687680244445801,0.5831130146980286,0.5638719797134399,0.576399028301239,1245896255,0.013327517223499,0.0639624470220138,XRP-USD,0.0,0,0.0,0,0.0,0.0,-0.38,0.0,22141,1625536,,,57599352004.9361,0.06381171433789318,0.04677236124230706
2024-08-14,0.5764080286026001,0.5818889737129211,0.5662260055541992,0.5691919922828674,1138569808,-0.0125823805725237,0.0639859110524778,XRP-USD,0.0,0,0.0,0,0.0,0.0,-0.4,0.0,20954,1726260,,,56906891544.98221,0.06405036153436781,0.04747271460979884
2024-08-15,0.5691909790039062,0.573872983455658,0.5524529814720154,0.5609549880027771,1163264081,-0.0145771307305995,0.0630886590162834,XRP-USD,0.0,0,0.0,0,0.0,0.0,-0.42,0.0,30479,1747992,,,56111151777.2563,0.06411054411776876,0.04813706072706514
2024-08-16,0.5609570145606995,0.570268988609314,0.5548279881477356,0.564516007900238,1021214646,0.0063280738352091,0.0609164850253022,XRP-USD,0.0,0,0.0,0,0.0,0.0,-0.4599999999999999,0.0,37576,1809263,,,56422974658.00114,0.06340648039304457,0.04860053904600323
2024-08-17,0.5645139813423157,0.5705400109291077,0.5621269941329956,0.5663189888000488,481701399,0.0031887630517783,0.0608719585913454,XRP-USD,0.0,0,0.0,0,0.0,0.0,-0.5,0.0,58167,1804869,,,56582706818.15673,0.06256509214148451,0.04910390267247216
2024-08-18,0.56632399559021,0.5787519812583923,0.5638560056686401,0.5638750195503235,633645481,-0.0043248735015555,0.0582287063454213,XRP-USD,0.0,0,0.0,0,0.0,0.0,-0.38,0.0,51796,1767392,,,56632487441.9079,0.061418344006166026,0.04976704418189375
2024-08-19,0.5638740062713623,0.6085090041160583,0.5623199939727783,0.5986059904098511,1592288724,0.0597709723355287,0.0559259921930262,XRP-USD,0.0,0,0.0,0,0.0,0.0,-0.4399999999999999,0.0,25739,1579950,,,59807557349.72646,0.0598063602342757,0.050335926372568764
2024-08-20,0.598609983921051,0.6145210266113281,0.5888490080833435,0.5944280028343201,1275196279,-0.0070039993475316,0.0559343405062296,XRP-USD,0.0,0,0.0,0,0.0,0.0,-0.4,0.0,23625,1422552,,,59425585611.27039,0.05837549653226494,0.05091701611444487
2024-08-21,0.5944269895553589,0.6053040027618408,0.586758017539978,0.6002749800682068,1185128571,0.0097882469544683,0.0315418318131824,XRP-USD,0.0,0,0.0,0,0.0,0.0,-0.48,0.0,22149,1589321,,,59993227389.15004,0.05250056588984098,0.050528713996842826
2024-08-22,0.6002770066261292,0.6038659811019897,0.5938519835472107,0.5976009964942932,943673179,-0.0044645490313886,0.030532038717229,XRP-USD,0.0,0,0.0,0,0.0,0.0,-0.2199999999999999,0.0,22483,1579913,,,59753584494.6776,0.0464325819150177,0.05035834431638344
2024-08-23,0.597599983215332,0.615634024143219,0.5943220257759094,0.6112390160560608,1254262512,0.022564769674175,0.0260586515311387,XRP-USD,0.0,0,0.0,0,0.0,0.0,-0.3199999999999999,0.0,22311,1741162,,,61138664038.439,0.03999857095216118,0.050409357298390405
2024-08-24,0.6112380027770996,0.6304439902305603,0.6056349873542786,0.6131100058555603,1116629037,0.0030563037539516,0.0260335196757357,XRP-USD,0.0,0,0.0,0,0.0,0.0,0.1200000000000001,0.0,34642,1634263,,,61254062992.51461,0.03402007644870308,0.050214425154326746
2024-08-25,0.6131100058555603,0.6137539744377136,0.596684992313385,0.6001840233802795,871698521,-0.0213080609137535,0.0208369505454208,XRP-USD,0.0,0,0.0,0,0.0,0.0,0.08,0.0,20379,1684839,,,60159729425.8382,0.02700059845654132,0.04987248521028304
2024-08-26,0.6001859903335571,0.6021869778633118,0.5804070234298706,0.5874699950218201,1118813356,-0.021411141414593,0.0209595456114702,XRP-USD,0.0,0,0.0,0,0.0,0.0,0.1,0.0,22839,1725675,,,58812397890.699455,0.02488414121619888,0.049374863107782475
2024-08-27,0.5874540209770203,0.5995519757270813,0.5579550266265869,0.5675539970397949,1420370240,-0.0344892786128111,0.0228380625194374,XRP-USD,0.0,0,0.0,0,0.0,0.0,-0.04,0.0,23200,1931875,,,56776855734.42737,0.02334534597664056,0.048850886875891834
2024-08-28,0.5675479769706726,0.5842499732971191,0.5582219958305359,0.5698500275611877,1341866722,0.0040373228694485,0.0226265200677807,XRP-USD,0.0,0,0.0,0,0.0,0.0,-0.4,0.0,25156,2004119,,,57019081739.56687,0.022658919683968957,0.04821228937144418
2024-08-29,0.5698490142822266,0.5764099955558777,0.5592859983444214,0.5620549917221069,986899081,-0.0137735215214074,0.0225874551949051,XRP-USD,0.0,0,0.0,0,0.0,0.0,-0.42,0.0,24003,1975552,,,56134493815.58094,0.02196970678780284,0.046480590827874216
2024-08-30,0.5620579719543457,0.5672929883003235,0.5481979846954346,0.5670310258865356,1103086708,0.0088143264612832,0.0226495393280098,XRP-USD,0.0,0,0.0,0,0.0,0.0,-0.3199999999999999,0.0,24827,1806551,,,56668677433.05562,0.02233222454432064,0.04475794270108462
2024-08-31,0.5670260190963745,0.5717840194702148,0.5633119940757751,0.5663130283355713,463303089,-0.0012670426854854,0.0226373922428976,XRP-USD,0.0,0,0.0,0,0.0,0.0,-0.42,0.0,31979,1627662,,,56589902156.58112,0.02266779387060612,0.042932702572575206
2024-09-01,0.5663120150566101,0.5665749907493591,0.5447999835014343,0.5479900240898132,681339684,-0.0328898963551746,0.0242845071934921,XRP-USD,0.0,0,0.0,0,0.0,0.0,-0.48,0.0,29480,1747473,,,54745687817.39511,0.02295708280541706,0.041182555349584905
2024-09-02,0.5479859709739685,0.5682830214500427,0.5454620122909546,0.5675870180130005,833537275,0.0351369907399201,0.0199705883196019,XRP-USD,0.0,0,0.0,0,0.0,0.0,-0.48,0.0,31884,1670894,,,56761374312.38262,0.022425896455781302,0.03916136374370667
2024-09-03,0.5675879716873169,0.572052001953125,0.5573909878730774,0.5573909878730774,814841749,-0.0181271265396279,0.02032593180156,XRP-USD,0.0,0,0.0,0,0.0,0.0,-0.48,0.0,27058,1657491,,,55919800450.59858,0.02197359177711228,0.03712713792336187
2024-09-04,0.5573980212211609,0.5644980072975159,0.5398920178413391,0.5581759810447693,1106776733,0.0014073441095475,0.0199903738344165,XRP-USD,0.0,0,0.0,0,0.0,0.0,-0.4599999999999999,0.0,28001,1665528,,,55853978823.32585,0.02144175867839362,0.03512840732392563
2024-09-05,0.5581769943237305,0.559436023235321,0.5413479804992676,0.5441960096359253,894618427,-0.0253647970865191,0.0206995547830576,XRP-USD,0.0,0,0.0,0,0.0,0.0,-0.42,0.0,25290,1408224,,,54397084402.3712,0.021054191186425618,0.033160845675315624
2024-09-06,0.5441949963569641,0.5470010042190552,0.5058959722518921,0.5213469862937927,1511246618,-0.0428936731526547,0.0209750200288582,XRP-USD,0.0,0,0.0,0,0.0,0.0,-0.56,0.0,24953,1732355,,,52101578399.5041,0.020392293753498842,0.03124658935770538
2024-09-07,0.5213479995727539,0.5327169895172119,0.5200350284576416,0.5250920057296753,560729553,0.0071576756089019,0.0212191149703934,XRP-USD,0.0,0,0.0,0,0.0,0.0,-0.54,0.0,35258,1638510,,,52430580030.55117,0.020641999083657138,0.02944216344611862
2024-09-08,0.5250930190086365,0.5310080051422119,0.5217859745025635,0.5292909741401672,509773155,0.0079648300260202,0.0215719232475892,XRP-USD,0.0,0,0.0,0,0.0,0.0,-0.42,0.0,36816,1715550,,,52941105640.204,0.02089119737286298,0.027655798203220613
2024-09-09,0.5293099880218506,0.5422049760818481,0.527525007724762,0.5396379828453064,829101046,0.019360186327764,0.0224966514080921,XRP-USD,0.0,0,0.0,0,0.0,0.0,-0.48,0.0,28701,1813747,,,53988763627.70508,0.021392452887598102,0.026031613887887464
2024-09-10,0.5396329760551453,0.5426139831542969,0.5339620113372803,0.5410779714584351,704956463,0.0026648805536327,0.0210293724843698,XRP-USD,0.0,0,0.0,0,0.0,0.0,-0.3399999999999999,0.0,22154,1799383,,,54111362800.362495,0.02145841642786054,0.024445403901130355
2024-09-11,0.5410770177841187,0.5410810112953186,0.5239289999008179,0.5353119969367981,894903276,-0.0107136443917622,0.020996920086994,XRP-USD,0.0,0,0.0,0,0.0,0.0,-0.26,0.0,21363,1769632,,,53527147783.98262,0.0214627964394877,0.022857339336619643
2024-09-12,0.5353059768676758,0.5809379816055298,0.5340740084648132,0.5625759959220886,1649796650,0.0496764800524912,0.0252503273072004,XRP-USD,0.0,0,0.0,0,0.0,0.0,-0.38,0.0,22802,1785153,,,56215867452.01008,0.022269038906849097,0.02257136185907501
2024-09-13,0.5625759959220886,0.5745009779930115,0.5564290285110474,0.5731490254402161,1172399876,0.0186195333879161,0.0256445479634095,XRP-USD,0.0,0,0.0,0,0.0,0.0,-0.36,0.0,26618,1804501,,,57221528978.25706,0.023083563850013162,0.02234920318844685
2024-09-14,0.5731490254402161,0.5985770225524902,0.5711680054664612,0.5961989760398865,1163728418,0.0394287015626716,0.0276261960131421,XRP-USD,0.0,0,0.0,0,0.0,0.0,0.0,0.0,23336,1836722,,,59683009523.17506,0.024109472771023162,0.022420455210356096
2024-09-15,0.5961989760398865,0.596215009689331,0.5705530047416687,0.5709750056266785,804536339,-0.0432290280500538,0.0287923795748456,XRP-USD,0.0,0,0.0,0,0.0,0.0,0.02,0.0,23401,1714478,,,57120501674.45619,0.02566207418911832,0.02254585793304291
2024-09-16,0.5709750056266785,0.5898429751396179,0.5607219934463501,0.585407018661499,1261024893,0.0249619279850224,0.0280354643535044,XRP-USD,0.0,0,0.0,0,0.0,0.0,-0.2199999999999999,0.0,22412,1955202,,,58534391461.92833,0.027069783042420404,0.022873063106137622
2024-09-17,0.5854169726371765,0.5932450294494629,0.5793399810791016,0.5845019817352295,1006340430,-0.0015471923141076,0.0274545500501367,XRP-USD,0.0,0,0.0,0,0.0,0.0,-0.3399999999999999,0.0,22724,1831995,,,58439492514.614174,0.027510627591007662,0.02316829058062246
2024-09-18,0.5845010280609131,0.5854700207710266,0.5630810260772705,0.585250973701477,1185142249,0.0012805987197971,0.0274552758604107,XRP-USD,0.0,0,0.0,0,0.0,0.0,-0.0999999999999999,0.0,24217,1852139,,,58432509325.9132,0.0278727731704079,0.023378163914303064
2024-09-19,0.5852479934692383,0.5940539836883545,0.5818989872932434,0.5873709917068481,1232042101,0.0036158632155155,0.0261841213675286,XRP-USD,0.0,0,0.0,0,0.0,0.0,-0.02,0.0,23328,1590659,,,58754199896.569244,0.0275843582412852,0.023539873064291606
2024-09-20,0.5873780250549316,0.5921419858932495,0.5769529938697815,0.5851709842681885,1225009128,-0.0037525479946558,0.0224478691392268,XRP-USD,0.0,0,0.0,0,0.0,0.0,0.08,0.0,23126,1802769,,,58513706921.353775,0.02631545615416144,0.023533528243578957
2024-09-21,0.5851699709892273,0.6099920272827148,0.5805680155754089,0.5981410145759583,952605938,0.0219224511529692,0.0227376085406952,XRP-USD,0.0,0,0.0,0,0.0,0.0,0.08,0.0,35195,1796080,,,59803508458.11093,0.025255884991599597,0.02353753138961011
2024-09-22,0.5981460213661194,0.6041049957275391,0.5795789957046509,0.5876209735870361,886494819,-0.0177443991696164,0.0238643358806756,XRP-USD,0.0,0,0.0,0,0.0,0.0,0.04,0.0,30661,1688366,,,58743624195.99143,0.02453784215770738,0.023593301554963655
2024-09-23,0.5876209735870361,0.5952360033988953,0.5815010070800781,0.5850650072097778,998093828,-0.0043591728161968,0.0237969434669244,XRP-USD,0.0,0,0.0,0,0.0,0.0,0.0,0.0,30207,1367835,,,58521278408.95489,0.023806175679010118,0.023571139567392395
2024-09-24,0.5850639939308167,0.5923969745635986,0.5819360017776489,0.591543972492218,988961520,0.0110130568078744,0.0238176495646206,XRP-USD,0.0,0,0.0,0,0.0,0.0,0.08,0.0,23928,1588884,,,59135632624.5098,0.023332881318428516,0.02374600598762052
2024-09-25,0.5915449857711792,0.5948659777641296,0.5829899907112122,0.5835409760475159,995515964,-0.013621347451801,0.0239901288922329,XRP-USD,0.0,0,0.0,0,0.0,0.0,0.1799999999999999,0.0,23119,1423518,,,58316393430.88077,0.02364133326902974,0.023912560400832925
2024-09-26,0.5835440158843994,0.5959879755973816,0.5768849849700928,0.5904210209846497,1212544781,0.0117212034515334,0.0205993270533339,XRP-USD,0.0,0,0.0,0,0.0,0.0,0.0,0.0,23347,1601651,,,58968875273.25401,0.02321367697155748,0.023940240092601893
2024-09-27,0.5904240012168884,0.597025990486145,0.5832899808883667,0.5889269709587097,1236838134,-0.0025336895223651,0.0201724816057076,XRP-USD,0.0,0,0.0,0,0.0,0.0,0.2199999999999999,0.0,23828,1448241,,,58856027819.226524,0.022475306116563877,0.02391628222090417
2024-09-28,0.5889350175857544,0.6256269812583923,0.5865489840507507,0.6148009896278381,2222346896,0.0429964335587089,0.0206981935360813,XRP-USD,0.0,0,0.0,0,0.0,0.0,0.28,0.0,23282,1561032,,,61379140154.70572,0.021855556130395262,0.023903699198505216
2024-09-29,0.614799976348877,0.6622059941291809,0.608814001083374,0.6419469714164734,2225645563,0.0432070799011385,0.0189218252544281,XRP-USD,0.0,0,0.0,0,0.0,0.0,0.26,0.0,31941,1624272,,,64145691733.02552,0.020876391268356758,0.02379927693868861
2024-09-30,0.6419450044631958,0.6524109840393066,0.6109510064125061,0.6114919781684875,2051368592,-0.0486038644829142,0.023596637235551,XRP-USD,0.0,0,0.0,0,0.0,0.0,0.2199999999999999,0.0,28464,1734597,,,61313051970.43368,0.020797692937020378,0.02389130939268688
2024-10-01,0.6114919781684875,0.6335890293121338,0.5842750072479248,0.5975300073623657,2724318278,-0.0230973326842184,0.0246054203876884,XRP-USD,0.0,0,0.0,0,0.0,0.0,0.0,0.0,27487,1777792,,,59721616798.53184,0.02159891160389128,0.023987162528123076
2024-10-02,0.5975189805030823,0.6057800054550171,0.5307019948959351,0.5398309826850891,2624852688,-0.1015484085340387,0.0369506354257908,XRP-USD,0.0,0,0.0,0,0.0,0.0,-0.16,0.0,28232,1497576,,,54048509892.26334,0.024954542367907923,0.024710856298187665
2024-10-03,0.5398190021514893,0.5435670018196106,0.5100859999656677,0.5219529867172241,2329769451,-0.0336785754709926,0.0375611951812527,XRP-USD,0.0,0,0.0,0,0.0,0.0,-0.26,0.0,28355,1492919,,,52236246053.93917,0.028327142696942198,0.025463777893381244
2024-10-04,0.5219529867172241,0.5383750200271606,0.5157279968261719,0.5343409776687622,1408313543,0.0234566500771694,0.0385139257473498,XRP-USD,0.0,0,0.0,0,0.0,0.0,-0.18,0.0,24353,1275098,,,53385868220.1788,0.03224556279552654,0.02606666873156985
2024-10-05,0.5343170166015625,0.5348529815673828,0.5268970131874084,0.5294960141181946,685609430,-0.0091085327638378,0.0376358640673725,XRP-USD,0.0,0,0.0,0,0.0,0.0,-0.02,0.0,25629,1042930,,,52945212977.22397,0.03505340816189084,0.026611728554477257
2024-10-06,0.5294970273971558,0.5367090106010437,0.5284919738769531,0.5335919857025146,595405724,0.007705837810608,0.0377801426362811,XRP-USD,0.0,0,0.0,0,0.0,0.0,0.0,0.0,35279,1080641,,,53355167237.07216,0.03768835261160938,0.027073271582801758
2024-10-07,0.5335919857025146,0.5453609824180603,0.5297880172729492,0.5299339890480042,1192453387,-0.0068790253672161,0.0377731632020564,XRP-USD,0.0,0,0.0,0,0.0,0.0,0.0,0.0,30326,1282431,,,53092999849.647606,0.0378528581668625,0.02748148902040225
2024-10-08,0.529932975769043,0.5341200232505798,0.5216370224952698,0.5308679938316345,906939733,0.0017609413256387,0.0375125013757675,XRP-USD,0.0,0,0.0,0,0.0,0.0,-0.02,0.0,28850,1106213,,,52996096311.45971,0.03784311940576546,0.02791226343050512
2024-10-09,0.5308550000190735,0.534063994884491,0.5218610167503357,0.5243319869041443,858437665,-0.0123883446498753,0.0374990512124777,XRP-USD,0.0,0,0.0,0,0.0,0.0,-0.02,0.0,26281,1138202,,,52437571312.60913,0.03764014449879104,0.02836883166515698
2024-10-10,0.524321973323822,0.5432389974594116,0.5227530002593994,0.529977023601532,1260651129,0.0107086074121985,0.0374597862468891,XRP-USD,0.0,0,0.0,0,0.0,0.0,-0.2199999999999999,0.0,33438,1375439,,,52956872734.86229,0.03760492893469436,0.02882358213726964
2024-10-11,0.5299800038337708,0.5416160225868225,0.5295869708061218,0.5382969975471497,924108714,0.0155767939829614,0.0379617989695608,XRP-USD,0.0,0,0.0,0,0.0,0.0,-0.36,0.0,27238,1497098,,,53835213074.976,0.03764126020135029,0.029358931119180188
2024-10-12,0.5382949709892273,0.542464017868042,0.5357319712638855,0.5395600199699402,569251511,0.0023435817188121,0.0353564028493427,XRP-USD,0.0,0,0.0,0,0.0,0.0,-0.02,0.0,27865,1217210,,,53950699224.56729,0.03715790813080756,0.029945682651458184
2024-10-13,0.539559006690979,0.539563000202179,0.525704026222229,0.5315399765968323,615540884,-0.0149756199899984,0.0319633576679032,XRP-USD,0.0,0,0.0,0,0.0,0.0,0.0,0.0,22782,1450292,,,53113556132.487206,0.0360480793892347,0.030365034884513097
2024-10-14,0.5315409898757935,0.5511299967765808,0.5284069776535034,0.5480210185050964,1075594127,0.0305352315257829,0.0322703857170359,XRP-USD,0.0,0,0.0,0,0.0,0.0,-0.04,0.0,24270,1585181,,,54778752958.95796,0.03500234629014634,0.03074712805889311
2024-10-15,0.5480210185050964,0.5545179843902588,0.5326679944992065,0.5414519906044006,1286412941,-0.0120592386486173,0.0320023477074293,XRP-USD,0.0,0,0.0,0,0.0,0.0,0.3,0.0,27475,1557253,,,54067583211.44648,0.03391085858225438,0.031120100978916057
2024-10-16,0.5414530038833618,0.5531389713287354,0.5379649996757507,0.5480449795722961,1085371530,0.0121029605909922,0.0171549266699063,XRP-USD,0.0,0,0.0,0,0.0,0.0,0.4599999999999999,0.0,23967,1512646,,,54864840973.45152,0.029749484122323484,0.030817249938247224
2024-10-17,0.5480480194091797,0.5641160011291504,0.5428529977798462,0.5436580181121826,1406187768,-0.0080369570903305,0.0142878507222925,XRP-USD,0.0,0,0.0,0,0.0,0.0,0.4199999999999999,0.0,28616,1690543,,,54369128676.63564,0.025535773696913438,0.030376237294159027
2024-10-18,0.5436599850654602,0.5523849725723267,0.5404959917068481,0.5465409755706787,1042238395,0.0052888769764508,0.013049551273114,XRP-USD,0.0,0,0.0,0,0.0,0.0,0.4599999999999999,0.0,24680,1658481,,,54615764313.305504,0.0217530124179556,0.030033065667785398
2024-10-19,0.5465409755706787,0.5495190024375916,0.5410929918289185,0.5442569851875305,603883719,-0.0041877484249535,0.0128025025457496,XRP-USD,0.0,0,0.0,0,0.0,0.0,0.4399999999999999,0.0,39466,1848111,,,54410611556.76537,0.017859435783698342,0.029698066619605487
2024-10-20,0.5442420244216919,0.5480319857597351,0.537676990032196,0.547652006149292,692297811,0.0062185254067179,0.0127572820374292,XRP-USD,0.0,0,0.0,0,0.0,0.0,0.4599999999999999,0.0,28708,1885879,,,54724491552.60545,0.014010422649698321,0.029337116096939484
2024-10-21,0.547639012336731,0.5594419836997986,0.541566014289856,0.5448629856109619,1319986738,-0.0051056994514186,0.0126723834422617,XRP-USD,0.0,0,0.0,0,0.0,0.0,0.4399999999999999,0.0,30655,1763283,,,54471009239.94004,0.0131139140041694,0.02905305056002283
2024-10-22,0.5448629856109619,0.5488110184669495,0.5302609801292419,0.5333790183067322,1120439497,-0.0213020852912968,0.0141200330381485,XRP-USD,0.0,0,0.0,0,0.0,0.0,0.3999999999999999,0.0,28018,1336173,,,53367655101.47185,0.013080350467340601,0.028622295823777257
2024-10-23,0.533378005027771,0.5335379838943481,0.5128089785575867,0.525210976600647,982705775,-0.0154322331571839,0.0143525720751123,XRP-USD,0.0,0,0.0,0,0.0,0.0,0.4199999999999999,0.0,28053,1127081,,,52557670115.90527,0.01334095462774026,0.028156257264114706
2024-10-24,0.5256209969520569,0.5332859754562378,0.5244929790496826,0.5317609906196594,895039741,0.0123940805798783,0.0144549298581621,XRP-USD,0.0,0,0.0,0,0.0,0.0,0.3799999999999999,0.0,29130,1260754,,,53131463730.05804,0.013671440090222762,0.027133725192858858
2024-10-25,0.5317609906196594,0.5317639708518982,0.4935849905014038,0.5019189715385437,1357198783,-0.057755427253304,0.0204947026420283,XRP-USD,0.0,0,0.0,0,0.0,0.0,0.4399999999999999,0.0,34091,1417658,,,49903558468.78836,0.01521892421114258,0.026357975531985024
2024-10-26,0.5019170045852661,0.5144050121307373,0.499684989452362,0.5127609968185425,703691734,0.0213711480818715,0.0216190776810834,XRP-USD,0.0,0,0.0,0,0.0,0.0,0.0,0.0,31129,1216113,,,51230555477.78149,0.01700826305890692,0.02559002789260928
2024-10-27,0.5127599835395813,0.5171440243721008,0.5106250047683716,0.516381025314331,509849012,0.0070350706670089,0.0215313811225119,XRP-USD,0.0,0,0.0,0,0.0,0.0,0.48,0.0,33333,1634918,,,51658649199.3993,0.0184905326757796,0.02485800594057016
2024-10-28,0.516381025314331,0.5208380222320557,0.511381983757019,0.5192270278930664,837346671,0.0054963067051931,0.0195651516879045,XRP-USD,0.0,0,0.0,0,0.0,0.0,0.4399999999999999,0.0,31670,1631340,,,51910574591.37094,0.01953304859833804,0.024030051806553043
2024-10-29,0.5192260146141052,0.5303099751472473,0.5184659957885742,0.5279160141944885,1076280681,0.0165959861888486,0.0201315457285384,XRP-USD,0.0,0,0.0,0,0.0,0.0,0.4399999999999999,0.0,41413,1478139,,,52768885709.66772,0.020668371772413298,0.023228160103211316
2024-10-30,0.5279189944267273,0.5280550122261047,0.5195879936218262,0.5229740142822266,900858937,-0.0094054300829533,0.0198063223326632,XRP-USD,0.0,0,0.0,0,0.0,0.0,0.54,0.0,38813,1485327,,,52336975525.85342,0.020530695710540278,0.02242333378307021
2024-10-31,0.5229740142822266,0.5233500003814697,0.5038999915122986,0.5092369914054871,1015745412,-0.0266182667787212,0.0207452601953889,XRP-USD,0.0,0,0.0,0,0.0,0.0,0.54,0.0,33480,1538805,,,50954259212.90291,0.02035593221340138,0.02166179782774799
2024-11-01,0.5092369914054871,0.5233510136604309,0.5046079754829407,0.5128679871559143,1284409586,0.0071049669087447,0.0208178874195243,XRP-USD,0.0,0,0.0,0,0.0,0.0,0.5,0.0,31790,1420199,,,51272541926.70783,0.02021323347280386,0.02090534788104959
2024-11-02,0.5128679871559143,0.515749990940094,0.5079740285873413,0.509850025177002,527041359,-0.00590186288429,0.0208206828587345,XRP-USD,0.0,0,0.0,0,0.0,0.0,0.4399999999999999,0.0,40875,1192214,,,50924818392.39987,0.020464339706969863,0.020126206239648396
2024-11-03,0.5098519921302795,0.510748028755188,0.4936519861221313,0.5029309988021851,940842891,-0.0136636328213436,0.02069896656017,XRP-USD,0.0,0,0.0,0,0.0,0.0,0.48,0.0,36482,1372622,,,50260802377.41645,0.02057782387329618,0.019459959135595093
2024-11-04,0.5029309988021851,0.5138319730758667,0.4967879951000213,0.5032259821891785,1025432948,0.0005863566044224,0.0207754388276257,XRP-USD,0.0,0,0.0,0,0.0,0.0,0.3999999999999999,0.0,51748,1526933,,,50265608563.2947,0.02077164717228868,0.01895141737012793
2024-11-05,0.5032259821891785,0.518310010433197,0.5020220279693604,0.5140290260314941,1027346174,0.0212403967646317,0.0214158023252623,XRP-USD,0.0,0,0.0,0,0.0,0.0,0.3999999999999999,0.0,29462,1513160,,,51388613609.70988,0.02090575559826336,0.018458027215956404
2024-11-06,0.5140290260314941,0.5465790033340454,0.5140290260314941,0.5424270033836365,2211008426,0.0537737856471451,0.0257785997646934,XRP-USD,0.0,0,0.0,0,0.0,0.0,0.3999999999999999,0.0,32842,1654793,,,54321736600.58845,0.02189789806729718,0.018175129582195682
2024-11-07,0.5424270033836365,0.5738679766654968,0.5384250283241272,0.5547320246696472,1889112043,0.0224316383230712,0.0262166854946426,XRP-USD,0.0,0,0.0,0,0.0,0.0,0.54,0.0,30671,1464850,,,55456066422.886406,0.0229770985944788,0.018587027710592785
2024-11-08,0.5547320246696472,0.5596889853477478,0.5430240035057068,0.554078996181488,1498480370,-0.0011778897420413,0.0196709981259649,XRP-USD,0.0,0,0.0,0,0.0,0.0,0.5,0.0,32115,1144804,,,55364608672.35775,0.022771504907637782,0.01883171622894153
2024-11-09,0.554078996181488,0.5613809823989868,0.5451040267944336,0.559486985206604,1238578019,0.0097129970424502,0.0192611509393393,XRP-USD,0.0,0,0.0,0,0.0,0.0,0.5,0.0,28639,1155703,,,55971697708.86993,0.0224686473299805,0.01911406166831541
2024-11-10,0.559486985206604,0.6160420179367065,0.5562000274658203,0.589381992816925,4198897125,0.0520542521082931,0.0228328449439312,XRP-USD,0.0,0,0.0,0,0.0,0.0,0.56,0.0,52101,1545943,,,58880001003.79199,0.02275205585371428,0.019569986322778208
2024-11-11,0.589381992816925,0.6307060122489929,0.5720239877700806,0.6204670071601868,4066959667,0.0513979137353371,0.0253761925520918,XRP-USD,0.0,0,0.0,0,0.0,0.0,0.52,0.0,40362,1541368,,,61969880903.566826,0.02267157441119396,0.020143573164353782
2024-11-12,0.6204670071601868,0.7353529930114746,0.599107027053833,0.7076990008354187,11156505329,0.1315464313796991,0.0406971862343782,XRP-USD,0.0,0,0.0,0,0.0,0.0,0.6000000000000001,0.0,47654,2143443,,,71042156135.4093,0.02556767455914108,0.02141742783672271
2024-11-13,0.7076359987258911,0.7435349822044373,0.6425909996032715,0.6902880072593689,7773620799,-0.0249099509045247,0.0417827910792977,XRP-USD,0.0,0,0.0,0,0.0,0.0,0.6799999999999999,0.0,39484,2036546,,,69070128365.23306,0.029990033149807638,0.022674825929502224
2024-11-14,0.6902880072593689,0.8452110290527344,0.6844170093536377,0.7730069756507874,9458526339,0.1131791603459336,0.046290844769947,XRP-USD,0.0,0,0.0,0,0.0,0.0,0.76,0.0,45307,2033715,,,77189655396.13184,0.03539597191592918,0.024126565597449256
2024-11-15,0.7730079889297485,0.9248210191726683,0.7725790143013,0.8920909762382507,11738281623,0.1432800460032357,0.0546961283175493,XRP-USD,0.0,0,0.0,0,0.0,0.0,0.6000000000000001,0.0,54854,2154047,,,89171300226.08087,0.0417686285906528,0.02595571098196686
2024-11-16,0.8920919895172119,1.2567440271377563,0.8799239993095398,1.119089961051941,22568823580,0.2267029805510449,0.0723200061038133,XRP-USD,0.0,0,0.0,0,0.0,0.0,0.72,0.0,92608,2467742,,,112641524607.96455,0.0511573913009971,0.028311406593866172
2024-11-17,1.119088053703308,1.1545950174331665,1.0054630041122437,1.0543349981307983,12066098151,-0.0596055855876231,0.076644730308236,XRP-USD,0.0,0,0.0,0,0.0,0.0,0.8,0.0,56194,2198153,,,105912109632.44344,0.058346900115768666,0.030812572622373104
2024-11-18,1.0543440580368042,1.1833419799804688,1.0543140172958374,1.1179360151290894,9978319005,0.0585739068878765,0.0751541462152967,XRP-USD,0.0,0,0.0,0,0.0,0.0,0.6599999999999999,0.0,59976,2308168,,,111827605572.96094,0.06502117114296846,0.03324997103568151
2024-11-19,1.1178940534591677,1.1457940340042114,1.073827028274536,1.1019469499588013,5884163705,-0.0144055717582349,0.0770395301611008,XRP-USD,0.0,0,0.0,0,0.0,0.0,0.8,0.0,52386,1961339,,,110179463761.96184,0.07117090822119923,0.03586244278446316
2024-11-20,1.101943016052246,1.146636962890625,1.0637480020523071,1.102301001548767,6409028714,0.0003212447971368,0.0783893051669039,XRP-USD,0.0,0,0.0,0,0.0,0.0,0.6599999999999999,0.0,60093,1956810,,,110623357561.35684,0.07590954359107013,0.038510522758934324
2024-11-21,1.1023050546646118,1.25177001953125,1.0820939540863037,1.2503520250320437,10451562188,0.1260253171065676,0.0803846875496044,XRP-USD,0.0,0,0.0,0,0.0,0.0,0.6399999999999999,0.0,53414,2280079,,,122743745427.36348,0.07752247988022835,0.04126408481424983
2024-11-22,1.250239014625549,1.4969069957733154,1.247560977935791,1.469019055366516,19984456169,0.1611697370738626,0.0828554330113765,XRP-USD,0.0,0,0.0,0,0.0,0.0,0.8799999999999999,0.0,87045,2447628,,,146245937559.0451,0.07876462042085645,0.044087274487703804
2024-11-23,1.4690320491790771,1.6216150522232056,1.4275000095367432,1.469007968902588,15468388183,-7.546876755575549e-06,0.0834350033135529,XRP-USD,0.0,0,0.0,0,0.0,0.0,0.8600000000000001,0.0,70196,2035738,,,147187319393.7695,0.0804207918405077,0.046933507028341474
2024-11-24,1.468999981880188,1.5091010332107544,1.3082000017166138,1.4324109554290771,11863424377,-0.025228314473681,0.087114389159813,XRP-USD,0.0,0,0.0,0,0.0,0.0,0.6000000000000001,0.0,61777,1828447,,,143706748538.00568,0.08243576364025014,0.04994685731475413
2024-11-25,1.4324129819869995,1.5359230041503906,1.3643269538879397,1.415423035621643,11517571350,-0.0119305558981204,0.0894014608283526,XRP-USD,0.0,0,0.0,0,0.0,0.0,0.6399999999999999,0.0,58752,2152268,,,141841328763.35086,0.08463819477253988,0.05306969796330789
2024-11-26,1.4153670072555542,1.4565420150756836,1.2948050498962402,1.4013229608535769,9378581138,-0.01001168906319,0.0885552011252933,XRP-USD,0.0,0,0.0,0,0.0,0.0,0.5800000000000001,0.0,60555,2702646,,,139879569477.9951,0.08627229748767766,0.056150596249565504
2024-11-27,1.401311993598938,1.5183700323104858,1.3573460578918457,1.4728120565414429,7766481602,0.0497567745849728,0.0859858407578816,XRP-USD,0.0,0,0.0,0,0.0,0.0,0.5,0.0,52956,2493535,,,147290539730.0324,0.08689837903697868,0.059085597996502745
2024-11-28,1.4728469848632812,1.5423699617385864,1.4341830015182495,1.5413429737091064,5820667101,0.0454805602120067,0.0842966313598403,XRP-USD,0.0,0,0.0,0,0.0,0.0,0.54,0.0,50009,2254437,,,153014113744.91373,0.08707070464623616,0.06174550852355488
2024-11-29,1.54133403301239,1.8115309476852417,1.5279079675674438,1.7967309951782229,14734827154,0.1533148027267289,0.0851951321830203,XRP-USD,0.0,0,0.0,0,0.0,0.0,0.56,0.0,70425,2547661,,,180049098883.6924,0.08668685325087762,0.06442634700939022
2024-11-30,1.7967150211334229,1.954906940460205,1.7705539464950562,1.94412100315094,16537204319,0.0788410485421589,0.0692854978215833,XRP-USD,0.0,0,0.0,0,0.0,0.0,0.6799999999999999,0.0,89962,3055083,,,193681073695.1868,0.08266366064952377,0.06668155154100924
2024-12-01,1.9441059827804563,2.339641094207764,1.8536369800567627,2.320223093032837,18321198113,0.1768533933247304,0.0720471798457135,XRP-USD,0.0,0,0.0,0,0.0,0.0,0.6200000000000001,0.0,108228,3379022,,,225367259230.6648,0.0793620563936078,0.06908091649129898
2024-12-02,2.320741891860962,2.8496809005737305,2.243892908096313,2.7138049602508545,51723383809,0.1566883526708819,0.0768903537951735,XRP-USD,0.0,0,0.0,0,0.0,0.0,0.6000000000000001,0.0,173593,4208149,,,272628803392.45743,0.07754295900106618,0.07153807598453726
2024-12-03,2.7139201164245605,2.864886999130249,2.3610100746154785,2.525527000427246,43498034453,-0.0719019405256838,0.0826802951432279,XRP-USD,0.0,0,0.0,0,0.0,0.0,0.52,0.0,153035,3389553,,,254017255510.1596,0.07721969175774371,0.074142807920498
2024-12-04,2.525563955307007,2.6703460216522217,2.2956318855285645,2.354444026947021,22033216003,-0.0701451363694225,0.0884842153251882,XRP-USD,0.0,0,0.0,0,0.0,0.0,0.56,0.0,128563,2613714,,,233841856323.6353,0.07787750838617728,0.0763149456064439
2024-12-05,2.354448080062866,2.484998941421509,2.188863039016724,2.295206069946289,21253973296,-0.0254819873130343,0.0882897064531418,XRP-USD,0.0,0,0.0,0,0.0,0.0,0.6799999999999999,0.0,103604,2439403,,,225288721821.58484,0.08167835011248899,0.07842889630525501
2024-12-06,2.2509119510650635,2.4604899883270264,2.239510059356689,2.424736976623535,13380810341,0.054900424951033,0.0817071502621728,XRP-USD,0.0,0,0.0,0,0.0,0.0,0.4399999999999999,0.0,84495,1896328,,,241532534606.6248,0.08361034419578084,0.08003872837308344
2024-12-07,2.424743890762329,2.617264032363892,2.396322011947632,2.616624116897583,12359080774,0.07616192667689,0.0816757340447644,XRP-USD,0.0,0,0.0,0,0.0,0.0,0.5,0.0,74722,2290172,,,258939455471.4145,0.08456742024569901,0.08126507408795686
2024-12-08,2.6165449619293213,2.640875101089477,2.4924449920654297,2.6083478927612305,10558694953,-0.0031679523039282,0.0804991621438731,XRP-USD,0.0,0,0.0,0,0.0,0.0,0.5800000000000001,0.0,78043,1845144,,,260651526635.07367,0.08413119364582806,0.08163685390795959
2024-12-09,2.608304977416992,2.608304977416992,2.103071928024292,2.218951940536499,19372805327,-0.1616820440788143,0.096659802934394,XRP-USD,0.0,0,0.0,0,0.0,0.0,0.56,0.0,74242,2374684,,,222376267175.83127,0.08576631116766922,0.08254662993642131
2024-12-10,2.219235897064209,2.411073923110962,1.912253975868225,2.3691599369049072,26630797341,0.0655004497571553,0.0962341709682983,XRP-USD,0.0,0,0.0,0,0.0,0.0,0.56,0.0,73156,2209669,,,237105963633.374,0.0873552040707005,0.08350481287973956
2024-12-11,2.3693089485168457,2.465883016586304,2.2391629219055176,2.4000699520111084,14234882608,0.0129624482902799,0.0963762613233555,XRP-USD,0.0,0,0.0,0,0.0,0.0,0.48,0.0,90376,2288769,,,241609423500.56592,0.09028902628293706,0.0843837552052966
2024-12-12,2.400054931640625,2.481632947921753,2.3169939517974854,2.3427700996398926,10907030447,-0.0241638511085031,0.0975769452923165,XRP-USD,0.0,0,0.0,0,0.0,0.0,0.6599999999999999,0.0,74691,2361732,,,234316370353.33063,0.09346926853244747,0.08525592066554262
2024-12-13,2.342726945877075,2.4723498821258545,2.2943921089172363,2.421319007873535,9425468612,0.0329784037696558,0.090944477622375,XRP-USD,0.0,0,0.0,0,0.0,0.0,0.52,0.0,69143,2360303,,,242439132393.96152,0.09555833162814786,0.08573591112339583
2024-12-14,2.421319007873535,2.520582914352417,2.357938051223755,2.398705005645752,7815885534,-0.0093834255148332,0.08969950480405,XRP-USD,0.0,0,0.0,0,0.0,0.0,0.6599999999999999,0.0,98317,2527518,,,239931761294.9084,0.09416627200207905,0.08604700529579007
2024-12-15,2.398703098297119,2.4654200077056885,2.36962890625,2.446949958801269,6045150094,0.0199133234847571,0.076795936057651,XRP-USD,0.0,0,0.0,0,0.0,0.0,0.6000000000000001,0.0,78972,2471404,,,244396695713.17435,0.09027862501994961,0.0857452295114309
2024-12-16,2.4469990730285645,2.568895101547241,2.3448920249938965,2.4886579513549805,12061755485,0.0169012555862249,0.0632878862861708,XRP-USD,0.0,0,0.0,0,0.0,0.0,0.6599999999999999,0.0,82495,2459947,,,248819512521.2708,0.08366095001251266,0.08466220665353807
2024-12-17,2.488598108291626,2.717674970626831,2.445717096328736,2.565190076828003,17019845093,0.0302889900859363,0.0609764188660676,XRP-USD,0.0,0,0.0,0,0.0,0.0,0.74,0.0,97500,2618705,,,255347617775.2357,0.07634084472726288,0.08337015929161602
2024-12-18,2.5652310848236084,2.584602117538452,2.2874019145965576,2.3033180236816406,19855585018,-0.1076818775516463,0.065040562497119,XRP-USD,0.0,0,0.0,0,0.0,0.0,0.6200000000000001,0.0,76710,2533703,,,231004029819.3469,0.07116006170221167,0.08230131208124447
2024-12-19,2.3033039569854736,2.4264090061187744,2.169593095779419,2.248891115188598,23020304511,-0.0239134453140707,0.0649975365438848,XRP-USD,0.0,0,0.0,0,0.0,0.0,0.5,0.0,95682,2229093,,,225542145307.12195,0.06621966805017865,0.08134729825333553
2024-12-20,2.2488820552825928,2.346127986907959,1.9695470333099363,2.276885986328125,26858734292,0.0123714569095145,0.0631279449466964,XRP-USD,0.0,0,0.0,0,0.0,0.0,0.48,0.0,78359,2491058,,,227446383977.8968,0.06348606982798773,0.08038508523455626
2024-12-21,2.276900053024292,2.381589889526367,2.203752994537353,2.238111972808838,14987697762,-0.0171760727763335,0.058730139537714,XRP-USD,0.0,0,0.0,0,0.0,0.0,0.4599999999999999,0.0,56865,2155546,,,223258184500.9328,0.06257452047829636,0.07918213102340597
2024-12-22,2.2377939224243164,2.2909209728240967,2.167088031768799,2.199331998825073,11275662705,-0.0174789638115808,0.0587048570175258,XRP-USD,0.0,0,0.0,0,0.0,0.0,0.4599999999999999,0.0,58636,1963069,,,220152372221.15027,0.062120208108588,0.07870119280503972
2024-12-23,2.19943904876709,2.2684519290924072,2.135262012481689,2.2572619915008545,10144129668,0.0259988932698599,0.0405664720861255,XRP-USD,0.0,0,0.0,0,0.0,0.0,0.3999999999999999,0.0,55359,1866472,,,225586731438.1829,0.0572253900263893,0.07727025154324027
2024-12-24,2.2572829723358154,2.346191883087158,2.2144899368286133,2.3246240615844727,5976090472,0.0294057613938627,0.0371720513676482,XRP-USD,0.0,0,0.0,0,0.0,0.0,0.4599999999999999,0.0,63623,1628561,,,232444781845.818,0.051660292991141984,0.07546487416017093
2024-12-25,2.324634075164795,2.3278110027313232,2.263763904571533,2.2959699630737305,3967858677,-0.0124029359364969,0.0370384236287713,XRP-USD,0.0,0,0.0,0,0.0,0.0,0.4599999999999999,0.0,73359,1762506,,,229509724997.7386,0.04644238872755696,0.07339024363678653
2024-12-26,2.2958950996398926,2.311979055404663,2.134114980697632,2.154339075088501,5466927247,-0.0636714132656348,0.0401366747308277,XRP-USD,0.0,0,0.0,0,0.0,0.0,0.5800000000000001,0.0,54788,1714483,,,215337620354.58707,0.0427236957661797,0.0711926281552247
2024-12-27,2.154330015182495,2.231316089630127,2.1235098838806152,2.1416499614715576,5426840159,-0.0059074408294992,0.0385465775987253,XRP-USD,0.0,0,0.0,0,0.0,0.0,0.48,0.0,54465,1790531,,,213881149998.99744,0.0386920398824196,0.06893157684366032
2024-12-28,2.141666889190674,2.1994919776916504,2.1350059509277344,2.180824041366577,2759395789,0.0181262640119779,0.0392082270046232,XRP-USD,0.0,0,0.0,0,0.0,0.0,0.4399999999999999,0.0,64940,2003325,,,218187128404.06512,0.03842039086611914,0.0669998076046808
2024-12-29,2.180833101272583,2.192812919616699,2.071950912475586,2.093179941177368,3053146362,-0.0410183933841128,0.0393960008987398,XRP-USD,0.0,0,0.0,0,0.0,0.0,0.4599999999999999,0.0,85813,2159751,,,208942865734.81985,0.03886518077233746,0.06507800155258876
2024-12-30,2.093189001083374,2.143188953399658,2.0002310276031494,2.0575709342956543,6671570513,-0.017158283680845,0.0385732742898227,XRP-USD,0.0,0,0.0,0,0.0,0.0,0.3,0.0,65007,2188464,,,205421655232.7756,0.039172150904547745,0.06317227937740465
