Date,Open,High,Low,Close,Volume,Log_Return,Volatility,Asset,News_Sentiment,News_Volume,Social_Sentiment,Social_Volume,Attention_Index,Sentiment_Disagreement,Market_FearGreed,FinBERT_Polarity,Active_Addresses,Tx_Count,Transfer_Volume_USD,Hash_Rate,Network_Cap_USD,RV_Week,RV_Month
2020-01-15,0.0024679999332875,0.0025410000234842,0.0023630000650882,0.0023690001107752,128940321,-0.0417501578593767,0.040932689485046,DOGE-USD,0.0,0,0.0,0,0.0,0.0,0.08,0.0,49980,34931,,,287342128.5326817,0.040932689485046,0.040932689485046
2020-01-16,0.002371999900788,0.002424000063911,0.002292999997735,0.0023449999280273,98124199,-0.0101826007306834,0.0408625897146038,DOGE-USD,0.0,0,0.0,0,0.0,0.0,0.1,0.0,49025,34369,,,285734803.94887275,0.0408976395998249,0.0408976395998249
2020-01-17,0.0023459999356418,0.0025160000659525,0.0023099998943507,0.0024900001008063,117752841,0.0599973797547972,0.0403211435664026,DOGE-USD,0.0,0,0.0,0,0.0,0.0,0.08,0.0,50168,36249,,,301381746.0662566,0.040705474255350794,0.040705474255350794
2020-01-18,0.0024900001008063,0.0025380000006407,0.0024520000442862,0.002506999997422,108133943,0.0068040671867795,0.0391789816809951,DOGE-USD,0.0,0,0.0,0,0.0,0.0,0.02,0.0,45811,30955,,,315077017.3359209,0.04032385111176187,0.04032385111176187
2020-01-19,0.0025140000507235,0.0025700000114738,0.0023590000346302,0.0024049999192357,108085147,-0.041536948171978,0.0358786390253536,DOGE-USD,0.0,0,0.0,0,0.0,0.0,0.06,0.0,46257,30677,,,288784614.17436004,0.03943480869448022,0.03943480869448022
2020-01-20,0.0024049999192357,0.0024230000562965,0.0023590000346302,0.002373999916017,92022277,-0.0129736091645564,0.0356085949247476,DOGE-USD,0.0,0,0.0,0,0.0,0.0,-0.04,0.0,45728,32264,,,290847830.2635746,0.03836998978242054,0.03879710639952478
2020-01-21,0.002373999916017,0.0024029999040067,0.0023350000847131,0.002375999931246,84321565,0.0008421117522064,0.0355081436838775,DOGE-USD,0.0,0,0.0,0,0.0,0.0,-0.02,0.0,47155,32745,,,295511221.4409985,0.03729910057627528,0.03832725458300374
2020-01-22,0.002375999931246,0.0023990001063793,0.0023199999704957,0.0023229999933391,82852580,-0.02255892164261,0.0321241858185854,DOGE-USD,0.0,0,0.0,0,0.0,0.0,0.04,0.0,46709,31117,,,287412961.15791994,0.03565970902671184,0.03755187098745145
2020-01-23,0.0023229999933391,0.0023580000270158,0.0022380000445991,0.0022680000402033,91866620,-0.0239610473290943,0.0325045267108746,DOGE-USD,0.0,0,0.0,0,0.0,0.0,-0.02,0.0,47551,32645,,,272369253.5356978,0.03432481803268774,0.03699105495672069
2020-01-24,0.0022680000402033,0.002292999997735,0.0022110000718384,0.0022760001011192,86865882,0.0035211571007468,0.0301063678142589,DOGE-USD,0.0,0,0.0,0,0.0,0.0,-0.1999999999999999,0.0,55166,33453,,,273096136.29794806,0.0331703637904688,0.03630258624247451
2020-01-25,0.0022760001011192,0.0022760001011192,0.0022350000217556,0.0022569999564439,82421399,-0.0083830821554162,0.029833698153158,DOGE-USD,0.0,0,0.0,0,0.0,0.0,-0.18,0.0,42913,28017,,,274290896.7012477,0.03201538443615089,0.0357145055070821
2020-01-26,0.0022579999640583,0.0023070001043379,0.0022400000598281,0.0023050000891089,73458474,0.0210442365704156,0.0293101045241925,DOGE-USD,0.0,0,0.0,0,0.0,0.0,-0.16,0.0,39979,26484,,,277937022.0694842,0.030775776604213878,0.035180805425174634
2020-01-27,0.0023040000814944,0.0024129999801516,0.00228299992159,0.0023680001031607,89023414,0.0269650454786705,0.0302233352779431,DOGE-USD,0.0,0,0.0,0,0.0,0.0,0.0,0.0,48269,31003,,,290367498.0388188,0.03039560649608542,0.03479946156769528
2020-01-28,0.0023650000803172,0.0024500000290572,0.0023630000650882,0.0024500000290572,91528771,0.0340422758304838,0.0289255328309455,DOGE-USD,0.0,0,0.0,0,0.0,0.0,0.08,0.0,119545,32485,,,299683864.0469005,0.0296798077200996,0.034379895229356014
2020-01-29,0.0024510000366717,0.0024709999561309,0.0023900000378489,0.0023900000378489,80676219,-0.0247946546369437,0.0273830112388498,DOGE-USD,0.0,0,0.0,0,0.0,0.0,0.1399999999999999,0.0,82791,31030,,,291594776.97874045,0.029135136405017782,0.033913436296655594
2020-01-30,0.0023910000454634,0.0024459999985992,0.0023709998931735,0.0024399999529123,83967914,0.0207046382270855,0.027687391546191,DOGE-USD,0.0,0,0.0,0,0.0,0.0,0.1399999999999999,0.0,50485,30172,,,299082434.8602395,0.028705875083624377,0.03352430849975156
2020-01-31,0.0024399999529123,0.0024580000899732,0.0023690001107752,0.0023940000683069,76519295,-0.0190323843385549,0.0227536477453836,DOGE-USD,0.0,0,0.0,0,0.0,0.0,0.1,0.0,50493,30432,,,289948763.5016959,0.027394583727862597,0.032890740220082856
2020-02-01,0.0023910000454634,0.0024309998843818,0.002381999976933,0.002422000048682,78730830,0.011628029562526,0.0229461221238544,DOGE-USD,0.0,0,0.0,0,0.0,0.0,0.1399999999999999,0.0,56366,32997,,,294150682.09176207,0.02593914109704486,0.03233826143695905
2020-02-02,0.0024210000410676,0.0025059999898076,0.0023950000759214,0.0024679999332875,91552515,0.0188144137812884,0.0205888440390942,DOGE-USD,0.0,0,0.0,0,0.0,0.0,0.1399999999999999,0.0,72746,36475,,,303849049.2157429,0.0242718033386746,0.03171987104759775
2020-02-03,0.0024659999180585,0.002517000073567,0.0024270000867545,0.0024399999529123,78856631,-0.0114100590052596,0.0205063423122983,DOGE-USD,0.0,0,0.0,0,0.0,0.0,0.1799999999999999,0.0,45152,28024,,,296987543.8619779,0.022896469553364298,0.031159194610832774
2020-02-04,0.0024379999376833,0.0025029999669641,0.0024019998963922,0.0025029999669641,89790002,0.0254919792442404,0.0214400747006694,DOGE-USD,0.0,0,0.0,0,0.0,0.0,0.1200000000000001,0.0,51403,29656,,,306710069.7760751,0.02164700618425998,0.030696379377015474
2020-02-05,0.0025029999669641,0.0026300000026822,0.0024920001160353,0.0025820001028478,105741619,0.0310743330059403,0.0211734126913674,DOGE-USD,0.0,0,0.0,0,0.0,0.0,0.06,0.0,45557,26689,,,315698820.01860744,0.02133095917345674,0.030263517254940562
2020-02-06,0.0025830001104623,0.0026769998949021,0.0025740000419318,0.0026529999449849,108711614,0.0271267221616019,0.0196741041407048,DOGE-USD,0.0,0,0.0,0,0.0,0.0,0.2199999999999999,0.0,44042,27148,,,327881048.86957824,0.020676555576826818,0.029297217921106865
2020-02-07,0.0026539999525994,0.002769999904558,0.0026469998992979,0.0027689998969435,130273878,0.0427951525522324,0.0212332655602395,DOGE-USD,0.0,0,0.0,0,0.0,0.0,0.1200000000000001,0.0,57544,30879,,,344769438.5195237,0.02080543988105588,0.028404975914090306
2020-02-08,0.0027670001145452,0.0032089999876916,0.0027220000047236,0.0031590000726282,203803814,0.1317693378399494,0.0370294067080878,DOGE-USD,0.0,0,0.0,0,0.0,0.0,0.1200000000000001,0.0,65963,29829,,,390017441.7149751,0.02411005276021378,0.02825535151143964
2020-02-09,0.0031560000497847,0.003531000111252,0.0031520000193268,0.0032319999299943,218861527,0.022845574187833,0.037021416370119,DOGE-USD,0.0,0,0.0,0,0.0,0.0,0.1200000000000001,0.0,48534,26479,,,393960303.1277291,0.027226321094103702,0.02815728036094527
2020-02-10,0.0032339999452233,0.003303000004962,0.0029039999935775,0.0029859999194741,195582003,-0.0791664468494929,0.0461420895615554,DOGE-USD,0.0,0,0.0,0,0.0,0.0,0.1399999999999999,0.0,65299,24152,,,368523943.7240586,0.032220056468141293,0.02862380083986353
2020-02-11,0.0030110001098364,0.003084999974817,0.0028639999218285,0.0030410001054406,169747135,0.0182517712190446,0.0458741875061181,DOGE-USD,0.0,0,0.0,0,0.0,0.0,0.04,0.0,89414,25123,,,373009619.0475599,0.03746007314122396,0.029090418684471278
2020-02-12,0.0030410001054406,0.0031729999464005,0.0030129998922348,0.0030930000357329,181406960,0.016955061887554,0.0443908051746996,DOGE-USD,0.0,0,0.0,0,0.0,0.0,0.2199999999999999,0.0,87382,25926,,,377982310.14538616,0.04209158106411598,0.029494176024963195
2020-02-13,0.0030640000477433,0.003216000040993,0.0029730000533163,0.0030259999912232,168543942,-0.0218998927900819,0.04566406891912,DOGE-USD,0.0,0,0.0,0,0.0,0.0,0.3,0.0,85369,24965,,,372621256.19900125,0.04381851350632242,0.030109625256805675
2020-02-14,0.0029990000184625,0.0031469999812543,0.0029810001142323,0.0031300000846385,140849233,0.0337914191274395,0.0447761330720166,DOGE-USD,0.0,0,0.0,0,0.0,0.0,0.26,0.0,139944,24159,,,388813405.0996039,0.04536945684670194,0.030667425545948493
2020-02-15,0.0030980000738054,0.0031810000073164,0.0028389999642968,0.0029200001154094,144726029,-0.0694493757891575,0.0506777753948133,DOGE-USD,0.0,0,0.0,0,0.0,0.0,0.28,0.0,90905,24292,,,356114557.8495546,0.046276594013353524,0.031602489526882785
2020-02-16,0.002917000092566,0.0029649999924004,0.0026259999722242,0.002773999935016,149831933,-0.0512933573374356,0.0534831436614648,DOGE-USD,0.0,0,0.0,0,0.0,0.0,0.1799999999999999,0.0,40126,25046,,,339794349.7735358,0.047798385244422856,0.032677464322714914
2020-02-17,0.0027399999089539,0.002771999919787,0.0025470000691711,0.0027119999285787,149622002,-0.0226039547236791,0.0538834320467897,DOGE-USD,0.0,0,0.0,0,0.0,0.0,-0.02,0.0,40338,24863,,,327382190.09077644,0.04969691061884088,0.03379443375556024
2020-02-18,0.0026769998949021,0.0028460000175982,0.0026549999602138,0.0028389999642968,144188844,0.0457655211719889,0.0546694276633652,DOGE-USD,0.0,0,0.0,0,0.0,0.0,0.06,0.0,40406,25200,,,350087129.6935654,0.05149798236768992,0.034905619773079426
2020-02-19,0.0028389999642968,0.0028739999979734,0.0026239999569952,0.0026239999569952,136889052,-0.0787520102220261,0.0589684948542288,DOGE-USD,0.0,0,0.0,0,0.0,0.0,0.0,0.0,91137,25073,,,326650215.41030025,0.05433645472413236,0.03627120895595594
2020-02-20,0.0026249999646097,0.0026730000972747,0.0025690000038594,0.0026589999906718,187866681,0.0132502540599126,0.058613877626696,DOGE-USD,0.0,0,0.0,0,0.0,0.0,-0.12,0.0,39419,24078,,,322580695.00787497,0.055923675170508905,0.03769079379176713
2020-02-21,0.0026559999678283,0.0027030000928789,0.0026140001136809,0.0026479999069124,157652567,-0.0041455058318982,0.0573156897894064,DOGE-USD,0.0,0,0.0,0,0.0,0.0,-0.12,0.0,38949,23991,,,325052317.50185573,0.05669018439609722,0.03903753462100419
2020-02-22,0.0026499999221414,0.0026549999602138,0.0025770000647753,0.0026010000146925,156145895,-0.0179086108055303,0.0421609109586958,DOGE-USD,0.0,0,0.0,0,0.0,0.0,-0.14,0.0,42902,24892,,,318266969.56459063,0.05434568017847844,0.039919682948882027
2020-02-23,0.002600000007078,0.0026819999329745,0.00259599997662,0.0026799999177455,180747902,0.0299207717155002,0.0426743082021141,DOGE-USD,0.0,0,0.0,0,0.0,0.0,-0.0799999999999999,0.0,41555,25664,,,328888422.88675827,0.05194665628622822,0.04081641867971201
2020-02-24,0.002678999910131,0.002686999971047,0.0025569999124854,0.0025899999309331,159143744,-0.0341589147861246,0.0388619269803899,DOGE-USD,0.0,0,0.0,0,0.0,0.0,-0.0799999999999999,0.0,41612,25964,,,318518879.39288133,0.04792534271146044,0.04164701335886181
2020-02-25,0.0025899999309331,0.0025909999385476,0.0024359999224543,0.0024759999942034,178541404,-0.0450134965634417,0.038981804464934,DOGE-USD,0.0,0,0.0,0,0.0,0.0,-0.12,0.0,42247,24827,,,304293175.5605704,0.04399892807910803,0.04248680709307253
2020-02-26,0.0024749999865889,0.0024870000779628,0.0022110000718384,0.002339000115171,201370789,-0.0569208156397632,0.0393680839596137,DOGE-USD,0.0,0,0.0,0,0.0,0.0,-0.18,0.0,75843,28268,,,290213811.9728038,0.0404094069131495,0.04330171660484272
2020-02-27,0.002337000099942,0.0024029999040067,0.0022980000358074,0.0023240000009536,162813946,-0.0064336974414675,0.0395260980062047,DOGE-USD,0.0,0,0.0,0,0.0,0.0,-0.2199999999999999,0.0,41917,28690,,,283128370.23461586,0.03988244432265128,0.04413592957369896
2020-02-28,0.0023229999933391,0.0023729999084025,0.0022259999532252,0.002288999967277,153544453,-0.0151748127253347,0.0365648250838662,DOGE-USD,0.0,0,0.0,0,0.0,0.0,-0.1999999999999999,0.0,45136,28857,,,288020784.46444845,0.0386605476990017,0.04490368961656994
2020-02-29,0.0022859999444335,0.0023199999704957,0.0022299999836832,0.0022350000217556,146635830,-0.023873788875065,0.0339870392384363,DOGE-USD,0.0,0,0.0,0,0.0,0.0,-0.24,0.0,42723,28748,,,276988725.9658629,0.037685570150610984,0.04548340660194252
2020-03-01,0.0022330000065267,0.0022970000281929,0.0022229999303817,0.0022750000935047,162437207,0.0177388557042939,0.0339640953103919,DOGE-USD,0.0,0,0.0,0,0.0,0.0,-0.2199999999999999,0.0,44527,30284,,,278802217.1923635,0.03668202831970256,0.04534407426568361
2020-03-02,0.0022780001163482,0.002369999885559,0.0022559999488294,0.0023489999584853,165788612,0.0320095944995349,0.0359958439221845,DOGE-USD,0.0,0,0.0,0,0.0,0.0,-0.24,0.0,57598,31757,,,291493348.1812239,0.03600758031221672,0.04529745733623204
2020-03-03,0.0023479999508708,0.0025249999016523,0.0023159999400377,0.0024989999365061,174988479,0.0619009384416598,0.038123267875345,DOGE-USD,0.0,0,0.0,0,0.0,0.0,-0.24,0.0,57323,29077,,,310517206.85236186,0.035727014286044786,0.0449329654414043
2020-03-04,0.0024999999441206,0.0025080000050365,0.0023670000955462,0.0023980000987648,144601436,-0.0412555286534289,0.0339422561760955,DOGE-USD,0.0,0,0.0,0,0.0,0.0,-0.1999999999999999,0.0,40633,28269,,,296505046.02105874,0.03520250050449064,0.044390604926403274
2020-03-05,0.0023990001063793,0.0025309999473392,0.0023950000759214,0.0025059999898076,104912777,0.0440527546149962,0.0362370612063305,DOGE-USD,0.0,0,0.0,0,0.0,0.0,-0.18,0.0,45573,30985,,,310435716.1037757,0.03565250489806948,0.04401998020056831
2020-03-06,0.0025039999745786,0.002517000073567,0.0024470000062137,0.0024959999136626,100268192,-0.003998436489775,0.0362371098446029,DOGE-USD,0.0,0,0.0,0,0.0,0.0,-0.2199999999999999,0.0,40283,27764,,,311979433.04040784,0.03610710780491168,0.04359148206081754
2020-03-07,0.0025009999517351,0.002513000043109,0.0024009998887777,0.0024049999192357,88138038,-0.037139545941008,0.0371488390042549,DOGE-USD,0.0,0,0.0,0,0.0,0.0,-0.24,0.0,41576,28735,,,299133068.6664821,0.03633770682132576,0.043244786875919275
2020-03-08,0.0024059999268501,0.0024079999420791,0.0021840000990778,0.0021869998890906,101738284,-0.0950191789942729,0.0425716569901749,DOGE-USD,0.0,0,0.0,0,0.0,0.0,-0.3399999999999999,0.0,41246,29248,,,269740815.39789104,0.03722738464429174,0.04287632694843571
2020-03-09,0.0021889999043196,0.0022360000293701,0.0021069999784231,0.0022140000946819,137033008,0.0122701860699413,0.0427322516338376,DOGE-USD,0.0,0,0.0,0,0.0,0.0,-0.6599999999999999,0.0,72984,30123,,,271859350.6435552,0.03898538373584016,0.042387650038089024
2020-03-10,0.0022169998846948,0.0022630000021308,0.0021659999620169,0.0022070000413805,115431584,-0.0031667310272948,0.0416348859463935,DOGE-USD,0.0,0,0.0,0,0.0,0.0,-0.6799999999999999,0.0,55538,33077,,,270751185.18679446,0.040064948683852755,0.04183089794261647
2020-03-11,0.002208000048995,0.0022279999684542,0.0020989999175071,0.0021840000990778,107425626,-0.0104760427763103,0.0392367624788519,DOGE-USD,0.0,0,0.0,0,0.0,0.0,-0.6599999999999999,0.0,41571,29085,,,271845659.9564701,0.04066487921070256,0.041129413161502225
2020-03-12,0.0021830000914633,0.0021879998967051,0.0015350000467151,0.0015369999455288,167892774,-0.3513256741314464,0.1005857620724656,DOGE-USD,0.0,0,0.0,0,0.0,0.0,-0.72,0.0,38152,26127,,,189670571.32642275,0.0533522638243447,0.04302110712596754
2020-03-13,0.0015399999683722,0.0017989999614655,0.0012469999492168,0.0017379999626427,218676976,0.1229025762323186,0.1085555465499028,DOGE-USD,0.0,0,0.0,0,0.0,0.0,-0.8,0.0,43974,29242,,,219776673.88095897,0.06654904173629028,0.0452911829861133
2020-03-14,0.0017369999550282,0.0017839999636635,0.0016400000313296,0.0016659999964758,113389101,-0.0423094637195023,0.1087221524473613,DOGE-USD,0.0,0,0.0,0,0.0,0.0,-0.84,0.0,51714,29562,,,204983733.1600304,0.07974702189899502,0.047627840379656707
2020-03-15,0.0016639999812468,0.0018189999973401,0.0016550000291317,0.0016850000247359,119811060,0.0113400368550707,0.1085601593267096,DOGE-USD,0.0,0,0.0,0,0.0,0.0,-0.76,0.0,74778,30978,,,206585764.8878938,0.09313207657505823,0.050645988032748245
2020-03-16,0.0016840000171214,0.0016990000149235,0.0014530000044032,0.0015869999770075,134329668,-0.0599201514281512,0.1078562094904532,DOGE-USD,0.0,0,0.0,0,0.0,0.0,-0.8200000000000001,0.0,44119,28169,,,194956340.65636528,0.1068559659773785,0.053608801727672746
2020-03-17,0.0015910000074654,0.0016769999638199,0.0015579999890178,0.0015869999770075,102697604,0.0,0.1051209398284121,DOGE-USD,0.0,0,0.0,0,0.0,0.0,-0.84,0.0,41241,29495,,,206900284.67227387,0.1077630015285678,0.056620575038946484
2020-03-18,0.0015899999998509,0.0016120000509545,0.0015519999433308,0.0015660000499337,102196814,-0.0133207976014372,0.1052056553282868,DOGE-USD,0.0,0,0.0,0,0.0,0.0,-0.78,0.0,41407,28391,,,196589781.16710916,0.1070930232842446,0.05963075007818979
2020-03-19,0.0015660000499337,0.0018439999548718,0.0015620000194758,0.0017729999963194,251888350,0.1241483955613495,0.1115542596914533,DOGE-USD,0.0,0,0.0,0,0.0,0.0,-0.76,0.0,48215,33861,,,216656781.81428784,0.10765944473306299,0.0629119398841825
2020-03-20,0.0017709999810904,0.0019310000352561,0.0016789999790489,0.0017729999963194,188170528,0.0,0.1116164804256354,DOGE-USD,0.0,0,0.0,0,0.0,0.0,-0.8200000000000001,0.0,73920,34527,,,218124822.70152396,0.10827070895284815,0.06618877544870208
2020-03-21,0.0017709999810904,0.0018510000081732,0.0016929999692365,0.001784999971278,166141811,0.0067453741246907,0.1118480729865915,DOGE-USD,0.0,0,0.0,0,0.0,0.0,-0.8200000000000001,0.0,43578,31728,,,220367217.64778093,0.10906908165207582,0.06961074126246232
2020-03-22,0.001784999971278,0.0018680000212043,0.001719000050798,0.0017310000257566,161287088,-0.0307191080671403,0.1098909039386669,DOGE-USD,0.0,0,0.0,0,0.0,0.0,-0.78,0.0,52828,32712,,,212666433.774427,0.11002307447412678,0.07306091693065463
2020-03-23,0.0017269999952986,0.0018169999821111,0.001691999961622,0.0018050000071525,166551897,0.0418613046737677,0.110772074425846,DOGE-USD,0.0,0,0.0,0,0.0,0.0,-0.8,0.0,49237,33403,,,228793740.14530668,0.11113635829363862,0.0765521887086298
2020-03-24,0.0018050000071525,0.001912000006996,0.0017989999614655,0.0018510000081732,177134005,0.0251654422594866,0.1112545486966642,DOGE-USD,0.0,0,0.0,0,0.0,0.0,-0.76,0.0,48743,34163,,,229395074.2045216,0.1110764160946808,0.07997303892565161
2020-03-25,0.0018520000157877,0.0018899999558925,0.0017989999614655,0.0018339999951422,163367839,-0.0092266668214276,0.1112568541593968,DOGE-USD,0.0,0,0.0,0,0.0,0.0,-0.74,0.0,45711,30358,,,227832274.02723905,0.11100449084143309,0.08329729284765397
2020-03-26,0.0018329999875277,0.0018720000516623,0.0018269999418407,0.0018420000560581,162455890,0.0043525970808919,0.0535958914198825,DOGE-USD,0.0,0,0.0,0,0.0,0.0,-0.72,0.0,42952,29927,,,230191001.82635605,0.09935405452809129,0.08419063990418973
2020-03-27,0.0018429999472573,0.0018680000212043,0.001803999999538,0.0018070000223815,166326062,-0.0191839442703161,0.0437106233013182,DOGE-USD,0.0,0,0.0,0,0.0,0.0,-0.76,0.0,75564,33620,,,222637074.8228728,0.08611799840062154,0.08453034727214372
2020-03-28,0.0018050000071525,0.001808000029996,0.0017160000279545,0.0017780000343918,169979142,-0.0161788675613874,0.0421677966635272,DOGE-USD,0.0,0,0.0,0,0.0,0.0,-0.84,0.0,46912,31865,,,222870329.42701155,0.07239714284815778,0.0847999239457312
2020-03-29,0.0017770000267773,0.0018050000071525,0.001717000035569,0.0017229999648407,156619235,-0.0314222192947908,0.0431822711840959,DOGE-USD,0.0,0,0.0,0,0.0,0.0,-0.76,0.0,45688,31123,,,215046892.89633825,0.058782687345644125,0.08507417086299669
2020-03-30,0.0017229999648407,0.0018680000212043,0.001717000035569,0.0018309999722987,163244392,0.0607953134234045,0.0419902874779267,DOGE-USD,0.0,0,0.0,0,0.0,0.0,-0.8,0.0,54292,31943,,,225810725.478214,0.044929374009350105,0.08504774497607633
2020-03-31,0.0018510000081732,0.0018510000081732,0.0018050000071525,0.0018110000528395,156195510,-0.0109830424850813,0.0422972997941496,DOGE-USD,0.0,0,0.0,0,0.0,0.0,-0.76,0.0,80776,32907,,,228129056.1349024,0.042669655684203514,0.08502797443790867
2020-04-01,0.0018119999440386,0.0018670000135898,0.0017760000191628,0.0018670000135898,163418627,0.0304536637603076,0.0421035702843862,DOGE-USD,0.0,0,0.0,0,0.0,0.0,-0.76,0.0,49333,32714,,,231927618.194308,0.042348245080817117,0.0850492782714538
2020-04-02,0.0018680000212043,0.0019399999873712,0.0018500000005587,0.0018820000113919,165879605,0.0080021753777224,0.0272452501806072,DOGE-USD,0.0,0,0.0,0,0.0,0.0,-0.72,0.0,59425,32683,,,233614390.68585128,0.03936373578423312,0.0845042095306245
2020-04-03,0.0018830000190064,0.001916000037454,0.0018339999951422,0.0018530000234022,161121845,-0.0155290872836695,0.027743650132054,DOGE-USD,0.0,0,0.0,0,0.0,0.0,-0.72,0.0,49323,37471,,,228441933.6125524,0.03627601157382474,0.08119320444242396
2020-04-04,0.0018530000234022,0.0019099999917671,0.0018410000484436,0.0018799999961629,160849686,0.014465814868254,0.0278968687328052,DOGE-USD,0.0,0,0.0,0,0.0,0.0,-0.76,0.0,57179,31793,,,231529758.19719395,0.03345732782480044,0.07752690090528318
2020-04-05,0.0018799999961629,0.0019089999841526,0.0018469999777153,0.0018649999983608,152557918,-0.0080107225839843,0.0263592312678891,DOGE-USD,0.0,0,0.0,0,0.0,0.0,-0.76,0.0,44268,29506,,,232164200.0067552,0.03026971411954834,0.0737831317607617
2020-04-06,0.0018660000059753,0.0019829999655485,0.0018520000157877,0.001979999942705,173173223,0.0598357635527024,0.0286167410749103,DOGE-USD,0.0,0,0.0,0,0.0,0.0,-0.76,0.0,45564,30264,,,246882514.02385372,0.027572348277653157,0.07014934002204355
2020-04-07,0.0019720001146197,0.002030000090599,0.0019340000580996,0.0019970000721514,129399793,0.0085492747939911,0.0281283575329658,DOGE-USD,0.0,0,0.0,0,0.0,0.0,-0.6,0.0,45141,31528,,,243295389.27997,0.02774896974812488,0.06652534675124867
2020-04-08,0.0019859999883919,0.0020439999643713,0.0019600000232458,0.0020119999535381,116283369,0.0074831385815526,0.0278116611337695,DOGE-USD,0.0,0,0.0,0,0.0,0.0,-0.5800000000000001,0.0,52486,31163,,,251768775.03026927,0.027762571948467978,0.06301128862876491
2020-04-09,0.0020129999611526,0.0020330001134425,0.0019849999807775,0.0020210000220686,109954538,0.004463220196001,0.0278109841840137,DOGE-USD,0.0,0,0.0,0,0.0,0.0,-0.56,0.0,51098,33350,,,250073636.98199505,0.02774539503870968,0.059493349031297965
2020-04-10,0.0020210000220686,0.0020230000372976,0.001890999963507,0.0019680000841617,122108790,-0.0265746079459555,0.0284024127969722,DOGE-USD,0.0,0,0.0,0,0.0,0.0,-0.7,0.0,43878,31350,,,242036583.0318427,0.0281540313445263,0.05571371962700336
2020-04-11,0.0019680000841617,0.0020039998926222,0.0019409999949857,0.0019900000188499,161367396,0.0111168068135653,0.0276834574951101,DOGE-USD,0.0,0,0.0,0,0.0,0.0,-0.7,0.0,45511,31701,,,242070472.7376968,0.02796737462856626,0.0518985822210704
2020-04-12,0.0019890000112354,0.0020089999306946,0.0019509999547153,0.0019900000188499,169892709,0.0,0.0254185355019334,DOGE-USD,0.0,0,0.0,0,0.0,0.0,-0.8,0.0,45825,32414,,,246302586.60849127,0.02742541022235978,0.04796996688085867
2020-04-13,0.0019900000188499,0.0019900000188499,0.0018939999863505,0.0019590000156313,167357650,-0.0157005012671101,0.0216726643340166,DOGE-USD,0.0,0,0.0,0,0.0,0.0,-0.78,0.0,47826,31600,,,241094216.25537425,0.0261976108624092,0.043960046898829104
2020-04-14,0.0019580000080168,0.001979999942705,0.0019349999492987,0.0019640000537037,188937615,0.0025490903347226,0.021210157686959,DOGE-USD,0.0,0,0.0,0,0.0,0.0,-0.7,0.0,45475,31134,,,245359317.74233168,0.02487744556299826,0.03988905068342516
2020-04-15,0.0019630000460892,0.0019749999046325,0.0019059999613091,0.0019399999873712,169903672,-0.0122952707107797,0.0204503830687457,DOGE-USD,0.0,0,0.0,0,0.0,0.0,-0.64,0.0,44544,30608,,,235264035.40872395,0.02328703961735296,0.03576158860942886
2020-04-16,0.0019409999949857,0.0020290000829845,0.0018860000418499,0.00202800007537,179859738,0.0443621563280864,0.0232827817715698,DOGE-USD,0.0,0,0.0,0,0.0,0.0,-0.74,0.0,45480,31307,,,252365715.1376041,0.0224069044726449,0.031762767137254906
2020-04-17,0.00202800007537,0.0020290000829845,0.0019920000340789,0.0020129999611526,161550208,-0.0074239955342374,0.0228202061668526,DOGE-USD,0.0,0,0.0,0,0.0,0.0,-0.7,0.0,46157,32495,,,249395975.93025824,0.021887238605628738,0.030363872353026275
2020-04-18,0.0020129999611526,0.0020620001014322,0.0020069999154657,0.0020610000938177,168186509,0.0235652200693727,0.0232087349495799,DOGE-USD,0.0,0,0.0,0,0.0,0.0,-0.64,0.0,49597,35273,,,257804931.48071772,0.022194452728741397,0.029431968337038164
2020-04-19,0.0020600000862032,0.0020729999523609,0.00202800007537,0.0020580000709742,172576560,-0.0014566755299517,0.0229568295315353,DOGE-USD,0.0,0,0.0,0,0.0,0.0,-0.6799999999999999,0.0,49498,34332,,,254094603.98666772,0.02254378709765666,0.02855874255831126
2020-04-20,0.0020580000709742,0.0020659998990595,0.0019620000384747,0.001981999957934,169715146,-0.0376282572150589,0.0203419788020725,DOGE-USD,0.0,0,0.0,0,0.0,0.0,-0.7,0.0,49667,33808,,,241885163.15303728,0.02252210624432202,0.027520547450037472
2020-04-21,0.001981999957934,0.002032000105828,0.0019519999623298,0.0019710001070052,163652750,-0.0055653322233876,0.0202390287830024,DOGE-USD,0.0,0,0.0,0,0.0,0.0,-0.6599999999999999,0.0,112630,32715,,,245990424.82590017,0.02191335564660854,0.026531853872995458
2020-04-22,0.0019710001070052,0.0020330001134425,0.0019640000537037,0.0020109999459236,163753943,0.0200910014398507,0.0209117895939529,DOGE-USD,0.0,0,0.0,0,0.0,0.0,-0.62,0.0,52655,38012,,,253103521.56100312,0.0215316723320286,0.02555978522753197
2020-04-23,0.0020109999459236,0.002123000100255,0.0020049999002367,0.0020469999872148,179000350,0.0177432165330769,0.0214264139725001,DOGE-USD,0.0,0,0.0,0,0.0,0.0,-0.62,0.0,52579,39487,,,257244924.05602613,0.02117520813661264,0.024619914486082604
2020-04-24,0.0020469999872148,0.002121000085026,0.0020419999491423,0.0021029999479651,209562151,0.0269895715440763,0.0209167967970458,DOGE-USD,0.0,0,0.0,0,0.0,0.0,-0.6,0.0,48981,34334,,,256807613.0130648,0.02076720158971474,0.02433225751410254
2020-04-25,0.0021019999403506,0.0021460000425577,0.0020870000589638,0.0021420000120997,229810398,0.0183751056969556,0.0211753918735429,DOGE-USD,0.0,0,0.0,0,0.0,0.0,-0.52,0.0,54209,35771,,,264388085.14692608,0.020933884204008817,0.024033700320533855
2020-04-26,0.0021410000044852,0.0024439999833703,0.0021359999664127,0.0024089999496936,287859775,0.117471725075714,0.036593256199315,DOGE-USD,0.0,0,0.0,0,0.0,0.0,-0.5800000000000001,0.0,57194,36712,,,301032501.2869414,0.02420472968727134,0.02442899065992066
2020-04-27,0.0024099999573081,0.0024139999877661,0.0023080001119524,0.0023550000041723,276033020,-0.0226709735100083,0.0370676419114566,DOGE-USD,0.0,0,0.0,0,0.0,0.0,-0.4399999999999999,0.0,52835,35040,,,294596917.86975616,0.02743590015077208,0.02491573659826464
2020-04-28,0.0023539999965578,0.002371999900788,0.0023219999857246,0.002339000115171,254905520,-0.0068171923985777,0.0373570949506932,DOGE-USD,0.0,0,0.0,0,0.0,0.0,-0.48,0.0,45732,31424,,,285358565.9290305,0.030622036346410704,0.025313025410800227
2020-04-29,0.002339000115171,0.0025420000310987,0.0023310000542551,0.002517000073567,295698249,0.0733442085397494,0.039912121554656,DOGE-USD,0.0,0,0.0,0,0.0,0.0,-0.48,0.0,49356,34607,,,312499805.6082814,0.03442110129793274,0.025848651048149783
2020-04-30,0.002517000073567,0.002688999986276,0.0023920000530779,0.0024429999757558,298563815,-0.0298409630295789,0.041135832772027,DOGE-USD,0.0,0,0.0,0,0.0,0.0,-0.12,0.0,55324,32056,,,303851653.7067422,0.03841318947762956,0.026454295213525117
2020-05-01,0.0024439999833703,0.0025589999277144,0.0024409999605268,0.0024939998984336,282886977,0.0206610241819179,0.0407303433748289,DOGE-USD,0.0,0,0.0,0,0.0,0.0,-0.1999999999999999,0.0,46103,32081,,,312055123.7413742,0.03924060691273234,0.027041538813107634
2020-05-02,0.0024949999060481,0.0025530001148581,0.0024729999713599,0.0025490000844001,269155283,0.0218133519714914,0.0407056955367509,DOGE-USD,0.0,0,0.0,0,0.0,0.0,-0.1999999999999999,0.0,45387,31469,,,314431350.6538796,0.039968217637791195,0.027600778937643032
2020-05-03,0.0025480000767856,0.0025830001104623,0.0024800000246614,0.0025100000202655,265156925,-0.0154183972874427,0.0413111425761072,DOGE-USD,0.0,0,0.0,0,0.0,0.0,-0.0999999999999999,0.0,48176,32134,,,315440138.07340467,0.040759027162873995,0.02822021916859744
2020-05-04,0.00251100002788,0.002519000088796,0.0023890000302344,0.0024810000322759,261454253,-0.0116210434987283,0.0393398584035209,DOGE-USD,0.0,0,0.0,0,0.0,0.0,-0.12,0.0,48278,33146,,,301251250.5713479,0.040644574532646985,0.028853006573215056
2020-05-05,0.0024810000322759,0.002521000104025,0.0024490000214427,0.0024840000551193,245861118,0.0012084685421045,0.0390945884552614,DOGE-USD,0.0,0,0.0,0,0.0,0.0,-0.1999999999999999,0.0,44088,29057,,,307900955.5646024,0.04023632566929386,0.029644912215089816
2020-05-06,0.0024830000475049,0.0025830001104623,0.0024729999713599,0.0025289999321103,251393346,0.0179537545823428,0.0390837575200401,DOGE-USD,0.0,0,0.0,0,0.0,0.0,-0.16,0.0,47959,34147,,,315174482.93892235,0.0399070084983361,0.03045734857113896
2020-05-07,0.0025180000811815,0.0026779999025166,0.0024790000170469,0.0026640000287443,284491226,0.0520048226247125,0.0402320874381743,DOGE-USD,0.0,0,0.0,0,0.0,0.0,-0.02,0.0,61071,43974,,,329487303.48922265,0.039812286878620776,0.031356516951567534
2020-05-08,0.0026589999906718,0.0026720000896602,0.002593999961391,0.0026249999646097,291757355,-0.014747880906476,0.041116667067606,DOGE-USD,0.0,0,0.0,0,0.0,0.0,0.1,0.0,46422,31744,,,325897489.8091305,0.03977339177692053,0.032167148101387356
2020-05-09,0.0026219999417662,0.0026340000331401,0.0025649999734014,0.0026130001060664,294993696,-0.0045818554312741,0.0414639609584613,DOGE-USD,0.0,0,0.0,0,0.0,0.0,0.1200000000000001,0.0,141032,32328,,,327240990.9703449,0.04019821228790862,0.033014591501005934
2020-05-10,0.0026110000908374,0.0026130001060664,0.0023600000422447,0.0024590000975877,290801097,-0.0607442242103239,0.0340048506200182,DOGE-USD,0.0,0,0.0,0,0.0,0.0,-0.04,0.0,53015,32394,,,306656268.05774206,0.03918026472085998,0.033505324031480405
2020-05-11,0.0024570000823587,0.0025120000354945,0.0023380001075565,0.0024129999801516,277646033,-0.0188840245026803,0.0338125870646258,DOGE-USD,0.0,0,0.0,0,0.0,0.0,-0.1999999999999999,0.0,55266,31215,,,299413013.7511513,0.03812603062977712,0.03399876755571179
2020-05-12,0.0024129999801516,0.002513000043109,0.0024059999268501,0.002462999895215,262934538,0.0205092981774626,0.0340685091933524,DOGE-USD,0.0,0,0.0,0,0.0,0.0,-0.2199999999999999,0.0,46188,31990,,,302726740.4735563,0.03689331498081274,0.03462270075531542
2020-05-13,0.0024639999028295,0.0025279999244958,0.0024580000899732,0.002521000104025,265878080,0.0232756128744038,0.028340544649307,DOGE-USD,0.0,0,0.0,0,0.0,0.0,-0.18,0.0,45605,32580,,,319124840.9691565,0.03433809049715294,0.034990951476511094
2020-05-14,0.0025180000811815,0.0026229999493807,0.0025120000354945,0.0025740000419318,283778649,0.0208054359953097,0.0274409852273864,DOGE-USD,0.0,0,0.0,0,0.0,0.0,-0.1999999999999999,0.0,63384,31348,,,321941129.1882256,0.03153349535093796,0.03528773309621261
2020-05-15,0.0025740000419318,0.0025770000647753,0.0024870000779628,0.0025059999898076,261080156,-0.0267732730578015,0.0281100472207709,DOGE-USD,0.0,0,0.0,0,0.0,0.0,-0.12,0.0,47238,31721,,,308915067.2656113,0.0303545346710885,0.03559153460749765
2020-05-16,0.002506999997422,0.0025339999701827,0.0024840000551193,0.002513000043109,254666485,0.0027894233091955,0.0274442438547691,DOGE-USD,0.0,0,0.0,0,0.0,0.0,-0.18,0.0,46555,35855,,,307547855.04812914,0.029080866029117157,0.035888236746485065
2020-05-17,0.0025120000354945,0.0025780000723898,0.002509000012651,0.0025380000006407,258469067,0.0098990938287828,0.0272556989349017,DOGE-USD,0.0,0,0.0,0,0.0,0.0,-0.1999999999999999,0.0,62025,34234,,,317226687.214663,0.027718303977427017,0.03616461434018319
2020-05-18,0.0025369999930262,0.0025869999080896,0.002513000043109,0.0025430000387132,265626959,0.0019681321187674,0.0270205747266098,DOGE-USD,0.0,0,0.0,0,0.0,0.0,0.0,0.0,48913,33841,,,320377534.12994885,0.02745430999288758,0.035729492455060234
2020-05-19,0.0025440000463277,0.0025649999734014,0.0025009999517351,0.0025380000006407,182890489,-0.0019681321187674,0.0270389212175225,DOGE-USD,0.0,0,0.0,0,0.0,0.0,0.0,0.0,47668,34152,,,320802574.489676,0.0273738971909148,0.035273641514426864
2020-05-20,0.0025390000082552,0.0025629999581724,0.0024870000779628,0.0025080000050365,178925411,-0.0118907447657734,0.0268205797787807,DOGE-USD,0.0,0,0.0,0,0.0,0.0,0.04,0.0,48740,34037,,,314837630.81165093,0.02711600370251676,0.03479470900661266
2020-05-21,0.0025100000202655,0.0025490000844001,0.0024230000562965,0.0024850000627338,200924557,-0.0092129399852676,0.022172806579253,DOGE-USD,0.0,0,0.0,0,0.0,0.0,-0.02,0.0,46205,30209,,,312641066.5501968,0.02606171624741354,0.033988376507730705
2020-05-22,0.0024860000703483,0.0025430000387132,0.0024729999713599,0.0025329999625682,215355485,0.0191316714482984,0.0228614791420241,DOGE-USD,0.0,0,0.0,0,0.0,0.0,-0.16,0.0,46654,30845,,,314261670.0511456,0.02518287228883802,0.0331577240700033
2020-05-23,0.0025329999625682,0.0025649999734014,0.0024989999365061,0.0025440000463277,208878705,0.0043333074465374,0.0229245558772005,DOGE-USD,0.0,0,0.0,0,0.0,0.0,-0.1999999999999999,0.0,45190,32411,,,316147311.39227533,0.02436366851895616,0.03234837009283837
2020-05-24,0.0025440000463277,0.0025609999429434,0.0024510000366717,0.0024580000899732,186657328,-0.0343896159403753,0.0183468432432246,DOGE-USD,0.0,0,0.0,0,0.0,0.0,-0.14,0.0,45457,31702,,,304515655.22594047,0.02262525292409658,0.03133205862495081
2020-05-25,0.0024560000747442,0.0025460000615566,0.0024349999148398,0.0025400000158697,214669452,0.0328160395302948,0.0194308549317326,DOGE-USD,0.0,0,0.0,0,0.0,0.0,-0.18,0.0,52447,35918,,,316660204.49683666,0.02114730795468696,0.030337500095661062
2020-05-26,0.0025390000082552,0.0025420000310987,0.0024719999637454,0.0024860000703483,185485979,-0.0214890658920335,0.0198671780470337,DOGE-USD,0.0,0,0.0,0,0.0,0.0,-0.2199999999999999,0.0,95734,37342,,,313245900.54391474,0.0206861822482431,0.029452378261275277
2020-05-27,0.0024860000703483,0.0025289999321103,0.0024719999637454,0.0025100000202655,186186772,0.0096077398312887,0.0189868814751509,DOGE-USD,0.0,0,0.0,0,0.0,0.0,-0.2199999999999999,0.0,48597,34865,,,315267344.68734425,0.01991126271486846,0.028538391580361165
2020-05-28,0.0025120000354945,0.0025589999277144,0.0024949999060481,0.0025239998940378,220213442,0.0055621414795001,0.0180990296961943,DOGE-USD,0.0,0,0.0,0,0.0,0.0,-0.18,0.0,47979,34904,,,315966055.25845367,0.01894615747866722,0.027584540315640897
2020-05-29,0.0025239998940378,0.0025490000844001,0.0025039999745786,0.0025319999549537,200485433,0.0031645837940386,0.0165751332436771,DOGE-USD,0.0,0,0.0,0,0.0,0.0,-0.04,0.0,51005,38709,,,311614069.54504484,0.01859181547875772,0.026509224215891025
2020-05-30,0.0025309999473392,0.0026259999722242,0.0025229998864233,0.0026149998884648,200708874,0.032254568373637,0.0186024626408608,DOGE-USD,0.0,0,0.0,0,0.0,0.0,-0.04,0.0,48876,37398,,,324771826.8843903,0.01842613702058336,0.02548585128740261
2020-05-31,0.0026149998884648,0.0026169999036937,0.0025490000844001,0.0025549998972564,188184731,-0.0232118714218601,0.019708173166369,DOGE-USD,0.0,0,0.0,0,0.0,0.0,0.02,0.0,48047,37039,,,318119481.7331169,0.01839433604445042,0.024496951842307504
2020-06-01,0.0025549998972564,0.0026620000135153,0.0025530001148581,0.0026469998992979,195748335,0.0353747017581781,0.0218126277881533,DOGE-USD,0.0,0,0.0,0,0.0,0.0,0.0,0.0,83354,38829,,,331762737.80804646,0.0189594853070509,0.023942759895404554
2020-06-02,0.0026469998992979,0.0026549999602138,0.0025200000964105,0.0025609999429434,200119264,-0.0330291002627451,0.0238283462489431,DOGE-USD,0.0,0,0.0,0,0.0,0.0,0.1200000000000001,0.0,48375,38528,,,316053805.2418696,0.02010534861760066,0.023488930767418977
2020-06-03,0.0025619999505579,0.002597999991849,0.0025460000615566,0.0025830001104623,190021630,0.0085537719404463,0.0236266543801655,DOGE-USD,0.0,0,0.0,0,0.0,0.0,-0.04,0.0,49503,38676,,,316261296.7125016,0.021515652844898342,0.02301430100318321
2020-06-04,0.0025830001104623,0.0026690000668168,0.0025710000190883,0.0026310000102967,194078582,0.0184124490929399,0.0237619378382678,DOGE-USD,0.0,0,0.0,0,0.0,0.0,0.08,0.0,64651,40256,,,324484587.54495335,0.02254754788437974,0.022806182511772334
2020-06-05,0.0026320000179111,0.0026340000331401,0.0025800000876188,0.00259599997662,188846627,-0.0133922161360532,0.0237668496756956,DOGE-USD,0.0,0,0.0,0,0.0,0.0,0.06,0.0,51903,41369,,,317223731.0108528,0.023359283186245063,0.022639176350331844
2020-06-06,0.0025949999690055,0.002606000052765,0.0025659999810159,0.0025869999080896,175988365,-0.003472922159597,0.0237932583305534,DOGE-USD,0.0,0,0.0,0,0.0,0.0,0.08,0.0,49505,41546,,,319643191.78097546,0.02375540929472508,0.02244295867350378
2020-06-07,0.0025869999080896,0.0026090000756084,0.0025579999200999,0.002606000052765,188151455,0.0073176312740502,0.0214947847770622,DOGE-USD,0.0,0,0.0,0,0.0,0.0,0.08,0.0,56435,44167,,,322377441.2407356,0.023288697000348902,0.02217252871542619
2020-06-08,0.002606000052765,0.0026070000603795,0.0025609999429434,0.0025839998852461,187140783,-0.0084779574391907,0.0200469304999659,DOGE-USD,0.0,0,0.0,0,0.0,0.0,0.06,0.0,51088,43075,,,320534806.85375625,0.02257275222430898,0.021844857422929107
2020-06-09,0.0025839998852461,0.0025869999080896,0.002517000073567,0.0025690000038594,175910197,-0.0058218218809293,0.0190960600653724,DOGE-USD,0.0,0,0.0,0,0.0,0.0,0.04,0.0,80712,43345,,,324484786.3184929,0.021639576669729897,0.02148465221105468
2020-06-10,0.0025690000038594,0.0025949999690055,0.0025530001148581,0.0025839998852461,182748021,0.0058218218809292,0.0190119336198358,DOGE-USD,0.0,0,0.0,0,0.0,0.0,0.08,0.0,51676,42611,,,326338720.94875586,0.02068859345855794,0.021119789138432557
2020-06-11,0.0025839998852461,0.002602000022307,0.0024290001019835,0.0024520000442862,183212798,-0.052434505375731,0.0238872560799128,DOGE-USD,0.0,0,0.0,0,0.0,0.0,0.04,0.0,62888,44003,,,305136087.91524464,0.02070739300842982,0.020986456243029472
2020-06-12,0.0024550000671297,0.0025329999625682,0.0024470000062137,0.0025200000964105,194920048,0.0273549036462294,0.0251370151845812,DOGE-USD,0.0,0,0.0,0,0.0,0.0,-0.24,0.0,54907,45732,,,313110509.76134366,0.021435839089933618,0.021121192997817118
2020-06-13,0.0025200000964105,0.0025410000234842,0.0025009999517351,0.0025329999625682,188981850,0.0051454164604446,0.0234184857017878,DOGE-USD,0.0,0,0.0,0,0.0,0.0,-0.24,0.0,65035,46970,,,313458698.24031246,0.022110150130298,0.021146511477806378
2020-06-14,0.0025329999625682,0.002553999889642,0.0025009999517351,0.00251100002788,173334481,-0.0087232649632929,0.0227321941953475,DOGE-USD,0.0,0,0.0,0,0.0,0.0,-0.1999999999999999,0.0,53812,47042,,,308177862.6205181,0.02283737695629302,0.021137767764994878
2020-06-15,0.0025100000202655,0.0025160000659525,0.0024069999344646,0.0024790000170469,198803041,-0.0128258313490352,0.0202776000474828,DOGE-USD,0.0,0,0.0,0,0.0,0.0,-0.26,0.0,63407,53041,,,313622962.9645376,0.02309051024182242,0.021225529437915704
2020-06-16,0.0024790000170469,0.0025299999397248,0.0024339999072253,0.0024870000779628,196212619,0.0032219362398399,0.018626951764587,DOGE-USD,0.0,0,0.0,0,0.0,0.0,-0.2199999999999999,0.0,61035,52639,,,315691119.6611214,0.02203844937875726,0.02118898838486363
2020-06-17,0.0024900001008063,0.0024920001160353,0.0024580000899732,0.0024850000627338,185083517,-0.0008045113758103,0.0183817413214113,DOGE-USD,0.0,0,0.0,0,0.0,0.0,-0.24,0.0,60516,48068,,,311264730.1371248,0.020687394606123278,0.021121468533698978
2020-06-18,0.0024850000627338,0.0024929998908191,0.0024470000062137,0.0024719999637454,171388606,-0.0052451598642431,0.0173434627631068,DOGE-USD,0.0,0,0.0,0,0.0,0.0,-0.1999999999999999,0.0,58338,46079,,,311130068.1560888,0.01947239001838708,0.021046767683151515
2020-06-19,0.0024709999561309,0.0024719999637454,0.002430000109598,0.0024349999148398,173280984,-0.0150808033681835,0.0174161339709467,DOGE-USD,0.0,0,0.0,0,0.0,0.0,-0.2199999999999999,0.0,56379,48608,,,305947943.24641764,0.01840917797350692,0.021015726968367537
2020-06-20,0.0024349999148398,0.0024659999180585,0.0024190000258386,0.0024470000062137,158275082,0.0049160654386919,0.0176002435896353,DOGE-USD,0.0,0,0.0,0,0.0,0.0,-0.24,0.0,99074,44835,,,310477798.5914089,0.01787370668193742,0.02106232289318382
2020-06-21,0.0024470000062137,0.0024780000094324,0.0024409999605268,0.0024470000062137,169917761,0.0,0.0173459334284314,DOGE-USD,0.0,0,0.0,0,0.0,0.0,-0.26,0.0,51021,39807,,,306621972.82213026,0.0176175030147063,0.021005207928982483
2020-06-22,0.0024470000062137,0.0024949999060481,0.0024429999757558,0.0024739999789744,173530825,0.0109734784718128,0.01777619076171,DOGE-USD,0.0,0,0.0,0,0.0,0.0,-0.24,0.0,53473,41812,,,310296613.8610124,0.017496392902766042,0.020917390546952526
2020-06-23,0.0024739999789744,0.0024920001160353,0.0024570000823587,0.0024840000551193,171604774,0.0040339207893093,0.0178553993227062,DOGE-USD,0.0,0,0.0,0,0.0,0.0,-0.18,0.0,54289,43565,,,307767364.7046742,0.017598780214685923,0.02073751652579584
2020-06-24,0.0024830000475049,0.0024969999212771,0.0023890000302344,0.002430000109598,178380748,-0.0219788838064743,0.0184076542865076,DOGE-USD,0.0,0,0.0,0,0.0,0.0,0.0,0.0,76915,43916,,,304957537.6044788,0.0177970842777981,0.02049112143659423
2020-06-25,0.002430000109598,0.0024329998996108,0.0023900000378489,0.0024170000106096,160003354,-0.0053641963435995,0.0122137160694318,DOGE-USD,0.0,0,0.0,0,0.0,0.0,-0.14,0.0,59860,46090,,,301864068.2052956,0.016719778773757403,0.019972351513379057
2020-06-26,0.0024170000106096,0.0024270000867545,0.0023590000346302,0.0023590000346302,151319087,-0.0242892910053172,0.0106856266897535,DOGE-USD,0.0,0,0.0,0,0.0,0.0,-0.1999999999999999,0.0,57845,45507,,,290248596.5022612,0.01538771742602182,0.019377973733901134
2020-06-27,0.0023590000346302,0.0023789999540895,0.0022940000053495,0.0023129999171942,152534000,-0.0196924676564646,0.0109802813925288,DOGE-USD,0.0,0,0.0,0,0.0,0.0,-0.14,0.0,54538,44498,,,287375536.4033395,0.014028535552185578,0.01879676608466628
2020-06-28,0.0023129999171942,0.0023610000498592,0.00228299992159,0.0023260000161826,172693834,0.0056047136046156,0.0114152209055422,DOGE-USD,0.0,0,0.0,0,0.0,0.0,-0.1999999999999999,0.0,57405,49857,,,286821009.9250681,0.01274049986875278,0.018234128019893044
2020-06-29,0.0023260000161826,0.0023409998975694,0.0023010000586509,0.0023129999171942,172655788,-0.0056047136046156,0.0112185603572482,DOGE-USD,0.0,0,0.0,0,0.0,0.0,-0.18,0.0,63462,51273,,,292588450.13009256,0.0113026810829009,0.017767026909901503
2020-06-30,0.0023109999019652,0.0023399998899549,0.0022970000281929,0.0023199999704957,165641131,0.0030218255116991,0.0112074685632906,DOGE-USD,0.0,0,0.0,0,0.0,0.0,-0.12,0.0,103553,50286,,,289994980.6392739,0.01110143158167266,0.01736523318550717
2020-07-01,0.0023199999704957,0.002375999931246,0.0023010000586509,0.0023539999965578,152549214,0.0145488344149732,0.0123398609063282,DOGE-USD,0.0,0,0.0,0,0.0,0.0,-0.16,0.0,56826,47309,,,295414260.890548,0.011432278424987601,0.01705813322373243
2020-07-02,0.0023300000466406,0.002381999976933,0.0023020000662654,0.0023610000498592,110789127,0.0029692718454216,0.0124640270119248,DOGE-USD,0.0,0,0.0,0,0.0,0.0,-0.16,0.0,61309,48266,,,290323773.60900533,0.011729027548866799,0.016760501105191023
2020-07-03,0.0023610000498592,0.0023660000879317,0.0023040000814944,0.0023159999400377,111575143,-0.0192437454009406,0.0128119737136945,DOGE-USD,0.0,0,0.0,0,0.0,0.0,-0.18,0.0,61418,47823,,,290928400.27786607,0.01200837811049726,0.016257079179453827
2020-07-04,0.0023149999324232,0.0023399998899549,0.002288999967277,0.0023089998867362,109218071,-0.0030270525010967,0.0125806307015682,DOGE-USD,0.0,0,0.0,0,0.0,0.0,-0.1999999999999999,0.0,93354,49184,,,290376194.9120979,0.01228079217936126,0.015686334430225966
2020-07-05,0.0023070001043379,0.0023270000237971,0.0022770001087337,0.0023089998867362,110140542,0.0,0.0125806307015682,DOGE-USD,0.0,0,0.0,0,0.0,0.0,-0.24,0.0,57874,45897,,,291227691.857039,0.01255542460701678,0.015193704657488706
2020-07-06,0.0023089998867362,0.0026239999569952,0.0023020000662654,0.0026159998960793,132105139,0.1248319125507081,0.0367301293030997,DOGE-USD,0.0,0,0.0,0,0.0,0.0,-0.1999999999999999,0.0,64386,47315,,,326529392.2624928,0.01743347828637108,0.015829974435113806
2020-07-07,0.0026140001136809,0.003258999902755,0.002600000007078,0.0030900000128895,283970310,0.1665247012111007,0.0568879258003981,DOGE-USD,0.0,0,0.0,0,0.0,0.0,-0.14,0.0,72920,50116,,,385238015.6593882,0.02631825804406574,0.017494080151155413
2020-07-08,0.0030970000661909,0.0054199998266994,0.0030610000248998,0.004749999847263,1226813925,0.4299734908103972,0.1233446131489786,DOGE-USD,0.0,0,0.0,0,0.0,0.0,-0.12,0.0,126064,65089,,,590789709.0101273,0.04842478593112256,0.022253973850445943
2020-07-09,0.0047320001758635,0.0050139999948441,0.0041479999199509,0.0043970001861453,511315527,-0.077222053358124,0.1271663616713226,DOGE-USD,0.0,0,0.0,0,0.0,0.0,-0.12,0.0,74289,51240,,,545599508.2028694,0.07134193212507343,0.027198729320896453
2020-07-10,0.0043939999304711,0.0043939999304711,0.0034380001015961,0.0035149999894201,225424869,-0.2238830102805671,0.1451728554009366,DOGE-USD,0.0,0,0.0,0,0.0,0.0,-0.18,0.0,67731,46304,,,443195234.9757197,0.09786037706494712,0.03300915625897963
2020-07-11,0.0035280000884085,0.0039200000464916,0.0034759999252855,0.0038109999150037,155299369,0.0808520773361358,0.1450930845572875,DOGE-USD,0.0,0,0.0,0,0.0,0.0,-0.12,0.0,70657,44545,,,479096406.63939327,0.11953296811578469,0.03881265401290421
2020-07-12,0.0038109999150037,0.0038439999334514,0.003614000044763,0.0036299999337643,87562043,-0.048658969558836,0.1466741308698586,DOGE-USD,0.0,0,0.0,0,0.0,0.0,-0.18,0.0,76790,46501,,,456375751.567106,0.13749020912967677,0.044679648889277994
2020-07-13,0.0036299999337643,0.0036359999794512,0.0030590000096708,0.0031779999844729,143177055,-0.1329805668012766,0.1529870265615054,DOGE-USD,0.0,0,0.0,0,0.0,0.0,-0.14,0.0,109411,50158,,,393282196.2405264,0.14341869181218211,0.05084515312259954
2020-07-14,0.0031689999159425,0.0033690000418573,0.0030610000248998,0.0032939999364316,103213409,0.0358505492284793,0.1529138916477446,DOGE-USD,0.0,0,0.0,0,0.0,0.0,-0.14,0.0,395181,49330,,,412599142.221289,0.14856819780746652,0.056987775890146565
2020-07-15,0.0032870001159608,0.003303000004962,0.0030739998910576,0.003084999974817,69399827,-0.0655509632629069,0.1548231373783223,DOGE-USD,0.0,0,0.0,0,0.0,0.0,-0.12,0.0,124104,48341,,,387146754.2124585,0.15049825420294366,0.06321358216540185
2020-07-16,0.0030859999824315,0.0030980000738054,0.0028929999098181,0.0029949999880045,78457844,-0.0296074216320571,0.155331701454013,DOGE-USD,0.0,0,0.0,0,0.0,0.0,-0.14,0.0,74739,49788,,,372422300.7174181,0.15254597758228877,0.06943740249119755
2020-07-17,0.0029909999575465,0.0030839999672025,0.0029370000120252,0.0030610000248998,74705371,0.0217974405355605,0.154982159707487,DOGE-USD,0.0,0,0.0,0,0.0,0.0,-0.18,0.0,78019,48093,,,382589760.71075296,0.15420758334981446,0.07592687720201824
2020-07-18,0.0030600000172853,0.0036289999261498,0.0030310000292956,0.003472999902442,204080851,0.1262770775737331,0.1573442434777977,DOGE-USD,0.0,0,0.0,0,0.0,0.0,-0.12,0.0,73562,52712,,,438084425.36519855,0.15507902673307292,0.08259317796511115
2020-07-19,0.0034640000667423,0.0037529999390244,0.0033289999701082,0.0033819999080151,116746163,-0.026551522393529,0.1578818250974381,DOGE-USD,0.0,0,0.0,0,0.0,0.0,-0.18,0.0,70079,47658,,,423080338.5150536,0.15607261342301162,0.08927052086078885
2020-07-20,0.0033829999156296,0.0034330000635236,0.0031669999007135,0.0032389999832957,81038624,-0.0432025882460411,0.1562726648271863,DOGE-USD,0.0,0,0.0,0,0.0,0.0,-0.12,0.0,67629,45808,,,407629304.3123693,0.15636251891278444,0.0958549501299545
2020-07-21,0.0032319999299943,0.003309000050649,0.0031870000530034,0.003305000020191,77748189,0.0201718443809175,0.1501505953239782,DOGE-USD,0.0,0,0.0,0,0.0,0.0,-0.12,0.0,109403,46745,,,415363375.7176341,0.15532629768677744,0.10217004262844222
2020-07-22,0.0033019999973475,0.0033040000125765,0.0032210000790655,0.0032850001007318,54443238,-0.0060697968121413,0.0872028416307689,DOGE-USD,0.0,0,0.0,0,0.0,0.0,0.0,0.0,69324,47005,,,411874715.0442244,0.14177043407143383,0.10562437776787306
2020-07-23,0.0032830000855028,0.0033209999091923,0.0032649999484419,0.0032949999440461,58737115,0.0030394683722666,0.086233404724031,DOGE-USD,0.0,0,0.0,0,0.0,0.0,0.1,0.0,87651,50904,,,417334125.21183056,0.12754826632068048,0.10898317521413227
2020-07-24,0.0032949999440461,0.0033229999244213,0.0031769999768584,0.003220000071451,58910215,-0.0230247692269363,0.0635332264522676,DOGE-USD,0.0,0,0.0,0,0.0,0.0,0.06,0.0,68377,50076,,,402252627.81493056,0.1086785465916464,0.11130450246142058
2020-07-25,0.0032190000638365,0.0032949999440461,0.0031890000682324,0.0032339999452233,63203396,0.0043383624710803,0.0585593495485121,DOGE-USD,0.0,0,0.0,0,0.0,0.0,0.1,0.0,67193,49744,,,410643543.353486,0.08913588353591156,0.11338392863573046
2020-07-26,0.0032379999756813,0.0032699999865144,0.0031840000301599,0.0032349999528378,62592233,0.0003091691569692,0.057638892731192,DOGE-USD,0.0,0,0.0,0,0.0,0.0,0.1,0.0,87233,52205,,,404736765.0828754,0.07063354301735432,0.11543203145525882
2020-07-27,0.0032339999452233,0.0032430000137537,0.0030400000978261,0.0031530000269412,83138808,-0.0256745242665594,0.0456643547492281,DOGE-USD,0.0,0,0.0,0,0.0,0.0,0.1599999999999999,0.0,68792,51601,,,397047522.2897828,0.06232584564104615,0.11693583709378882
2020-07-28,0.0031550000421702,0.0032190000638365,0.0031320000998675,0.0031969998963177,63084930,0.0138584485390078,0.0446830449609004,DOGE-USD,0.0,0,0.0,0,0.0,0.0,0.52,0.0,67438,49759,,,406216651.9582256,0.054015773688420046,0.11729733326005248
2020-07-29,0.0031979999039322,0.0032619999255985,0.0031749999616295,0.0031920000910758,55817191,-0.0015651295264761,0.0408013621240441,DOGE-USD,0.0,0,0.0,0,0.0,0.0,0.4199999999999999,0.0,69319,49986,,,400761557.1484279,0.04946940082277534,0.1165661258202182
2020-07-30,0.0031920000910758,0.0032440000213682,0.0031630001030862,0.0032309999223798,53506822,0.0121439546986816,0.0397925033246927,DOGE-USD,0.0,0,0.0,0,0.0,0.0,0.52,0.0,92002,51102,,,405644167.8392008,0.04571603157801146,0.11276830264638704
2020-07-31,0.0032289999071508,0.0032399999909102,0.0031810000073164,0.0032250001095235,54497306,-0.0018586786102715,0.0395449495367586,DOGE-USD,0.0,0,0.0,0,0.0,0.0,0.5,0.0,64343,48492,,,405499954.8900924,0.042097242939124785,0.10878551118572503
2020-08-01,0.0032250001095235,0.0037970000412315,0.0032029999420046,0.0036889999173581,150687884,0.1344224120037833,0.0414983355709661,DOGE-USD,0.0,0,0.0,0,0.0,0.0,0.5,0.0,65455,46600,,,467671885.77923167,0.041264039103472386,0.1040730330116355
2020-08-02,0.0036959999706596,0.0037360000424087,0.0032659999560564,0.0033360000234097,101249531,-0.100582904698501,0.049649565728877,DOGE-USD,0.0,0,0.0,0,0.0,0.0,0.6000000000000001,0.0,59109,42058,,,421870377.0588207,0.0422573432570677,0.09973469124670772
2020-08-03,0.0033360000234097,0.0034409998916089,0.0033080000430345,0.0033889999613165,66931510,0.0157623896967066,0.0482740828290911,DOGE-USD,0.0,0,0.0,0,0.0,0.0,0.5,0.0,89946,48723,,,428957154.2093692,0.0437518873980771,0.0952619617903092
2020-08-04,0.0033889999613165,0.0035610001068562,0.0033760000951588,0.0035349999088793,74386428,0.0421783923613348,0.049217127374375,DOGE-USD,0.0,0,0.0,0,0.0,0.0,0.4399999999999999,0.0,63130,47634,,,444367857.2584494,0.045636812208013564,0.09054514819089418
2020-08-05,0.0035429999697953,0.0035769999958574,0.003484999993816,0.0035129999741911,66465690,-0.0062429076348137,0.0492200914540673,DOGE-USD,0.0,0,0.0,0,0.0,0.0,0.5,0.0,72112,52920,,,441933486.393319,0.0475718405914753,0.08583179363663612
2020-08-06,0.0035170000046491,0.0036359999794512,0.0034610000438988,0.0035600000992417,62944678,0.0132902068037985,0.0492682187117248,DOGE-USD,0.0,0,0.0,0,0.0,0.0,0.5800000000000001,0.0,70949,53398,,,449074544.899732,0.04912581721962704,0.08103384278815441
2020-08-07,0.0035629998892545,0.0036110000219196,0.0034250000026077,0.0035329998936504,68990009,-0.007613234465602,0.0487506959604368,DOGE-USD,0.0,0,0.0,0,0.0,0.0,0.54,0.0,73958,53451,,,440736907.0919495,0.048946043265939,0.0761892516293555
2020-08-08,0.0035339999012649,0.0035359999164938,0.0034529999829828,0.0035099999513477,62509900,-0.0065313146585054,0.0488763274780356,DOGE-USD,0.0,0,0.0,0,0.0,0.0,0.54,0.0,72916,56907,,,434538399.4454557,0.0490664921957279,0.07136625925528951
2020-08-09,0.0035079999361187,0.0035329998936504,0.0034300000406801,0.0034630000591278,57020040,-0.0134807411222803,0.0491348430997972,DOGE-USD,0.0,0,0.0,0,0.0,0.0,0.5800000000000001,0.0,67853,52425,,,428844702.9554816,0.049050035340812335,0.0664476501471986
2020-08-10,0.0034680000972002,0.0035570000763982,0.0034539999905973,0.0034990001004189,68038181,0.0103419595904296,0.0483494678096665,DOGE-USD,0.0,0,0.0,0,0.0,0.0,0.56,0.0,134024,55576,,,440263804.6110575,0.04887591061193218,0.061468906634118074
2020-08-11,0.0034950000699609,0.0035709999501705,0.0033460000995546,0.003393999999389,78539442,-0.0304680754528454,0.0493378994559191,DOGE-USD,0.0,0,0.0,0,0.0,0.0,0.6799999999999999,0.0,72704,55087,,,421816377.7232129,0.04888984676077104,0.05660823548087865
2020-08-12,0.0033970000222325,0.0035339999012649,0.0033410000614821,0.0034839999862015,70865885,0.0261718883977032,0.0496414796004924,DOGE-USD,0.0,0,0.0,0,0.0,0.0,0.5,0.0,71544,55106,,,432852438.68470055,0.049068003488782166,0.05203963931162929
2020-08-13,0.003482999978587,0.0035490000154823,0.0033650000113993,0.0035170000046491,73302994,0.0094272997840272,0.0496219839428749,DOGE-USD,0.0,0,0.0,0,0.0,0.0,0.5,0.0,71644,56710,,,435374789.27719855,0.049217134781750015,0.05033141850763412
2020-08-14,0.0035139999818056,0.0035790000110864,0.0034759999252855,0.0035610001068562,61334640,0.0124330794892485,0.0495935832061093,DOGE-USD,0.0,0,0.0,0,0.0,0.0,0.56,0.0,67820,55988,,,452892990.2512089,0.04930888280301244,0.0486659720750013
2020-08-15,0.0035629998892545,0.0036069999914616,0.0035000001080334,0.0035389999393373,64309678,-0.0061972500808566,0.0334219506671733,DOGE-USD,0.0,0,0.0,0,0.0,0.0,0.5800000000000001,0.0,69731,57480,,,444921479.41110414,0.0463233793745138,0.04729727772113339
2020-08-16,0.0035399999469518,0.0035520000383257,0.0034690001048147,0.0035240000579506,52637926,-0.0042474597036595,0.0182522077649695,DOGE-USD,0.0,0,0.0,0,0.0,0.0,0.6399999999999999,0.0,71874,58400,,,442711830.1610125,0.04010624103632388,0.045465134912790535
2020-08-17,0.0035240000579506,0.0037179999053478,0.0035000001080334,0.0035910001024603,77628715,0.0188340192580056,0.0184232221213504,DOGE-USD,0.0,0,0.0,0,0.0,0.0,0.6599999999999999,0.0,74019,61679,,,454649446.9650605,0.03386258954049548,0.04368260443052501
2020-08-18,0.0035929998848587,0.003709000069648,0.003482999978587,0.0035139999818056,62570291,-0.021675759189255,0.0160290746959271,DOGE-USD,0.0,0,0.0,0,0.0,0.0,0.6399999999999999,0.0,68258,55209,,,443604578.0923565,0.02714400769110592,0.04233554624628406
2020-08-19,0.0035079999361187,0.0035379999317228,0.0033680000342428,0.0034239999949932,53306857,-0.0259455277700074,0.0173865640699335,DOGE-USD,0.0,0,0.0,0,0.0,0.0,0.6000000000000001,0.0,66041,53976,,,435097145.5937903,0.02070260386387076,0.041094797114876465
2020-08-20,0.0034239999949932,0.0034990001004189,0.003389999968931,0.0034590000286698,43536656,0.0101700814262741,0.0171967609379009,DOGE-USD,0.0,0,0.0,0,0.0,0.0,0.5,0.0,71350,57463,,,435945317.96103257,0.017457565918016282,0.0400218606973245
2020-08-21,0.0034570000134408,0.0035540000535547,0.0033889999613165,0.0033929999917745,60621268,-0.0192650548656517,0.0177591748429003,DOGE-USD,0.0,0,0.0,0,0.0,0.0,0.6200000000000001,0.0,69746,55524,,,424483287.6796496,0.01735895933360244,0.039020345766333946
2020-08-22,0.00339199998416,0.0034469999372959,0.0033539999276399,0.0034419998992234,44884852,0.0143381851330054,0.0182975583275986,DOGE-USD,0.0,0,0.0,0,0.0,0.0,0.56,0.0,174621,59399,,,433727667.740758,0.01733382657485208,0.03805455525682667
2020-08-23,0.0034380001015961,0.0034529999829828,0.003387999953702,0.0034139999188482,39485548,-0.0081680679088878,0.0180814969591518,DOGE-USD,0.0,0,0.0,0,0.0,0.0,0.52,0.0,74062,59576,,,433708411.2489112,0.01774431102749702,0.0369901535017442
2020-08-24,0.0034099998883903,0.0034650000743567,0.0033859999384731,0.0034179999493062,46470522,0.0011709692600196,0.0178022554831148,DOGE-USD,0.0,0,0.0,0,0.0,0.0,0.56,0.0,72368,57490,,,427601388.16028553,0.01782744931013328,0.03554254849057319
2020-08-25,0.0034179999493062,0.0034340000711381,0.0032389999832957,0.003305000020191,76826314,-0.0336190904490913,0.0182095730721106,DOGE-USD,0.0,0,0.0,0,0.0,0.0,0.5,0.0,62802,51827,,,415924352.7831196,0.018030011736975222,0.0341759798652559
2020-08-26,0.0033009999897331,0.0033450000919401,0.0032510000746697,0.003303000004962,80416711,-0.0006053315019507,0.016345277413647,DOGE-USD,0.0,0,0.0,0,0.0,0.0,0.52,0.0,64305,52766,,,413937963.0274868,0.01774723225112456,0.03268180486704098
2020-08-27,0.0032999999821186,0.0033140000887215,0.0031649998854845,0.0032029999420046,89847093,-0.030743295390491,0.0173383568499407,DOGE-USD,0.0,0,0.0,0,0.0,0.0,0.5,0.0,67354,55880,,,405383658.24191934,0.01755539195559298,0.03123263511230796
2020-08-28,0.0032029999420046,0.0032709999941289,0.0031820000149309,0.0032679999712854,64056957,0.0200903156907196,0.0180920605004026,DOGE-USD,0.0,0,0.0,0,0.0,0.0,0.48,0.0,68244,51865,,,413652473.0596687,0.01755750466384314,0.029815537011793316
2020-08-29,0.0032669999636709,0.0033009999897331,0.0032420000061392,0.0032820000778883,78149363,0.004274848188704,0.0183044390536166,DOGE-USD,0.0,0,0.0,0,0.0,0.0,0.5800000000000001,0.0,64132,51265,,,413492640.6067124,0.0176579413779435,0.028431616243301486
2020-08-30,0.0032840000931173,0.0033440000843256,0.0032740000169724,0.0032999999821186,79325829,0.0054694466539482,0.0185336800096918,DOGE-USD,0.0,0,0.0,0,0.0,0.0,0.5,0.0,59923,46725,,,418666319.844084,0.01772276276545974,0.027052404994740407
2020-08-31,0.0033009999897331,0.0033080000430345,0.0032039999496191,0.0032210000790655,85369757,-0.0242305681578701,0.0178914739846587,DOGE-USD,0.0,0,0.0,0,0.0,0.0,0.5,0.0,141924,52445,,,405809271.71241647,0.01803200207966208,0.025632251853143204
2020-09-01,0.003220000071451,0.0032810000702738,0.0031940001063048,0.0032560001127421,81863764,0.0108075878703113,0.0180545316661465,DOGE-USD,0.0,0,0.0,0,0.0,0.0,0.5,0.0,68311,53716,,,417056977.0539575,0.01817523704290324,0.024255209301165016
2020-09-02,0.0032579998951405,0.0032659999560564,0.0030650000553578,0.0031220000237226,56647412,-0.0420256530744891,0.0198782914453094,DOGE-USD,0.0,0,0.0,0,0.0,0.0,0.6599999999999999,0.0,66094,51855,,,393808311.79342353,0.0185324832318846,0.02291613620977367
2020-09-03,0.0031220000237226,0.0031340001150965,0.0027900000568479,0.0028019999153912,59904548,-0.1081404119728252,0.0330121182930619,DOGE-USD,0.0,0,0.0,0,0.0,0.0,0.5800000000000001,0.0,97373,54771,,,354248283.1749072,0.02147401907977366,0.022160256150345007
2020-09-04,0.0027989998925477,0.0029579999390989,0.0027530000079423,0.0028989999555051,53434717,0.0340324168722109,0.0354698188767485,DOGE-USD,0.0,0,0.0,0,0.0,0.0,-0.1999999999999999,0.0,68124,54895,,,364047215.4323286,0.024861246853185,0.021516975920066538
2020-09-05,0.0028999999631196,0.0029339999891817,0.0027199999894946,0.0027580000460147,62295889,-0.0498600385359443,0.0360537910359674,DOGE-USD,0.0,0,0.0,0,0.0,0.0,-0.18,0.0,62994,52039,,,349554708.9163778,0.028493710263446735,0.020901530821423722
2020-09-06,0.0027580000460147,0.0028140000067651,0.0027040001004934,0.0027870000340044,89557154,0.0104599646456816,0.0366961143281115,DOGE-USD,0.0,0,0.0,0,0.0,0.0,-0.18,0.0,66057,52644,,,353298523.15213954,0.032222026795839735,0.02105035644237546
2020-09-07,0.0027870000340044,0.0028319999109953,0.0027079998981207,0.0028109999839216,102610335,0.008574525503691,0.0369913876773545,DOGE-USD,0.0,0,0.0,0,0.0,0.0,-0.18,0.0,65280,52683,,,361556498.8344596,0.03564464604224876,0.021902137347483867
2020-09-08,0.002820000052452,0.0028339999262243,0.0027000000700354,0.0027560000307857,57144396,-0.0197599218827203,0.0366084316320933,DOGE-USD,0.0,0,0.0,0,0.0,0.0,-0.18,0.0,62972,50052,,,350984616.5508157,0.03636390871005504,0.022728737779790363
2020-09-09,0.0027580000460147,0.0028069999534636,0.0027040001004934,0.0027789999730885,77050464,0.0083107767546124,0.0369164435858934,DOGE-USD,0.0,0,0.0,0,0.0,0.0,-0.24,0.0,65991,54421,,,353351412.9418337,0.03665323365188402,0.023678163638425197
2020-09-10,0.0027920000720769,0.002858999883756,0.0027520000003278,0.0028049999382346,104276032,0.0093123758784513,0.0369325113483842,DOGE-USD,0.0,0,0.0,0,0.0,0.0,-0.24,0.0,64767,51623,,,358935333.3788869,0.03682897771436738,0.024566615787445678
2020-09-11,0.0028049999382346,0.0028250000905245,0.0027419999241828,0.0028059999458491,134077501,0.0003564454271039,0.0360840595988354,DOGE-USD,0.0,0,0.0,0,0.0,0.0,-0.18,0.0,62605,49289,,,350510737.8746889,0.03670656676851216,0.0254251293629427
2020-09-12,0.0028019999153912,0.0028309999033808,0.0027809999883174,0.0028190000448375,117125272,0.0046222656554277,0.0360954063903077,DOGE-USD,0.0,0,0.0,0,0.0,0.0,-0.18,0.0,132241,52770,,,351107987.7577372,0.0365273705111028,0.026258594433279405
2020-09-13,0.0028190000448375,0.00282400008291,0.0027459999546408,0.002775999950245,124253232,-0.0153712033161763,0.0357985855024891,DOGE-USD,0.0,0,0.0,0,0.0,0.0,-0.24,0.0,60955,42637,,,347027484.96004546,0.03636540128518196,0.0270540956685017
2020-09-14,0.002775999950245,0.0028429999947547,0.0027419999241828,0.0028029999230057,128520946,0.009679219992822,0.0360790410260157,DOGE-USD,0.0,0,0.0,0,0.0,0.0,-0.2199999999999999,0.0,61952,44362,,,355528585.0683235,0.036197920773206424,0.02787216585335915
2020-09-15,0.0027989998925477,0.0028780000284314,0.0027850000187754,0.0028319999109953,100194174,0.0102928996891649,0.0360565412461886,DOGE-USD,0.0,0,0.0,0,0.0,0.0,-0.06,0.0,82779,43487,,,358762692.51535624,0.0360227267527673,0.028701906115317047
2020-09-16,0.0028309999033808,0.002858999883756,0.0027910000644624,0.002826000098139,148555505,-0.002120825413754,0.0348854205599521,DOGE-USD,0.0,0,0.0,0,0.0,0.0,-0.14,0.0,95049,39826,,,354478879.9217544,0.03578299894499064,0.02945989918294621
2020-09-17,0.00282400008291,0.002858999883756,0.0027809999883174,0.0028140000067651,161305349,-0.0042553578932345,0.0193193901871186,DOGE-USD,0.0,0,0.0,0,0.0,0.0,-0.04,0.0,64780,46189,,,353682085.6786833,0.03242779570435282,0.029595086127194917
2020-09-18,0.0028140000067651,0.0028250000905245,0.0027489999774843,0.0028039999306201,147868185,-0.0035600166671053,0.0167069340722575,DOGE-USD,0.0,0,0.0,0,0.0,0.0,-0.02,0.0,62115,39681,,,352268047.04315954,0.0286094654183065,0.02956638509184568
2020-09-19,0.0027960001025348,0.0028140000067651,0.0027729999274015,0.0027940000873059,147046520,-0.0035726523467797,0.009697759957012,DOGE-USD,0.0,0,0.0,0,0.0,0.0,-0.04,0.0,57050,36844,,,353231734.5744786,0.02333320920450576,0.029184825976237016
2020-09-20,0.0027940000873059,0.0028059999458491,0.0027220000047236,0.002777999965474,145951917,-0.0057430601786189,0.0094357858095903,DOGE-USD,0.0,0,0.0,0,0.0,0.0,0.04,0.0,59945,37493,,,350376356.9211085,0.0180090581171861,0.028781705374235824
2020-09-21,0.002777999965474,0.0028019999153912,0.0026159998960793,0.0026300000026822,78753428,-0.0547473846942651,0.0170192927711053,DOGE-USD,0.0,0,0.0,0,0.0,0.0,-0.04,0.0,59910,40373,,,333578270.325019,0.01443583255941674,0.02871286959066371
2020-09-22,0.0026249999646097,0.0026720000896602,0.002604000037536,0.0026559999678283,36467574,0.009837372291859,0.0168493166664537,DOGE-USD,0.0,0,0.0,0,0.0,0.0,-0.2199999999999999,0.0,65548,42927,,,334623643.5170529,0.01394181785528376,0.028665498803472574
2020-09-23,0.0026479999069124,0.0026509999297559,0.0025400000158697,0.0025599999353289,79707709,-0.0368139862720375,0.0187968787499932,DOGE-USD,0.0,0,0.0,0,0.0,0.0,-0.14,0.0,66977,45765,,,318777742.75318587,0.014359806790830898,0.02869924185273833
2020-09-24,0.0025569999124854,0.0026499999221414,0.0025359999854117,0.0026279999874532,111915974,0.0262158626187495,0.0203272294214939,DOGE-USD,0.0,0,0.0,0,0.0,0.0,-0.2199999999999999,0.0,143500,57002,,,330104532.9867204,0.01648570068372728,0.02871964812438308
2020-09-25,0.0026279999874532,0.0027209999971091,0.0026159998960793,0.0026980000548064,124575712,0.0262876822512084,0.0219367873071814,DOGE-USD,0.0,0,0.0,0,0.0,0.0,-0.0799999999999999,0.0,72425,50301,,,344583194.4219057,0.0189859009832455,0.02821622398866124
2020-09-26,0.0026990000624209,0.0027530000079423,0.0026779999025166,0.0027159999590367,108180296,0.0066494165149318,0.0219961822732833,DOGE-USD,0.0,0,0.0,0,0.0,0.0,-0.0999999999999999,0.0,60726,40339,,,342902855.4952445,0.0199812788836811,0.027603785961231007
2020-09-27,0.0026970000471919,0.0027340000960975,0.0026640000287443,0.0026920000091195,76293172,-0.0088757794441206,0.0217748044118476,DOGE-USD,0.0,0,0.0,0,0.0,0.0,-0.06,0.0,66065,39636,,,342975217.9084218,0.020966376432759882,0.026954741114680103
2020-09-28,0.0027089999057352,0.0027399999089539,0.0026400000788271,0.0026519999373704,102662350,-0.0149703664624801,0.0217373695762242,DOGE-USD,0.0,0,0.0,0,0.0,0.0,-0.14,0.0,64052,39447,,,333131460.38328725,0.02155447459800608,0.026274798171412497
2020-09-29,0.0026620000135153,0.0027099999133497,0.0026360000483691,0.002684999955818,109463113,0.0123666627980929,0.0218487119099855,DOGE-USD,0.0,0,0.0,0,0.0,0.0,-0.0999999999999999,0.0,66958,41727,,,337232976.5316732,0.021858771095704402,0.025586494727441178
2020-09-30,0.002682999940589,0.002684999955818,0.0026169999036937,0.0026300000026822,106684832,-0.0206968642962035,0.022297853507774,DOGE-USD,0.0,0,0.0,0,0.0,0.0,-0.02,0.0,59893,36028,,,333305201.1314884,0.02193098433582292,0.024936013903608487
2020-10-01,0.0026310000102967,0.0026819999329745,0.0025839998852461,0.0026159998960793,116194992,-0.0053374533396105,0.0222964482942852,DOGE-USD,0.0,0,0.0,0,0.0,0.0,-0.0999999999999999,0.0,65177,43536,,,330928225.0613362,0.021991037540023302,0.02427146866308084
2020-10-02,0.0026140001136809,0.0026279999874532,0.0025390000082552,0.0025830001104623,128239855,-0.0126948369910903,0.022377914992024,DOGE-USD,0.0,0,0.0,0,0.0,0.0,-0.18,0.0,125274,41210,,,327541025.29209965,0.02211165965605858,0.023609896101428104
2020-10-03,0.0025830001104623,0.0026400000788271,0.0025740000419318,0.0025989999994635,116046378,0.0061751985741262,0.0226051866442954,DOGE-USD,0.0,0,0.0,0,0.0,0.0,-0.1999999999999999,0.0,66835,38090,,,328424062.78705376,0.02228522306967282,0.022997220058039922
2020-10-04,0.002606000052765,0.0026819999329745,0.0025899999309331,0.0026350000407546,92364518,0.0137564420070455,0.0231609088304494,DOGE-USD,0.0,0,0.0,0,0.0,0.0,-0.16,0.0,59665,37100,,,333066182.193352,0.022547662453765598,0.022409288350773635
2020-10-05,0.0026320000179111,0.0026620000135153,0.0025989999994635,0.0026120000984519,127881032,-0.0087669483536326,0.0180794579239625,DOGE-USD,0.0,0,0.0,0,0.0,0.0,-0.16,0.0,64153,39850,,,331237491.5440871,0.021703983337003303,0.021603873460840608
2020-10-06,0.0026120000984519,0.0026279999874532,0.0025740000419318,0.0026110000908374,105669881,-0.0003829245990698,0.0178350413606801,DOGE-USD,0.0,0,0.0,0,0.0,0.0,-0.06,0.0,69756,39185,,,327660927.15869886,0.02081170195028228,0.0207746007487799
2020-10-07,0.0025929999537765,0.0026120000984519,0.0025649999734014,0.0025949999690055,125523508,-0.0061468198333393,0.0147422798435351,DOGE-USD,0.0,0,0.0,0,0.0,0.0,-0.14,0.0,58268,37154,,,327811214.8296468,0.019284574920584503,0.019805770685022924
2020-10-08,0.0025839998852461,0.0026310000102967,0.0025599999353289,0.00259599997662,109356096,0.0003852851617562,0.0128322902135259,DOGE-USD,0.0,0,0.0,0,0.0,0.0,-0.0799999999999999,0.0,57402,37271,,,330183831.4411728,0.0173299956344306,0.018803355669276278
2020-10-09,0.0026159998960793,0.0026670000515878,0.0025949999690055,0.0026529999449849,100051523,0.0217192645829577,0.0121271393815074,DOGE-USD,0.0,0,0.0,0,0.0,0.0,-0.04,0.0,57343,35581,,,337542486.02348864,0.015123241744642201,0.018476435178112132
2020-10-10,0.0026539999525994,0.0027159999590367,0.0026539999525994,0.0026549999602138,96632426,0.0007535852898856,0.0119343758553912,DOGE-USD,0.0,0,0.0,0,0.0,0.0,0.06,0.0,61131,37942,,,336969364.4147204,0.01389422533092794,0.018259500713709118
2020-10-11,0.0026670000515878,0.0027060001157224,0.0026489999145269,0.0026740001048892,107632465,0.0071308781968043,0.0119527697236935,DOGE-USD,0.0,0,0.0,0,0.0,0.0,0.1,0.0,62699,39011,,,338749547.4626049,0.01271777100353062,0.018362001157649185
2020-10-12,0.0026740001048892,0.0027079998981207,0.0026289999950677,0.0026730000972747,101246789,-0.000374044356964,0.0112047121397337,DOGE-USD,0.0,0,0.0,0,0.0,0.0,0.04,0.0,63838,40825,,,339501315.2515086,0.012010257462770341,0.018442406899928432
2020-10-13,0.0026670000515878,0.0026769998949021,0.0026269999798387,0.0026350000407546,76963142,-0.0143182760883981,0.0113115862433722,DOGE-USD,0.0,0,0.0,0,0.0,0.0,0.1200000000000001,0.0,64427,39767,,,336166757.4142937,0.0117061166687396,0.01818296569412238
2020-10-14,0.0026340000331401,0.0026529999449849,0.0026179999113082,0.0026370000559836,87293434,0.0007587311412115,0.0098462239214912,DOGE-USD,0.0,0,0.0,0,0.0,0.0,0.06,0.0,121575,39721,,,336395920.1259138,0.01124993357673636,0.017864643296624086
2020-10-15,0.0026499999221414,0.0026509999297559,0.0025690000038594,0.0025929999537765,83794207,-0.0168264398709053,0.0107771147289629,DOGE-USD,0.0,0,0.0,0,0.0,0.0,0.1200000000000001,0.0,60354,36953,,,328937482.0889772,0.0110184813514507,0.017500108568395435
2020-10-16,0.0025949999690055,0.0026159998960793,0.0025569999124854,0.0026120000984519,117882236,0.0073007603760612,0.010372706762887,DOGE-USD,0.0,0,0.0,0,0.0,0.0,0.04,0.0,59433,37475,,,330304945.48826253,0.010702468759289398,0.017047630265731487
2020-10-17,0.0026030000299215,0.0026120000984519,0.0025730000343173,0.0025810000952333,125692391,-0.0119392914720483,0.0107723892601986,DOGE-USD,0.0,0,0.0,0,0.0,0.0,0.1200000000000001,0.0,62381,38291,,,326853011.7463026,0.01061600418338238,0.01654015762723227
2020-10-18,0.0025810000952333,0.0026010000146925,0.0025770000647753,0.0025859999004751,72298803,0.0019352842293274,0.0100052472828123,DOGE-USD,0.0,0,0.0,0,0.0,0.0,0.1,0.0,61509,37438,,,327670615.11717784,0.0103547363912704,0.015995115127665403
2020-10-19,0.0025949999690055,0.0026189999189227,0.0025720000267028,0.0025899999309331,91049562,0.0015456071810541,0.0097938427104493,DOGE-USD,0.0,0,0.0,0,0.0,0.0,0.1,0.0,118435,42394,,,331519753.3124277,0.010344260149062019,0.015450525959420026
2020-10-20,0.0025899999309331,0.0026229999493807,0.0025810000952333,0.0026010000146925,65577101,0.0042381430706244,0.0098793699983198,DOGE-USD,0.0,0,0.0,0,0.0,0.0,0.1200000000000001,0.0,65015,40065,,,327555885.1785285,0.010164711202933401,0.01491152597860619
2020-10-21,0.002600000007078,0.0026569999754428,0.002593999961391,0.0026300000026822,45017115,0.0110878550942037,0.010161063214691,DOGE-USD,0.0,0,0.0,0,0.0,0.0,0.2199999999999999,0.0,62036,39818,,,333212994.37008923,0.0101223824932942,0.014380269219729168
2020-10-22,0.0026269999798387,0.002688999986276,0.0026239999569952,0.0026549999602138,44976453,0.009460792499029,0.0104082768562558,DOGE-USD,0.0,0,0.0,0,0.0,0.0,0.4599999999999999,0.0,60118,37668,,,336668025.384132,0.01004956001250564,0.013839833917387433
2020-10-23,0.0026489999145269,0.002691000001505,0.0026370000559836,0.0026469998992979,46856082,-0.003017754507431,0.0086886604418278,DOGE-USD,0.0,0,0.0,0,0.0,0.0,0.48,0.0,61317,38168,,,336697973.5278581,0.00978624264430874,0.013221298105912094
2020-10-24,0.0026469998992979,0.0026529999449849,0.0026239999569952,0.0026459998916834,44797614,-0.0003778604443157,0.0086847529586065,DOGE-USD,0.0,0,0.0,0,0.0,0.0,0.4599999999999999,0.0,60622,39840,,,335894496.600719,0.009564424693940182,0.012598881649847661
2020-10-25,0.0026449998840689,0.0026759998872876,0.0026239999569952,0.0026529999449849,58532388,0.0026420296618612,0.0084718460603429,DOGE-USD,0.0,0,0.0,0,0.0,0.0,0.52,0.0,110698,39283,,,337804274.79570955,0.0092829199063448,0.01195645707784982
2020-10-26,0.0026529999449849,0.0028929999098181,0.0026360000483691,0.002678999910131,122152251,0.0097525025981132,0.008910197074384,DOGE-USD,0.0,0,0.0,0,0.0,0.0,0.5,0.0,72389,46552,,,338925213.3338153,0.009032746678283401,0.011308697452574124
2020-10-27,0.002678999910131,0.0027079998981207,0.0026300000026822,0.0026769998949021,78927089,-0.0007468317381443,0.0078941690916385,DOGE-USD,0.0,0,0.0,0,0.0,0.0,0.2199999999999999,0.0,61875,39355,,,338895144.8396811,0.00852992512535994,0.010845729778377576
2020-10-28,0.0026769998949021,0.0026970000471919,0.0025750000495463,0.0025949999690055,72848720,-0.0311102206046829,0.0116910626135536,DOGE-USD,0.0,0,0.0,0,0.0,0.0,0.3999999999999999,0.0,63985,40927,,,328254324.5438644,0.009130405559705101,0.010566458017144554
2020-10-29,0.0025949999690055,0.0026229999493807,0.0025180000811815,0.0025810000952333,58929515,-0.0054095470396392,0.0108835167103511,DOGE-USD,0.0,0,0.0,0,0.0,0.0,0.3400000000000001,0.0,98318,42268,,,327900264.3391764,0.00957015831005402,0.010391059692908919
2020-10-30,0.0025810000952333,0.0026070000603795,0.0025329999625682,0.002597999991849,63444097,0.0065649574767047,0.0108455360641567,DOGE-USD,0.0,0,0.0,0,0.0,0.0,0.48,0.0,65130,40326,,,330268537.84340286,0.01004489631081678,0.01030075268611941
2020-10-31,0.002597999991849,0.0026030000299215,0.0025559999048709,0.0025760000571608,56189318,-0.0085040846791397,0.0106000753846808,DOGE-USD,0.0,0,0.0,0,0.0,0.0,0.4599999999999999,0.0,64329,40464,,,324304045.4807403,0.01038287197287614,0.010231340686263656
2020-11-01,0.0025760000571608,0.0025899999309331,0.0025609999429434,0.0025820001028478,45528682,0.0023265018251863,0.0106064766278414,DOGE-USD,0.0,0,0.0,0,0.0,0.0,0.4399999999999999,0.0,63777,39140,,,324192750.3061539,0.010925333480116721,0.010170981630465937
2020-11-02,0.0025820001028478,0.0025919999461621,0.002515000058338,0.002517000073567,50142376,-0.0254965868758252,0.0125634953539187,DOGE-USD,0.0,0,0.0,0,0.0,0.0,0.4199999999999999,0.0,66874,40442,,,319117584.9271679,0.01109982002818974,0.010198741886385265
2020-11-03,0.002517000073567,0.0025299999397248,0.0024520000442862,0.0025279999244958,62871653,0.0043607010362086,0.0125682498295587,DOGE-USD,0.0,0,0.0,0,0.0,0.0,0.4199999999999999,0.0,121684,44150,,,320221735.5795292,0.01143676665203126,0.0102607208722864
2020-11-04,0.0025279999244958,0.0025579999200999,0.0024969999212771,0.0025329999625682,52552651,0.0019759098244666,0.0120622376760019,DOGE-USD,0.0,0,0.0,0,0.0,0.0,0.48,0.0,69930,38839,,,324658179.4658134,0.011680106974400301,0.010294841391951387
2020-11-05,0.0025329999625682,0.0026390000712126,0.0024959999136626,0.0026169999036937,31611963,0.0326242305058612,0.015069915487342,DOGE-USD,0.0,0,0.0,0,0.0,0.0,0.4399999999999999,0.0,89180,36820,,,337778572.96122134,0.01257407499493254,0.010532281917671877
2020-11-06,0.0026169999036937,0.0028009999077767,0.0026080000679939,0.0027600000612437,54267546,0.053202115171054,0.0208727050761028,DOGE-USD,0.0,0,0.0,0,0.0,0.0,0.8,0.0,77288,37108,,,349848224.4251156,0.014627320684584822,0.010991172387996418
2020-11-07,0.0027600000612437,0.0028190000448375,0.0026120000984519,0.0026710000820457,44610219,-0.0327777370737506,0.0229656161408356,DOGE-USD,0.0,0,0.0,0,0.0,0.0,0.76,0.0,73306,36082,,,339559420.1817104,0.0167077448419682,0.011563577359721355
2020-11-08,0.0026710000820457,0.0027419999241828,0.0026579999830573,0.0027109999209642,22754531,0.0148645765177188,0.0232764958387389,DOGE-USD,0.0,0,0.0,0,0.0,0.0,0.6399999999999999,0.0,65005,35794,,,344236393.3766401,0.01884939404380424,0.012131945840564096
2020-11-09,0.0027109999209642,0.0027860000263899,0.0026630000211298,0.0026700000744313,28124348,-0.0152390410737499,0.0235552608745822,DOGE-USD,0.0,0,0.0,0,0.0,0.0,0.8,0.0,79264,38249,,,340060098.02384335,0.0211479986835203,0.012747855549280908
2020-11-10,0.0026700000744313,0.0028510000556707,0.0026549999602138,0.0027530000079423,39633173,0.0306127287563898,0.0249529808754279,DOGE-USD,0.0,0,0.0,0,0.0,0.0,0.8,0.0,78900,38743,,,353549294.5884492,0.02312461176113748,0.013436907284052663
2020-11-11,0.0027530000079423,0.0028369999490678,0.0027530000079423,0.0027689998969435,33138759,0.0057949779254614,0.0230639998744231,DOGE-USD,0.0,0,0.0,0,0.0,0.0,0.72,0.0,127904,40181,,,351015746.5538124,0.02356287072080154,0.014036208642057358
2020-11-12,0.0027689998969435,0.0027910000644624,0.0027469999622553,0.0027789999730885,24028261,0.0036049341055881,0.0228871419072575,DOGE-USD,0.0,0,0.0,0,0.0,0.0,0.74,0.0,74728,36829,,,355632651.52624774,0.023547175874085922,0.014614666764446744
2020-11-13,0.0027789999730885,0.0028359999414533,0.0027769999578595,0.0028210000600665,29217750,0.0150003122360257,0.0230341457061871,DOGE-USD,0.0,0,0.0,0,0.0,0.0,0.78,0.0,68340,37373,,,360941215.2299323,0.02349870584757556,0.015188569893989078
2020-11-14,0.0028210000600665,0.0028210000600665,0.0027209999971091,0.0027729999274015,30334380,-0.0171617128593487,0.0235602918342402,DOGE-USD,0.0,0,0.0,0,0.0,0.0,0.8,0.0,59473,35874,,,353362099.2968461,0.02349971203950716,0.015864553139098733
2020-11-15,0.0027729999274015,0.0028129999991506,0.0027389999013394,0.0027749999426305,25131683,0.0007209860715489,0.0235795879604205,DOGE-USD,0.0,0,0.0,0,0.0,0.0,0.72,0.0,133889,38504,,,352767507.77016586,0.02322503345650568,0.016541591093726642
2020-11-16,0.0027749999426305,0.0030090000946074,0.0027570000384002,0.0028860000893473,52063283,0.0392207647858562,0.023452936958114,DOGE-USD,0.0,0,0.0,0,0.0,0.0,0.8,0.0,78637,39976,,,370758751.364549,0.02330282087324386,0.017222549770898054
2020-11-17,0.0029080000240355,0.0029760000761598,0.0028860000893473,0.0029360000044107,46631464,0.0171766209439952,0.0234755934355363,DOGE-USD,0.0,0,0.0,0,0.0,0.0,0.72,0.0,78720,39161,,,371769880.7919299,0.02342051117889962,0.017884613241859523
2020-11-18,0.0029360000044107,0.0029990000184625,0.0028550000861287,0.00290900003165,49460064,-0.0092387218614511,0.0239815888923845,DOGE-USD,0.0,0,0.0,0,0.0,0.0,0.8200000000000001,0.0,74084,37074,,,370891014.96951085,0.0236099998161391,0.018615859596438886
2020-11-19,0.00290900003165,0.0029599999543279,0.0028679999522864,0.002911000046879,40330643,0.0006872904744773,0.0231570804208532,DOGE-USD,0.0,0,0.0,0,0.0,0.0,0.8799999999999999,0.0,111911,40777,,,372001874.4118948,0.0235293575334617,0.019137042224043412
2020-11-20,0.002911000046879,0.0030110001098364,0.0029080000240355,0.0029839999042451,57656465,0.0247679693844907,0.0198629296686669,DOGE-USD,0.0,0,0.0,0,0.0,0.0,0.72,0.0,79124,39428,,,382668122.33514017,0.022786025875110978,0.019545197358512314
2020-11-21,0.0029839999042451,0.0035490000154823,0.0029839999042451,0.0035069999285042,162641694,0.1614963005193678,0.04409260084822,DOGE-USD,0.0,0,0.0,0,0.0,0.0,0.8200000000000001,0.0,81142,42719,,,447500623.8090931,0.026913958653132182,0.021056427575969736
2020-11-22,0.0035069999285042,0.0036599999293684,0.0031810000073164,0.0033289999701082,121660410,-0.0520890011577546,0.0480790431901755,DOGE-USD,0.0,0,0.0,0,0.0,0.0,0.8799999999999999,0.0,106982,36673,,,429531066.2230136,0.031834648604060024,0.02276001702167404
2020-11-23,0.0033289999701082,0.0036480000708252,0.0032319999299943,0.0036480000708252,101561039,0.0915071420131965,0.0513259587156018,DOGE-USD,0.0,0,0.0,0,0.0,0.0,0.8,0.0,77722,39509,,,451922053.96912426,0.03730352256870348,0.0246109025711177
2020-11-24,0.0036450000479817,0.0042039998807013,0.0035790000110864,0.0042039998807013,266716036,0.1418573330103861,0.060503707639966,DOGE-USD,0.0,0,0.0,0,0.0,0.0,0.76,0.0,83340,42004,,,523729570.0932957,0.04477284801252604,0.02679000312957439
2020-11-25,0.0041999998502433,0.0042559998109936,0.0036420000251382,0.0037269999738782,174459927,-0.1204328111489409,0.0726188407111221,DOGE-USD,0.0,0,0.0,0,0.0,0.0,0.8799999999999999,0.0,75994,39647,,,468786016.64175695,0.05532403022101708,0.029519575442372728
2020-11-26,0.0037269999738782,0.0037930000107735,0.0029800001066178,0.0032500000670552,175520294,-0.136948596514315,0.0840568128883266,DOGE-USD,0.0,0,0.0,0,0.0,0.0,0.8600000000000001,0.0,82557,41294,,,415190176.3347937,0.0633168726290384,0.032792056133842035
2020-11-27,0.0032500000670552,0.0033549999352544,0.0030930000357329,0.0032750000245869,92323023,0.0076628596206475,0.0840540564177795,DOGE-USD,0.0,0,0.0,0,0.0,0.0,0.72,0.0,146940,39533,,,417161093.1299479,0.0705118752745592,0.03592769890340737
2020-11-28,0.0032750000245869,0.0034700001124292,0.0032470000442117,0.0034050000831484,58033650,0.0389270874263289,0.0839626636571558,DOGE-USD,0.0,0,0.0,0,0.0,0.0,0.74,0.0,72642,37887,,,433289547.40340513,0.07703921626287,0.038795424293455234
2020-11-29,0.0034050000831484,0.0035300001036375,0.0033579999580979,0.0034479999449104,46319972,0.012549372803187,0.0838710151880997,DOGE-USD,0.0,0,0.0,0,0.0,0.0,0.78,0.0,71559,38822,,,435999198.3744669,0.08171267777249673,0.04156385152287633
2020-11-30,0.0034479999449104,0.0035800000187009,0.0034139999188482,0.0035510000307112,68622736,0.0294349257853966,0.0836988105339898,DOGE-USD,0.0,0,0.0,0,0.0,0.0,0.76,0.0,76242,39405,,,454054755.5141224,0.08392867173707028,0.044310320372660465
2020-12-01,0.0035510000307112,0.003571999957785,0.0032689999788999,0.0033350000157952,80163603,-0.0627565785057949,0.0862135889247943,DOGE-USD,0.0,0,0.0,0,0.0,0.0,0.8999999999999999,0.0,77285,39238,,,422402088.25289327,0.08436002694436381,0.04715842619312465
2020-12-02,0.0033350000157952,0.0034360000863671,0.0032929999288171,0.0033740000799298,58705661,0.0116263237099196,0.0860523462386734,DOGE-USD,0.0,0,0.0,0,0.0,0.0,0.8400000000000001,0.0,76959,39339,,,429975325.2669184,0.0847596849085426,0.049935670073272174
2020-12-03,0.0033750000875443,0.0035000001080334,0.0033519999124109,0.0034280000254511,47907032,0.0158780003463247,0.0860136098979506,DOGE-USD,0.0,0,0.0,0,0.0,0.0,0.8400000000000001,0.0,68321,38019,,,436895611.5330564,0.08516987415670156,0.05279701598343252
2020-12-04,0.0034290000330656,0.0034469999372959,0.0032850001007318,0.0032979999668896,45062222,-0.0386607940621585,0.0869365831013036,DOGE-USD,0.0,0,0.0,0,0.0,0.0,0.8400000000000001,0.0,127396,40112,,,420759792.551717,0.08578298773934234,0.05570835421952552
2020-12-05,0.0032969999592751,0.0034139999188482,0.0032679999712854,0.0033970000222325,43386583,0.0295764816253277,0.0752890824333256,DOGE-USD,0.0,0,0.0,0,0.0,0.0,0.8600000000000001,0.0,58657,35625,,,432091393.2018682,0.0841010421192095,0.058083578616213626
2020-12-06,0.0033970000222325,0.0034419998992234,0.0033430000767111,0.003387999953702,40936574,-0.0026529325986559,0.0739199505282348,DOGE-USD,0.0,0,0.0,0,0.0,0.0,0.8999999999999999,0.0,57910,34504,,,431382047.51466006,0.0816423144398976,0.0603726540113952
2020-12-07,0.003387999953702,0.003400000045076,0.0033199999015778,0.0033420000690966,36923814,-0.0136703122760943,0.0692382658825154,DOGE-USD,0.0,0,0.0,0,0.0,0.0,0.8799999999999999,0.0,90322,39258,,,426805486.1329991,0.078279498368666,0.062448048462399514
2020-12-08,0.0033430000767111,0.0033609999809414,0.0031379999127238,0.0031789999920874,52702701,-0.0500027714087812,0.0552389200223521,DOGE-USD,0.0,0,0.0,0,0.0,0.0,0.8999999999999999,0.0,77755,38788,,,403785742.17860025,0.0721245603935463,0.06389286587441033
2020-12-09,0.0031789999920874,0.0031820000149309,0.0030159999150782,0.0031580000650137,45746722,-0.0066277430192136,0.0470888936553019,DOGE-USD,0.0,0,0.0,0,0.0,0.0,0.72,0.0,116196,38452,,,403709613.30368495,0.06415502250434596,0.06496619770258151
2020-12-10,0.0031580000650137,0.0031649998854845,0.0030660000629723,0.0031049998942762,33740988,-0.0169252550845282,0.030595152506682,DOGE-USD,0.0,0,0.0,0,0.0,0.0,0.8799999999999999,0.0,62585,37558,,,396131294.5936397,0.055216236519017234,0.06526681423050412
2020-12-11,0.0031049998942762,0.0031099999323487,0.0030090000946074,0.00307899992913,41712942,-0.0084088354107534,0.0304549759243956,DOGE-USD,0.0,0,0.0,0,0.0,0.0,0.78,0.0,79185,37125,,,392822913.3942277,0.0465232415982494,0.06559853675339242
2020-12-12,0.00307899992913,0.0031840000301599,0.0030749998986721,0.0031630001030862,35466155,0.026916130989621,0.0292870900508827,DOGE-USD,0.0,0,0.0,0,0.0,0.0,0.8,0.0,69535,37887,,,403052818.09189045,0.03853300643192285,0.06602690767985676
2020-12-13,0.0031640001107007,0.0032740000169724,0.0031530000269412,0.0032560001127421,37464323,0.0289785058514758,0.0303651574953145,DOGE-USD,0.0,0,0.0,0,0.0,0.0,0.8200000000000001,0.0,70914,37965,,,416977647.1284585,0.03355825392651534,0.06540293298199741
2020-12-14,0.0032560001127421,0.0032790000550448,0.0031989999115467,0.0032309999223798,36238516,-0.0077078199474789,0.0287923569135865,DOGE-USD,0.0,0,0.0,0,0.0,0.0,0.8999999999999999,0.0,75503,40552,,,412137728.2256372,0.02989894657817226,0.06452626542397065
2020-12-15,0.0032299999147653,0.0032500000670552,0.0031779999844729,0.0032059999648481,37127782,-0.0077676195958231,0.0238985378619954,DOGE-USD,0.0,0,0.0,0,0.0,0.0,0.8200000000000001,0.0,76404,41136,,,409219637.8365738,0.02855962364923494,0.06327956447607945
2020-12-16,0.0032049999572336,0.0034219999797642,0.0031860000453889,0.0034159999340772,50989880,0.0634462134051284,0.0296327480837972,DOGE-USD,0.0,0,0.0,0,0.0,0.0,0.8400000000000001,0.0,76603,41235,,,438676492.5288652,0.028395178081115257,0.061876339041708146
2020-12-17,0.0034159999340772,0.0041129998862743,0.0034060000907629,0.0037299999967217,172736659,0.0879379761487372,0.0376195710407264,DOGE-USD,0.0,0,0.0,0,0.0,0.0,0.8400000000000001,0.0,155503,45703,,,477477722.0520844,0.030061674279084,0.06028546314759924
2020-12-18,0.0037299999967217,0.003969999961555,0.003618000075221,0.0038580000400543,101799430,0.0337406920888485,0.0359423578205611,DOGE-USD,0.0,0,0.0,0,0.0,0.0,0.8999999999999999,0.0,74469,39374,,,488230159.0184823,0.031177114344133318,0.058098442462700815
2020-12-19,0.0038590000476688,0.0040179998613893,0.0038099999073892,0.0039269998669624,98447179,0.017726816852529,0.0356144095053797,DOGE-USD,0.0,0,0.0,0,0.0,0.0,0.8600000000000001,0.0,62907,37491,,,501535443.3561776,0.03254152486249196,0.055896640330319
2020-12-20,0.0039260000921785,0.0046780002303421,0.0038270000368356,0.0046250000596046,508066004,0.1636006421336662,0.0539440074094203,DOGE-USD,0.0,0,0.0,0,0.0,0.0,0.8400000000000001,0.0,68771,41695,,,593464840.7305187,0.03855061877197694,0.054532155955421935
2020-12-21,0.0046270000748336,0.0054060001857578,0.0043629999272525,0.0047869998961687,664160057,0.0344275048682291,0.0530050917745891,DOGE-USD,0.0,0,0.0,0,0.0,0.0,0.8400000000000001,0.0,139920,43747,,,617190735.6822361,0.04322508751013532,0.053129159436625994
2020-12-22,0.0047840001061558,0.004842999856919,0.0043700002133846,0.0045079998672008,239288785,-0.06005032200113,0.0541638154315899,DOGE-USD,0.0,0,0.0,0,0.0,0.0,0.76,0.0,77054,38037,,,574277443.3469514,0.04653393638830802,0.051786659659244186
2020-12-23,0.0045079998672008,0.0047349999658763,0.0036400000099092,0.0037680000532418,205080908,-0.1793091958748594,0.0768278631350515,DOGE-USD,0.0,0,0.0,0,0.0,0.0,0.8600000000000001,0.0,73837,36636,,,490607092.4456602,0.05471103745120609,0.05136003575971042
2020-12-24,0.0037680000532418,0.0045770001597702,0.0036969999782741,0.0045699998736381,143405580,0.1929688064116993,0.0899747615334747,DOGE-USD,0.0,0,0.0,0,0.0,0.0,0.72,0.0,73180,38541,,,581418091.5009127,0.0655831078568251,0.05153832736401957
2020-12-25,0.0045699998736381,0.0046129999682307,0.0043950001709163,0.004581999965012,136819917,0.0026223991395347,0.0896829225583094,DOGE-USD,0.0,0,0.0,0,0.0,0.0,0.8799999999999999,0.0,70513,38198,,,583862241.0070959,0.07273089088660292,0.051705114303126784
2020-12-26,0.0045810001902282,0.0046399999409914,0.0044229999184608,0.0044940002262592,151728507,-0.0193923522852582,0.0905910582142357,DOGE-USD,0.0,0,0.0,0,0.0,0.0,0.8600000000000001,0.0,70373,38934,,,578276825.5259734,0.08024808417453223,0.05187122680826006
2020-12-27,0.004492999985814,0.0048050000332295,0.0044289999641478,0.0045480001717805,154526399,0.0119443895487716,0.0906491489635961,DOGE-USD,0.0,0,0.0,0,0.0,0.0,0.8200000000000001,0.0,70475,36821,,,586366575.1535082,0.08754515088093348,0.05256941165054509
2020-12-28,0.0045480001717805,0.0047160000540316,0.0045230002142488,0.004592000041157,99641525,0.0096280543211618,0.0903023444024177,DOGE-USD,0.0,0,0.0,0,0.0,0.0,0.8400000000000001,0.0,78170,39366,,,579630054.3081667,0.09024004713440673,0.05331406591755341
2020-12-29,0.004592000041157,0.0046080001629889,0.0042779999785125,0.0044860001653432,90876497,-0.023354195024392,0.0908333749324962,DOGE-USD,0.0,0,0.0,0,0.0,0.0,0.8200000000000001,0.0,76655,38180,,,574270822.2294842,0.09041176981421102,0.05429566178346162
2020-12-30,0.0044869999401271,0.0047030001878738,0.0044530001468956,0.0046359999105334,94834499,0.0328904332236437,0.0901772610144262,DOGE-USD,0.0,0,0.0,0,0.0,0.0,0.8200000000000001,0.0,155318,40217,,,596123111.6376584,0.09051063750543438,0.05588376819219227
2020-12-31,0.0046359999105334,0.0047430000267922,0.0045529999770224,0.0046819997951388,85498337,0.0098734191343837,0.0881650311759485,DOGE-USD,0.0,0,0.0,0,0.0,0.0,0.8999999999999999,0.0,67777,34963,,,604305286.3706334,0.09002543209777694,0.05775086535222165
2021-01-01,0.0046810000203549,0.0056850002147257,0.0046149999834597,0.0056850002147257,228961515,0.1941058396594122,0.1002090061518351,DOGE-USD,0.0,0,0.0,0,0.0,0.0,0.8799999999999999,0.0,67451,34595,,,710350229.2962285,0.09193740353542475,0.06091513142700134
2021-01-02,0.0056859999895095,0.0136980004608631,0.0055840001441538,0.0106149995699524,3421562680,0.6244368896689525,0.1881605269421009,DOGE-USD,0.0,0,0.0,0,0.0,0.0,0.8799999999999999,0.0,112109,57582,,,1344301701.2066965,0.11150904004336137,0.06808356556416977
2021-01-03,0.010602000169456,0.0138670001178979,0.0094090001657605,0.0097709996625781,2707003608,-0.082849274212818,0.1903492995521687,DOGE-USD,0.0,0,0.0,0,0.0,0.0,0.8600000000000001,0.0,93892,45008,,,1278625894.4635656,0.13141222496729588,0.0754045750869555
2021-01-04,0.0097850002348423,0.0114209996536374,0.0078779999166727,0.0097669996321201,1372398979,-0.0004094616294663,0.1908438035886917,DOGE-USD,0.0,0,0.0,0,0.0,0.0,0.8799999999999999,0.0,87332,39268,,,1239954696.086751,0.151545533482149,0.08269905900029083
2021-01-05,0.0097669996321201,0.0102190002799034,0.0089720003306865,0.0099200000986456,687256067,0.0155436124411589,0.1885173147065399,DOGE-USD,0.0,0,0.0,0,0.0,0.0,0.8600000000000001,0.0,118879,33127,,,1258680727.189976,0.1716159901882673,0.08995928435451597
2021-01-06,0.0099229998886585,0.0108540002256631,0.0096850004047155,0.0104649998247623,749915516,0.0534834079119423,0.1759835789802688,DOGE-USD,0.0,0,0.0,0,0.0,0.0,0.8999999999999999,0.0,68099,31141,,,1329320311.723312,0.186770904753954,0.09687224076898295
2021-01-07,0.0104539999738335,0.0105320001021027,0.0091620003804564,0.0097420001402497,520644706,-0.0715898893720945,0.1763100422754497,DOGE-USD,0.0,0,0.0,0,0.0,0.0,0.8200000000000001,0.0,75727,32604,,,1231217208.3109584,0.18440080782062376,0.10353939050496716
2021-01-08,0.0097430003806948,0.0102850003167986,0.0089859999716281,0.0098460000008344,394462164,0.0106188316400095,0.1761434375112091,DOGE-USD,0.0,0,0.0,0,0.0,0.0,0.8600000000000001,0.0,63081,29951,,,1276420685.786837,0.18155963541243186,0.1098359298899891
2021-01-09,0.0098329996690154,0.0107399998232722,0.0097399996593594,0.0101939998567104,485842353,0.0347340164408242,0.1749837506885934,DOGE-USD,0.0,0,0.0,0,0.0,0.0,0.8600000000000001,0.0,60405,31095,,,1316906505.9405928,0.1783876248324122,0.11615599320217238
2021-01-10,0.0101929996162652,0.0108669996261596,0.0091770002618432,0.009859999641776,458583519,-0.0333131655780672,0.1763229905174048,DOGE-USD,0.0,0,0.0,0,0.0,0.0,0.8799999999999999,0.0,63373,29614,,,1254885495.6440008,0.17594875999458515,0.12255183779362806
2021-01-11,0.0098580000922083,0.0098580000922083,0.0067699998617172,0.0088349999859929,637956958,-0.1097650280972672,0.1815113593642684,DOGE-USD,0.0,0,0.0,0,0.0,0.0,0.8,0.0,61373,31669,,,1108181381.5913448,0.17705431607138508,0.12835035379157572
2021-01-12,0.0088299997150897,0.0091450000181794,0.0079039996489882,0.0080629996955394,333308457,-0.0914354462435702,0.1844224833427971,DOGE-USD,0.0,0,0.0,0,0.0,0.0,0.6799999999999999,0.0,65649,29236,,,1022272774.800498,0.17867680428485455,0.1343238715901306
2021-01-13,0.0080620003864169,0.0086460001766681,0.0077869999222457,0.0086160004138946,240079033,0.0663353299493186,0.184513667274576,DOGE-USD,0.0,0,0.0,0,0.0,0.0,0.56,0.0,63674,29926,,,1097145443.9920197,0.18035085023752792,0.14024886485572088
2021-01-14,0.0086190002039074,0.010029999539256,0.0083489995449781,0.0093970000743865,428369039,0.0867695094249232,0.1845555284471404,DOGE-USD,0.0,0,0.0,0,0.0,0.0,0.6599999999999999,0.0,131847,32764,,,1201923670.9962509,0.18226520578923733,0.14514557691536129
2021-01-15,0.0093890000134706,0.009796000085771,0.0084600001573562,0.0093689998611807,398965925,-0.0029841451647369,0.1801627443273055,DOGE-USD,0.0,0,0.0,0,0.0,0.0,0.76,0.0,57910,28008,,,1194097448.6361015,0.1830331565512175,0.14924503067871722
2021-01-16,0.009367000311613,0.0095309996977448,0.0091399997472763,0.009265000000596,258630480,-0.0111624923505288,0.0611872025500078,DOGE-USD,0.0,0,0.0,0,0.0,0.0,0.6799999999999999,0.0,54554,26756,,,1182936987.7389655,0.15896832518836537,0.1479497706783399
2021-01-17,0.0092630004510283,0.009367000311613,0.0088409995660185,0.0090669998899102,254487989,-0.0216024232795458,0.0576429531328107,DOGE-USD,0.0,0,0.0,0,0.0,0.0,0.5800000000000001,0.0,53920,26497,,,1167315373.799926,0.13361241914636807,0.14645212953827513
2021-01-18,0.009069999679923,0.0092949997633695,0.008980999700725,0.0091709997504949,205025648,0.0114048678488253,0.0578069535177195,DOGE-USD,0.0,0,0.0,0,0.0,0.0,0.5800000000000001,0.0,60720,26705,,,1176749510.0709577,0.10827107639499678,0.14495930247255345
2021-01-19,0.00917199999094,0.009612999856472,0.0090199997648596,0.0090979998931288,249242632,-0.0079917069697852,0.0575208158009886,DOGE-USD,0.0,0,0.0,0,0.0,0.0,0.6000000000000001,0.0,63233,31596,,,1167776125.1611412,0.08286413386576642,0.14346923299067033
2021-01-20,0.0090960003435611,0.0091530000790953,0.0085289999842643,0.0090600000694394,220205442,-0.0041854696818684,0.0549260059586426,DOGE-USD,0.0,0,0.0,0,0.0,0.0,0.56,0.0,66033,29854,,,1165160713.8484235,0.05781678619203384,0.14183707985549515
2021-01-21,0.0090619996190071,0.0090889995917677,0.0080610001459717,0.0081660002470016,215419839,-0.1038899045743296,0.0582748856764447,DOGE-USD,0.0,0,0.0,0,0.0,0.0,0.5,0.0,56880,26966,,,1051254087.9716992,0.057234322817321215,0.1403869718855869
2021-01-22,0.0081650000065565,0.0087689999490976,0.0076540000736713,0.0085239997133612,185490003,0.0429064574641608,0.0598814270950098,DOGE-USD,0.0,0,0.0,0,0.0,0.0,-0.1999999999999999,0.0,131797,29509,,,1087193040.24945,0.057682017609761035,0.1391013535182715
2021-01-23,0.0085199996829032,0.0088080000132322,0.0083879996091127,0.0085789998993277,154393737,0.0064316642469851,0.0587104770712538,DOGE-USD,0.0,0,0.0,0,0.0,0.0,0.48,0.0,57833,28193,,,1093254035.6471796,0.057862722320467894,0.13721505674188145
2021-01-24,0.0085779996588826,0.0089509999379515,0.0085159996524453,0.0087270000949501,162191977,0.017104334205126,0.0588697963709093,DOGE-USD,0.0,0,0.0,0,0.0,0.0,0.3999999999999999,0.0,56096,26743,,,1128060250.461033,0.05813251843445204,0.13133820535228183
2021-01-25,0.0087270000949501,0.0088790003210306,0.008275999687612,0.0083830002695322,180820875,-0.0402158012532675,0.0522491917980133,DOGE-USD,0.0,0,0.0,0,0.0,0.0,0.48,0.0,57220,27319,,,1069914518.2691916,0.05759715560232618,0.12506092772709296
2021-01-26,0.008382000029087,0.0084560001268982,0.0080220000818371,0.0082550002261996,161173749,-0.0153867730343363,0.0460129220486123,DOGE-USD,0.0,0,0.0,0,0.0,0.0,0.4199999999999999,0.0,66295,26415,,,1063425748.7316293,0.0551447628767597,0.11847770583890753
2021-01-27,0.0082550002261996,0.0082590002566576,0.0072940001264214,0.0074820001609623,204797186,-0.0983189473343888,0.049151843848832,DOGE-USD,0.0,0,0.0,0,0.0,0.0,0.56,0.0,58353,28047,,,957371336.4431344,0.052998846227524134,0.11214291170901171
2021-01-28,0.0074809999205172,0.0341770015656948,0.0073509998619556,0.0340839996933937,10971544561,1.51632789953087,0.4119348418993793,DOGE-USD,0.0,0,0.0,0,0.0,0.0,0.1,0.0,175355,67166,,,3910264447.605776,0.12364371919314923,0.12286796911442582
2021-01-29,0.04373399913311,0.0779730007052421,0.0323409996926784,0.0471620000898838,25403310432,0.3247604285267267,0.415417900479408,DOGE-USD,0.0,0,0.0,0,0.0,0.0,0.54,0.0,296547,119197,,,6226794561.357895,0.19495334001484899,0.13373650812369664
2021-01-30,0.0468030013144016,0.0499010011553764,0.0224879998713731,0.028176000341773,8735576553,-0.5151179216130438,0.4478042429759163,DOGE-USD,0.0,0,0.0,0,0.0,0.0,0.52,0.0,123662,55462,,,3725954143.1835823,0.2740643502504296,0.1460847265539106
2021-01-31,0.0281910002231597,0.0452889986336231,0.0271019991487264,0.0371959991753101,8548997882,0.2777306425606995,0.449750277314695,DOGE-USD,0.0,0,0.0,0,0.0,0.0,0.56,0.0,139043,47657,,,4881787622.39986,0.3548118213036461,0.15857411412782432
2021-02-01,0.0370539985597133,0.0432499982416629,0.0333670005202293,0.034875001758337,6319224026,-0.0644309158846899,0.451363909840988,DOGE-USD,0.0,0,0.0,0,0.0,0.0,0.54,0.0,102865,44665,,,4444815520.259132,0.43525423450207734,0.17107597409707812
2021-02-02,0.034910000860691,0.0349260009825229,0.0291949994862079,0.0315200015902519,3090896595,-0.1011479751179622,0.4536861823113774,DOGE-USD,0.0,0,0.0,0,0.0,0.0,0.52,0.0,109795,36539,,,4051566578.3962574,0.443604502584477,0.1834475569583103
2021-02-03,0.0314930006861686,0.0391050018370151,0.0311459992080926,0.0371199995279312,3146856788,0.1635335797587974,0.453257413126222,DOGE-USD,0.0,0,0.0,0,0.0,0.0,0.56,0.0,71422,32956,,,4702148364.132177,0.45117240511383977,0.19566732649392057
2021-02-04,0.0372259989380836,0.0578689984977245,0.0359449982643127,0.0532889999449253,13040837601,0.3615740346517195,0.4541636490484273,DOGE-USD,0.0,0,0.0,0,0.0,0.0,0.6000000000000001,0.0,124106,58221,,,6842366027.933969,0.45244428632834194,0.20792414384727742
2021-02-05,0.0530430004000663,0.0537399984896183,0.0435400009155273,0.046934999525547,6136160058,-0.1269662741721179,0.4590272472625787,DOGE-USD,0.0,0,0.0,0,0.0,0.0,0.6200000000000001,0.0,82787,38179,,,5996186773.183527,0.4542996803179187,0.220400131066161
2021-02-06,0.0469309985637664,0.0583080016076564,0.0449040010571479,0.0575949996709823,5946101275,0.2046720969856311,0.4582500005536334,DOGE-USD,0.0,0,0.0,0,0.0,0.0,0.6799999999999999,0.0,83607,36689,,,7359250983.715798,0.4556768984604478,0.23304046089463046
2021-02-07,0.0575020015239715,0.0843570008873939,0.0542390011250972,0.0787819996476173,14261024073,0.3132487872358666,0.459173284486654,DOGE-USD,0.0,0,0.0,0,0.0,0.0,0.72,0.0,169070,60832,,,10288670729.698158,0.45677431889550313,0.2511307373462962
2021-02-08,0.0783519968390464,0.0849450007081031,0.064701996743679,0.0788249969482421,12844375210,0.000545626813787,0.4579530888912366,DOGE-USD,0.0,0,0.0,0,0.0,0.0,0.6599999999999999,0.0,131448,59781,,,10116927113.564837,0.45771345404850605,0.26932665260804284
2021-02-09,0.0787729993462562,0.0831279978156089,0.0656210035085678,0.0700699985027313,7348840814,-0.1177354457012577,0.4617705568238169,DOGE-USD,0.0,0,0.0,0,0.0,0.0,0.8999999999999999,0.0,109489,48833,,,8918735779.589275,0.4592348356035839,0.2876886345765018
2021-02-10,0.0701109990477562,0.0810910016298294,0.0685250014066696,0.0728960037231445,6785088422,0.0395390978852016,0.4574542228279012,DOGE-USD,0.0,0,0.0,0,0.0,0.0,0.8400000000000001,0.0,89312,40831,,,9327133140.158989,0.45892023071664845,0.3058674258049978
2021-02-11,0.072843998670578,0.0743009969592094,0.068290002644062,0.0696759968996048,3818556739,-0.0451779377815643,0.2412937404600563,DOGE-USD,0.0,0,0.0,0,0.0,0.0,0.8600000000000001,0.0,107055,38180,,,8925113387.123264,0.4155289786979329,0.314338686464153
2021-02-12,0.0696500018239021,0.0726099982857704,0.0614450015127658,0.0700690001249313,4190843784,0.0056245915028423,0.2281667540965496,DOGE-USD,0.0,0,0.0,0,0.0,0.0,0.8400000000000001,0.0,86838,37435,,,8935275636.445278,0.36932767261991206,0.32206104411961234
2021-02-13,0.0700249969959259,0.0716459974646568,0.0661349967122078,0.0664499998092651,2618049766,-0.0530306903318347,0.1693564966195251,DOGE-USD,0.0,0,0.0,0,0.0,0.0,0.8400000000000001,0.0,95520,33829,,,8539108723.351642,0.3116083541655698,0.3270371836434539
2021-02-14,0.0664480030536651,0.0664480030536651,0.0567229986190795,0.0625369995832443,3984667628,-0.060691407373565,0.1599782262634446,DOGE-USD,0.0,0,0.0,0,0.0,0.0,0.8999999999999999,0.0,79058,36175,,,7863513096.268931,0.25124988805349535,0.33164026315218986
2021-02-15,0.0625680014491081,0.0639239996671676,0.0485469996929168,0.0565910004079341,4944804938,-0.099908405741969,0.1619788914574628,DOGE-USD,0.0,0,0.0,0,0.0,0.0,0.8600000000000001,0.0,79711,33424,,,7330224675.859413,0.1921548217794077,0.3363270402015786
2021-02-16,0.056487999856472,0.0596680007874965,0.0509830005466938,0.0535200014710426,3409478696,-0.0557945258675471,0.1594900299748823,DOGE-USD,0.0,0,0.0,0,0.0,0.0,0.8999999999999999,0.0,68885,30364,,,6839419267.996377,0.17579407968237287,0.34120162375507274
2021-02-17,0.0535219982266426,0.0549830012023448,0.0480340011417865,0.0493759997189044,2976148723,-0.0805909728180294,0.158026436736588,DOGE-USD,0.0,0,0.0,0,0.0,0.0,0.8999999999999999,0.0,73323,32923,,,6265241330.5819845,0.16176601621038056,0.34629314714998066
2021-02-18,0.0493629984557628,0.0617990009486675,0.048989001661539,0.0595409981906414,4551943638,0.1872006500019903,0.1341308843937435,DOGE-USD,0.0,0,0.0,0,0.0,0.0,0.8200000000000001,0.0,117002,34121,,,7701551096.736307,0.15472089376522424,0.350155830811113
2021-02-19,0.0594340004026889,0.0594969987869262,0.0543150007724761,0.0551390014588832,2949251418,-0.076807824254999,0.1308812205765939,DOGE-USD,0.0,0,0.0,0,0.0,0.0,0.8600000000000001,0.0,77377,31607,,,7037623492.193638,0.1489014926278541,0.33738066620553187
2021-02-20,0.0551320016384124,0.0602860003709793,0.0516280010342597,0.0543840005993843,3175468554,-0.013787292259688,0.1185186249480272,DOGE-USD,0.0,0,0.0,0,0.0,0.0,0.8200000000000001,0.0,80591,34144,,,6961395688.918509,0.14020943932596697,0.3238852445904691
2021-02-21,0.0543689988553524,0.0584280006587505,0.0535559989511966,0.0559800006449222,2450293068,0.0289244916327952,0.0770684440901921,DOGE-USD,0.0,0,0.0,0,0.0,0.0,0.8200000000000001,0.0,70573,31843,,,7247623913.702837,0.12372512214902893,0.30703361736839074
2021-02-22,0.0560440011322498,0.0604659989476203,0.0470959991216659,0.0537250004708766,3366757324,-0.0411160443147434,0.0768348447055589,DOGE-USD,0.0,0,0.0,0,0.0,0.0,0.8799999999999999,0.0,70634,31119,,,6843358609.05493,0.10748680374282311,0.2900829158861573
2021-02-23,0.0536979995667934,0.0537680014967918,0.0424100011587142,0.0473919995129108,2394345361,-0.1254250234856362,0.077554534347137,DOGE-USD,0.0,0,0.0,0,0.0,0.0,0.8799999999999999,0.0,63400,29439,,,6070881368.250081,0.09617153373350182,0.27309158063643674
2021-02-24,0.0474140010774135,0.0598729997873306,0.0462159998714923,0.0565549992024898,4148511571,0.1767601740743365,0.093723245556956,DOGE-USD,0.0,0,0.0,0,0.0,0.0,0.52,0.0,108532,33488,,,7220563605.589143,0.08873993872957424,0.2567296289657813
2021-02-25,0.0566149987280368,0.0578080005943775,0.0498690009117126,0.0501670017838478,2356982022,-0.1198561263066378,0.0974327674461738,DOGE-USD,0.0,0,0.0,0,0.0,0.0,0.5800000000000001,0.0,70280,31169,,,6508603390.060381,0.08452276722920356,0.24055578143486997
2021-02-26,0.0501380003988742,0.052471999078989,0.0487079992890358,0.0504800006747245,1694323466,0.0062197560239243,0.09744656459113,DOGE-USD,0.0,0,0.0,0,0.0,0.0,0.1,0.0,67560,31759,,,6474563736.624049,0.08859839132939115,0.22434136850499284
2021-02-27,0.050500001758337,0.0519200004637241,0.0492970012128353,0.0500830002129077,1286229526,-0.0078955981970193,0.0971377608872035,DOGE-USD,0.0,0,0.0,0,0.0,0.0,0.1200000000000001,0.0,69956,31852,,,6411300838.222857,0.09265897456572006,0.2078918463970212
2021-02-28,0.0500969998538494,0.0501339994370937,0.0450880005955696,0.0480520017445087,1408101260,-0.0413978392383844,0.0966547374392517,DOGE-USD,0.0,0,0.0,0,0.0,0.0,0.1,0.0,73777,33251,,,6240694605.670112,0.09647901518414301,0.19145569807364024
2021-03-01,0.0480699986219406,0.0514790005981922,0.048029001802206,0.0505990013480186,1494427207,0.051648045729763,0.0953525553959533,DOGE-USD,0.0,0,0.0,0,0.0,0.0,-0.24,0.0,70257,36782,,,6500307798.644808,0.09680487715194246,0.17491839220588112
2021-03-02,0.050595998764038,0.0523819997906684,0.0492990016937255,0.0502620004117488,1346282318,-0.0066825073017145,0.0943569276408457,DOGE-USD,0.0,0,0.0,0,0.0,0.0,0.56,0.0,75824,41484,,,6474069767.957992,0.09618970919087684,0.15839129396722698
2021-03-03,0.0502780005335807,0.0521260015666484,0.0500780008733272,0.0505920015275478,1093877445,0.0065441586287482,0.0917896371949733,DOGE-USD,0.0,0,0.0,0,0.0,0.0,0.56,0.0,89340,46755,,,6531070746.919231,0.09505832371164549,0.14157397943864317
2021-03-04,0.050586998462677,0.0510869994759559,0.0478789992630481,0.0500480011105537,1170617084,-0.0108109241079088,0.0746735310030677,DOGE-USD,0.0,0,0.0,0,0.0,0.0,0.6799999999999999,0.0,133676,52428,,,6480959671.333725,0.09056547773481834,0.12417485708296892
2021-03-05,0.0500280000269413,0.0508540011942386,0.0481470003724098,0.049609001725912,1173113591,-0.0088102634388846,0.0723372599510417,DOGE-USD,0.0,0,0.0,0,0.0,0.0,0.54,0.0,84792,56784,,,6369961406.806225,0.08570198223717634,0.11649501705983191
2021-03-06,0.049600999802351,0.0523970015347003,0.0493829995393753,0.0509839989244937,1480482384,0.0273395332432839,0.0728973469148625,DOGE-USD,0.0,0,0.0,0,0.0,0.0,0.54,0.0,90897,64315,,,6578539730.851782,0.08121094054095819,0.10943731673339158
2021-03-07,0.0509800016880035,0.05214099958539,0.0505720004439353,0.0521220006048679,945455832,0.0220752991936695,0.072677621095503,DOGE-USD,0.0,0,0.0,0,0.0,0.0,0.52,0.0,101475,72359,,,6663130586.067719,0.07687507923188963,0.10504282239139058
2021-03-08,0.0521229989826679,0.061948999762535,0.0516720004379749,0.061948999762535,3554150800,0.1727243259509073,0.0858105120023668,DOGE-USD,0.0,0,0.0,0,0.0,0.0,0.6200000000000001,0.0,123421,89574,,,7843067591.212606,0.07567925419336834,0.10167156265225068
2021-03-09,0.0621040016412735,0.0622680000960826,0.0560510009527206,0.0579980015754699,2466159943,-0.0659029077041282,0.0798423132111549,DOGE-USD,0.0,0,0.0,0,0.0,0.0,0.6200000000000001,0.0,113528,83394,,,7472849835.383934,0.07671301063498578,0.09793808182287304
2021-03-10,0.0579640008509159,0.0586160011589527,0.0546920001506805,0.0560039989650249,1534489620,-0.0349854560821649,0.065491389725113,DOGE-USD,0.0,0,0.0,0,0.0,0.0,0.3600000000000001,0.0,96127,56539,,,7211815712.314682,0.07534383658980004,0.09366541635697444
2021-03-11,0.0559770017862319,0.0566979981958866,0.054501999169588,0.0559180006384849,1233383425,-0.0015367549502194,0.0558576366723293,DOGE-USD,0.0,0,0.0,0,0.0,0.0,0.4599999999999999,0.0,71056,32179,,,7189982481.926493,0.0719358945412934,0.08902137999041722
2021-03-12,0.0559209994971752,0.0569799989461898,0.0545129999518394,0.0553489997982978,1287767221,-0.0102277548251658,0.0560649248776465,DOGE-USD,0.0,0,0.0,0,0.0,0.0,0.3999999999999999,0.0,127473,28157,,,7124775473.299919,0.0686133552977221,0.0854729272851401
2021-03-13,0.0553530007600784,0.0624319985508918,0.0547560006380081,0.0624319985508918,1869833076,0.1204193527298009,0.0635108089890998,DOGE-USD,0.0,0,0.0,0,0.0,0.0,0.48,0.0,69028,28950,,,7777942768.322179,0.0641534146950687,0.0824106358493449
2021-03-14,0.0623839981853961,0.0630519986152648,0.0585919991135597,0.0585919991135597,2752132530,-0.0634797878666493,0.0652883688256812,DOGE-USD,0.0,0,0.0,0,0.0,0.0,0.56,0.0,71188,31081,,,7628702163.291185,0.06124262581797396,0.07999107875287463
2021-03-15,0.0585310012102127,0.059689000248909,0.0551409982144832,0.0570879988372325,1738710876,-0.0260042367735064,0.065157416530273,DOGE-USD,0.0,0,0.0,0,0.0,0.0,0.52,0.0,68877,29274,,,7380817636.537576,0.06117583117900597,0.07944966840924193
2021-03-16,0.0570859983563423,0.0589210018515586,0.0554930008947849,0.0586070008575916,1393771913,0.02626024141719,0.0651571684247496,DOGE-USD,0.0,0,0.0,0,0.0,0.0,0.4199999999999999,0.0,63089,29281,,,7523413969.828861,0.06303573752949003,0.07891886494193243
2021-03-17,0.0586099997162818,0.0588660016655921,0.0564710013568401,0.0576529987156391,861926643,-0.0164118967617368,0.0655647395337743,DOGE-USD,0.0,0,0.0,0,0.0,0.0,0.4199999999999999,0.0,98712,38325,,,7455381554.428941,0.06493570046071559,0.07837387426859775
2021-03-18,0.0576400011777877,0.0588279999792575,0.0541430003941059,0.0573830008506774,909777445,-0.004694154208505,0.0654404475946873,DOGE-USD,0.0,0,0.0,0,0.0,0.0,0.4399999999999999,0.0,74238,36208,,,7409552217.297595,0.06532162818183307,0.07708829254304009
2021-03-19,0.0573769994080066,0.0597210004925727,0.0566040016710758,0.0583279989659786,964747809,0.0163341277399182,0.0652360399766837,DOGE-USD,0.0,0,0.0,0,0.0,0.0,0.4199999999999999,0.0,70822,35079,,,7518852684.08809,0.06531116241203358,0.07562480493079055
2021-03-20,0.0583150014281272,0.0606390014290809,0.0581200011074543,0.0589610002934932,1012934488,0.0107939785898651,0.0650779628956434,DOGE-USD,0.0,0,0.0,0,0.0,0.0,0.5,0.0,108916,35059,,,7598351056.303615,0.06529527168510765,0.07415350485372296
2021-03-21,0.0589700005948543,0.0595210008323192,0.0567979998886585,0.0572340004146099,759592996,-0.0297280787310475,0.0658304101322569,DOGE-USD,0.0,0,0.0,0,0.0,0.0,0.4599999999999999,0.0,71236,35182,,,7409559528.25188,0.06542992002660912,0.07273044345577084
2021-03-22,0.0572590008378028,0.0577320009469985,0.0549089983105659,0.0549620017409324,696918565,-0.0405060656061607,0.0461991974827336,DOGE-USD,0.0,0,0.0,0,0.0,0.0,0.3999999999999999,0.0,78963,38260,,,7125364948.552904,0.061556811616400975,0.07043700982138366
2021-03-23,0.0549409985542297,0.0560810007154941,0.0529399998486042,0.0535559989511966,1040781777,-0.0259142531772533,0.0435400094973336,DOGE-USD,0.0,0,0.0,0,0.0,0.0,0.32,0.0,164193,42129,,,6912796407.204066,0.057176723996930245,0.06808189409871913
2021-03-24,0.0535279996693134,0.0564940012991428,0.0512420013546943,0.0517020002007484,934537959,-0.0352313464833476,0.0435527831038151,DOGE-USD,0.0,0,0.0,0,0.0,0.0,0.3,0.0,81378,41204,,,6656887859.745748,0.05284007262235653,0.06577261480158138
2021-03-25,0.0516990013420581,0.0524070002138614,0.0496970005333423,0.0514479987323284,1084214116,-0.0049249051757827,0.0435372261686358,DOGE-USD,0.0,0,0.0,0,0.0,0.0,0.1999999999999999,0.0,75903,40502,,,6627129682.263739,0.048531925276955004,0.06357932339129331
2021-03-26,0.0514330007135868,0.0540280006825923,0.0513309985399246,0.0539520010352134,776280028,0.0475232173743652,0.0457790275808015,DOGE-USD,0.0,0,0.0,0,0.0,0.0,0.08,0.0,97269,43298,,,6941355346.585689,0.04452164876666392,0.06226593687209939
2021-03-27,0.0539399981498718,0.0554350018501281,0.0535279996693134,0.0543770007789135,753844053,0.0078465030988702,0.0297279936505703,DOGE-USD,0.0,0,0.0,0,0.0,0.0,0.3,0.0,81530,46549,,,7020040626.466902,0.041227408000231267,0.060329152040259786
2021-03-28,0.054381001740694,0.0547519996762275,0.0530130006372928,0.0536979995667934,460472975,-0.0125655358600099,0.0254748392940753,DOGE-USD,0.0,0,0.0,0,0.0,0.0,0.48,0.0,84587,46033,,,6904540981.563014,0.0376143739595796,0.05817358351204218
2021-03-29,0.053677998483181,0.0546509996056556,0.0531749986112117,0.054051999002695,537919140,0.0065707789190715,0.0250132768665596,DOGE-USD,0.0,0,0.0,0,0.0,0.0,0.4399999999999999,0.0,85426,46835,,,6963914293.212965,0.0339064727121285,0.05600702241072657
2021-03-30,0.054051999002695,0.0554339997470378,0.0536970011889934,0.0538999997079372,728906171,-0.0028160552286499,0.023475981599006,DOGE-USD,0.0,0,0.0,0,0.0,0.0,0.4399999999999999,0.0,97256,46079,,,6968291923.274703,0.029894223798202536,0.053173634665119256
2021-03-31,0.0539020001888275,0.054467998445034,0.0522690005600452,0.0536569990217685,653389282,-0.0045185548591116,0.0232838606794043,DOGE-USD,0.0,0,0.0,0,0.0,0.0,0.52,0.0,88060,47930,,,6903293142.107968,0.025395190417923097,0.05060279591367605
2021-04-01,0.0536549985408782,0.0701109990477562,0.0536440014839172,0.0619859993457794,5816046822,0.1442966249037995,0.0462356448946017,DOGE-USD,0.0,0,0.0,0,0.0,0.0,0.48,0.0,104117,52020,,,7903909376.237024,0.028696720666729382,0.04972753478501645
2021-04-02,0.0619679987430572,0.0622490011155605,0.0573330000042915,0.0576639994978904,2166925111,-0.0722754892626668,0.0505077292541837,DOGE-USD,0.0,0,0.0,0,0.0,0.0,0.48,0.0,138113,50138,,,7454734450.520291,0.03370329865875106,0.04948435717510074
2021-04-03,0.0576580017805099,0.0594840012490749,0.0558039993047714,0.0558039993047714,1136931403,-0.0327875143309073,0.0510768358049604,DOGE-USD,0.0,0,0.0,0,0.0,0.0,0.4599999999999999,0.0,95602,52470,,,7232888403.720577,0.03891601044643122,0.049257625853615
2021-04-04,0.0557760000228881,0.0581069998443126,0.0552950017154216,0.0574040003120899,938035097,0.0282684537979519,0.0511754087894698,DOGE-USD,0.0,0,0.0,0,0.0,0.0,0.48,0.0,86362,44403,,,7395030207.437466,0.044455895884523984,0.04869692584454091
2021-04-05,0.0574110001325607,0.0601530000567436,0.0564350001513958,0.0596960000693798,1513832721,0.0391510248956074,0.0507263176410096,DOGE-USD,0.0,0,0.0,0,0.0,0.0,0.4199999999999999,0.0,84322,42741,,,7675076135.6187935,0.04994438727684504,0.04803501442705583
2021-04-06,0.059689000248909,0.0650499984622001,0.058093998581171,0.0644579976797103,2608613912,0.0767487952745167,0.0531364742284415,DOGE-USD,0.0,0,0.0,0,0.0,0.0,0.5,0.0,92902,38413,,,8248013485.08084,0.05132455314361299,0.04748860795879077
2021-04-07,0.0644539967179298,0.0672990009188652,0.0576409995555877,0.0590279996395111,2857060849,-0.0880019114214174,0.0584454311332413,DOGE-USD,0.0,0,0.0,0,0.0,0.0,0.4399999999999999,0.0,70510,33759,,,7661074750.708195,0.05291209351942452,0.04718352899099494
2021-04-08,0.0590360015630722,0.061744999140501,0.0588169991970062,0.061464000493288,1055257541,0.0404397440968553,0.0588424383305116,DOGE-USD,0.0,0,0.0,0,0.0,0.0,0.4599999999999999,0.0,65566,32366,,,7937607762.817501,0.05446521402453476,0.046877969845392095
2021-04-09,0.0614629983901977,0.063910000026226,0.0602959990501403,0.061684001237154,1060465774,0.0035729524607537,0.0580084869060654,DOGE-USD,0.0,0,0.0,0,0.0,0.0,0.3999999999999999,0.0,79308,31556,,,7918934340.785349,0.05583182964785388,0.04654015345045473
2021-04-10,0.0615909993648529,0.0650679990649223,0.060818001627922,0.0638450011610984,1369793118,0.0344336910111235,0.0583818538454106,DOGE-USD,0.0,0,0.0,0,0.0,0.0,0.3999999999999999,0.0,73538,38884,,,8211311092.037229,0.05736293688873408,0.04622859953539686
2021-04-11,0.0637490004301071,0.0792429968714714,0.0632029995322227,0.0746489986777305,6646627317,0.1563388212721772,0.0694388256478085,DOGE-USD,0.0,0,0.0,0,0.0,0.0,0.52,0.0,101638,53030,,,9647639402.519772,0.06062340717260748,0.046426820569586184
2021-04-12,0.0745439976453781,0.0749860033392906,0.0688889995217323,0.0707670003175735,2687720380,-0.0534043155018378,0.0723544228396262,DOGE-USD,0.0,0,0.0,0,0.0,0.0,0.48,0.0,113428,50983,,,9148536230.375423,0.06340520551388447,0.04672336660173934
2021-04-13,0.0706780031323432,0.0951810032129287,0.0706780031323432,0.0934450030326843,7176815090,0.2779802655432904,0.0995689978686419,DOGE-USD,0.0,0,0.0,0,0.0,0.0,0.48,0.0,116794,60296,,,12010586761.522083,0.07155051742151051,0.049149266619280624
2021-04-14,0.0942559987306594,0.1425099968910217,0.0924519971013069,0.12151700258255,20977679327,0.2626811315646082,0.114944654588025,DOGE-USD,0.0,0,0.0,0,0.0,0.0,0.5,0.0,207589,81830,,,15745409311.372517,0.08293775095790243,0.05239493230522114
2021-04-15,0.1211669966578483,0.1873259991407394,0.1207360029220581,0.1822070032358169,17916620386,0.4050892292252086,0.146687152413437,DOGE-USD,0.0,0,0.0,0,0.0,0.0,0.5800000000000001,0.0,146544,56106,,,22940324185.97876,0.10059881067150771,0.05708285818293123
2021-04-16,0.1815869957208633,0.4377000033855438,0.1804880052804947,0.3658699989318847,69410680685,0.6971346549634961,0.2147799284956024,DOGE-USD,0.0,0,0.0,0,0.0,0.0,0.56,0.0,297089,139656,,,48462102817.75148,0.12966703124106652,0.06486661737961152
2021-04-17,0.3660979866981506,0.3744550049304962,0.2365240007638931,0.2841730117797851,31413404067,-0.2526948270456996,0.2348592430846172,DOGE-USD,0.0,0,0.0,0,0.0,0.0,0.52,0.0,165172,73108,,,37488732322.88319,0.1621679952900647,0.07346117262978497
2021-04-18,0.2851049900054931,0.349918007850647,0.2464399933815002,0.3204750120639801,23464350388,0.1202210587581615,0.2334907638399803,DOGE-USD,0.0,0,0.0,0,0.0,0.0,0.5800000000000001,0.0,127082,57433,,,41612975696.37445,0.18895234848433237,0.0827231167293036
2021-04-19,0.320466011762619,0.431751012802124,0.3090800046920776,0.4073179960250854,30641432779,0.239789889546044,0.2341158790269231,DOGE-USD,0.0,0,0.0,0,0.0,0.0,0.48,0.0,206527,70856,,,52333433778.70666,0.21278659337211198,0.09220680035352395
2021-04-20,0.4084349870681762,0.4223470091819763,0.2716180086135864,0.3194999992847442,28130646191,-0.2428369258093841,0.2551002886548528,DOGE-USD,0.0,0,0.0,0,0.0,0.0,0.4599999999999999,0.0,174692,68798,,,42802102908.93133,0.23446922062039516,0.10266530088935548
2021-04-21,0.3169530034065246,0.3469659984111786,0.2970359921455383,0.3069249987602234,12723463706,-0.0401538575513608,0.2524880392205314,DOGE-USD,0.0,0,0.0,0,0.0,0.0,0.4599999999999999,0.0,103341,44814,,,39824562026.01424,0.24201084276538096,0.11307493987215209
2021-04-22,0.3059900104999542,0.3087570071220398,0.25627601146698,0.2609669864177704,11879823706,-0.1622095035260518,0.2628574474148121,DOGE-USD,0.0,0,0.0,0,0.0,0.0,0.3,0.0,136410,42650,,,33999975092.538303,0.24761048363141996,0.12396464836012516
2021-04-23,0.2610230147838592,0.2683779895305633,0.163669005036354,0.2485090047121048,16165566164,-0.0489148293553236,0.2647564401665722,DOGE-USD,0.0,0,0.0,0,0.0,0.0,0.1,0.0,103505,39847,,,31829621017.288807,0.2538636188967383,0.13389741178157835
2021-04-24,0.2495439946651458,0.2893899977207184,0.2298910021781921,0.2702119946479797,11057578568,0.0837277351340105,0.2641511832181048,DOGE-USD,0.0,0,0.0,0,0.0,0.0,-0.26,0.0,94221,34410,,,35103505040.835846,0.2598706797349747,0.14360847787084752
2021-04-25,0.2697890102863312,0.2887710034847259,0.2263009995222091,0.2511110007762909,6849914675,-0.0733117407366282,0.2676944695402475,DOGE-USD,0.0,0,0.0,0,0.0,0.0,-0.38,0.0,72135,30170,,,32781029149.204887,0.2623895159120536,0.1534547339497242
2021-04-26,0.2512399852275848,0.280452013015747,0.2480259984731674,0.2706739902496338,5118886527,0.0750200331564939,0.2647097541671209,DOGE-USD,0.0,0,0.0,0,0.0,0.0,-0.4599999999999999,0.0,72423,30352,,,35045585469.48445,0.2648338589013715,0.16316084055779922
2021-04-27,0.2714270055294037,0.2796289920806885,0.2649280130863189,0.2721880078315735,3590611310,0.0055779240867405,0.2602645105812742,DOGE-USD,0.0,0,0.0,0,0.0,0.0,0.0,0.0,72179,30705,,,35207822252.7645,0.2643152715346639,0.1726853038732658
2021-04-28,0.2722730040550232,0.3446620106697082,0.2562310099601745,0.3236820101737976,14464343767,0.1732685509871716,0.2564093305390981,DOGE-USD,0.0,0,0.0,0,0.0,0.0,0.1799999999999999,0.0,91367,37843,,,41729064570.06888,0.26264584960916915,0.18192497916011385
2021-04-29,0.3232319951057434,0.3238810002803802,0.2969039976596832,0.3051689863204956,5027354503,-0.0588959070877122,0.2391696131263068,DOGE-USD,0.0,0,0.0,0,0.0,0.0,0.04,0.0,75848,30647,,,39631654715.27957,0.2576495355908095,0.1901397147052532
2021-04-30,0.3047020137310028,0.3397569954395294,0.3029809892177582,0.3375610113143921,5290390982,0.100880591553494,0.1484126506077443,DOGE-USD,0.0,0,0.0,0,0.0,0.0,0.02,0.0,81957,32689,,,43733441326.042046,0.23379317180430886,0.19421108799058195
2021-05-01,0.3375590145587921,0.3971349895000458,0.3282899856567383,0.3929870128631592,10123343703,0.1520302969337516,0.1354640552555413,DOGE-USD,0.0,0,0.0,0,0.0,0.0,0.3600000000000001,0.0,89143,39108,,,50650071603.13216,0.20794403202199296,0.19773179564283086
2021-05-02,0.391086995601654,0.4000290036201477,0.364874005317688,0.3760460019111633,8040406918,-0.0440650837587967,0.1335106011230578,DOGE-USD,0.0,0,0.0,0,0.0,0.0,0.32,0.0,117965,37451,,,48975023697.86477,0.1825932501303497,0.20114673870090571
2021-05-03,0.3736310005187988,0.4455670118331909,0.3736310005187988,0.4417069852352142,10526649978,0.1609352514960857,0.1244941182844626,DOGE-USD,0.0,0,0.0,0,0.0,0.0,0.2199999999999999,0.0,104236,41583,,,57167541644.04113,0.15621020767942256,0.20364925200257178
2021-05-04,0.4402740001678467,0.6059979796409607,0.4007999897003174,0.5413339734077454,38238126181,0.203389681545493,0.1124866643629458,DOGE-USD,0.0,0,0.0,0,0.0,0.0,0.3600000000000001,0.0,185189,77916,,,70939372681.6678,0.13087361792675034,0.20547344479908636
2021-05-05,0.5373550057411194,0.6952620148658752,0.523822009563446,0.6576330065727234,42525098292,0.194610620502854,0.1173858508202347,DOGE-USD,0.0,0,0.0,0,0.0,0.0,-0.04,0.0,206333,86705,,,84726849862.03758,0.12466825796924845,0.20628330175143147
2021-05-06,0.6528419852256775,0.6636160016059875,0.5451020002365112,0.5808039903640747,18989900291,-0.124233701010593,0.1123242550454193,DOGE-USD,0.0,0,0.0,0,0.0,0.0,0.3,0.0,210472,60629,,,75491474568.04382,0.12004029792722404,0.20616419268131303
2021-05-07,0.5811100006103516,0.7319719791412354,0.5201740264892578,0.684777021408081,28615083657,0.1646799351292009,0.1113118381878275,DOGE-USD,0.0,0,0.0,0,0.0,0.0,0.28,0.0,160338,58370,,,88662843135.2515,0.11560054534017798,0.20455622385287622
2021-05-08,0.6878010034561157,0.7375670075416565,0.6081680059432983,0.6364390254020691,25555125135,-0.0732046523665386,0.1177963750661412,DOGE-USD,0.0,0,0.0,0,0.0,0.0,0.3400000000000001,0.0,191123,76441,,,82693852889.13036,0.11426099669651371,0.20014788051517343
2021-05-09,0.6358199715614319,0.6976249814033508,0.425705999135971,0.5700700283050537,46138063928,-0.1101294067533429,0.1213864549951913,DOGE-USD,0.0,0,0.0,0,0.0,0.0,0.4599999999999999,0.0,242547,82109,,,74249424965.11722,0.1160409548229628,0.19499002651110864
2021-05-10,0.569687008857727,0.569687008857727,0.4212909936904907,0.4499639868736267,16514521828,-0.2365916595657232,0.1445043322571443,DOGE-USD,0.0,0,0.0,0,0.0,0.0,0.4399999999999999,0.0,148855,56397,,,58051355210.618645,0.12146465111034473,0.19094518871188884
2021-05-11,0.4504880011081695,0.5466510057449341,0.445033997297287,0.4952310025691986,14566975476,0.0958567751760697,0.1450410688536303,DOGE-USD,0.0,0,0.0,0,0.0,0.0,0.2199999999999999,0.0,130749,47653,,,64190572892.89957,0.12800801387198693,0.1868963337040119
2021-05-12,0.4937419891357422,0.5199750065803528,0.3853760063648224,0.3853760063648224,8621337859,-0.2508048279742663,0.1592712983574529,DOGE-USD,0.0,0,0.0,0,0.0,0.0,0.3600000000000001,0.0,114333,43359,,,55237419571.54,0.137599905905912,0.1825404705086755
2021-05-13,0.3921760022640228,0.5194609761238098,0.3571749925613403,0.4903739988803863,18663174069,0.2409488653948368,0.1688122107549172,DOGE-USD,0.0,0,0.0,0,0.0,0.0,-0.38,0.0,121842,44333,,,62923521499.98264,0.1478030730436672,0.1787370237602385
2021-05-14,0.4870699942111969,0.5896900296211243,0.4646219909191131,0.5596039891242981,20466177002,0.1320610083051881,0.1699659188854265,DOGE-USD,0.0,0,0.0,0,0.0,0.0,-0.48,0.0,129910,50430,,,73128750930.30836,0.15751896582171426,0.17451468155435734
2021-05-15,0.5596680045127869,0.5626760125160217,0.4912990033626556,0.507972002029419,9836892944,-0.0968030393496444,0.1699214747228034,DOGE-USD,0.0,0,0.0,0,0.0,0.0,-0.4599999999999999,0.0,97374,36764,,,65884632250.69266,0.16260239431484608,0.1702040013069133
2021-05-16,0.5079100131988525,0.5481449961662292,0.4510230123996734,0.5148950219154358,9541552064,0.0135367070001202,0.1689892088220158,DOGE-USD,0.0,0,0.0,0,0.0,0.0,-0.6,0.0,93419,33904,,,66521233685.70932,0.16739202230852315,0.16587845701618198
2021-05-17,0.5134130120277405,0.5152209997177124,0.4585509896278381,0.4878920018672943,7330830504,-0.0538689652324377,0.1651560434675531,DOGE-USD,0.0,0,0.0,0,0.0,0.0,-0.4599999999999999,0.0,90488,34003,,,63110773775.48776,0.16856897133054322,0.16121761946742316
2021-05-18,0.486954003572464,0.5155990123748779,0.4703840017318725,0.4761149883270263,4802902841,-0.0244346765388324,0.1552550398984656,DOGE-USD,0.0,0,0.0,0,0.0,0.0,-0.5800000000000001,0.0,81920,32539,,,61728447919.52975,0.1658575371592529,0.15624240518248425
2021-05-19,0.4764350056648254,0.6847350001335144,0.2182669937610626,0.3331229984760284,15072620946,-0.3571476105982365,0.1689720635243677,DOGE-USD,0.0,0,0.0,0,0.0,0.0,-0.54,0.0,101407,39802,,,44374206454.66284,0.1656587660870411,0.15209274849807944
2021-05-20,0.3302519917488098,0.4331920146942138,0.2962529957294464,0.400193989276886,12415484460,0.1834376161637664,0.1781352281373824,DOGE-USD,0.0,0,0.0,0,0.0,0.0,-0.78,0.0,84964,32284,,,51909967262.30389,0.16730151676995692,0.1485348347525469
2021-05-21,0.3981240093708038,0.4119749963283539,0.314765989780426,0.3593820035457611,7452862203,-0.1075635032496472,0.1703364605788141,DOGE-USD,0.0,0,0.0,0,0.0,0.0,-0.62,0.0,76437,28616,,,46205521049.729965,0.16757096712131658,0.14540605509129723
2021-05-22,0.3587169945240021,0.3605169951915741,0.3181689977645874,0.3423709869384765,5243222352,-0.0484909932202897,0.170161373788857,DOGE-USD,0.0,0,0.0,0,0.0,0.0,-0.76,0.0,65218,24898,,,44704500554.30679,0.16857203318557734,0.14639463341771142
2021-05-23,0.342521995306015,0.3508630096912384,0.249437004327774,0.3080709874629974,7143545371,-0.1055646710753818,0.1700298247477029,DOGE-USD,0.0,0,0.0,0,0.0,0.0,-0.72,0.0,112065,28227,,,39953422886.74043,0.1715269901554248,0.14796580475826424
2021-05-24,0.3067150115966797,0.3714849948883056,0.2962909936904907,0.3661620020866394,6821088755,0.1727456289288342,0.1695508109235737,DOGE-USD,0.0,0,0.0,0,0.0,0.0,-0.8,0.0,69632,26669,,,47248955983.20736,0.17164273963526602,0.14960399611283315
2021-05-25,0.3660410046577453,0.3800100088119507,0.3234969973564148,0.3463020026683807,5544552739,-0.0557646296858638,0.1667638398279821,DOGE-USD,0.0,0,0.0,0,0.0,0.0,-0.56,0.0,66745,25642,,,44867351626.25215,0.16936846197338598,0.15152534709208404
2021-05-26,0.3463959991931915,0.3659200072288513,0.3388569951057434,0.3536930084228515,3355793260,0.0211180946101054,0.1538454326184186,DOGE-USD,0.0,0,0.0,0,0.0,0.0,-0.56,0.0,64900,25735,,,45695857342.49665,0.16607025638130685,0.15340529110369644
2021-05-27,0.3534629940986633,0.3534629940986633,0.3281440138816833,0.3329449892044067,2485942309,-0.0604520502970074,0.1367493146705113,DOGE-USD,0.0,0,0.0,0,0.0,0.0,-0.4599999999999999,0.0,59364,23003,,,43126945452.38497,0.15938784455763771,0.15428544855143628
2021-05-28,0.3336510062217712,0.3478789925575256,0.3015179932117462,0.3112049996852875,3289455640,-0.067525420747514,0.1290019030974795,DOGE-USD,0.0,0,0.0,0,0.0,0.0,-0.5800000000000001,0.0,57748,22621,,,40204914784.74239,0.15118226022759304,0.15504352346289357
2021-05-29,0.3113979995250702,0.317918986082077,0.2817929983139038,0.3031100034713745,2470710737,-0.0263560706181528,0.1280666760105418,DOGE-USD,0.0,0,0.0,0,0.0,0.0,-0.64,0.0,55307,21426,,,39269752908.61648,0.14288543324498665,0.15580510700028968
2021-05-30,0.3029690086841583,0.3103240132331848,0.2876800000667572,0.3022240102291107,1929947933,-0.0029272892482025,0.1276429850806057,DOGE-USD,0.0,0,0.0,0,0.0,0.0,-0.8,0.0,72229,20159,,,39268560320.26199,0.13506126229551135,0.15625268018276534
2021-05-31,0.301948994398117,0.3291630148887634,0.2943300008773803,0.3258099853992462,2440829325,0.0751458464247119,0.1310259510209039,DOGE-USD,0.0,0,0.0,0,0.0,0.0,-0.64,0.0,56913,21011,,,42348992616.587074,0.13049736597600844,0.15669083909302498
2021-06-01,0.3257440030574798,0.3830789923667907,0.3123599886894226,0.3700770139694214,5796031087,0.1273967852819282,0.1375404063720716,DOGE-USD,0.0,0,0.0,0,0.0,0.0,-0.6,0.0,58725,23385,,,48521407342.64509,0.1306555843163205,0.15637429700733987
2021-06-02,0.3703019917011261,0.4445900022983551,0.3525879979133606,0.4233739972114563,11425588479,0.1345448127341946,0.102620373634001,DOGE-USD,0.0,0,0.0,0,0.0,0.0,-0.54,0.0,81793,34433,,,55308117456.11543,0.12537927842362478,0.1544460835882658
2021-06-03,0.4237389862537384,0.440762996673584,0.3788189888000488,0.3999629914760589,6809900030,-0.056883921058652,0.0922347132786536,DOGE-USD,0.0,0,0.0,0,0.0,0.0,-0.52,0.0,74476,29618,,,51483369327.54944,0.11821288587724717,0.15139896608468403
2021-06-04,0.400981992483139,0.400981992483139,0.3514420092105865,0.3763230144977569,5889983048,-0.0609241658157927,0.0888319375284139,DOGE-USD,0.0,0,0.0,0,0.0,0.0,-0.4599999999999999,0.0,82845,34749,,,49005154752.81192,0.1104506763668088,0.14776349911984296
2021-06-05,0.3767519891262054,0.393885999917984,0.3604879975318908,0.3721770048141479,3464039041,-0.0110782952021098,0.0877100369375887,DOGE-USD,0.0,0,0.0,0,0.0,0.0,-0.52,0.0,67945,28476,,,48171770275.999695,0.10178749355014576,0.14402459539494125
2021-06-06,0.3716759979724884,0.376798003911972,0.3672539889812469,0.3718070089817047,1836611411,-0.0009946339063348,0.0817306508561103,DOGE-USD,0.0,0,0.0,0,0.0,0.0,-0.6599999999999999,0.0,61180,25439,,,48172564488.428246,0.09062554244695349,0.14001592158281884
2021-06-07,0.3715659976005554,0.3796780109405517,0.3298059999942779,0.3310500085353851,3043974994,-0.1161054794399095,0.074564396665383,DOGE-USD,0.0,0,0.0,0,0.0,0.0,-0.7,0.0,63970,26962,,,43266937694.48568,0.0850143470532299,0.13572388466660826
2021-06-08,0.331822007894516,0.3414349853992462,0.2966600060462951,0.327686995267868,3918487504,-0.0102105771070293,0.0732647442647492,DOGE-USD,0.0,0,0.0,0,0.0,0.0,-0.74,0.0,62773,26486,,,42641290647.8442,0.08122035325044902,0.13154700743011716
2021-06-09,0.3264229893684387,0.3537620007991791,0.3131310045719147,0.3433310091495514,3154332929,0.0466361530187399,0.0742471234353445,DOGE-USD,0.0,0,0.0,0,0.0,0.0,-0.72,0.0,60558,25696,,,44663820784.853546,0.07830339043183514,0.1278648294090662
2021-06-10,0.3433389961719513,0.3445290029048919,0.32327800989151,0.32635098695755,2114010549,-0.0507215737584049,0.0737026545582104,DOGE-USD,0.0,0,0.0,0,0.0,0.0,-0.5800000000000001,0.0,57113,24092,,,42560756637.44737,0.07550191395595948,0.12353440172878632
2021-06-11,0.3263640105724334,0.3332229852676391,0.3115020096302032,0.3193590044975281,1834446577,-0.021657573368271,0.0715258023401137,DOGE-USD,0.0,0,0.0,0,0.0,0.0,-0.5800000000000001,0.0,54986,24070,,,41237785589.93477,0.07346094425276016,0.11868851873800139
2021-06-12,0.3188929855823517,0.3193320035934448,0.3018040060997009,0.3120839893817901,1605633791,-0.0230435276196077,0.0714307430844365,DOGE-USD,0.0,0,0.0,0,0.0,0.0,-0.4399999999999999,0.0,52340,22680,,,40672047219.556335,0.07283421353657087,0.11419280430643877
2021-06-13,0.312485009431839,0.3300260007381439,0.3078919947147369,0.3243820071220398,1484851447,0.0386495072854423,0.072067815364314,DOGE-USD,0.0,0,0.0,0,0.0,0.0,-0.54,0.0,52144,21825,,,41979559559.44794,0.07259482775648382,0.10973400619623228
2021-06-14,0.3239029943943023,0.3369269967079162,0.3200869858264923,0.3320850133895874,1613812023,0.0234691449595654,0.0694785482066439,DOGE-USD,0.0,0,0.0,0,0.0,0.0,-0.4399999999999999,0.0,56912,25062,,,42533220682.153564,0.0716411127107437,0.10516349362618413
2021-06-15,0.326784998178482,0.3304949998855591,0.3169760107994079,0.3283810019493103,1687965230,-0.0112164749962365,0.0592619428814608,DOGE-USD,0.0,0,0.0,0,0.0,0.0,-0.24,0.0,56488,24741,,,41656524130.14364,0.06875297037539378,0.10015036326063355
2021-06-16,0.3203780055046081,0.3213930130004883,0.3054850101470947,0.307761013507843,1391720788,-0.064850973953212,0.0443015325737934,DOGE-USD,0.0,0,0.0,0,0.0,0.0,-0.3399999999999999,0.0,56837,24524,,,39904375301.23978,0.06330811642212972,0.09458389474907952
2021-06-17,0.3077490031719208,0.3140110075473785,0.3033159971237182,0.3064959943294525,1120766442,-0.0041188653956763,0.043412618892103,DOGE-USD,0.0,0,0.0,0,0.0,0.0,-0.48,0.0,52898,23035,,,39739166159.06514,0.05770449158366302,0.08956422139788335
2021-06-18,0.3064279854297638,0.3077520132064819,0.2804810106754303,0.2934719920158386,1846213589,-0.0434224790482696,0.0423518977804583,DOGE-USD,0.0,0,0.0,0,0.0,0.0,-0.5,0.0,54126,23727,,,38004082767.17104,0.05176130806689187,0.08527342972106276
2021-06-19,0.2936489880084991,0.2978030145168304,0.2861889898777008,0.2873559892177582,1003248258,-0.0210603794977796,0.0423147325293409,DOGE-USD,0.0,0,0.0,0,0.0,0.0,-0.54,0.0,50698,22384,,,37336319823.68062,0.04632854493143128,0.08133310378614737
2021-06-20,0.2863940000534057,0.2897270023822784,0.2564670145511627,0.2809000015258789,1963503800,-0.0227230881305774,0.0420217365757181,DOGE-USD,0.0,0,0.0,0,0.0,0.0,-0.5800000000000001,0.0,54839,23071,,,36478956513.15817,0.042880503670282746,0.07742197017547357
2021-06-21,0.2806600034236908,0.2808890044689178,0.1664910018444061,0.1786909997463226,5640232167,-0.4523406838029697,0.1217009521472899,DOGE-USD,0.0,0,0.0,0,0.0,0.0,-0.54,0.0,64955,29563,,,23291669718.43432,0.05836038758498204,0.07715187776941375
2021-06-22,0.1786819994449615,0.2161220014095306,0.1646540015935897,0.1910309940576553,5992850344,0.066777631695697,0.1250408841908061,DOGE-USD,0.0,0,0.0,0,0.0,0.0,-0.8,0.0,67504,29739,,,24547491971.263565,0.07468604064472266,0.07687982927713657
2021-06-23,0.1906709969043731,0.2471099942922592,0.1809789985418319,0.2321739941835403,5098674891,0.1950513780696654,0.1383962613535735,DOGE-USD,0.0,0,0.0,0,0.0,0.0,-0.72,0.0,58681,26515,,,30525449361.647915,0.0938949133593457,0.07691873177629577
2021-06-24,0.2349700033664703,0.2686899900436401,0.2225269973278045,0.2627820074558258,3844648059,0.1238377539819748,0.1439385585783245,DOGE-USD,0.0,0,0.0,0,0.0,0.0,-0.56,0.0,55356,25345,,,34264088076.616005,0.11421967856914242,0.07879683109194682
2021-06-25,0.263480007648468,0.2891449928283691,0.230005994439125,0.2391529977321624,5542163262,-0.0942213144936537,0.1454765848287451,DOGE-USD,0.0,0,0.0,0,0.0,0.0,-0.4599999999999999,0.0,125710,28045,,,31241524769.99056,0.13491064821974783,0.08121691616240553
2021-06-26,0.2376729995012283,0.2551270127296448,0.2309720069169998,0.2447839975357055,2649457302,0.0232726739647839,0.1459440528914809,DOGE-USD,0.0,0,0.0,0,0.0,0.0,-0.6,0.0,49967,22690,,,31335416024.293385,0.13975926836858604,0.0838129214061813
2021-06-27,0.2460449934005737,0.2668910026550293,0.240894004702568,0.2644500136375427,2167521670,0.077276070123641,0.1474415713271332,DOGE-USD,0.0,0,0.0,0,0.0,0.0,-0.56,0.0,54897,23074,,,33608673726.10676,0.14423940579585143,0.0865279911511606
2021-06-28,0.2649179995059967,0.2669819891452789,0.2507619857788086,0.2568570077419281,1932994784,-0.0291327091378679,0.1470668347434506,DOGE-USD,0.0,0,0.0,0,0.0,0.0,-0.5,0.0,59259,25199,,,33342322597.63281,0.14597352047382686,0.08949781769149424
2021-06-29,0.2570610046386719,0.274940013885498,0.2529880106449127,0.2627690136432647,2192562738,0.0227558312039554,0.1474732641118354,DOGE-USD,0.0,0,0.0,0,0.0,0.0,-0.5,0.0,58970,26881,,,34284719339.36432,0.14668046158052905,0.09281185712087846
2021-06-30,0.2634170055389404,0.2635380029678345,0.2382680028676986,0.2542150020599365,2047763830,-0.0330949973753898,0.1469059151567815,DOGE-USD,0.0,0,0.0,0,0.0,0.0,-0.4399999999999999,0.0,53156,23917,,,32988336955.06109,0.14696632764613632,0.09615918307051628
2021-07-01,0.2538279891014099,0.2600919902324676,0.2386769950389862,0.2445490062236786,2463946548,-0.0387646504888428,0.1470247164870322,DOGE-USD,0.0,0,0.0,0,0.0,0.0,-0.4399999999999999,0.0,54102,24635,,,31867811677.69699,0.14718246036524657,0.09946725548195663
2021-07-02,0.2439820021390915,0.2479970008134842,0.2388480007648468,0.2452639937400818,1321470954,0.0029194326172685,0.1468845366255961,DOGE-USD,0.0,0,0.0,0,0.0,0.0,-0.5800000000000001,0.0,49633,21892,,,31855299641.807323,0.14707105342493917,0.1027937046668378
2021-07-03,0.2451059967279434,0.250214010477066,0.2424540072679519,0.246410995721817,917015819,0.004665700257497,0.1469343975563422,DOGE-USD,0.0,0,0.0,0,0.0,0.0,-0.52,0.0,47625,19309,,,31954087153.024223,0.14704456598751747,0.10622136808575727
2021-07-04,0.2464250028133392,0.2525669932365417,0.2434249967336654,0.2464829981327057,973511519,0.0002921618534556,0.1469216568521744,DOGE-USD,0.0,0,0.0,0,0.0,0.0,-0.4599999999999999,0.0,50319,19913,,,32109924540.120247,0.1469342445355853,0.10965277325701807
2021-07-05,0.2464189976453781,0.2464189976453781,0.2278379946947097,0.2316139936447143,1267949362,-0.0622208525286894,0.0766061068682196,DOGE-USD,0.0,0,0.0,0,0.0,0.0,-0.42,0.0,103412,19698,,,30330638847.325047,0.1328742828778729,0.10985905923446833
2021-07-06,0.2312159985303878,0.2419099956750869,0.2298420071601867,0.2344219982624054,1265920169,0.0120507370588065,0.0753405666743085,DOGE-USD,0.0,0,0.0,0,0.0,0.0,-0.6,0.0,87075,20015,,,30480239609.992744,0.11853745291532816,0.11012551461936218
2021-07-07,0.2343010008335113,0.2378509938716888,0.2225760072469711,0.2241259962320327,1148903688,-0.0449145256422464,0.0559303281826261,DOGE-USD,0.0,0,0.0,0,0.0,0.0,-0.4399999999999999,0.0,52384,20216,,,29169721068.87621,0.10034661122673416,0.10997407758759699
2021-07-08,0.224382996559143,0.224930003285408,0.2029870003461837,0.2075970023870468,1789637577,-0.0766096650806586,0.0458423002618509,DOGE-USD,0.0,0,0.0,0,0.0,0.0,-0.6,0.0,50281,20439,,,26996960857.19171,0.0801281917678359,0.11004411248250869
2021-07-09,0.2070730030536651,0.2291390001773834,0.1966069936752319,0.2198639959096908,3045790264,0.0574104429584705,0.0440296590759762,DOGE-USD,0.0,0,0.0,0,0.0,0.0,-0.6,0.0,48505,20037,,,28643235884.93253,0.059549792212596264,0.11007215976359384
2021-07-10,0.2198459953069687,0.2276809960603714,0.2107450067996978,0.213919997215271,1264519098,-0.027407054441188,0.0435176102565565,DOGE-USD,0.0,0,0.0,0,0.0,0.0,-0.6,0.0,47781,19537,,,27975749257.48032,0.05293209289026364,0.11012514669432556
2021-07-11,0.2138870060443878,0.2187449932098388,0.2109310030937194,0.2158560007810592,719870047,0.0090094219788745,0.036248608474677,DOGE-USD,0.0,0,0.0,0,0.0,0.0,-0.6,0.0,60827,17903,,,28131639785.734818,0.04511370125033734,0.10984941378274993
2021-07-12,0.2160100042819976,0.2189649939537048,0.2045059949159622,0.2080480009317398,973602708,-0.0368426955274398,0.0365453248926031,DOGE-USD,0.0,0,0.0,0,0.0,0.0,-0.5,0.0,50694,18134,,,27194360776.728928,0.04123670059233274,0.10960048597897197
2021-07-13,0.2080090045928955,0.2080619931221008,0.1981630027294159,0.2000029981136322,1035890377,-0.0394364697836086,0.0353564064382293,DOGE-USD,0.0,0,0.0,0,0.0,0.0,-0.6,0.0,46915,17758,,,26022225470.301235,0.03913952182760842,0.1056757339012874
2021-07-14,0.1999779939651489,0.2044830024242401,0.1877519935369491,0.1973239928483963,1319171299,-0.0134853454467437,0.0351641279580589,DOGE-USD,0.0,0,0.0,0,0.0,0.0,-0.5800000000000001,0.0,47894,18493,,,25647944942.535706,0.03736641560402496,0.1015904267997989
2021-07-15,0.1977490037679672,0.2008399963378906,0.1807859987020492,0.1848880052566528,1044558931,-0.0650967467844748,0.037010493984668,DOGE-USD,0.0,0,0.0,0,0.0,0.0,-0.6,0.0,49805,18984,,,24100255372.29709,0.03606499234964726,0.09698198282848501
2021-07-16,0.1852380037307739,0.1883219927549362,0.1716119945049286,0.1723449975252151,1144730187,-0.07025199732402,0.0386583892233385,DOGE-USD,0.0,0,0.0,0,0.0,0.0,-0.56,0.0,49564,19457,,,22468460090.264355,0.03654694849937956,0.09219652058507655
2021-07-17,0.172117993235588,0.204936996102333,0.1692299991846084,0.1861249953508377,2393120423,0.0769201985768617,0.0468977376676963,DOGE-USD,0.0,0,0.0,0,0.0,0.0,-0.7,0.0,50064,19691,,,24211835506.01125,0.0386174310543982,0.08771566389593798
2021-07-18,0.1868409961462021,0.1957879960536956,0.1808860003948211,0.1822330057621002,1424484163,-0.02113234633164,0.0465313069702491,DOGE-USD,0.0,0,0.0,0,0.0,0.0,-0.62,0.0,51478,17358,,,23726103284.71416,0.04085241116080216,0.08319690271770017
2021-07-19,0.1818179935216903,0.1839500069618225,0.1707119941711425,0.1735559999942779,1084816777,-0.0487858058471974,0.045760648092197,DOGE-USD,0.0,0,0.0,0,0.0,0.0,-0.52,0.0,47585,17961,,,22725856320.098373,0.04297171518762978,0.0785750425706576
2021-07-20,0.1737630069255828,0.1788949966430664,0.1607279926538467,0.1708009988069534,1809479230,-0.016001184693368,0.0448250117255698,DOGE-USD,0.0,0,0.0,0,0.0,0.0,-0.62,0.0,48626,19345,,,22227083078.628872,0.04453461873581014,0.07392768697893576
2021-07-21,0.1705269962549209,0.2142100036144256,0.1687189936637878,0.1903489977121353,4433688120,0.1083600881617027,0.0562276206179157,DOGE-USD,0.0,0,0.0,0,0.0,0.0,-0.8,0.0,51059,20993,,,24729540642.61904,0.04804846501472558,0.06978015772921213
2021-07-22,0.1904799938201904,0.1964039951562881,0.1866640001535415,0.1913029998540878,1629442360,0.0049993404201494,0.0531215732000692,DOGE-USD,0.0,0,0.0,0,0.0,0.0,-0.5800000000000001,0.0,47398,18797,,,24956860688.754944,0.04929323212120016,0.06551723309481611
2021-07-23,0.1913589984178543,0.199531003832817,0.1835400015115738,0.1947640031576156,1447257649,0.0179300276791805,0.050488301525158,DOGE-USD,0.0,0,0.0,0,0.0,0.0,-0.54,0.0,46720,18040,,,25311538325.236298,0.050084631032181935,0.06112921423291274
2021-07-24,0.1948229968547821,0.2043689936399459,0.1913439929485321,0.1973190009593963,1695867808,0.0130331278905701,0.0504899870447228,DOGE-USD,0.0,0,0.0,0,0.0,0.0,-0.56,0.0,46694,18649,,,25679058925.437984,0.0510304988226871,0.05674764379741851
2021-07-25,0.197172999382019,0.2004510015249252,0.1916970014572143,0.1978639960289001,1256116971,0.0027581926305893,0.0503767432808977,DOGE-USD,0.0,0,0.0,0,0.0,0.0,-0.4599999999999999,0.0,46503,17310,,,25737112327.428967,0.05214084513375268,0.05235865951217103
2021-07-26,0.1980299949645996,0.2327670007944107,0.197062999010086,0.2044190019369125,4863225852,0.0325919125394752,0.0505472951858881,DOGE-USD,0.0,0,0.0,0,0.0,0.0,-0.48,0.0,55773,23298,,,26739230737.38356,0.05100478004734717,0.047978006709158014
2021-07-27,0.2038359940052032,0.2092929929494857,0.1953500062227249,0.2058990001678466,2229903212,0.0072139396356476,0.0493605329430952,DOGE-USD,0.0,0,0.0,0,0.0,0.0,-0.36,0.0,47405,18414,,,26682733919.155106,0.050252571995952365,0.04673957153074327
2021-07-28,0.2061109989881515,0.2137459963560104,0.2020110040903091,0.2053920030593872,2076707890,-0.0024653948726451,0.0491808436799685,DOGE-USD,0.0,0,0.0,0,0.0,0.0,0.0,0.0,48951,19464,,,26805162857.093697,0.049991080426914455,0.045550493212818725
2021-07-29,0.2055909931659698,0.2063550055027008,0.2007160037755966,0.2046190053224563,1169322798,-0.0037706238953406,0.0452350598511514,DOGE-USD,0.0,0,0.0,0,0.0,0.0,0.0,0.0,47516,18234,,,26754841926.00408,0.04894009498820018,0.045064344652297146
2021-07-30,0.2050230056047439,0.2106429934501648,0.1965350061655044,0.2088209986686706,1523981522,0.0203276799457856,0.0393997821261914,DOGE-USD,0.0,0,0.0,0,0.0,0.0,0.06,0.0,57185,20832,,,27073014038.26418,0.04674470275725892,0.04477150291885808
2021-07-31,0.208637997508049,0.2143449932336807,0.2048970013856887,0.2083140015602111,1349212924,-0.0024308550365587,0.0350780911462161,DOGE-USD,0.0,0,0.0,0,0.0,0.0,0.1999999999999999,0.0,51923,19405,,,27261190640.95665,0.04365086194932452,0.04436461346750535
2021-08-01,0.2077530026435852,0.2176109999418258,0.2013889998197555,0.2044370025396347,1711494501,-0.0187866922688728,0.0349333123159129,DOGE-USD,0.0,0,0.0,0,0.0,0.0,0.1999999999999999,0.0,52052,19177,,,26690508772.201305,0.04076541782388806,0.043974418106567
2021-08-02,0.2042790055274963,0.2099590003490448,0.2021880000829696,0.2036000043153762,1181469976,-0.0041025661112089,0.0311628727099954,DOGE-USD,0.0,0,0.0,0,0.0,0.0,-0.04,0.0,51842,18578,,,26626632621.765568,0.03716182362989344,0.043743248299081466
2021-08-03,0.2034309953451156,0.2050770074129104,0.1937499940395355,0.1959670037031173,1121632377,-0.0382110092668893,0.0331662413909621,DOGE-USD,0.0,0,0.0,0,0.0,0.0,-0.04,0.0,50695,18020,,,25654064840.346703,0.03474805993785558,0.043589653594461424
2021-08-04,0.1963119953870773,0.2031099945306778,0.1944500058889389,0.2014899998903274,1095300718,0.0277934552145242,0.0184992120801181,DOGE-USD,0.0,0,0.0,0,0.0,0.0,-0.16,0.0,49368,18546,,,26332174808.875423,0.03056794592864092,0.04282341748727456
2021-08-05,0.2015749961137771,0.2025129944086074,0.1946849972009658,0.2009740024805069,1139204754,-0.0025641930185465,0.0185800268527783,DOGE-USD,0.0,0,0.0,0,0.0,0.0,0.0,0.0,50567,18536,,,26298098628.684868,0.02726833306995336,0.0420695947097618
2021-08-06,0.2009599953889846,0.2117560058832168,0.1986169964075088,0.2046879976987838,1332579279,0.0183112985313033,0.018603034053285,DOGE-USD,0.0,0,0.0,0,0.0,0.0,0.04,0.0,52389,19730,,,26808617000.56814,0.024002277417427782,0.041232891985608026
2021-08-07,0.2048459947109222,0.2619900107383728,0.2037719935178756,0.2603409886360168,6343062404,0.2405054091792628,0.066135621480309,DOGE-USD,0.0,0,0.0,0,0.0,0.0,0.3799999999999999,0.0,61276,24431,,,33582188284.67249,0.0309968271714905,0.04248185708819759
2021-08-08,0.2619560062885284,0.2813790142536163,0.2353480011224746,0.2400449961423874,6984782653,-0.0811658768156963,0.0713933892474509,DOGE-USD,0.0,0,0.0,0,0.0,0.0,0.48,0.0,63176,24940,,,31567241538.28788,0.03864225674278826,0.043595295796368255
2021-08-09,0.2401220053434372,0.2662650048732757,0.2314099967479705,0.2568970024585724,4607903346,0.0678488462266262,0.0727166929623065,DOGE-USD,0.0,0,0.0,0,0.0,0.0,0.3,0.0,58667,23483,,,33475495858.505177,0.04948575291922594,0.04478554061418905
2021-08-10,0.2563660144805908,0.2627910077571869,0.2453519999980926,0.2573249936103821,3424415504,0.0016646166593804,0.0727852507818892,DOGE-USD,0.0,0,0.0,0,0.0,0.0,0.4199999999999999,0.0,55902,21848,,,33493373652.26401,0.06032679770504812,0.04601393164553869
2021-08-11,0.257423996925354,0.2824819982051849,0.2563819885253906,0.2652629911899566,4732068476,0.0303819008665188,0.0726761595475195,DOGE-USD,0.0,0,0.0,0,0.0,0.0,0.3999999999999999,0.0,65639,25352,,,34763296559.47323,0.07114142280389502,0.04727989291017277
2021-08-12,0.2648530006408691,0.2941420078277588,0.2527750134468078,0.2639209926128387,5264857508,-0.0050719654981382,0.0727073456399607,DOGE-USD,0.0,0,0.0,0,0.0,0.0,0.3999999999999999,0.0,58943,22756,,,34524331900.34595,0.07245576763582535,0.04802897132026573
2021-08-13,0.2642489969730377,0.2871879935264587,0.261907011270523,0.2868080139160156,3565092106,0.0831632629094641,0.0747606561869979,DOGE-USD,0.0,0,0.0,0,0.0,0.0,0.3999999999999999,0.0,57365,22324,,,37320342737.31536,0.07312922102373476,0.04901256600148976
2021-08-14,0.2868010103702545,0.2984560132026672,0.2771539986133575,0.2931129932403564,4677579997,0.0217451262751388,0.0744147584335948,DOGE-USD,0.0,0,0.0,0,0.0,0.0,0.52,0.0,59340,24094,,,38369651921.14336,0.07346883411799242,0.050100132224600524
2021-08-15,0.2940860092639923,0.3487220108509063,0.2870630025863647,0.3414410054683685,8046171669,0.1526167357622364,0.0806065119997502,DOGE-USD,0.0,0,0.0,0,0.0,0.0,0.4199999999999999,0.0,66329,26145,,,44388468211.96724,0.07503308636156462,0.051469065177101765
2021-08-16,0.3401649892330169,0.3509530127048492,0.3108280003070831,0.3207150101661682,6681324187,-0.062622002908415,0.084313668423805,DOGE-USD,0.0,0,0.0,0,0.0,0.0,0.4399999999999999,0.0,70944,28290,,,41829773069.19767,0.07736058813682171,0.05301165268359755
2021-08-17,0.3196310102939605,0.339462012052536,0.2957629859447479,0.2994419932365417,5699700481,-0.0686321898671227,0.0866350763024524,DOGE-USD,0.0,0,0.0,0,0.0,0.0,0.4399999999999999,0.0,62090,24490,,,39252312235.91907,0.08014613426932006,0.05465200637071411
2021-08-18,0.2992030084133148,0.3242270052433014,0.2820160090923309,0.3037390112876892,6347995770,0.0142480970483282,0.0867406003048181,DOGE-USD,0.0,0,0.0,0,0.0,0.0,0.4599999999999999,0.0,59534,23254,,,40150674538.4519,0.0825421230928841,0.056351100341701515
2021-08-19,0.3033759891986847,0.319018006324768,0.2940880060195923,0.3171440064907074,3760495939,0.0431871327045349,0.0863078693337579,DOGE-USD,0.0,0,0.0,0,0.0,0.0,0.3999999999999999,0.0,56120,21577,,,41303463608.89249,0.08492074527291672,0.05803869241687377
2021-08-20,0.3175710141658783,0.3332229852676391,0.3141419887542724,0.3274909853935241,3512291078,0.0321045793062728,0.0862110779900785,DOGE-USD,0.0,0,0.0,0,0.0,0.0,0.3999999999999999,0.0,64308,24279,,,42735557096.39199,0.08604165847098237,0.059901238695915904
2021-08-21,0.3273949921131134,0.3293560147285461,0.315432995557785,0.3167969882488251,2600396651,-0.0331993760757598,0.0637936372857795,DOGE-USD,0.0,0,0.0,0,0.0,0.0,0.56,0.0,58413,22066,,,41595618209.78658,0.08193765224337728,0.061010050294079
2021-08-22,0.3170849978923797,0.3215410113334656,0.306546002626419,0.3149630129337311,2237836352,-0.0058059404313002,0.0580665076502123,DOGE-USD,0.0,0,0.0,0,0.0,0.0,0.52,0.0,58116,21205,,,41222490293.95084,0.07622393851292927,0.06205497831698792
2021-08-23,0.3149259984493255,0.3280940055847168,0.3133679926395416,0.3179140090942383,2836628655,0.0093257218855589,0.0563929569188075,DOGE-USD,0.0,0,0.0,0,0.0,0.0,0.5800000000000001,0.0,221658,25674,,,41624480323.17418,0.07015440983572714,0.06303041670802857
2021-08-24,0.3183859884738922,0.3197570145130157,0.2777769863605499,0.2887389957904815,3143768703,-0.0962577832657228,0.0637912134544468,DOGE-USD,0.0,0,0.0,0,0.0,0.0,0.5800000000000001,0.0,60460,22986,,,38070968178.32069,0.06565107865986493,0.06451352310550364
2021-08-25,0.289218008518219,0.2968150079250335,0.2799949944019317,0.2922259867191314,2518743227,0.0120042787681377,0.0634886203761507,DOGE-USD,0.0,0,0.0,0,0.0,0.0,0.4599999999999999,0.0,59074,21760,,,38290828426.87576,0.06110658713707935,0.06589181305937586
2021-08-26,0.2927939891815185,0.2960020005702972,0.2653129994869232,0.2689090073108673,2410285454,-0.0831543704682309,0.0678990935211732,DOGE-USD,0.0,0,0.0,0,0.0,0.0,0.5,0.0,55584,20824,,,35671015014.107056,0.0619276783841581,0.06813726221578745
2021-08-27,0.2688190042972564,0.2948450148105621,0.265392005443573,0.2944329977035522,2382150423,0.0906784055713844,0.0686216154571341,DOGE-USD,0.0,0,0.0,0,0.0,0.0,0.4199999999999999,0.0,55094,21465,,,38459365771.316734,0.06403869994554245,0.0704118798796218
2021-08-28,0.2946310043334961,0.2991699874401092,0.2832730114459991,0.285629004240036,1534807298,-0.0303576843932497,0.0688734457283511,DOGE-USD,0.0,0,0.0,0,0.0,0.0,0.56,0.0,56058,20591,,,37318086199.94103,0.06653479770745116,0.0726968985921248
2021-08-29,0.2858630120754242,0.2916629910469055,0.2774859964847564,0.281125009059906,1473623363,-0.0158943382645318,0.0526059469275485,DOGE-USD,0.0,0,0.0,0,0.0,0.0,0.4399999999999999,0.0,54371,18983,,,36888367954.90541,0.06429774440207152,0.07208191338518115
2021-08-30,0.281233012676239,0.289559006690979,0.2703750133514404,0.2721250057220459,1748987269,-0.0325379019248201,0.0510534709729289,DOGE-USD,0.0,0,0.0,0,0.0,0.0,0.4599999999999999,0.0,56230,20438,,,35585694612.44765,0.061810714521427154,0.07115737164543015
2021-08-31,0.2718780040740967,0.2858189940452575,0.2700470089912414,0.27845299243927,1745967018,0.0229877161701284,0.0490311895858884,DOGE-USD,0.0,0,0.0,0,0.0,0.0,0.4599999999999999,0.0,58742,19944,,,36421989372.95125,0.058037133734370194,0.07008075785559296
2021-09-01,0.2780619859695434,0.2948890030384063,0.2735260128974914,0.2944009900093078,1937809622,0.0556934929003125,0.051484935657871,DOGE-USD,0.0,0,0.0,0,0.0,0.0,0.4199999999999999,0.0,55462,20133,,,38378675616.92471,0.05460979777451758,0.06911256171359213
2021-09-02,0.2943930029869079,0.3092269897460937,0.2920100092887878,0.2959550023078918,2981069411,0.0052646738854484,0.0498843129111807,DOGE-USD,0.0,0,0.0,0,0.0,0.0,0.48,0.0,59744,22753,,,38831122348.705,0.050811971211083495,0.06807656868466766
2021-09-03,0.2947539985179901,0.3044939935207367,0.2885409891605377,0.2962729930877685,2384046931,0.0010738796980499,0.0487891213012305,DOGE-USD,0.0,0,0.0,0,0.0,0.0,0.48,0.0,64192,22453,,,38638424121.10403,0.0500486060858199,0.06698937666927082
2021-09-04,0.296068012714386,0.3087309896945953,0.2933419942855835,0.2993879914283752,2263193245,0.0104590591555663,0.0483900614976258,DOGE-USD,0.0,0,0.0,0,0.0,0.0,0.4399999999999999,0.0,54681,20000,,,39212580351.48344,0.04951592419075927,0.06579071327429936
2021-09-05,0.2993240058422088,0.3150089979171753,0.2965820133686065,0.3145270049571991,2393033527,0.0493295763813049,0.0504354282247985,DOGE-USD,0.0,0,0.0,0,0.0,0.0,0.4599999999999999,0.0,55483,19782,,,41091218347.150185,0.049796771918541295,0.06470074371935407
2021-09-06,0.314314991235733,0.3197509944438934,0.3004510104656219,0.3087649941444397,2611846129,-0.0184894879792254,0.050583248774067,DOGE-USD,0.0,0,0.0,0,0.0,0.0,0.5800000000000001,0.0,59130,21481,,,40439682746.35122,0.049616434541780496,0.06333604993636847
2021-09-07,0.3089509904384613,0.3110300004482269,0.2165270000696182,0.2537440061569214,5653327525,-0.1962545417730183,0.0687143218797493,DOGE-USD,0.0,0,0.0,0,0.0,0.0,0.5800000000000001,0.0,60894,23391,,,33305505644.60949,0.05338243633549421,0.06262698872982049
2021-09-08,0.2542659938335418,0.2632899880409241,0.2348639965057373,0.2571130096912384,3226346052,0.0131898056483917,0.0687432252624874,DOGE-USD,0.0,0,0.0,0,0.0,0.0,-0.06,0.0,58170,19868,,,33645927431.450817,0.05737325712774559,0.061813722773458445
2021-09-09,0.2503620088100433,0.2595579922199249,0.2492700070142746,0.252595990896225,1763183557,-0.017724376231529,0.065470756477901,DOGE-USD,0.0,0,0.0,0,0.0,0.0,-0.0999999999999999,0.0,53309,19765,,,33095736566.19253,0.06078939612380063,0.060846911690416755
2021-09-10,0.2525849938392639,0.2616220116615295,0.2359090000391006,0.2399819940328598,1840815800,-0.0512274427730095,0.0603949102959591,DOGE-USD,0.0,0,0.0,0,0.0,0.0,-0.0799999999999999,0.0,64664,18308,,,31353359508.591866,0.06278129253803275,0.05966904991597135
2021-09-11,0.2398259937763214,0.2480179965496063,0.2384870052337646,0.2414319962263107,1196337689,0.0060239486495568,0.0604477146744419,DOGE-USD,0.0,0,0.0,0,0.0,0.0,-0.38,0.0,48396,17046,,,31491638666.19877,0.06475418571810773,0.058497987947078785
2021-09-12,0.2413289994001388,0.2547940015792846,0.2392330020666122,0.2506169974803924,1419288866,0.0373380229842959,0.0618425512893741,DOGE-USD,0.0,0,0.0,0,0.0,0.0,-0.36,0.0,50766,17075,,,33016488971.248158,0.06337983160003269,0.05840930221996945
2021-09-13,0.2506240010261535,0.252030998468399,0.2289109975099563,0.2359060049057006,1759116002,-0.0604924259067797,0.0631265927264991,DOGE-USD,0.0,0,0.0,0,0.0,0.0,-0.12,0.0,50274,16963,,,30960727920.76195,0.062256505092835035,0.05863930608707339
2021-09-14,0.236063003540039,0.2416779994964599,0.2339619994163513,0.2407090067863464,967948743,0.0201553218347666,0.0630164837269672,DOGE-USD,0.0,0,0.0,0,0.0,0.0,-0.4,0.0,48808,15978,,,31482296989.99577,0.06176565054264828,0.05894037548744429
2021-09-15,0.2405900061130523,0.248321995139122,0.23921500146389,0.2476969957351684,980188820,0.0286174445526801,0.0612218009763979,DOGE-USD,0.0,0,0.0,0,0.0,0.0,-0.02,0.0,57892,18192,,,32408509077.789387,0.06193102867873603,0.058823584011169334
2021-09-16,0.24754199385643,0.2477329969406128,0.2338519990444183,0.2425550073385238,1140048496,-0.020977688738747,0.0610428593725031,DOGE-USD,0.0,0,0.0,0,0.0,0.0,0.06,0.0,51772,17644,,,31627303812.66812,0.062050057618348274,0.05871241305645807
2021-09-17,0.2420980036258697,0.259535014629364,0.2380259931087494,0.2399300038814544,2246768047,-0.0108812887303986,0.0608960063973706,DOGE-USD,0.0,0,0.0,0,0.0,0.0,-0.04,0.0,51773,18616,,,31437849082.269707,0.06186074863994758,0.05839409091446705
2021-09-18,0.2399280071258545,0.2473279982805252,0.2382279932498932,0.2413859963417053,999151515,0.0060500664875093,0.0607651035330655,DOGE-USD,0.0,0,0.0,0,0.0,0.0,0.0,0.0,48411,16304,,,31651723692.840427,0.06138845080126085,0.0580369767361003
2021-09-19,0.2412810027599334,0.2412849962711334,0.2313369959592819,0.233142003417015,892763953,-0.0347495721495236,0.0579680251836747,DOGE-USD,0.0,0,0.0,0,0.0,0.0,0.06,0.0,48834,15474,,,30540677702.992325,0.06037875909260235,0.05754127580225137
2021-09-20,0.2331610023975372,0.2336059957742691,0.2000219970941543,0.2070710062980651,2244003542,-0.1185859646077026,0.0634927697497276,DOGE-USD,0.0,0,0.0,0,0.0,0.0,0.0,0.0,52127,17685,,,27214053719.6073,0.06083295284726829,0.05803613138507769
2021-09-21,0.2087730020284652,0.2180940061807632,0.1981610059738159,0.2010270059108734,1766963639,-0.0296225032406394,0.0414135168272404,DOGE-USD,0.0,0,0.0,0,0.0,0.0,-0.4599999999999999,0.0,50486,16735,,,26234453122.285675,0.056907084338215765,0.05759795165118276
2021-09-22,0.2008219957351684,0.2294230014085769,0.2002239972352981,0.2248580008745193,2016471206,0.1120298389486494,0.0535388396018512,DOGE-USD,0.0,0,0.0,0,0.0,0.0,-0.5800000000000001,0.0,48599,16441,,,29412779360.236317,0.05543565097911187,0.05780284483372653
2021-09-23,0.2247480005025863,0.2270949929952621,0.2181150019168853,0.224831998348236,1169581249,-0.0001156464513651,0.053539493948468,DOGE-USD,0.0,0,0.0,0,0.0,0.0,-0.4599999999999999,0.0,49621,16765,,,29486962990.497177,0.053990529062192386,0.05789623384693548
2021-09-24,0.2247260063886642,0.2282669991254806,0.197720006108284,0.2094510048627853,1883155313,-0.0708636042890742,0.0549877167639092,DOGE-USD,0.0,0,0.0,0,0.0,0.0,-0.3399999999999999,0.0,50910,18023,,,27467418754.303223,0.053394467378239274,0.05812820674933223
2021-09-25,0.2093479931354522,0.2126040011644363,0.2048750072717666,0.208639994263649,1067132277,-0.0038795937633549,0.0548330880257025,DOGE-USD,0.0,0,0.0,0,0.0,0.0,-0.4399999999999999,0.0,47850,15976,,,27402205336.64136,0.05166253103343425,0.0584029325095355
2021-09-26,0.2087299972772598,0.2090680003166198,0.1944890022277832,0.2049620002508163,1147321467,-0.0177856539181765,0.0530908433034376,DOGE-USD,0.0,0,0.0,0,0.0,0.0,-0.4599999999999999,0.0,51008,17370,,,26830690794.539127,0.05399799632867369,0.058616604409799676
2021-09-27,0.2052409946918487,0.2092809975147247,0.2000779956579208,0.2002619951963424,838297166,-0.0231981120662979,0.0515104020345345,DOGE-USD,0.0,0,0.0,0,0.0,0.0,-0.48,0.0,52076,17611,,,26347225562.743187,0.053592308815210356,0.05866546685569676
2021-09-28,0.2000010013580322,0.2025790065526962,0.1963520050048828,0.1968040019273758,866301240,-0.0174181658515716,0.0506953478263212,DOGE-USD,0.0,0,0.0,0,0.0,0.0,-0.5,0.0,51734,16886,,,25918329192.197845,0.053023479590781,0.05867056226716287
2021-09-29,0.1969799995422363,0.20414400100708,0.195041999220848,0.1988759934902191,926737135,0.0104731627883155,0.0497342671075182,DOGE-USD,0.0,0,0.0,0,0.0,0.0,-0.52,0.0,49404,16310,,,26003238722.04935,0.051972789659502805,0.05780783250478872
2021-09-30,0.1988690048456192,0.2058060020208358,0.197854995727539,0.204244002699852,916819792,0.0266338885658564,0.050956979055117,DOGE-USD,0.0,0,0.0,0,0.0,0.0,-0.6,0.0,50654,16802,,,26767593726.348656,0.05119756786538569,0.05699936676809007
2021-10-01,0.2044270038604736,0.2246070057153701,0.2019940018653869,0.2230100035667419,1435469263,0.0879012587352677,0.0575748411935454,DOGE-USD,0.0,0,0.0,0,0.0,0.0,-0.4599999999999999,0.0,54001,19533,,,29168458914.971333,0.05209436744340725,0.05664046152789209
2021-10-02,0.2227409929037094,0.2249550074338913,0.2154929935932159,0.2191330045461654,1166058975,-0.0175377573345686,0.0575646865718516,DOGE-USD,0.0,0,0.0,0,0.0,0.0,0.08,0.0,53794,20237,,,28833338550.64848,0.053305224350870685,0.05651181499497812
2021-10-03,0.2188110053539276,0.2262279987335205,0.2158720046281814,0.2217479944229126,1070267896,0.0118627046696246,0.0571772188689476,DOGE-USD,0.0,0,0.0,0,0.0,0.0,-0.02,0.0,51564,17622,,,29114228349.4176,0.05460159855939596,0.05636315609472837
2021-10-04,0.2219299972057342,0.2479240000247955,0.2132840007543563,0.2408519983291626,3684051106,0.0826410531954369,0.0510015373169613,DOGE-USD,0.0,0,0.0,0,0.0,0.0,0.08,0.0,55736,20214,,,31948713449.30788,0.05485505260128457,0.05587038273234597
2021-10-05,0.241239994764328,0.2677870094776153,0.2335879951715469,0.252016007900238,4628329381,0.0453099788793789,0.050361602292663,DOGE-USD,0.0,0,0.0,0,0.0,0.0,0.1799999999999999,0.0,64291,25293,,,33144758794.085835,0.054735977248793775,0.05529015589444433
2021-10-06,0.2520079910755157,0.2715089917182922,0.2430959939956665,0.2551339864730835,4659725421,0.0122962354064705,0.0421376325985613,DOGE-USD,0.0,0,0.0,0,0.0,0.0,0.3600000000000001,0.0,64565,26319,,,33165746916.21551,0.05164853552979696,0.05434111720678952
2021-10-07,0.2543399930000305,0.2567389905452728,0.2391269952058792,0.2429230064153671,2936116763,-0.0490442972070654,0.0448928815182194,DOGE-USD,0.0,0,0.0,0,0.0,0.0,0.52,0.0,65350,27008,,,31870072736.325207,0.04911417451907052,0.053598893595054126
2021-10-08,0.2430229932069778,0.2547639906406402,0.2416920065879821,0.2438510060310363,1952117191,0.0038128606548626,0.0391925894887258,DOGE-USD,0.0,0,0.0,0,0.0,0.0,0.48,0.0,59436,22536,,,31984366179.16868,0.045517248643026156,0.0526056995094279
2021-10-09,0.2434950023889541,0.2519659996032715,0.2417570054531097,0.2465959936380386,1484990033,0.011193936437592,0.0389628374006233,DOGE-USD,0.0,0,0.0,0,0.0,0.0,0.4399999999999999,0.0,57985,22336,,,32461337554.01194,0.04310950865975856,0.051608737282303016
2021-10-10,0.2465720027685165,0.248662993311882,0.2278580069541931,0.2298049926757812,1466060853,-0.0705202528424199,0.0442481055799243,DOGE-USD,0.0,0,0.0,0,0.0,0.0,0.4199999999999999,0.0,59699,21090,,,30204557625.63255,0.04188680931721082,0.050857964648069326
2021-10-11,0.2294500023126602,0.2393810003995895,0.2255209982395172,0.2315029948949813,1463611233,0.0073617189969946,0.0433256939563985,DOGE-USD,0.0,0,0.0,0,0.0,0.0,0.4199999999999999,0.0,61990,22925,,,30297417939.953087,0.04212442158877826,0.050192404137738594
2021-10-12,0.2315250039100647,0.2317180037498474,0.2164469957351684,0.2262420058250427,1881102059,-0.0229875617681539,0.0436248553136661,DOGE-USD,0.0,0,0.0,0,0.0,0.0,0.56,0.0,58802,22371,,,29690951979.29837,0.041870816347867594,0.04928931711791761
2021-10-13,0.226174995303154,0.2339430004358291,0.2210610061883926,0.232572004199028,1457486924,0.0275946239755347,0.043879684366494,DOGE-USD,0.0,0,0.0,0,0.0,0.0,0.3999999999999999,0.0,58224,22234,,,30552060331.598717,0.042808235323421234,0.04940141564242914
2021-10-14,0.2325610071420669,0.2398799955844879,0.2314970046281814,0.2322729974985122,1337117776,-0.0012864793239146,0.0437575920371204,DOGE-USD,0.0,0,0.0,0,0.0,0.0,0.3999999999999999,0.0,62887,24088,,,30599162721.215942,0.04376718625072066,0.04895681348039591
2021-10-15,0.2326440066099167,0.2434689998626709,0.2257499992847442,0.2337819933891296,1837803539,0.0064756356794199,0.0374464262575337,DOGE-USD,0.0,0,0.0,0,0.0,0.0,0.4199999999999999,0.0,64012,26067,,,30813376912.13004,0.042406850386242534,0.048225310403535275
2021-10-16,0.2338809967041015,0.2444469928741455,0.2336830049753189,0.237292006611824,1541850812,0.014902449220152,0.0370548264615172,DOGE-USD,0.0,0,0.0,0,0.0,0.0,0.56,0.0,62303,24947,,,31308305701.593327,0.041152676887266273,0.04741017902615381
2021-10-17,0.2371930032968521,0.2419729977846145,0.2263800054788589,0.2378980070352554,1397143121,0.0025505618154787,0.0370189960316633,DOGE-USD,0.0,0,0.0,0,0.0,0.0,0.5800000000000001,0.0,60804,22873,,,31249920272.879784,0.03983150503086572,0.046600447571879304
2021-10-18,0.2378060072660446,0.2713940143585205,0.2374880015850067,0.2472810000181198,5003365533,0.0386833019351747,0.0313608981119588,DOGE-USD,0.0,0,0.0,0,0.0,0.0,0.56,0.0,70873,29532,,,32473063184.484444,0.03732774777995868,0.04561272279044845
2021-10-19,0.2473780065774917,0.2546109855175018,0.2406509965658188,0.2457879930734634,1675967829,-0.0060559943074217,0.0287884846603771,DOGE-USD,0.0,0,0.0,0,0.0,0.0,0.5,0.0,65055,25241,,,32316228955.886745,0.03433392630461002,0.044579908364350385
2021-10-20,0.2455019950866699,0.2615549862384796,0.2423840016126632,0.2540929913520813,1853058770,0.0332309601225857,0.0300905432443063,DOGE-USD,0.0,0,0.0,0,0.0,0.0,0.6399999999999999,0.0,65855,27109,,,33535689050.97859,0.03286274970196454,0.043643326337895166
2021-10-21,0.2547929883003235,0.2582609951496124,0.2422730028629303,0.2423910051584243,1742570934,-0.0471481616284109,0.0298575941135313,DOGE-USD,0.0,0,0.0,0,0.0,0.0,0.6799999999999999,0.0,64345,25265,,,32018701508.54912,0.031423303232367354,0.042739841201804844
2021-10-22,0.242478996515274,0.2527720034122467,0.2364719957113266,0.2442210018634796,1829875043,0.0075214146211154,0.029911921920424,DOGE-USD,0.0,0,0.0,0,0.0,0.0,0.5,0.0,60626,24418,,,32289757399.369347,0.030001888410119498,0.04178324769568244
2021-10-23,0.2445140033960342,0.2531400024890899,0.2415889948606491,0.2517330050468445,1502684867,0.0302954613626299,0.0308765674592103,DOGE-USD,0.0,0,0.0,0,0.0,0.0,0.48,0.0,61838,23111,,,32893346985.309967,0.029905022279569798,0.04056968979866721
2021-10-24,0.2514320015907287,0.2819350063800812,0.2460280060768127,0.2770479917526245,5278760541,0.0958217245468237,0.0329755896826936,DOGE-USD,0.0,0,0.0,0,0.0,0.0,0.4599999999999999,0.0,73866,29029,,,36287669316.374855,0.0307424432840331,0.039452003576432755
2021-10-25,0.2757450044155121,0.2794719934463501,0.2602199912071228,0.2647069990634918,3364560707,-0.0455671962273891,0.036555317681965,DOGE-USD,0.0,0,0.0,0,0.0,0.0,0.4399999999999999,0.0,75868,28923,,,34792829512.47696,0.03203539817156484,0.038514644431569905
2021-10-26,0.2647829949855804,0.2743169963359833,0.2537209987640381,0.255731999874115,2513384162,-0.0344935297466633,0.0374617889963051,DOGE-USD,0.0,0,0.0,0,0.0,0.0,0.52,0.0,77438,30603,,,33701997768.02667,0.033556237148119596,0.037899201326085534
2021-10-27,0.255836009979248,0.2633169889450073,0.220328003168106,0.2376900017261505,5022822846,-0.073162709723483,0.0428537730544915,DOGE-USD,0.0,0,0.0,0,0.0,0.0,0.4599999999999999,0.0,85630,35985,,,31398975555.784225,0.036144607374933094,0.037557936360714105
2021-10-28,0.2373809963464737,0.3388429880142212,0.2333340048789978,0.3004469871520996,20359592492,0.2343040120375481,0.0754848021676857,DOGE-USD,0.0,0,0.0,0,0.0,0.0,0.32,0.0,121856,54654,,,39487459841.36607,0.04506625431662818,0.039073716795674306
2021-10-29,0.2999640107154846,0.3063119947910309,0.2797710001468658,0.2878530025482178,5866664030,-0.0428213809301538,0.077212990385458,DOGE-USD,0.0,0,0.0,0,0.0,0.0,0.3999999999999999,0.0,89335,39470,,,37899738419.86537,0.05391373445718105,0.04054281265327606
2021-10-30,0.2877640128135681,0.2946470081806183,0.2598879933357239,0.2683449983596802,3637334331,-0.0701764820614032,0.0804881366464376,DOGE-USD,0.0,0,0.0,0,0.0,0.0,0.4599999999999999,0.0,85686,36642,,,35168706662.50442,0.06270029825007557,0.042419882978626595
2021-10-31,0.2692390084266662,0.2847070097923279,0.2526139914989471,0.2802439928054809,4224104205,0.0433871666414573,0.0809832812837129,DOGE-USD,0.0,0,0.0,0,0.0,0.0,0.48,0.0,79094,31813,,,37050410660.691895,0.07140459670755714,0.04432990315513066
2021-11-01,0.2801229953765869,0.2855510115623474,0.2640889883041382,0.2717280089855194,2784956027,-0.0308590275644219,0.08133298727866,DOGE-USD,0.0,0,0.0,0,0.0,0.0,0.48,0.0,79212,31590,,,35832547858.48967,0.07910043955239084,0.046015579595982285
2021-11-02,0.2718920111656189,0.2806859910488128,0.2675969898700714,0.2731209993362427,2336414476,0.005113318972939,0.0812526183859819,DOGE-USD,0.0,0,0.0,0,0.0,0.0,0.4599999999999999,0.0,80616,33034,,,36007930431.15767,0.08025400279605008,0.0477395307064179
2021-11-03,0.2735039889812469,0.277103990316391,0.2639789879322052,0.2694070041179657,2091380862,-0.0136916554120194,0.0810785792068177,DOGE-USD,0.0,0,0.0,0,0.0,0.0,0.52,0.0,79410,32223,,,35467053879.92059,0.08102712056032202,0.04944197270156115
2021-11-04,0.2691119909286499,0.2708649933338165,0.2547110021114349,0.2632800042629242,1902957818,-0.0230051417647153,0.0801543582834143,DOGE-USD,0.0,0,0.0,0,0.0,0.0,0.4599999999999999,0.0,76454,30196,,,34646241264.75723,0.08096036488771735,0.051090821515966625
2021-11-05,0.2636550068855285,0.2707889974117279,0.257887989282608,0.2614650130271911,1559898586,-0.0069176396679029,0.0802248197182944,DOGE-USD,0.0,0,0.0,0,0.0,0.0,0.4599999999999999,0.0,73676,28996,,,34364885241.17064,0.08080867257463366,0.0527484227742018
2021-11-06,0.2612639963626861,0.2676970064640045,0.2505210041999817,0.261898010969162,1353526462,0.0016546757065809,0.0798911595258409,DOGE-USD,0.0,0,0.0,0,0.0,0.0,0.4199999999999999,0.0,68504,26106,,,34528240376.96224,0.08052030702406983,0.05467772883185213
2021-11-07,0.2619709968566894,0.2698490023612976,0.2589670121669769,0.2663150131702423,1155873526,0.0167247112720623,0.0754841318369192,DOGE-USD,0.0,0,0.0,0,0.0,0.0,0.4599999999999999,0.0,69758,26412,,,35096168220.886925,0.0793666097142573,0.056424515439824956
2021-11-08,0.266728013753891,0.29653200507164,0.2649179995059967,0.2823590040206909,4093381450,0.0584994570450903,0.0760727152810368,DOGE-USD,0.0,0,0.0,0,0.0,0.0,0.5,0.0,79166,31031,,,37177385873.79547,0.07836543692910111,0.058199684496614654
2021-11-09,0.2825390100479126,0.2896679937839508,0.2717519998550415,0.2735260128974914,2353452396,-0.0317825967006914,0.0759688995778462,DOGE-USD,0.0,0,0.0,0,0.0,0.0,0.6799999999999999,0.0,77050,30768,,,36166807811.60309,0.07752834518798749,0.06022732092688226
2021-11-10,0.2735970020294189,0.2769890129566192,0.2380300015211105,0.2557089924812317,2820521435,-0.067356678710645,0.0755250835196543,DOGE-USD,0.0,0,0.0,0,0.0,0.0,0.5,0.0,135607,51925,,,33528457879.122646,0.07658839794825947,0.06235171178412214
2021-11-11,0.2557049989700317,0.2699649930000305,0.2532829940319061,0.2611669898033142,1628781435,0.021119960637379,0.037906113238077,DOGE-USD,0.0,0,0.0,0,0.0,0.0,0.54,0.0,64904,26645,,,34472703023.35545,0.06819138869070669,0.06270696496565717
2021-11-12,0.2609370052814483,0.268436998128891,0.2494570016860962,0.2594139873981476,1563007446,-0.0067348178591119,0.0367112742424523,DOGE-USD,0.0,0,0.0,0,0.0,0.0,0.48,0.0,76781,25400,,,34149487808.62501,0.060436817171813303,0.06301849588060814
2021-11-13,0.2596180140972137,0.2622509896755218,0.2545399963855743,0.261705994606018,923837904,0.0087965231286566,0.0321068900447464,DOGE-USD,0.0,0,0.0,0,0.0,0.0,0.4399999999999999,0.0,59674,24048,,,34489343909.0194,0.05164365212455524,0.06311826715898641
2021-11-14,0.2615909874439239,0.2712570130825043,0.2602750062942505,0.2629120051860809,1264556615,0.0045976794734212,0.029474212580804,DOGE-USD,0.0,0,0.0,0,0.0,0.0,0.48,0.0,60330,23450,,,34605893303.37634,0.042344714725146795,0.06305452375542249
2021-11-15,0.2628700137138366,0.265170007944107,0.2563669979572296,0.2565290033817291,1028469310,-0.0245776633200584,0.0290883674089234,DOGE-USD,0.0,0,0.0,0,0.0,0.0,0.4399999999999999,0.0,62262,24708,,,33949172080.70251,0.03305737150300061,0.06287783183388748
2021-11-16,0.257093995809555,0.257093995809555,0.2263939976692199,0.2372490018606186,2248804980,-0.0781315014709572,0.0349710086126592,DOGE-USD,0.0,0,0.0,0,0.0,0.0,0.4199999999999999,0.0,62841,24628,,,31466200054.938507,0.03247035057791705,0.06280581778528266
2021-11-17,0.2370100021362304,0.2409060001373291,0.2328590005636215,0.2374870032072067,1543405154,0.0010026682787356,0.0350739057760933,DOGE-USD,0.0,0,0.0,0,0.0,0.0,0.04,0.0,101048,23459,,,31292749335.278687,0.032142876884645254,0.06269727763890941
2021-11-18,0.2375559955835342,0.2410909980535507,0.2160989940166473,0.2213830053806305,1860661769,-0.070218641109307,0.0386144018963393,DOGE-USD,0.0,0,0.0,0,0.0,0.0,0.08,0.0,59242,22731,,,29228177917.44763,0.03344437925496384,0.06250457894990248
2021-11-19,0.2209949940443039,0.2368319928646087,0.2165179997682571,0.2331099957227707,1296123511,0.0516161692859504,0.0422491802294087,DOGE-USD,0.0,0,0.0,0,0.0,0.0,-0.3199999999999999,0.0,58891,21480,,,30768363935.624325,0.03599937278468478,0.060993868861798986
2021-11-20,0.2331739962100982,0.235953003168106,0.2254509925842285,0.233024001121521,805305660,-0.0003689694500185,0.0422163227292716,DOGE-USD,0.0,0,0.0,0,0.0,0.0,-0.14,0.0,57189,21829,,,30867866688.202103,0.03862496384875442,0.05940311124106324
2021-11-21,0.233254998922348,0.2333499938249588,0.2256799936294555,0.2263280004262924,751789838,-0.029156180934203,0.0419002416634078,DOGE-USD,0.0,0,0.0,0,0.0,0.0,-0.02,0.0,57128,21904,,,30055888979.770424,0.04001081045890414,0.0576491160145619
2021-11-22,0.2261600047349929,0.2275310009717941,0.2168979942798614,0.2196760028600692,921753721,-0.0298315298612738,0.0368788234454471,DOGE-USD,0.0,0,0.0,0,0.0,0.0,0.0,0.0,61431,24934,,,29041241937.712383,0.04037179399277489,0.05564436793100435
2021-11-23,0.2196660041809082,0.2362010031938552,0.2145660072565078,0.226511999964714,1907278849,0.0306441769259711,0.0387991480769712,DOGE-USD,0.0,0,0.0,0,0.0,0.0,-0.3399999999999999,0.0,65943,25752,,,29925939761.103107,0.04040874322890127,0.05371101160365487
2021-11-24,0.2266799956560135,0.2302449941635131,0.2118359953165054,0.2218250036239624,1957665360,-0.0209091244379271,0.0356990126579662,DOGE-USD,0.0,0,0.0,0,0.0,0.0,-0.16,0.0,70435,26883,,,28732274298.57332,0.03909870971461278,0.051640393161472335
2021-11-25,0.2171320021152496,0.2288099974393844,0.2143169939517974,0.2163259983062744,1344826632,-0.025102277731605,0.034707867105106,DOGE-USD,0.0,0,0.0,0,0.0,0.0,-0.36,0.0,67821,25823,,,29313234611.018032,0.03759701858977965,0.04953263352048543
2021-11-26,0.2210469990968704,0.2217590063810348,0.1903440058231353,0.200886994600296,2231733479,-0.0740439872893101,0.0381923176046012,DOGE-USD,0.0,0,0.0,0,0.0,0.0,-0.06,0.0,64369,24528,,,26743272461.52732,0.03685543377801833,0.04762526803508484
2021-11-27,0.2014289945363998,0.2096129953861236,0.200871005654335,0.2053470015525818,917785649,0.0219587046153059,0.0390617706863835,DOGE-USD,0.0,0,0.0,0,0.0,0.0,-0.5800000000000001,0.0,60637,23119,,,27015404216.450985,0.03729202322620561,0.04575422035181616
2021-11-28,0.2052949965000152,0.2074719965457916,0.1930640041828155,0.2074719965457916,1027555437,0.0102951355046688,0.039336429011978,DOGE-USD,0.0,0,0.0,0,0.0,0.0,-0.4599999999999999,0.0,61923,20016,,,27353323888.144577,0.037399479413206975,0.04391082351027694
2021-11-29,0.2074439972639084,0.2236919999122619,0.2032520025968551,0.2151750028133392,1869737827,0.0364552894527003,0.0417311195279501,DOGE-USD,0.0,0,0.0,0,0.0,0.0,-0.3399999999999999,0.0,62115,23474,,,28480418192.860046,0.03860590078720375,0.04237659567805108
2021-11-30,0.2151110023260116,0.2268899977207183,0.213250994682312,0.2147150039672851,1897635999,-0.0021400777611118,0.0372468429028044,DOGE-USD,0.0,0,0.0,0,0.0,0.0,-0.1999999999999999,0.0,61663,24436,,,28502168352.183525,0.03911369594674344,0.04061178329722232
2021-12-01,0.2144870012998581,0.2184959948062896,0.2062979936599731,0.2094870060682296,988030934,-0.0246498719510995,0.0374465106603645,DOGE-USD,0.0,0,0.0,0,0.0,0.0,-0.3199999999999999,0.0,63622,25417,,,27636839604.167065,0.0389645345578961,0.038860765619154976
2021-12-02,0.2094759941101074,0.2230110019445419,0.2021690011024475,0.2097260057926178,1879305770,0.0011402305917049,0.0330674392977046,DOGE-USD,0.0,0,0.0,0,0.0,0.0,-0.36,0.0,67691,24495,,,27699519200.96864,0.037765668280160314,0.03693087269997544
2021-12-03,0.2094630002975464,0.2119909971952438,0.1932740062475204,0.1999929994344711,1260948451,-0.0475195813819091,0.0308105154532815,DOGE-USD,0.0,0,0.0,0,0.0,0.0,-0.38,0.0,59867,23693,,,26497921989.381504,0.036060485568421015,0.03660834552793929
2021-12-04,0.2003560066223144,0.2005620002746582,0.1328260004520416,0.1788530051708221,4388513696,-0.111718094799594,0.0406661085132481,DOGE-USD,0.0,0,0.0,0,0.0,0.0,-0.5,0.0,63991,27034,,,24063346187.94269,0.03584748336548062,0.036788110722066364
2021-12-05,0.1782629936933517,0.1811330020427703,0.1629489958286285,0.1712550073862075,1645331135,-0.0434105513819059,0.0411186200857271,DOGE-USD,0.0,0,0.0,0,0.0,0.0,-0.64,0.0,58580,21870,,,22633314932.81024,0.036621838802065154,0.037197734814838214
2021-12-06,0.1713829934597015,0.180527001619339,0.1595579981803894,0.1783999949693679,1896979202,0.0408744750210195,0.0440452361496857,DOGE-USD,0.0,0,0.0,0,0.0,0.0,-0.6799999999999999,0.0,59580,22346,,,23558632243.842003,0.037941583899929396,0.03786005406796921
2021-12-07,0.1783740073442459,0.1835390031337738,0.1755049973726272,0.1768050044775009,1085087124,-0.0089807362761412,0.0421271661591613,DOGE-USD,0.0,0,0.0,0,0.0,0.0,-0.5,0.0,60221,23066,,,23373945420.111298,0.03975352927222074,0.03845272673843456
2021-12-08,0.176608994603157,0.1821680068969726,0.1726299971342086,0.1791509985923767,1014713070,0.0131815621216341,0.0429052572994416,DOGE-USD,0.0,0,0.0,0,0.0,0.0,-0.4399999999999999,0.0,58815,22376,,,23670374243.0004,0.04217247764145275,0.03881337440601558
2021-12-09,0.1789609938859939,0.181889995932579,0.1694840043783188,0.1694840043783188,1071039221,-0.0554704648748099,0.0441894925259641,DOGE-USD,0.0,0,0.0,0,0.0,0.0,-0.42,0.0,58901,23319,,,22626065766.98026,0.04287715444399596,0.03922771925828244
2021-12-10,0.1694660037755966,0.1746100038290023,0.1640650033950805,0.1644220054149627,845450410,-0.0303222263643328,0.0413333722940976,DOGE-USD,0.0,0,0.0,0,0.0,0.0,-0.52,0.0,59515,24314,,,21913756676.473488,0.04292010488567006,0.0393513088218169
2021-12-11,0.1644989997148513,0.1700800061225891,0.1618169993162155,0.1690189987421035,692929162,0.0275748006432569,0.0417376948527168,DOGE-USD,0.0,0,0.0,0,0.0,0.0,-0.6799999999999999,0.0,58668,22646,,,22333035291.494408,0.04245859662627628,0.039328059486512724
2021-12-12,0.1689040064811706,0.17289899289608,0.1658989936113357,0.1698909997940063,593132337,0.0051459265287231,0.041530192721981,DOGE-USD,0.0,0,0.0,0,0.0,0.0,-0.4599999999999999,0.0,60342,21752,,,22513049968.152184,0.042339201938840214,0.03929687175890861
2021-12-13,0.1698800027370453,0.1706150025129318,0.1519960016012191,0.1575649976730346,968464045,-0.0753189969520981,0.0417708265889047,DOGE-USD,0.0,0,0.0,0,0.0,0.0,-0.4399999999999999,0.0,64932,24258,,,20916916197.458904,0.04211231579673284,0.03929098925552211
2021-12-14,0.1574649959802627,0.2196319997310638,0.1554470062255859,0.1801570057868957,6411471551,0.1339906682955452,0.0590747166477515,DOGE-USD,0.0,0,0.0,0,0.0,0.0,-0.5800000000000001,0.0,85950,35529,,,25128341077.51265,0.04508936062109031,0.040299893491990486
2021-12-15,0.1911440044641494,0.1911440044641494,0.1712660044431686,0.1810819953680038,2466135011,0.0051212167001958,0.059140849480907,DOGE-USD,0.0,0,0.0,0,0.0,0.0,-0.4399999999999999,0.0,64668,26320,,,23924803151.58241,0.048650856058452194,0.04122451628307848
2021-12-16,0.1811710000038147,0.1849330067634582,0.1726550012826919,0.173454001545906,1057988990,-0.0430374983059588,0.0596536412259009,DOGE-USD,0.0,0,0.0,0,0.0,0.0,-0.42,0.0,59077,21506,,,23012002655.15381,0.05223404533308901,0.04231336303616642
2021-12-17,0.1733810007572174,0.1765590012073516,0.1622630059719085,0.1690099984407425,1026719015,-0.0259545679190064,0.0589840569405954,DOGE-USD,0.0,0,0.0,0,0.0,0.0,-0.54,0.0,58842,20839,,,22424727299.506817,0.055724818176811894,0.04341682621050685
2021-12-18,0.1691000014543533,0.1748739928007125,0.1662440001964569,0.1723999977111816,658993272,0.0198594694090772,0.0519388361402818,DOGE-USD,0.0,0,0.0,0,0.0,0.0,-0.52,0.0,57899,21300,,,22816744896.23995,0.057758420087087314,0.04404166796212869
2021-12-19,0.1725330054759979,0.1743779927492141,0.1693820059299469,0.1695760041475296,541018118,-0.0165161165847138,0.0507991369915863,DOGE-USD,0.0,0,0.0,0,0.0,0.0,-0.42,0.0,58708,20304,,,22528523545.138832,0.056103304155854274,0.04457518461236518
2021-12-20,0.169523000717163,0.1708330065011978,0.1614969968795776,0.1673219949007034,912233179,-0.0133811591983824,0.0494344054336139,DOGE-USD,0.0,0,0.0,0,0.0,0.0,-0.5,0.0,57337,19736,,,22157122899.56804,0.054162015346395656,0.04503418354062136
2021-12-21,0.1670980006456375,0.1723400056362152,0.1661079972982406,0.1711750030517578,621397179,0.0227663736651303,0.0499425040014452,DOGE-USD,0.0,0,0.0,0,0.0,0.0,-0.4599999999999999,0.0,55868,19171,,,22657195171.643,0.052219787901504514,0.04540742828941659
2021-12-22,0.1711290031671524,0.1795849949121475,0.1700550019741058,0.1732140034437179,932537493,0.0118414013163014,0.0499117987658276,DOGE-USD,0.0,0,0.0,0,0.0,0.0,-0.0999999999999999,0.0,60085,20418,,,22941638712.442886,0.05040533626655096,0.04598310810137219
2021-12-23,0.1732089966535568,0.1845220029354095,0.1717399954795837,0.1844899952411651,1184481683,0.0630673915234134,0.0502708044169782,DOGE-USD,0.0,0,0.0,0,0.0,0.0,-0.3199999999999999,0.0,58343,20770,,,24277700696.88925,0.05007172992189024,0.046566030544854635
2021-12-24,0.1849790066480636,0.1952899992465973,0.1797610074281692,0.1866219937801361,1853415104,0.0114899117095972,0.0491731329930373,DOGE-USD,0.0,0,0.0,0,0.0,0.0,-0.18,0.0,61412,22970,,,24726373300.619263,0.04974652912218043,0.04729810753100612
2021-12-25,0.1867119967937469,0.1948760002851486,0.1855709999799728,0.1906570047140121,1010443046,0.0213908794660989,0.0490214344575716,DOGE-USD,0.0,0,0.0,0,0.0,0.0,-0.2199999999999999,0.0,56726,20035,,,25361275603.18456,0.04966393492697198,0.04812587657665567
2021-12-26,0.1905670017004013,0.1925459951162338,0.1856459975242614,0.1900199949741363,650674078,-0.0033467235213558,0.0491199740011346,DOGE-USD,0.0,0,0.0,0,0.0,0.0,-0.26,0.0,61347,20673,,,25224353014.73492,0.04949942892690986,0.04851014318974142
2021-12-27,0.1899860054254531,0.1929229944944381,0.1872390061616897,0.1877049952745437,666773423,-0.0122577470141804,0.043456922557593,DOGE-USD,0.0,0,0.0,0,0.0,0.0,-0.1999999999999999,0.0,64738,22116,,,24964963298.67963,0.04820845368526293,0.048616429665735324
2021-12-28,0.1878470033407211,0.1878850013017654,0.1727380007505417,0.1741169989109039,954075337,-0.0751440755314911,0.0332229763908772,DOGE-USD,0.0,0,0.0,0,0.0,0.0,-0.18,0.0,62281,21544,,,23128175296.470417,0.04479888808004274,0.04812450876760766
2021-12-29,0.1740950047969818,0.1773390024900436,0.1667599976062774,0.1677650064229965,823628336,-0.037163251866012,0.0343848520271934,DOGE-USD,0.0,0,0.0,0,0.0,0.0,-0.4599999999999999,0.0,61791,23661,,,22260772859.70389,0.041841231886873956,0.04777258539797276
2021-12-30,0.1681369990110397,0.1757709980010986,0.1653809994459152,0.171313002705574,599236772,0.020928079576949,0.0332376572019248,DOGE-USD,0.0,0,0.0,0,0.0,0.0,-0.56,0.0,62987,23972,,,22716255324.42788,0.038684476435744596,0.047333149029903814
2021-12-31,0.171316996216774,0.1752939969301223,0.1673070043325424,0.1704960018396377,644416694,-0.0047804616670067,0.0324824238721864,DOGE-USD,0.0,0,0.0,0,0.0,0.0,-0.4399999999999999,0.0,64901,23872,,,22617839522.00414,0.03535696640995496,0.04680100954564119
2022-01-01,0.1705099940299987,0.1734230071306228,0.1703529953956604,0.1730349957942962,371336089,0.0147820150409252,0.0322788569316809,DOGE-USD,0.0,0,0.0,0,0.0,0.0,-0.5800000000000001,0.0,57353,21392,,,22913848224.352303,0.03312135328477254,0.04638944066553134
2022-01-02,0.1730269938707351,0.1759890019893646,0.171201005578041,0.1744029968976974,391041933,0.0078748335050085,0.031960247001543,DOGE-USD,0.0,0,0.0,0,0.0,0.0,-0.42,0.0,65129,25464,,,23141588948.45676,0.032868807406905697,0.045945011217750714
2022-01-03,0.1744060069322586,0.1744060069322586,0.168271005153656,0.170087993144989,505900382,-0.0250527855003332,0.0325394449352313,DOGE-USD,0.0,0,0.0,0,0.0,0.0,-0.42,0.0,65804,26928,,,22555058387.555115,0.03249972598851327,0.04553634086380754
2022-01-04,0.1701509952545166,0.1723390072584152,0.1681279987096786,0.1688030064105987,541922892,-0.0075835173807513,0.0319965101422529,DOGE-USD,0.0,0,0.0,0,0.0,0.0,-0.54,0.0,73019,29325,,,22353586623.95896,0.0322514965765789,0.045092053752596103
2022-01-05,0.1688349992036819,0.1707469969987869,0.1518979966640472,0.1594199985265731,994086848,-0.0571901727352252,0.0350401977194203,DOGE-USD,0.0,0,0.0,0,0.0,0.0,-0.52,0.0,67995,29322,,,21122583043.353867,0.032763051346025675,0.04399957561949014
2022-01-06,0.1594360023736953,0.1617060005664825,0.155141994357109,0.1602129936218261,715345645,0.0049619203382417,0.0291926225583529,DOGE-USD,0.0,0,0.0,0,0.0,0.0,-0.7,0.0,65435,28349,,,21257898043.08136,0.032145804471360076,0.04263829257755586
2022-01-07,0.1602050065994262,0.1602949947118759,0.1512989997863769,0.155022993683815,969384523,-0.0329306878313885,0.029081918648876,DOGE-USD,0.0,0,0.0,0,0.0,0.0,-0.64,0.0,69472,31091,,,20533814115.88955,0.03157013880082668,0.04124866882405473
2022-01-08,0.1550309956073761,0.1577250063419342,0.1476690024137497,0.1519539952278137,584437036,-0.0199956402045243,0.027341081916826,DOGE-USD,0.0,0,0.0,0,0.0,0.0,-0.8,0.0,70404,30397,,,20076002268.90903,0.03053046619714562,0.03981035177751976
2022-01-09,0.1519590020179748,0.1537420004606247,0.1496070027351379,0.1510650068521499,408786249,-0.0058675589325167,0.0272580478409675,DOGE-USD,0.0,0,0.0,0,0.0,0.0,-0.54,0.0,63804,24014,,,19984898172.17724,0.029582773736888536,0.03868849776391456
2022-01-10,0.1510729938745498,0.1521349996328354,0.1398400068283081,0.1433590054512024,763684873,-0.0523582413464697,0.0288511138378239,DOGE-USD,0.0,0,0.0,0,0.0,0.0,-0.54,0.0,112171,32644,,,18984764923.443,0.028344956960569257,0.03769086034783445
2022-01-11,0.1433510035276413,0.1646209955215454,0.1426469981670379,0.1533990055322647,1628447666,0.0676903942909273,0.0325796633374061,DOGE-USD,0.0,0,0.0,0,0.0,0.0,-0.5800000000000001,0.0,70707,34535,,,20361627646.180767,0.029022365116379893,0.03692473570709773
2022-01-12,0.1534579992294311,0.161651998758316,0.1520950049161911,0.161651998758316,896008600,0.0524034627515897,0.0353135582766371,DOGE-USD,0.0,0,0.0,0,0.0,0.0,-0.56,0.0,67533,28145,,,21404555760.552464,0.030268693041932117,0.03625978362869737
2022-01-13,0.1615619957447052,0.174792006611824,0.1615619957447052,0.1720429956912994,2301820074,0.0622985517011215,0.0389791483475564,DOGE-USD,0.0,0,0.0,0,0.0,0.0,-0.5800000000000001,0.0,77137,37354,,,22950291740.027126,0.032596306328078195,0.0357628449733214
2022-01-14,0.1720529943704605,0.203232005238533,0.1712830066680908,0.1835490018129348,5784004926,0.0647372511739994,0.0425463539540551,DOGE-USD,0.0,0,0.0,0,0.0,0.0,-0.5800000000000001,0.0,91457,43127,,,24404552044.426403,0.03565396755069571,0.03541173358864308
2022-01-15,0.1836439967155456,0.1935999989509582,0.1826760023832321,0.1851029992103576,1878282290,0.008430750939244,0.0424709134956456,DOGE-USD,0.0,0,0.0,0,0.0,0.0,-0.54,0.0,74515,35469,,,24560792225.425568,0.03837792748226006,0.035107087247852546
2022-01-16,0.1850930005311966,0.1850930005311966,0.1753270030021667,0.1771759986877441,1102750171,-0.0437688412265462,0.0443844269971173,DOGE-USD,0.0,0,0.0,0,0.0,0.0,-0.5800000000000001,0.0,74627,31974,,,23561667850.89433,0.0407388802142023,0.03489631418146826
2022-01-17,0.1771869957447052,0.1778720021247863,0.1668909937143325,0.1711450070142746,1094379303,-0.0346323900168284,0.0448900359908118,DOGE-USD,0.0,0,0.0,0,0.0,0.0,-0.56,0.0,112006,37017,,,22643498665.02568,0.042654175757037234,0.03470404427190813
2022-01-18,0.1710859984159469,0.1737899929285049,0.162564992904663,0.165484994649887,979693368,-0.0336306674556216,0.0457792387756474,DOGE-USD,0.0,0,0.0,0,0.0,0.0,-0.52,0.0,78868,34055,,,21967662794.593773,0.04401419384265544,0.03480960410000151
2022-01-19,0.165484994649887,0.1686470061540603,0.1601220071315765,0.1623560041189193,935006164,-0.0190890435116983,0.0432725178146657,DOGE-USD,0.0,0,0.0,0,0.0,0.0,-0.52,0.0,97424,35413,,,21604974661.6164,0.04415942661477755,0.03526640143744644
2022-01-20,0.1623460054397583,0.168845996260643,0.1551759988069534,0.1552039980888366,469269658,-0.0450511121278934,0.0449780662212893,DOGE-USD,0.0,0,0.0,0,0.0,0.0,-0.52,0.0,80937,39608,,,20684980436.804703,0.044660857159906295,0.035747911173541716
2022-01-21,0.1552630066871643,0.1571560055017471,0.1414960026741027,0.1426399946212768,1163061854,-0.0844164324524866,0.0495503474453381,DOGE-USD,0.0,0,0.0,0,0.0,0.0,-0.62,0.0,79992,42599,,,18965415030.689926,0.045694041249550454,0.03648939709369686
2022-01-22,0.1426510065793991,0.1450269967317581,0.1228159964084625,0.1328919976949691,1693524581,-0.070787184920096,0.0524336627692003,DOGE-USD,0.0,0,0.0,0,0.0,0.0,-0.74,0.0,74722,36388,,,17604261005.71707,0.04720276660522815,0.03739627158901568
2022-01-23,0.1329600065946579,0.1430719941854477,0.1328189969062805,0.141863003373146,1006234946,0.0653250760117332,0.0561419316046401,DOGE-USD,0.0,0,0.0,0,0.0,0.0,-0.78,0.0,76546,35472,,,18817887654.877785,0.0492753051710267,0.03848095680142292
2022-01-24,0.1418810039758682,0.1419509947299957,0.1272200047969818,0.1377979964017868,1446873574,-0.0290730083642406,0.0549468994345012,DOGE-USD,0.0,0,0.0,0,0.0,0.0,-0.74,0.0,73022,30366,,,18269498580.30429,0.0516101814949938,0.03952580463928465
2022-01-25,0.1377840042114257,0.1472360044717788,0.1332349926233291,0.1430490016937255,1347567750,0.0373984221752203,0.0524983556529633,DOGE-USD,0.0,0,0.0,0,0.0,0.0,-0.76,0.0,78867,35460,,,19084056283.0332,0.0531142393813286,0.040433027853727016
2022-01-26,0.1430139988660812,0.1526030004024505,0.1421519964933395,0.143788993358612,1253108115,0.0051596602913644,0.0499835490238846,DOGE-USD,0.0,0,0.0,0,0.0,0.0,-0.54,0.0,68746,34819,,,19105892581.200085,0.05320087969703789,0.041250620530164823
2022-01-27,0.1437560021877288,0.1450099945068359,0.1369470059871673,0.1412470042705536,608707586,-0.0178367399428897,0.0456714264390928,DOGE-USD,0.0,0,0.0,0,0.0,0.0,-0.6,0.0,63120,33174,,,18729861315.310905,0.05184843243101639,0.041733858199240845
2022-01-28,0.1412439942359924,0.1424130052328109,0.1383800059556961,0.1416559964418411,506667466,0.0028913970880112,0.0401133791375958,DOGE-USD,0.0,0,0.0,0,0.0,0.0,-0.52,0.0,76528,33029,,,18835151469.193825,0.04864272193760753,0.04223025622557006
2022-01-29,0.14164899289608,0.1439840048551559,0.1414799988269806,0.1430560052394867,397610776,0.0098346404327773,0.0401875824740539,DOGE-USD,0.0,0,0.0,0,0.0,0.0,-0.52,0.0,78800,33632,,,18994638591.782425,0.045690858545518076,0.04273505912671452
2022-01-30,0.1430570036172866,0.1435150057077407,0.1387539952993393,0.1394709944725036,363976741,-0.0253795439046394,0.039590912560178,DOGE-USD,0.0,0,0.0,0,0.0,0.0,-0.42,0.0,75166,31217,,,18569955013.039635,0.04310936992696101,0.04329186961050324
2022-01-31,0.1394689977169037,0.1422639936208725,0.1368529945611953,0.1418049931526184,412307174,0.016596171406209,0.040207624346334,DOGE-USD,0.0,0,0.0,0,0.0,0.0,-0.6,0.0,73785,30593,,,18843827326.67337,0.04115418499145089,0.043880486724383536
2022-02-01,0.1418049931526184,0.144128993153572,0.1411249935626983,0.1426309943199157,409432267,0.0058080097148912,0.0400649849687303,DOGE-USD,0.0,0,0.0,0,0.0,0.0,-0.48,0.0,87335,44406,,,18993232950.23972,0.040032896697378396,0.044390208139424736
2022-02-02,0.1426260024309158,0.1452530026435852,0.1369179934263229,0.1372350007295608,483194691,-0.0385660457190955,0.0407147366698027,DOGE-USD,0.0,0,0.0,0,0.0,0.0,-0.4399999999999999,0.0,76445,32294,,,18266273716.122265,0.040153168203819777,0.044759984199988216
2022-02-03,0.1372130066156387,0.1387470066547393,0.1355649977922439,0.1375409960746765,383506507,0.0022272358223962,0.0397114576457438,DOGE-USD,0.0,0,0.0,0,0.0,0.0,-0.6,0.0,80343,35992,,,18277480129.6916,0.040057943238157756,0.04495988871676579
2022-02-04,0.1375229954719543,0.1475919932126999,0.137250006198883,0.1475030034780502,580740990,0.0699265121974655,0.0384577198621488,DOGE-USD,0.0,0,0.0,0,0.0,0.0,-0.6,0.0,79531,32705,,,19526433551.40861,0.039831304698551916,0.04493618742197454
2022-02-05,0.1475329995155334,0.1501400023698806,0.1454100012779235,0.1471409946680069,587009429,-0.0024572636434222,0.0322983892719904,DOGE-USD,0.0,0,0.0,0,0.0,0.0,-0.3399999999999999,0.0,74123,29361,,,19595610526.650097,0.038249457683683194,0.044470370845517054
2022-02-06,0.1471399962902069,0.1547749936580658,0.1452579945325851,0.1537699997425079,757004142,0.0440667033608836,0.0297592510593412,DOGE-USD,0.0,0,0.0,0,0.0,0.0,-0.26,0.0,73468,27628,,,20465342224.31449,0.036188310901805375,0.04389256800750321
2022-02-07,0.1538030058145523,0.1715860068798065,0.1517409980297088,0.1655779927968979,1791358822,0.0739843615283906,0.0330456674713953,DOGE-USD,0.0,0,0.0,0,0.0,0.0,-0.0999999999999999,0.0,73178,28024,,,22086222633.043625,0.03465449706212389,0.04337716984724313
2022-02-08,0.1656060069799423,0.1691450029611587,0.1537089943885803,0.1584050059318542,1190116000,-0.0442872573953663,0.0355456818677635,DOGE-USD,0.0,0,0.0,0,0.0,0.0,-0.04,0.0,83857,30201,,,21119130107.18457,0.03382134190652784,0.042952426478013665
2022-02-09,0.1583569943904876,0.1607040017843246,0.1550350040197372,0.1591230034828186,778670798,0.0045224279648015,0.0355490183855816,DOGE-USD,0.0,0,0.0,0,0.0,0.0,0.08,0.0,71333,26479,,,21215420565.58357,0.03323960161121439,0.042487416460283395
2022-02-10,0.1591449975967407,0.1604370027780532,0.1514970064163208,0.1518889963626861,1053630584,-0.0465275429817261,0.0378577430704992,DOGE-USD,0.0,0,0.0,0,0.0,0.0,0.0,0.0,143842,26941,,,20252141890.61633,0.03435147237091616,0.04224129033554855
2022-02-11,0.1518950015306472,0.1540690064430236,0.1433490067720413,0.1448470056056976,776730555,-0.0474719153479006,0.0404002910788183,DOGE-USD,0.0,0,0.0,0,0.0,0.0,0.0,0.0,77681,27541,,,19270613021.6158,0.03647968037481157,0.04203320964725442
2022-02-12,0.1448560059070587,0.1470129936933517,0.1416780054569244,0.1444050073623657,602699408,-0.0030561487390878,0.0403448207194357,DOGE-USD,0.0,0,0.0,0,0.0,0.0,-0.12,0.0,83923,27109,,,19180995125.72329,0.037939511024419656,0.04161477661425886
2022-02-13,0.1443790048360824,0.1573539972305297,0.1440310031175613,0.14894799888134,1581065491,0.0309753413519471,0.0403571557290247,DOGE-USD,0.0,0,0.0,0,0.0,0.0,-0.12,0.0,80012,29431,,,19897823967.73285,0.03890180579667189,0.04106584447606905
2022-02-14,0.1488689929246902,0.1501320004463195,0.1436489969491958,0.1460029929876327,898042727,-0.0199701228206233,0.0407094576572527,DOGE-USD,0.0,0,0.0,0,0.0,0.0,-0.0799999999999999,0.0,83941,30052,,,19456517303.181023,0.039933893651006115,0.04036436838755145
2022-02-15,0.1459960043430328,0.1521990001201629,0.1452029943466186,0.151760995388031,674961496,0.0386797631534624,0.0418721374178736,DOGE-USD,0.0,0,0.0,0,0.0,0.0,-0.0799999999999999,0.0,82200,31313,,,20207914238.22304,0.04073677252048099,0.03977006102315928
2022-02-16,0.1517789959907531,0.1518239974975586,0.1467709988355636,0.1490949988365173,505588732,-0.0177232057027837,0.0405762182385209,DOGE-USD,0.0,0,0.0,0,0.0,0.0,0.02,0.0,87550,32919,,,19907802282.656197,0.040771957952421514,0.03922814568613917
2022-02-17,0.1490499973297119,0.1498890072107315,0.1380710005760193,0.1385519951581955,721382126,-0.0733380073832029,0.0457955404224078,DOGE-USD,0.0,0,0.0,0,0.0,0.0,0.04,0.0,83134,31189,,,18508528610.58684,0.04186210189301594,0.039037781658799314
2022-02-18,0.1385940015316009,0.142096996307373,0.1369599997997284,0.1387680023908615,563817289,0.0015578196903142,0.0412444608903037,DOGE-USD,0.0,0,0.0,0,0.0,0.0,-0.4,0.0,73564,28521,,,18493677510.46185,0.04203956292527174,0.038836555952036174
2022-02-19,0.1387639939785003,0.145906001329422,0.1387510001659393,0.1412059962749481,655782652,0.0174162995226245,0.0416549581732118,DOGE-USD,0.0,0,0.0,0,0.0,0.0,-0.5,0.0,84059,31295,,,18780071507.42432,0.04222866302846355,0.03890662772638236
2022-02-20,0.141196995973587,0.141196995973587,0.1358519941568374,0.1368680000305175,490138547,-0.0312028327604727,0.0399433418989154,DOGE-USD,0.0,0,0.0,0,0.0,0.0,-0.4599999999999999,0.0,79566,28405,,,18285934343.23831,0.041842903924671916,0.038895525882057885
2022-02-21,0.1368380039930343,0.1413449943065643,0.1282459944486618,0.128490000963211,913773124,-0.0631658701416723,0.0346769241232899,DOGE-USD,0.0,0,0.0,0,0.0,0.0,-0.5,0.0,80905,30246,,,17182963610.24906,0.04066304510162571,0.038672162771290236
2022-02-22,0.128488004207611,0.1316960006952285,0.1253650039434433,0.1315529942512512,711967119,0.0235586807524873,0.0354694819562602,DOGE-USD,0.0,0,0.0,0,0.0,0.0,-0.6,0.0,81549,30897,,,17504511516.122772,0.03859783340839619,0.03845679266265052
2022-02-23,0.1315609961748123,0.1353369951248169,0.1278460025787353,0.1278460025787353,587472906,-0.0285833337899301,0.0352953479110491,DOGE-USD,0.0,0,0.0,0,0.0,0.0,-0.5,0.0,81013,29530,,,17041060003.405851,0.03740801081254527,0.038239990978210465
2022-02-24,0.127820998430252,0.1278509944677353,0.109554998576641,0.1238130033016204,2046477370,-0.0320540452730723,0.0345243425132288,DOGE-USD,0.0,0,0.0,0,0.0,0.0,-0.54,0.0,81209,31957,,,16446859341.20192,0.03598188768054868,0.03795860942563893
2022-02-25,0.1238429993391037,0.1281809955835342,0.1209829971194267,0.1275759935379028,805161073,0.0299398253114843,0.0350494561953479,DOGE-USD,0.0,0,0.0,0,0.0,0.0,-0.4599999999999999,0.0,78049,29201,,,17021875056.991806,0.03500311053983517,0.03774670026880275
2022-02-26,0.1275680065155029,0.1300709992647171,0.1261990070343017,0.1276469975709915,535575654,0.0005564078268343,0.0351103740562336,DOGE-USD,0.0,0,0.0,0,0.0,0.0,-0.48,0.0,74911,27163,,,16979497645.613815,0.035089800526423916,0.0375945481867157
2022-02-27,0.1276389956474304,0.1282349973917007,0.1220529973506927,0.1231110021471977,592809151,-0.0361822177349032,0.0338204348492859,DOGE-USD,0.0,0,0.0,0,0.0,0.0,-0.48,0.0,72521,25554,,,16374057462.626633,0.03475999110502905,0.037663732076592765
2022-02-28,0.1231179982423782,0.1344790011644363,0.1219540014863014,0.1331560015678405,765755924,0.0784349800946621,0.0417035487080091,DOGE-USD,0.0,0,0.0,0,0.0,0.0,-0.6,0.0,74959,26664,,,17744827237.949642,0.03604163126442105,0.03820665469698676
2022-03-01,0.1331740021705627,0.1377300024032592,0.1304620057344436,0.1339379996061325,876604512,0.0058556183912774,0.0398446252623015,DOGE-USD,0.0,0,0.0,0,0.0,0.0,0.02,0.0,77932,29712,,,18012231832.998226,0.037105687814235594,0.03851569823293704
2022-03-02,0.1339640021324157,0.1362140029668808,0.1312319934368133,0.1329900026321411,709536320,-0.0071030461535241,0.0397652229272032,DOGE-USD,0.0,0,0.0,0,0.0,0.0,0.04,0.0,79232,29400,,,17761523215.021214,0.03804884116060665,0.038707495553820664
2022-03-03,0.1329980045557022,0.133649006485939,0.127810001373291,0.129610002040863,518193386,-0.0257440000356259,0.0355789994385663,DOGE-USD,0.0,0,0.0,0,0.0,0.0,-0.2199999999999999,0.0,77798,29905,,,17302501946.1007,0.0381425662370732,0.03870885832895633
2022-03-04,0.1296309977769851,0.1298560053110122,0.1215440034866333,0.122590996325016,650665594,-0.0556763758132285,0.0380022354234354,DOGE-USD,0.0,0,0.0,0,0.0,0.0,-0.3399999999999999,0.0,79147,31179,,,16329280122.5244,0.0389789263519031,0.03871542616318071
2022-03-05,0.1226140037178993,0.1253750026226043,0.1215720027685165,0.1249959990382194,334091552,0.0194281477275593,0.0381128577602736,DOGE-USD,0.0,0,0.0,0,0.0,0.0,-0.56,0.0,71828,26556,,,16672382845.791744,0.038260788162355994,0.038611451921428674
2022-03-06,0.1250250041484832,0.1256110072135925,0.1203840002417564,0.1207659989595413,400458464,-0.0344269487806629,0.0382686469115534,DOGE-USD,0.0,0,0.0,0,0.0,0.0,-0.56,0.0,70257,23476,,,16093525624.652124,0.03794559249220637,0.03851708038470675
2022-03-07,0.1207690015435218,0.1225629970431327,0.1150150001049041,0.1171049997210502,513014829,-0.0307838144568207,0.0356264582548708,DOGE-USD,0.0,0,0.0,0,0.0,0.0,-0.54,0.0,67551,23264,,,15642330471.45323,0.037117839557739896,0.038302048681336125
2022-03-08,0.1171059980988502,0.1197239980101585,0.1158379986882209,0.117028996348381,491414294,-0.0006492297284012,0.0346219929626986,DOGE-USD,0.0,0,0.0,0,0.0,0.0,-0.5800000000000001,0.0,66763,23130,,,15601398410.539013,0.036926438262566356,0.038025345740674565
2022-03-09,0.1170469969511032,0.1237339973449707,0.1167659983038902,0.1215879991650581,519157507,0.0382165374550427,0.036187583559908,DOGE-USD,0.0,0,0.0,0,0.0,0.0,-0.56,0.0,86652,25997,,,16217141242.957,0.03656350788986087,0.03776695692894886
2022-03-10,0.1215720027685165,0.1216119974851608,0.1155320033431053,0.1168849989771843,513641345,-0.0394477368895718,0.0366855475514202,DOGE-USD,0.0,0,0.0,0,0.0,0.0,-0.4399999999999999,0.0,752860,35546,,,15610938702.913712,0.03627804584809019,0.03759010826135337
2022-03-11,0.1168930009007453,0.1182930022478103,0.1145699992775917,0.1156020015478134,388727358,-0.0110372661795496,0.0353707792409686,DOGE-USD,0.0,0,0.0,0,0.0,0.0,-0.56,0.0,56848,18374,,,15449201344.158876,0.03569847231397323,0.03711625548037886
2022-03-12,0.1156079992651939,0.1172389984130859,0.1151319965720176,0.1151359975337982,235277001,-0.0040392536076696,0.035316140888966,DOGE-USD,0.0,0,0.0,0,0.0,0.0,-0.56,0.0,57603,19751,,,15375912910.166897,0.03563640884079227,0.03684678638940896
2022-03-13,0.1150799989700317,0.1162310019135475,0.1106859967112541,0.1116079986095428,373430106,-0.0311212974007597,0.0350232009679002,DOGE-USD,0.0,0,0.0,0,0.0,0.0,-0.5800000000000001,0.0,58392,17386,,,14885907706.747206,0.035716650441832594,0.036545342880076624
2022-03-14,0.1116070002317428,0.1189669966697692,0.1108170002698898,0.11404799669981,822092169,0.0216266639640316,0.0266533248676745,DOGE-USD,0.0,0,0.0,0,0.0,0.0,-0.54,0.0,130521,21592,,,15220487980.064531,0.03380979870338589,0.03594125119683839
2022-03-15,0.1140429973602294,0.1142129972577095,0.1109369993209838,0.1127839982509613,400614617,-0.0111449139477803,0.0262066796821995,DOGE-USD,0.0,0,0.0,0,0.0,0.0,-0.5800000000000001,0.0,77680,19836,,,15059509427.571154,0.03171402512954175,0.03555624008587975
2022-03-16,0.1127789989113807,0.116907998919487,0.1123640015721321,0.116907998919487,537170937,0.0359128219298583,0.0292097741286162,DOGE-USD,0.0,0,0.0,0,0.0,0.0,-0.52,0.0,62143,21069,,,15591437609.883224,0.030481824107071277,0.035271707911895926
2022-03-17,0.116907000541687,0.118709996342659,0.1162810027599334,0.1165020018815994,412838814,-0.0034788350623538,0.0288439240182285,DOGE-USD,0.0,0,0.0,0,0.0,0.0,-0.4599999999999999,0.0,68688,29609,,,15557959501.094872,0.029187380732923773,0.03497846137131317
2022-03-18,0.1164899989962577,0.1193749979138374,0.1145680025219917,0.1193059980869293,410862503,0.0237831487910855,0.0263712065844082,DOGE-USD,0.0,0,0.0,0,0.0,0.0,-0.5,0.0,64744,24951,,,15938302626.727505,0.02745698185622537,0.03460786428363951
2022-03-19,0.119277998805046,0.1245729997754097,0.1185299977660179,0.1235689967870712,628081786,0.0351080733209101,0.0276504722036724,DOGE-USD,0.0,0,0.0,0,0.0,0.0,-0.4399999999999999,0.0,67736,26701,,,16531389067.931955,0.027656411323424956,0.034271546829472435
2022-03-20,0.1235790029168129,0.1239190027117729,0.1179910004138946,0.1191539987921714,428111799,-0.0363829145297768,0.0278376502228249,DOGE-USD,0.0,0,0.0,0,0.0,0.0,-0.38,0.0,61150,19478,,,15944273084.847733,0.027982605431550032,0.03394096847340841
2022-03-21,0.1191459968686103,0.1213319972157478,0.118306003510952,0.1193389967083931,439486516,0.0015513910833143,0.0264812078087131,DOGE-USD,0.0,0,0.0,0,0.0,0.0,-0.4,0.0,59848,19484,,,15936381051.29028,0.027436892167569414,0.03360736724429146
2022-03-22,0.1193329989910125,0.1253499984741211,0.1190140023827552,0.1224810034036636,610507111,0.0259877886470235,0.0272716539359331,DOGE-USD,0.0,0,0.0,0,0.0,0.0,-0.48,0.0,63243,23384,,,16380661729.308905,0.027122438151110335,0.03295137202737892
2022-03-23,0.1224870011210441,0.1307130008935928,0.1213610023260116,0.1297270059585571,998922753,0.0574763445915031,0.0295607695722266,DOGE-USD,0.0,0,0.0,0,0.0,0.0,-0.38,0.0,59503,19929,,,17324134420.360214,0.02776035074867401,0.032483924041466425
2022-03-24,0.129721999168396,0.1406050026416778,0.1284549981355667,0.1365499943494796,2017926806,0.0512585182438954,0.0290939186518314,DOGE-USD,0.0,0,0.0,0,0.0,0.0,-0.1999999999999999,0.0,62745,23002,,,18244110620.01769,0.028049040038305818,0.03199886475622225
2022-03-25,0.1366029977798462,0.1372749954462051,0.1287820041179657,0.1310130059719085,882486375,-0.0413942060378105,0.0318700760664073,DOGE-USD,0.0,0,0.0,0,0.0,0.0,-0.06,0.0,65102,20710,,,17503926836.421665,0.02885552520702229,0.03183027733021502
2022-03-26,0.1310099959373474,0.1364949941635131,0.1298779994249344,0.1358679980039596,610401998,0.0363872109826631,0.0324302467125695,DOGE-USD,0.0,0,0.0,0,0.0,0.0,0.02,0.0,59263,18834,,,18185464036.25713,0.03004533298779357,0.03157700511608475
2022-03-27,0.135900005698204,0.1448580026626587,0.1357029974460601,0.1447319984436035,1445019558,0.0631999341514913,0.0326185889575934,DOGE-USD,0.0,0,0.0,0,0.0,0.0,-0.02,0.0,63567,20537,,,19297888090.671265,0.031114719992125634,0.031327265625053835
2022-03-28,0.1447249948978424,0.1527370065450668,0.1424569934606552,0.142656996846199,1476875507,-0.0144406201343098,0.0337623164080496,DOGE-USD,0.0,0,0.0,0,0.0,0.0,0.1999999999999999,0.0,65916,23186,,,19293305970.130543,0.03195502935929023,0.031122432420349122
2022-03-29,0.1425569951534271,0.1485590040683746,0.1412899941205978,0.1444700062274933,961074557,0.0126287911459259,0.0328789958487467,DOGE-USD,0.0,0,0.0,0,0.0,0.0,0.1200000000000001,0.0,72817,22988,,,19313865290.215664,0.03271204479867329,0.030997547765525293
2022-03-30,0.144455999135971,0.1449970006942749,0.1398800015449524,0.1432099938392639,884305263,-0.0087598751753633,0.0331406650299173,DOGE-USD,0.0,0,0.0,0,0.0,0.0,0.1,0.0,61527,21658,,,19194103412.475945,0.03296616259137529,0.0309302146776716
2022-03-31,0.1431840062141418,0.1472200006246566,0.1371719986200332,0.13782599568367,1055136949,-0.0383200527618039,0.0357959869402517,DOGE-USD,0.0,0,0.0,0,0.0,0.0,0.04,0.0,63154,21661,,,18462681421.8428,0.03363931063691174,0.030912414831323586
2022-04-01,0.137922003865242,0.1423940062522888,0.1332090049982071,0.1413149982690811,877530017,0.0249994402101738,0.0358282307261291,DOGE-USD,0.0,0,0.0,0,0.0,0.0,0.0,0.0,60689,22437,,,18904542900.40996,0.03428123899061887,0.03087344588471945
2022-04-02,0.1413100063800811,0.1440690010786056,0.1388819962739944,0.1389130055904388,682408266,-0.0171435507825206,0.0359675676453962,DOGE-USD,0.0,0,0.0,0,0.0,0.0,0.04,0.0,58692,20217,,,18658557166.97536,0.03472228923808819,0.030900572630375246
2022-04-03,0.1389030069112777,0.1485580056905746,0.1370880007743835,0.1464529931545257,1047399132,0.052856632991686,0.0353300252731522,DOGE-USD,0.0,0,0.0,0,0.0,0.0,-0.04,0.0,60360,20293,,,19581090723.282383,0.03521249512296929,0.030901203738747343
2022-04-04,0.1464129984378814,0.1553120017051696,0.1420080065727234,0.1485909968614578,2253509569,0.0144930329223293,0.0351272749518953,DOGE-USD,0.0,0,0.0,0,0.0,0.0,0.04,0.0,68377,22795,,,19931159306.89943,0.0356098171073649,0.03090593437438349
2022-04-05,0.1486140042543411,0.1780450046062469,0.1477269977331161,0.1729069948196411,5230288678,0.1515563036877188,0.0505934905394239,DOGE-USD,0.0,0,0.0,0,0.0,0.0,0.06,0.0,69822,28589,,,23019795532.704227,0.038569317827199336,0.03199412372309937
2022-04-06,0.1724849939346313,0.1734970062971115,0.1432909965515136,0.1434170007705688,3729047979,-0.1869973717154356,0.0747886803747387,DOGE-USD,0.0,0,0.0,0,0.0,0.0,-0.04,0.0,68193,26217,,,19253208842.72693,0.046361407756921255,0.034202396481851145
2022-04-07,0.143432006239891,0.1480280011892318,0.1413120031356811,0.1461019963026046,1420790611,0.0185485065860845,0.0738097840052957,DOGE-USD,0.0,0,0.0,0,0.0,0.0,-0.3199999999999999,0.0,62432,20598,,,19553056378.11916,0.05392985102890115,0.03622966965806385
2022-04-08,0.1461060047149658,0.1527159959077835,0.1416079998016357,0.142548993229866,1683800631,-0.024619229851681,0.0731347484904386,DOGE-USD,0.0,0,0.0,0,0.0,0.0,-0.26,0.0,60978,21638,,,19011352504.37614,0.061490795672358434,0.03824288895225522
2022-04-09,0.1425440013408661,0.1444620043039322,0.141415998339653,0.1443029940128326,523997409,0.0122294613359902,0.0726467055691454,DOGE-USD,0.0,0,0.0,0,0.0,0.0,-0.4,0.0,56850,18724,,,19288154666.122128,0.06899468179580845,0.04034632072428873
2022-04-10,0.1443040072917938,0.1569720059633255,0.1438630074262619,0.1495350003242492,1931829669,0.0356152672169045,0.0712877626063279,DOGE-USD,0.0,0,0.0,0,0.0,0.0,-0.3199999999999999,0.0,62108,20822,,,20067936697.63217,0.07313353620918925,0.042329833924409435
2022-04-11,0.1493739932775497,0.1512919962406158,0.1338180005550384,0.1346540004014969,1515679359,-0.1048219528662313,0.07680266126493,DOGE-USD,0.0,0,0.0,0,0.0,0.0,-0.36,0.0,63437,21309,,,18031589694.751785,0.07353633238722751,0.04455551624450513
2022-04-12,0.1346520036458969,0.1441220045089721,0.1342429965734481,0.1380760073661804,1214105682,0.025095783105535,0.0770836056956824,DOGE-USD,0.0,0,0.0,0,0.0,0.0,-0.6,0.0,59018,20842,,,18472563407.585003,0.07419109672530486,0.046855625239367364
2022-04-13,0.1380700021982193,0.1426080018281936,0.1370670050382614,0.1400800049304962,890728707,0.0144094116248483,0.0772044500377989,DOGE-USD,0.0,0,0.0,0,0.0,0.0,-0.5,0.0,60266,23111,,,18763735123.87725,0.07500503703477691,0.049125297789452176
2022-04-14,0.1400530040264129,0.1466329991817474,0.1381009966135025,0.1439200043678283,1759067761,0.0270438968159662,0.0767869035310074,DOGE-USD,0.0,0,0.0,0,0.0,0.0,-0.4399999999999999,0.0,58496,20818,,,19300449193.158577,0.0758330766271493,0.05127194024212403
2022-04-15,0.1439169943332672,0.1492870002985,0.142766997218132,0.146026000380516,1140382087,0.014527070659897,0.0766078571142254,DOGE-USD,0.0,0,0.0,0,0.0,0.0,-0.56,0.0,60033,22657,,,19569656196.137577,0.07689709552872881,0.053431664717687385
2022-04-16,0.1460170000791549,0.1478109955787658,0.1420930027961731,0.1437119990587234,584019179,-0.015973400295591,0.0765855969320133,DOGE-USD,0.0,0,0.0,0,0.0,0.0,-0.4399999999999999,0.0,55265,19696,,,19290346326.676384,0.07685368266214547,0.05546418839339676
2022-04-17,0.1436930000782013,0.1447090059518814,0.1389950066804886,0.1394589990377426,636442285,-0.0300406460032022,0.0755846803464455,DOGE-USD,0.0,0,0.0,0,0.0,0.0,-0.4399999999999999,0.0,57412,19301,,,18691479723.86661,0.0765538975922981,0.057425753558572934
2022-04-18,0.1394709944725036,0.1404609978199005,0.1343840062618255,0.1402859985828399,909718484,0.0059125415026384,0.0754622878775054,DOGE-USD,0.0,0,0.0,0,0.0,0.0,-0.52,0.0,58920,20165,,,18775337524.507717,0.07620546516023939,0.05937319441856894
2022-04-19,0.140296995639801,0.1441410034894943,0.139500007033348,0.1426649987697601,679511647,0.0168160301241595,0.0613557421746257,DOGE-USD,0.0,0,0.0,0,0.0,0.0,-0.4599999999999999,0.0,59678,20037,,,19119039175.87399,0.07311923288896305,0.06062744104432239
2022-04-20,0.1426769942045211,0.1462409943342209,0.1395950019359588,0.1408780068159103,1068542289,-0.0126048999896238,0.0358919968064539,DOGE-USD,0.0,0,0.0,0,0.0,0.0,-0.4599999999999999,0.0,62003,21801,,,18891768691.462425,0.06497606082740877,0.060764395633309085
2022-04-21,0.140867993235588,0.1424479931592941,0.1352549940347671,0.136364996433258,740549793,-0.0325592279034723,0.036317120254167,DOGE-USD,0.0,0,0.0,0,0.0,0.0,-0.4599999999999999,0.0,85588,21759,,,18262653974.715477,0.0569223654918395,0.06090877996168407
2022-04-22,0.1363569945096969,0.1379079967737198,0.1349849998950958,0.1363950073719024,505251263,0.0002200538080865,0.035885223737921,DOGE-USD,0.0,0,0.0,0,0.0,0.0,-0.48,0.0,78137,20543,,,18281807672.11221,0.04898247417013459,0.06091283617975995
2022-04-23,0.1363870054483413,0.1364949941635131,0.1338099986314773,0.1342409998178482,349740069,-0.0159184512154652,0.0357453922663962,DOGE-USD,0.0,0,0.0,0,0.0,0.0,-0.52,0.0,68148,21791,,,18010691096.14692,0.041039095047912755,0.06090907079522663
2022-04-24,0.1342020034790039,0.1346900016069412,0.1315020024776458,0.1319469958543777,436620221,-0.0172363952914869,0.0338480025898299,DOGE-USD,0.0,0,0.0,0,0.0,0.0,-0.52,0.0,68645,23366,,,17704569846.993023,0.0355375471309536,0.06081272692906454
2022-04-25,0.1319359987974167,0.1677349954843521,0.1238690018653869,0.1579589992761612,5177823685,0.1799352057121057,0.052316575871888,DOGE-USD,0.0,0,0.0,0,0.0,0.0,-0.54,0.0,79549,30902,,,21071850207.54552,0.03882246294404042,0.0615848428653707
2022-04-26,0.1577769964933395,0.1652780026197433,0.1374240070581436,0.1377670019865036,4529010503,-0.1367716342834123,0.0653262178157848,DOGE-USD,0.0,0,0.0,0,0.0,0.0,-0.4599999999999999,0.0,73891,29920,,,18488708796.349243,0.044624282456363976,0.0629575220864566
2022-04-27,0.1378470063209533,0.1454049944877624,0.1362719982862472,0.1396999955177307,1765370972,0.0139333673620401,0.0653181742730578,DOGE-USD,0.0,0,0.0,0,0.0,0.0,-0.5800000000000001,0.0,63942,24304,,,18712281252.227905,0.05051087256339134,0.06362682589253085
2022-04-28,0.1396909952163696,0.1426180005073547,0.1360580027103424,0.137363001704216,1105137506,-0.0168701650012356,0.0649629911827319,DOGE-USD,0.0,0,0.0,0,0.0,0.0,-0.52,0.0,61175,20978,,,18413098337.1348,0.056354392346658476,0.06318020365653056
2022-04-29,0.137375995516777,0.1446429938077926,0.134099006652832,0.1350270062685012,1555397213,-0.0171522643115646,0.0648447381584471,DOGE-USD,0.0,0,0.0,0,0.0,0.0,-0.54,0.0,65722,22918,,,18098505159.39838,0.06255373946038192,0.06277270157258288
2022-04-30,0.1350329965353012,0.1365280002355575,0.126239001750946,0.1275569945573806,916612071,-0.0569115240123011,0.066256496728249,DOGE-USD,0.0,0,0.0,0,0.0,0.0,-0.6,0.0,57830,21639,,,17041901780.847656,0.06534172363165411,0.062460053765210626
2022-05-01,0.127589002251625,0.1348209977149963,0.1275330036878585,0.1327729970216751,991710768,0.0400775998338223,0.0671485656332656,DOGE-USD,0.0,0,0.0,0,0.0,0.0,-0.56,0.0,60606,21622,,,17812861830.83589,0.06570619319515028,0.06221013831357973
2022-05-02,0.1327939927577972,0.1337829977273941,0.1282999962568283,0.1309379935264587,769062732,-0.0139170014015018,0.0671436761266304,DOGE-USD,0.0,0,0.0,0,0.0,0.0,-0.4399999999999999,0.0,60346,20152,,,17569862373.49741,0.0660712935658648,0.06202177074632075
2022-05-03,0.1309349983930587,0.1318330019712448,0.1273989975452423,0.1295199990272522,555706527,-0.0108885774261985,0.0668612699998204,DOGE-USD,0.0,0,0.0,0,0.0,0.0,-0.4599999999999999,0.0,57433,20047,,,17338662397.622272,0.0664509493292825,0.061569889325179414
2022-05-04,0.129513993859291,0.1358090043067932,0.1293130069971084,0.1358090043067932,838050627,0.0474142167139891,0.0683747097084964,DOGE-USD,0.0,0,0.0,0,0.0,0.0,-0.5800000000000001,0.0,58977,21020,,,18190009173.902485,0.06715694363929235,0.06117403041667096
2022-05-05,0.1358129978179931,0.1373129934072494,0.1266970038414001,0.1284299939870834,1258066467,-0.0558655565666286,0.0694352837970712,DOGE-USD,0.0,0,0.0,0,0.0,0.0,-0.4599999999999999,0.0,63453,22361,,,17222849817.613834,0.06779270105305679,0.06082088649663787
2022-05-06,0.1284029930830001,0.1293050050735473,0.1245660036802291,0.1279010027647018,839005988,-0.0041274132278628,0.0694233200130618,DOGE-USD,0.0,0,0.0,0,0.0,0.0,-0.56,0.0,57787,20231,,,17205382163.244125,0.06824765192901602,0.06048617815491308
2022-05-07,0.1278900057077407,0.1319199949502945,0.1253650039434433,0.1275320053100586,746383231,-0.0028891936410757,0.0693471038969475,DOGE-USD,0.0,0,0.0,0,0.0,0.0,-0.54,0.0,55783,19740,,,17110953687.247608,0.06868833748307945,0.06015614391776409
2022-05-08,0.1275269985198974,0.1280169934034347,0.1239740028977394,0.1242069974541664,728953161,-0.0264178470143873,0.0695285286762905,DOGE-USD,0.0,0,0.0,0,0.0,0.0,-0.64,0.0,59077,20025,,,16685009144.44466,0.06922178921837348,0.05983536808795851
2022-05-09,0.1242000013589859,0.1251360028982162,0.104823999106884,0.104823999106884,1353326367,-0.1696667633408718,0.0604506998245336,DOGE-USD,0.0,0,0.0,0,0.0,0.0,-0.78,0.0,62561,31159,,,14199607054.76853,0.06763698724158092,0.05914745988241705
2022-05-10,0.1047080010175705,0.1177750006318092,0.1008810028433799,0.1084769964218139,1723066438,0.0342553911746238,0.0539957030829272,DOGE-USD,0.0,0,0.0,0,0.0,0.0,-0.8,0.0,64541,23959,,,14561478490.94002,0.0645490710987521,0.058171706028118046
2022-05-11,0.1084489971399307,0.11056499928236,0.0800359994173049,0.0845810025930404,2556008051,-0.2488284501987941,0.0812021803168351,DOGE-USD,0.0,0,0.0,0,0.0,0.0,-0.76,0.0,68524,27471,,,11291280768.401,0.06690484315950677,0.05907381685276392
2022-05-12,0.0846360027790069,0.089028000831604,0.0700369998812675,0.0826710015535354,2631064083,-0.0228407914883184,0.0811105030278093,DOGE-USD,0.0,0,0.0,0,0.0,0.0,-0.76,0.0,72276,30426,,,11086014713.072336,0.06925752298567914,0.061129203499189176
2022-05-13,0.0826390013098716,0.0942540019750595,0.0823709964752197,0.0883309990167617,1444350618,0.0662222164739479,0.0855607130683723,DOGE-USD,0.0,0,0.0,0,0.0,0.0,-0.8,0.0,70677,28033,,,11841789343.090532,0.0724639598640955,0.0633675486271076
2022-05-14,0.0883409976959228,0.0915979966521263,0.0844829976558685,0.0897959992289543,902479951,0.016449311555989,0.0860514595461099,DOGE-USD,0.0,0,0.0,0,0.0,0.0,-0.8200000000000001,0.0,66364,25843,,,12034241378.467144,0.07758411180841077,0.06564783207293436
2022-05-15,0.0897850021719932,0.0928430035710334,0.0868759974837303,0.0928430035710334,651900826,0.0333695107056241,0.0856786524756801,DOGE-USD,0.0,0,0.0,0,0.0,0.0,-0.8,0.0,61124,21290,,,12403782365.936424,0.08392070168696134,0.0679175257188109
2022-05-16,0.0928670018911361,0.0930610001087188,0.0864280015230178,0.0878409966826438,606521740,-0.0553816087390987,0.0859617160567347,DOGE-USD,0.0,0,0.0,0,0.0,0.0,-0.72,0.0,59569,20617,,,11775287192.113989,0.08487260883494126,0.07028633087639748
2022-05-17,0.0878359973430633,0.0911120027303695,0.0874840021133422,0.0902130007743835,560800173,0.0266452251700387,0.0871310554789551,DOGE-USD,0.0,0,0.0,0,0.0,0.0,-0.84,0.0,58798,20732,,,12133759111.090693,0.08607671932517041,0.07186880722217326
2022-05-18,0.0902210026979446,0.0907969996333122,0.0836490020155906,0.0836490020155906,558257804,-0.0755440525515832,0.0853588801205887,DOGE-USD,0.0,0,0.0,0,0.0,0.0,-0.76,0.0,57290,20332,,,11260678675.230583,0.08603635273561369,0.07277938278148254
2022-05-19,0.083635002374649,0.0871239975094795,0.0820870026946067,0.0867229998111724,613801947,0.036089632126986,0.0871177396386031,DOGE-USD,0.0,0,0.0,0,0.0,0.0,-0.74,0.0,60062,20183,,,11651109469.895315,0.08624960875411233,0.07377027211628004
2022-05-20,0.0867189988493919,0.0877500027418136,0.0828590020537376,0.083976998925209,518556378,-0.0321761899833538,0.0868474295260313,DOGE-USD,0.0,0,0.0,0,0.0,0.0,-0.74,0.0,55229,20126,,,11298185574.199734,0.08648336416418259,0.07476501931370273
2022-05-21,0.0839719995856285,0.0851100012660026,0.0829320028424263,0.0844630002975463,335246011,0.0057706331422628,0.0870862776339829,DOGE-USD,0.0,0,0.0,0,0.0,0.0,-0.74,0.0,52721,18537,,,11341063882.328972,0.08670827647963221,0.07577599838077255
2022-05-22,0.0844480022788047,0.0864799991250038,0.0840580016374588,0.0861049965023994,375026021,0.0192538689662221,0.0880579048859498,DOGE-USD,0.0,0,0.0,0,0.0,0.0,-0.72,0.0,54992,19037,,,11566658774.319008,0.08689364636103117,0.07676697147884987
2022-05-23,0.0860840007662773,0.0881099998950958,0.0828580036759376,0.0832530036568641,507385171,-0.0336832329646631,0.0779293934900673,DOGE-USD,0.0,0,0.0,0,0.0,0.0,-0.8,0.0,55539,19565,,,11180472419.019426,0.08540774903492687,0.07725700910870449
2022-05-24,0.0832670032978057,0.084316998720169,0.0808110013604164,0.083636999130249,462415724,0.0046017873402848,0.0768403883728886,DOGE-USD,0.0,0,0.0,0,0.0,0.0,-0.76,0.0,56557,21437,,,11236225658.482311,0.08335227878178397,0.07769776875626168
2022-05-25,0.0836279988288879,0.0843380019068718,0.0823189988732338,0.0829849988222122,419834752,-0.0078261411324013,0.0389358710279129,DOGE-USD,0.0,0,0.0,0,0.0,0.0,-0.78,0.0,54055,20034,,,11165848144.630035,0.0737699670821603,0.07642843243935678
2022-05-26,0.0829939991235733,0.0835999995470047,0.0760649964213371,0.0782520025968551,711890873,-0.0587254329950385,0.0415519745700003,DOGE-USD,0.0,0,0.0,0,0.0,0.0,-0.76,0.0,57201,20813,,,10548767235.693556,0.06466310646936377,0.07520921720578878
2022-05-27,0.0782110020518302,0.0853839963674545,0.0765819996595382,0.081335000693798,1310057650,0.0386420153636817,0.0385131468876729,DOGE-USD,0.0,0,0.0,0,0.0,0.0,-0.76,0.0,59093,24198,,,10938302985.205036,0.0547541548697084,0.07380366552808887
2022-05-28,0.0822480022907257,0.0830480009317398,0.0811510011553764,0.0818390026688575,535539620,0.0061774984674132,0.0381508899909958,DOGE-USD,0.0,0,0.0,0,0.0,0.0,-0.74,0.0,54453,20230,,,11009147037.28316,0.046798454169894095,0.07238219143617676
2022-05-29,0.0818379968404769,0.0830340012907981,0.0802989974617958,0.082685999572277,394962471,0.0102963607322456,0.0367632761377917,DOGE-USD,0.0,0,0.0,0,0.0,0.0,-0.72,0.0,58345,18589,,,11122536906.353662,0.038783031722874714,0.07090110835621515
2022-05-30,0.0826840028166771,0.0882750004529953,0.0822689980268478,0.0878710001707077,690696756,0.0608195358858877,0.0383914087136364,DOGE-USD,0.0,0,0.0,0,0.0,0.0,-0.8,0.0,57216,20521,,,11831273412.63989,0.03867413926001941,0.06948578472154904
2022-05-31,0.0878650024533271,0.0882299989461898,0.0836120024323463,0.0858649984002113,672444588,-0.0230935550297084,0.0380382032937634,DOGE-USD,0.0,0,0.0,0,0.0,0.0,-0.6799999999999999,0.0,57717,21069,,,11589631938.09938,0.03797138500477203,0.06846703487924131
2022-06-01,0.0858549997210502,0.0886470004916191,0.0798069983720779,0.081055998802185,830748610,-0.0576360177627419,0.0356567353637103,DOGE-USD,0.0,0,0.0,0,0.0,0.0,-0.6599999999999999,0.0,58244,22382,,,10913966311.505575,0.037400102699979516,0.06763344543745872
2022-06-02,0.0810519978404045,0.0830070003867149,0.0804169997572898,0.0827720016241073,434510607,0.0209496005293982,0.034619003842493,DOGE-USD,0.0,0,0.0,0,0.0,0.0,-0.74,0.0,55966,20239,,,11151121779.065332,0.03669372547027895,0.06551602832498862
2022-06-03,0.0827770009636879,0.082856997847557,0.079755999147892,0.0804419964551925,403339248,-0.0285534757901873,0.0343996522460993,DOGE-USD,0.0,0,0.0,0,0.0,0.0,-0.8,0.0,53628,19883,,,10801105768.433348,0.03622100069194047,0.0633928078349109
2022-06-04,0.0804539993405342,0.0823369994759559,0.0797270014882087,0.0817769989371299,350329772,0.0164596336998339,0.0347280625454516,DOGE-USD,0.0,0,0.0,0,0.0,0.0,-0.72,0.0,52747,19226,,,10988792253.094452,0.03548833145830351,0.06108223281114178
2022-06-05,0.0817760005593299,0.0821380019187927,0.080835998058319,0.0812290012836456,282624184,-0.0067236754134421,0.0341769820251661,DOGE-USD,0.0,0,0.0,0,0.0,0.0,-0.8,0.0,55827,19743,,,10942909039.589544,0.03471608720458406,0.05872430201473524
2022-06-06,0.081225000321865,0.0845590010285377,0.0811259970068931,0.0825299993157386,503707292,0.015889513246286,0.0334434983312506,DOGE-USD,0.0,0,0.0,0,0.0,0.0,-0.74,0.0,58780,21291,,,11091357312.040606,0.034273439798092116,0.05634997682635208
2022-06-07,0.0825299993157386,0.0825299993157386,0.0783319994807243,0.0805130004882812,509642725,-0.0247431871793741,0.0340057155677275,DOGE-USD,0.0,0,0.0,0,0.0,0.0,-0.7,0.0,59176,21191,,,10844352026.37635,0.03415078214313901,0.05398834044048812
2022-06-08,0.0804919973015785,0.0814199969172477,0.0791559964418411,0.0794389992952346,328046389,-0.0134292454650684,0.0341032774279737,DOGE-USD,0.0,0,0.0,0,0.0,0.0,-0.6599999999999999,0.0,59301,22246,,,10714393475.99892,0.03409150717951389,0.05157798689271624
2022-06-09,0.0794359967112541,0.0808980017900466,0.0790819972753524,0.0793360024690628,274673852,-0.0012973936636707,0.030121733969907,DOGE-USD,0.0,0,0.0,0,0.0,0.0,-0.78,0.0,61050,24273,,,10678344809.700396,0.033170241464404976,0.049067207522230705
2022-06-10,0.0793349966406822,0.0795210003852844,0.0748040005564689,0.0754539966583252,431520761,-0.0501688742425136,0.0309217602661788,DOGE-USD,0.0,0,0.0,0,0.0,0.0,-0.74,0.0,60784,23631,,,10151157418.598495,0.03251919711260751,0.04651284482348415
2022-06-11,0.0754719972610473,0.0763989984989166,0.0685959979891777,0.0698949992656707,497184012,-0.076529049345989,0.0360268949351731,DOGE-USD,0.0,0,0.0,0,0.0,0.0,-0.76,0.0,60921,24090,,,9400881607.324371,0.033035876433392015,0.044202820523899684
2022-06-12,0.0699189975857734,0.0703449994325637,0.06386099755764,0.0643360018730163,708156957,-0.08287472614896,0.0401109227463979,DOGE-USD,0.0,0,0.0,0,0.0,0.0,-0.72,0.0,64595,24717,,,8685991406.948158,0.034256917869126095,0.04206757711991855
2022-06-13,0.0642749965190887,0.0657019987702369,0.0530019998550415,0.0539209991693496,1465281537,-0.1765993822467633,0.0525260061374823,DOGE-USD,0.0,0,0.0,0,0.0,0.0,-0.78,0.0,71351,28573,,,7214727635.075816,0.03794146361102781,0.040452490813170025
2022-06-14,0.0539410002529621,0.0581540018320083,0.0502669997513294,0.0555920004844665,908921329,0.0305193177055157,0.0553310499397326,DOGE-USD,0.0,0,0.0,0,0.0,0.0,-0.84,0.0,66410,28684,,,7423424945.252318,0.042983326804992936,0.0394252933790639
2022-06-15,0.0555769987404346,0.0634720027446746,0.050670001655817,0.0630000010132789,1122284662,0.1250954277486183,0.0685511114653439,DOGE-USD,0.0,0,0.0,0,0.0,0.0,-0.86,0.0,64548,27913,,,8325090112.255736,0.05050919704482595,0.03904850806508459
2022-06-16,0.0629770010709762,0.0629770010709762,0.0545080006122589,0.0550290010869503,724479688,-0.1352744037226845,0.0742050813922091,DOGE-USD,0.0,0,0.0,0,0.0,0.0,-0.86,0.0,62156,26989,,,7379036693.253723,0.058144834336233166,0.04065165399073442
2022-06-17,0.0550470016896724,0.0579110011458396,0.0548980012536048,0.0569950006902217,383830484,0.0351032180463172,0.0761693358127267,DOGE-USD,0.0,0,0.0,0,0.0,0.0,-0.8200000000000001,0.0,59561,26894,,,7693417958.663968,0.06535651694949891,0.042225170410858354
2022-06-18,0.0569790005683898,0.0577550008893013,0.049720000475645,0.0530119985342025,652345943,-0.072445281430821,0.0761877666960424,DOGE-USD,0.0,0,0.0,0,0.0,0.0,-0.88,0.0,62779,30201,,,7142532113.736616,0.07008886906121094,0.0439376531294206
2022-06-19,0.053006999194622,0.0624720007181167,0.0513079985976219,0.0603960007429122,1166163984,0.1304046145147729,0.0875162443033801,DOGE-USD,0.0,0,0.0,0,0.0,0.0,-0.88,0.0,65477,30288,,,8107543434.926917,0.07652590793394044,0.04618153287089261
2022-06-20,0.0603989996016025,0.0611569993197917,0.0577070005238056,0.0601769983768463,499018791,-0.0036326973452314,0.087034573702938,DOGE-USD,0.0,0,0.0,0,0.0,0.0,-0.8200000000000001,0.0,69519,33309,,,8096947777.947646,0.08022260038145926,0.04846659185112654
2022-06-21,0.0601750016212463,0.0693240016698837,0.0593149997293949,0.0655710026621818,1051899538,0.0858433730984691,0.0917139024752514,DOGE-USD,0.0,0,0.0,0,0.0,0.0,-0.8200000000000001,0.0,67598,28738,,,8850613002.494404,0.08372436459806772,0.050890341567563585
2022-06-22,0.0656059980392456,0.0657510012388229,0.0613889992237091,0.0617109984159469,633619298,-0.0606713942743231,0.0925304657896817,DOGE-USD,0.0,0,0.0,0,0.0,0.0,-0.78,0.0,62563,28983,,,8327585770.415295,0.08699659059345873,0.05336726259010532
2022-06-23,0.0617030002176761,0.0646149963140487,0.0617030002176761,0.0640320032835006,434169751,0.0369208383185553,0.093619689507656,DOGE-USD,0.0,0,0.0,0,0.0,0.0,-0.78,0.0,63480,30306,,,8651322208.501217,0.09048297515578144,0.056001942323921035
2022-06-24,0.064019002020359,0.0681620016694068,0.0640039965510368,0.0671240016818046,514729444,0.0471586705137262,0.0944419017289427,DOGE-USD,0.0,0,0.0,0,0.0,0.0,-0.78,0.0,64307,28132,,,9087413353.037931,0.09186810664089395,0.05872116495512329
2022-06-25,0.067110002040863,0.0691120028495788,0.0653840005397796,0.0685029998421669,432671864,0.0203358574314792,0.092593391017466,DOGE-USD,0.0,0,0.0,0,0.0,0.0,-0.72,0.0,64493,27957,,,9236337213.18462,0.09297987010379956,0.061366334899276336
2022-06-26,0.0684880018234252,0.0769660025835037,0.0675040036439895,0.0731770023703575,883689355,0.0660036587099513,0.0910574119072075,DOGE-USD,0.0,0,0.0,0,0.0,0.0,-0.72,0.0,64772,29153,,,9919346898.89512,0.09284857199019078,0.06392675987026523
2022-06-27,0.0731540024280548,0.0783889964222908,0.0710180029273033,0.0722389966249466,962250061,-0.0129011767896756,0.074339525242077,DOGE-USD,0.0,0,0.0,0,0.0,0.0,-0.76,0.0,70593,28656,,,9753890159.456951,0.08921038388066985,0.06575233001648845
2022-06-28,0.072221003472805,0.0729509964585304,0.0657230019569397,0.0659570023417472,534793983,-0.0909769694950252,0.0800047396102448,DOGE-USD,0.0,0,0.0,0,0.0,0.0,-0.8,0.0,63173,28555,,,8885815247.627,0.08648739390118759,0.06786875007462455
2022-06-29,0.0659959986805915,0.0713350027799606,0.0646350011229515,0.0694679990410804,592828738,0.0518631510302727,0.0742429952965569,DOGE-USD,0.0,0,0.0,0,0.0,0.0,-0.74,0.0,63319,27679,,,9356130207.373192,0.08244761261471042,0.06969771733502589
2022-06-30,0.0694810003042221,0.0695130005478859,0.0627460032701492,0.0660860016942024,566648029,-0.0499092513225633,0.0645312729263503,DOGE-USD,0.0,0,0.0,0,0.0,0.0,-0.78,0.0,63687,27585,,,8743517802.197845,0.0768351889964873,0.07108080803949755
2022-07-01,0.0662079975008964,0.0678619965910911,0.0642239972949028,0.0661749988794326,472441458,0.0013457814212257,0.0642751698106923,DOGE-USD,0.0,0,0.0,0,0.0,0.0,-0.78,0.0,63707,28023,,,8960656916.474125,0.07147874057718426,0.07263323694135143
2022-07-02,0.0662050023674964,0.0676919966936111,0.065932996571064,0.0666979998350143,352589827,0.0078722338111289,0.0597084158604004,DOGE-USD,0.0,0,0.0,0,0.0,0.0,-0.72,0.0,61625,27804,,,9002502206.496851,0.06855251870084894,0.07394172128654332
2022-07-03,0.0666979998350143,0.0673559978604316,0.0651109963655471,0.0671790018677711,280878240,0.0071857615028052,0.0498849369367032,DOGE-USD,0.0,0,0.0,0,0.0,0.0,-0.78,0.0,58477,24991,,,9054016314.95616,0.0625285581661406,0.07457163228661287
2022-07-04,0.0671740025281906,0.0696050003170967,0.0659269988536834,0.069472000002861,379581122,0.0335630672433582,0.0502298357884198,DOGE-USD,0.0,0,0.0,0,0.0,0.0,-0.72,0.0,61530,26834,,,9371213833.937906,0.05772592626451319,0.07503158287943205
2022-07-05,0.0694309994578361,0.0698409974575042,0.0656969994306564,0.0671550035476684,403220687,-0.0339203605479652,0.0464210633551286,DOGE-USD,0.0,0,0.0,0,0.0,0.0,-0.62,0.0,66952,30903,,,9070391987.614546,0.05410388435026885,0.07475408548023416
2022-07-06,0.06717199832201,0.0690580010414123,0.0664480030536651,0.068582996726036,398926503,0.0210412096835924,0.0429848341886491,DOGE-USD,0.0,0,0.0,0,0.0,0.0,-0.64,0.0,67435,32749,,,9279112865.673306,0.04984581722586021,0.0741928938551849
2022-07-07,0.0685790032148361,0.0711240023374557,0.0680529996752739,0.0706209987401962,402591742,0.0292828899828876,0.042630275192371,DOGE-USD,0.0,0,0.0,0,0.0,0.0,-0.64,0.0,66682,32264,,,9546457065.855442,0.04643018909225434,0.07301467402459523
2022-07-08,0.0706180036067962,0.0730089992284774,0.0685409978032112,0.0692569985985755,444369733,-0.0195033300993153,0.041507356357718,DOGE-USD,0.0,0,0.0,0,0.0,0.0,-0.6,0.0,66607,33709,,,9408518352.824709,0.0447546729764573,0.07152841379575473
2022-07-09,0.0692239999771118,0.0700090005993843,0.0689949989318847,0.0695120021700859,254272147,0.0036752279995086,0.0411860476145192,DOGE-USD,0.0,0,0.0,0,0.0,0.0,-0.52,0.0,67957,31464,,,9385461915.805172,0.042945915341677174,0.06993826433219984
2022-07-10,0.0695089995861053,0.0695089995861053,0.0665329992771148,0.0672629997134208,299810124,-0.0328891266659037,0.0375038499437985,DOGE-USD,0.0,0,0.0,0,0.0,0.0,-0.52,0.0,61529,29524,,,9085275626.673277,0.041162472659411156,0.06817990447982512
2022-07-11,0.0672679990530014,0.0672679990530014,0.0615350008010864,0.0618470013141632,326125900,-0.0839466896253739,0.0429219161169861,DOGE-USD,0.0,0,0.0,0,0.0,0.0,-0.56,0.0,65344,32098,,,8332440247.229874,0.04114988904507856,0.06615288956226174
2022-07-12,0.0618509985506534,0.0628610029816627,0.0600869990885257,0.0600869990885257,298462083,-0.0288701176465306,0.0368040214902404,DOGE-USD,0.0,0,0.0,0,0.0,0.0,-0.6799999999999999,0.0,67002,41573,,,8127196800.63095,0.03998463830465244,0.06386968264350278
2022-07-13,0.0600849986076355,0.0620109997689724,0.058398000895977,0.0619530007243156,446505400,0.0305825479261742,0.0345729566045676,DOGE-USD,0.0,0,0.0,0,0.0,0.0,-0.7,0.0,68390,47378,,,8358260873.930182,0.03859775835402236,0.06127236692210805
2022-07-14,0.0619329996407032,0.0626320019364357,0.0597410015761852,0.0623940005898475,348090510,0.0070930816156075,0.0325793285413633,DOGE-USD,0.0,0,0.0,0,0.0,0.0,-0.64,0.0,74261,64521,,,8443588528.53542,0.03687641453939118,0.05854731522900267
2022-07-15,0.062399998307228,0.0642590001225471,0.0617469996213912,0.0630419999361038,374357844,0.0103320435613988,0.0327828947557743,DOGE-USD,0.0,0,0.0,0,0.0,0.0,-0.7,0.0,77313,68242,,,8530329585.978011,0.035932223501786334,0.05578200637664441
2022-07-16,0.0630370005965232,0.0647249966859817,0.0618700012564659,0.0642800033092498,279644299,0.0194474224299631,0.0332336696412146,DOGE-USD,0.0,0,0.0,0,0.0,0.0,-0.5800000000000001,0.0,75162,68002,,,8697846547.430122,0.03399457420663203,0.05299981400902041
2022-07-17,0.0642879977822303,0.0653939992189407,0.0631010010838508,0.0631069988012313,249697026,-0.0184169129288132,0.0333557347706605,DOGE-USD,0.0,0,0.0,0,0.0,0.0,-0.52,0.0,76555,74896,,,8589259876.39769,0.033304916862716055,0.050307193270529245
2022-07-18,0.0631140023469924,0.0686739981174469,0.0631140023469924,0.0677149966359138,564795959,0.0704759920049665,0.0377610486847266,DOGE-USD,0.0,0,0.0,0,0.0,0.0,-0.6,0.0,80574,72902,,,9113274179.561188,0.033942535278747854,0.047884631305871034
2022-07-19,0.0676899999380111,0.0698999986052513,0.0657519996166229,0.0690129995346069,552211168,0.0189872144774007,0.0369409617996063,DOGE-USD,0.0,0,0.0,0,0.0,0.0,-0.4,0.0,85760,77714,,,9337141630.648323,0.03481486193039645,0.046184696603940534
2022-07-20,0.0690149962902069,0.0765739977359771,0.0679280012845993,0.0701199993491172,1019375521,0.0159131648659608,0.0367620850262505,DOGE-USD,0.0,0,0.0,0,0.0,0.0,-0.38,0.0,94795,87044,,,9503376573.5578,0.03561069998449169,0.04421912139557716
2022-07-21,0.0701240003108978,0.0707319974899292,0.0672369971871376,0.0699599981307983,492434239,-0.0022844273383692,0.0358901773875261,DOGE-USD,0.0,0,0.0,0,0.0,0.0,-0.3199999999999999,0.0,84855,83844,,,9469372264.84382,0.03614200153375399,0.04247581149062121
2022-07-22,0.0699699968099594,0.0712699964642524,0.06700299680233,0.067562997341156,479456105,-0.03486316685872,0.0367349518592979,DOGE-USD,0.0,0,0.0,0,0.0,0.0,-0.3399999999999999,0.0,84933,83262,,,9130454134.333506,0.03681784495148147,0.04121234235120974
2022-07-23,0.0675309970974922,0.0693320035934448,0.0662769973278045,0.0681240037083625,427922351,0.0082691718385345,0.0368077680870546,DOGE-USD,0.0,0,0.0,0,0.0,0.0,-0.38,0.0,87728,75955,,,9219292871.343988,0.03662718883194707,0.03996382409104439
2022-07-24,0.0681160017848014,0.0688539966940879,0.0675889998674392,0.0677239969372749,369141492,-0.0058890513697119,0.0357246584419726,DOGE-USD,0.0,0,0.0,0,0.0,0.0,-0.4,0.0,91790,62597,,,9174298554.408035,0.03638392816042033,0.03887365329929768
2022-07-25,0.0677160024642944,0.0678799971938133,0.0623060017824173,0.0623060017824173,448572441,-0.0833828190926134,0.0356223145080996,DOGE-USD,0.0,0,0.0,0,0.0,0.0,-0.4,0.0,93766,66763,,,8531662542.542339,0.03615597405679015,0.03822535227981569
2022-07-26,0.0623189993202686,0.0625120028853416,0.0604249984025955,0.0625120028853416,416488015,0.0033008265195764,0.0346030720879698,DOGE-USD,0.0,0,0.0,0,0.0,0.0,-0.48,0.0,91920,60894,,,8438452920.06349,0.0358985529968789,0.037515044838886145
2022-07-27,0.0625139996409416,0.0670209974050521,0.0618860013782978,0.0670209974050521,499204589,0.0696473799292296,0.038382191585528,DOGE-USD,0.0,0,0.0,0,0.0,0.0,-0.4399999999999999,0.0,97980,65858,,,9041031445.179909,0.036228000942124916,0.03714964157663157
2022-07-28,0.0670310035347938,0.0705770030617713,0.065591000020504,0.0691080018877983,650983024,0.0306645612306269,0.0389645264281948,DOGE-USD,0.0,0,0.0,0,0.0,0.0,-0.36,0.0,105667,71994,,,9351020210.20908,0.036659352610352955,0.036966900314792744
2022-07-29,0.0691040009260177,0.072003997862339,0.0675489977002143,0.0689089968800544,696887711,-0.0028837773235724,0.039045426468533,DOGE-USD,0.0,0,0.0,0,0.0,0.0,-0.2199999999999999,0.0,92687,69460,,,9421048973.146349,0.037323506215665034,0.036803952645527375
2022-07-30,0.0689050033688545,0.0739099979400634,0.0681859999895095,0.069643996655941,760571682,0.0106097551822793,0.0388886195208206,DOGE-USD,0.0,0,0.0,0,0.0,0.0,-0.16,0.0,76889,58188,,,9397014009.998932,0.03797676721820924,0.036684919152941135
2022-07-31,0.069641999900341,0.0720280036330223,0.0680539980530738,0.0682720020413398,521194035,-0.0198967471421342,0.0389612298120949,DOGE-USD,0.0,0,0.0,0,0.0,0.0,-0.2199999999999999,0.0,73893,56154,,,9242853050.721598,0.03884839876303425,0.036583791071012756
2022-08-01,0.0682659968733787,0.0707210004329681,0.0671869963407516,0.0687249973416328,444088167,0.0066132390243366,0.0342355715521799,DOGE-USD,0.0,0,0.0,0,0.0,0.0,-0.3399999999999999,0.0,75751,51578,,,9295402468.413069,0.03801907475636463,0.03643523296230282
2022-08-02,0.0687080025672912,0.0688960030674934,0.0658089965581893,0.0666939988732338,336642237,-0.0299980184117569,0.0347613211854514,DOGE-USD,0.0,0,0.0,0,0.0,0.0,-0.38,0.0,83441,41062,,,9070945031.043604,0.037178433707815955,0.03606429682905124
2022-08-03,0.0666920021176338,0.0683199986815452,0.0655160024762153,0.0661950036883354,286819387,-0.0075099898494635,0.0343714477944662,DOGE-USD,0.0,0,0.0,0,0.0,0.0,-0.3199999999999999,0.0,70481,41514,,,8953896553.015068,0.03624363797300259,0.03595372529742514
2022-08-04,0.0661970004439354,0.0675019994378089,0.0660070031881332,0.0673570036888122,256457805,0.0174018997814018,0.0348514183904461,DOGE-USD,0.0,0,0.0,0,0.0,0.0,-0.4,0.0,71223,48270,,,9128824525.365654,0.035436197746927696,0.03596638265132871
2022-08-05,0.0673329979181289,0.0701169967651367,0.0672560036182403,0.0697650015354156,336216727,0.0351255864622989,0.0349038933845384,DOGE-USD,0.0,0,0.0,0,0.0,0.0,-0.38,0.0,89032,59435,,,9448467006.35544,0.03462473046141639,0.03607204468965485
2022-08-06,0.0697659999132156,0.0709989964962005,0.0685859993100166,0.0686739981174469,277979112,-0.015761830229782,0.0351771048443176,DOGE-USD,0.0,0,0.0,0,0.0,0.0,-0.38,0.0,68080,56220,,,9309833251.478151,0.03481303711984394,0.036180872420952276
2022-08-07,0.0686689987778663,0.0698990002274513,0.0677469968795776,0.0689399987459182,204862521,0.0038658997750211,0.0351358185356421,DOGE-USD,0.0,0,0.0,0,0.0,0.0,-0.4,0.0,67083,46570,,,9337359119.945065,0.034887936589882075,0.036267333734335334
2022-08-08,0.0689459964632988,0.0720579996705055,0.0689229965209961,0.0700550004839897,399183407,0.0160441118341018,0.0254114753406153,DOGE-USD,0.0,0,0.0,0,0.0,0.0,-0.4,0.0,69005,51298,,,9502083639.064943,0.033095942099111895,0.03590623103296965
2022-08-09,0.0700609982013702,0.0738859996199607,0.068461999297142,0.0691249966621398,611327142,-0.0133642431767147,0.0260496648305815,DOGE-USD,0.0,0,0.0,0,0.0,0.0,-0.16,0.0,67470,62238,,,9376018252.815132,0.03133559138713897,0.03537389540323578
2022-08-10,0.0691189989447593,0.0713090002536773,0.0673889964818954,0.0711949989199638,431172729,0.0295061645076548,0.0201971292543762,DOGE-USD,0.0,0,0.0,0,0.0,0.0,-0.38,0.0,77390,51581,,,9648810126.263304,0.02839423856110653,0.034612812105725324
2022-08-11,0.0712049975991249,0.0746460035443306,0.0707269981503486,0.0709299966692924,563908591,-0.0037291478065211,0.0187882103224378,DOGE-USD,0.0,0,0.0,0,0.0,0.0,-0.18,0.0,83279,51401,,,9601989166.088495,0.025116459656730573,0.033795817801006565
2022-08-12,0.070931002497673,0.0724800005555152,0.0700270012021064,0.0723450034856796,320410367,0.0197529621140677,0.0193153334921168,DOGE-USD,0.0,0,0.0,0,0.0,0.0,-0.16,0.0,66670,47176,,,9814742651.704037,0.021952362648025515,0.033042415805760686
2022-08-13,0.072343997657299,0.0748599991202354,0.0719510018825531,0.0728399977087974,446287445,0.0068188330337355,0.0192340295509663,DOGE-USD,0.0,0,0.0,0,0.0,0.0,-0.0799999999999999,0.0,65159,45830,,,9888394034.37842,0.020716873490095714,0.03224691933720016
2022-08-14,0.0728560015559196,0.0840130001306533,0.0727540031075477,0.0816870033740997,1530403447,0.1146296883792737,0.0344165087424415,DOGE-USD,0.0,0,0.0,0,0.0,0.0,-0.06,0.0,65694,46472,,,11097369615.010084,0.022390242272467713,0.032138225730626836
2022-08-15,0.0816980004310607,0.0818200036883354,0.0751509964466095,0.0767199993133544,855017472,-0.0627324901582381,0.0399266399073949,DOGE-USD,0.0,0,0.0,0,0.0,0.0,-0.0999999999999999,0.0,69272,47792,,,10377535707.512362,0.026336144403071454,0.03232922488814603
2022-08-16,0.0766950026154518,0.088638998568058,0.076393999159336,0.0869639962911605,1947377918,0.125331775641995,0.0491203960707157,DOGE-USD,0.0,0,0.0,0,0.0,0.0,-0.12,0.0,116772,51180,,,11798047607.160955,0.03240258155272704,0.032942774050083126
2022-08-17,0.0869330018758773,0.0881130024790763,0.079926997423172,0.080154001712799,996272861,-0.081544391662575,0.0557293569700577,DOGE-USD,0.0,0,0.0,0,0.0,0.0,-0.18,0.0,72218,42185,,,10884231085.415106,0.03968538624831521,0.033903059726541666
2022-08-18,0.0801739990711212,0.0820870026946067,0.0749889984726905,0.0750790014863014,621394159,-0.0654088933047409,0.0595652154073022,DOGE-USD,0.0,0,0.0,0,0.0,0.0,-0.4,0.0,71243,45380,,,10186193399.960844,0.0477516234195824,0.03486592444571322
2022-08-19,0.075044997036457,0.0751829966902732,0.0675359964370727,0.0679389983415603,965543533,-0.0999306929560351,0.0654379844848161,DOGE-USD,0.0,0,0.0,0,0.0,0.0,-0.3399999999999999,0.0,72729,45596,,,9222843979.659857,0.053955918568057315,0.03606926344828692
2022-08-20,0.0678969994187355,0.0709609985351562,0.0678969994187355,0.0695400014519691,537299425,0.0232919281155334,0.0656334777099057,DOGE-USD,0.0,0,0.0,0,0.0,0.0,-0.42,0.0,69624,46225,,,9419275926.935722,0.05909728612855948,0.037277811231985675
2022-08-21,0.0695289969444274,0.0706460028886795,0.0678469985723495,0.0694480016827583,421455865,-0.0013238521393545,0.06563006376261,DOGE-USD,0.0,0,0.0,0,0.0,0.0,-0.4599999999999999,0.0,66838,40216,,,9429859536.454628,0.06239921966693833,0.03849333142479428
2022-08-22,0.0694409981369972,0.0694890022277832,0.0656059980392456,0.0683910027146339,453413439,-0.0153370186032659,0.0655951166305315,DOGE-USD,0.0,0,0.0,0,0.0,0.0,-0.42,0.0,67232,45754,,,9251940321.269247,0.06437237159903308,0.039703962643814136
2022-08-23,0.0683950036764144,0.0691689997911453,0.0672129988670349,0.0687699988484382,335476543,0.005526309869907,0.0655313622617704,DOGE-USD,0.0,0,0.0,0,0.0,0.0,-0.4399999999999999,0.0,59757,37501,,,9342760639.102167,0.06556560096992672,0.041126498585159155
2022-08-24,0.0687709972262382,0.0694150030612945,0.0672980025410652,0.0679899975657463,345474347,-0.0114069868513729,0.0650068171093446,DOGE-USD,0.0,0,0.0,0,0.0,0.0,-0.5,0.0,57577,35895,,,9223779519.905031,0.06547936749483244,0.04250129385442703
2022-08-25,0.0679910033941268,0.0715790018439292,0.0679569989442825,0.0690940022468566,469798193,0.0161073291070336,0.0652123658137694,DOGE-USD,0.0,0,0.0,0,0.0,0.0,-0.5,0.0,59536,35166,,,9371726831.396109,0.06539514511560518,0.04390315376439535
2022-08-26,0.069081999361515,0.0692960023880004,0.0632539987564086,0.063571996986866,620512451,-0.083294854404903,0.0683248911023613,DOGE-USD,0.0,0,0.0,0,0.0,0.0,-0.4599999999999999,0.0,59845,36353,,,8606534959.746243,0.06593411058355543,0.04542467525130059
2022-08-27,0.063570998609066,0.0640650019049644,0.0626069977879524,0.0635870024561882,380887727,0.0002360111271335,0.0682285044240348,DOGE-USD,0.0,0,0.0,0,0.0,0.0,-0.4399999999999999,0.0,55914,31421,,,8632933709.31899,0.06646078814225609,0.04693943029855043
2022-08-28,0.0635579973459243,0.0642680004239082,0.0617859996855258,0.0617859996855258,295086067,-0.0287322890708633,0.0581455961721189,DOGE-USD,0.0,0,0.0,0,0.0,0.0,-0.4399999999999999,0.0,55072,29315,,,8433640737.90692,0.0649836349243258,0.047983452631632305
2022-08-29,0.0617530010640621,0.0639820024371147,0.0612460002303123,0.0638870000839233,315005254,0.0334391026266469,0.0583821122054441,DOGE-USD,0.0,0,0.0,0,0.0,0.0,-0.52,0.0,54032,23664,,,8665362808.988577,0.0636586939435457,0.04904010234389604
2022-08-30,0.0638990029692649,0.0644079968333244,0.0605500005185604,0.061524998396635,328934727,-0.0376723289035635,0.0428422114483506,DOGE-USD,0.0,0,0.0,0,0.0,0.0,-0.4599999999999999,0.0,57392,25084,,,8373995118.182248,0.05918466307046194,0.049832408530611265
2022-08-31,0.0615339986979961,0.0633329972624778,0.0610579997301101,0.0613300018012523,309748693,-0.0031744212090049,0.0398623438620625,DOGE-USD,0.0,0,0.0,0,0.0,0.0,-0.54,0.0,54485,25054,,,8310640986.541606,0.05349215362240217,0.050460257577496774
2022-09-01,0.0613359995186328,0.0624790005385875,0.0601940006017684,0.0623719990253448,328765413,0.0168472920884201,0.0385554393025777,DOGE-USD,0.0,0,0.0,0,0.0,0.0,-0.6,0.0,53644,29614,,,8458957167.142855,0.04755754059811075,0.051294726216051384
2022-09-02,0.0623719990253448,0.0627119988203048,0.0609470009803772,0.061634998768568,273453013,-0.0118865700720974,0.0294284705718662,DOGE-USD,0.0,0,0.0,0,0.0,0.0,-0.5,0.0,57809,30805,,,8359467417.243038,0.041814115478060215,0.051778374409207226
2022-09-03,0.0616290010511875,0.0636010020971298,0.0613440014421939,0.0626939982175827,297123402,0.0170358498255437,0.0289778865300145,DOGE-USD,0.0,0,0.0,0,0.0,0.0,-0.5800000000000001,0.0,51042,27021,,,8508749468.345483,0.03593327034297429,0.052217581365475295
2022-09-04,0.0626970008015632,0.0637139976024627,0.0620659999549388,0.0632259994745254,250044436,0.0084498797985694,0.0292520341226542,DOGE-USD,0.0,0,0.0,0,0.0,0.0,-0.6,0.0,49646,21538,,,8579308134.904825,0.03321523487783501,0.052672945209642934
2022-09-05,0.063230000436306,0.0636399984359741,0.0612969994544982,0.0627380013465881,231918999,-0.0077482545201163,0.0291498973409113,DOGE-USD,0.0,0,0.0,0,0.0,0.0,-0.54,0.0,51003,23457,,,8525120161.144734,0.03107274557360477,0.05243355378230064
2022-09-06,0.0627499967813491,0.064641997218132,0.0586519986391067,0.0589830018579959,471485708,-0.0617180478340562,0.0324311455387292,DOGE-USD,0.0,0,0.0,0,0.0,0.0,-0.56,0.0,68681,32316,,,8029056941.38657,0.029847886820835078,0.05209284949281585
2022-09-07,0.0589639991521835,0.0614500008523464,0.0579439997673034,0.0611039996147155,324781387,0.0353280258837756,0.03470759428319,DOGE-USD,0.0,0,0.0,0,0.0,0.0,-0.52,0.0,79474,31271,,,8321286588.208883,0.030903711563099834,0.0514377221388374
2022-09-08,0.0610890015959739,0.0612929984927177,0.0599230006337165,0.0609770007431507,268099702,-0.0020805680983104,0.0340856665005183,DOGE-USD,0.0,0,0.0,0,0.0,0.0,-0.6,0.0,58637,27376,,,8287933943.574657,0.0319252675572006,0.050453918026585616
2022-09-09,0.0609739981591701,0.0646219998598098,0.0609339997172355,0.064018003642559,487988732,0.0486675946358234,0.029931192915682,DOGE-USD,0.0,0,0.0,0,0.0,0.0,-0.56,0.0,59065,27485,,,8688811936.665089,0.032061099315806155,0.049106917004239234
2022-09-10,0.0640090033411979,0.0652410015463829,0.0634040012955665,0.0647760033607482,413101249,0.0117708655511415,0.0300817672108407,DOGE-USD,0.0,0,0.0,0,0.0,0.0,-0.4399999999999999,0.0,60446,24644,,,8829241667.171272,0.032247473289792036,0.04749981621905854
2022-09-11,0.0647709965705871,0.0651869997382164,0.06300999969244,0.0637139976024627,327741964,-0.0165309352463412,0.0293108892278487,DOGE-USD,0.0,0,0.0,0,0.0,0.0,-0.48,0.0,56435,25833,,,8653788783.140194,0.031623422027615936,0.045848789469874134
2022-09-12,0.0637150034308433,0.0651940032839775,0.0628779977560043,0.0639050006866455,383630739,0.002993335308377,0.0279104186029172,DOGE-USD,0.0,0,0.0,0,0.0,0.0,-0.5,0.0,55683,25206,,,8692217365.277588,0.03026398689156138,0.04413426014443355
2022-09-13,0.0639029964804649,0.0639809966087341,0.0595239996910095,0.0601290017366409,461644993,-0.0609053331669844,0.0308588899431056,DOGE-USD,0.0,0,0.0,0,0.0,0.0,-0.3199999999999999,0.0,53450,25364,,,8112626363.350466,0.029618631580078835,0.04255534074955056
2022-09-14,0.0597169995307922,0.0614250004291534,0.0595420002937316,0.0611729994416236,369554274,0.0172136234114189,0.0312593525178152,DOGE-USD,0.0,0,0.0,0,0.0,0.0,-0.4599999999999999,0.0,52954,24357,,,8323123913.109648,0.029884263500505475,0.04099752212482532
2022-09-15,0.0611680001020431,0.0612110011279583,0.0587849989533424,0.0587910003960132,327176374,-0.0397171178719203,0.0325189650128596,DOGE-USD,0.0,0,0.0,0,0.0,0.0,-0.4399999999999999,0.0,53254,24994,,,8002862220.902894,0.030371703060909257,0.03952080157498509
2022-09-16,0.0587919987738132,0.0604230016469955,0.0584530010819435,0.0604230016469955,247011315,0.027381065715635,0.0334862306902936,DOGE-USD,0.0,0,0.0,0,0.0,0.0,-0.6,0.0,53672,26768,,,8217916626.698167,0.031206771353398232,0.03807870452391801
2022-09-17,0.0604300014674663,0.062314998358488,0.0603299997746944,0.0622100010514259,209604119,0.0291459210115527,0.0341494528459864,DOGE-USD,0.0,0,0.0,0,0.0,0.0,-0.56,0.0,51013,23784,,,8461973593.228962,0.03245457820201207,0.0365252755122646
2022-09-18,0.0622100010514259,0.0622100010514259,0.0572380013763904,0.0575199984014034,265405124,-0.0783830898073868,0.0398054985177415,DOGE-USD,0.0,0,0.0,0,0.0,0.0,-0.4599999999999999,0.0,53947,24023,,,7830512598.762758,0.034243899916939255,0.03523332069834218
2022-09-19,0.0575190000236034,0.0587439984083175,0.0561800003051757,0.0586120001971721,301268389,0.0188067715190243,0.0403830768235225,DOGE-USD,0.0,0,0.0,0,0.0,0.0,-0.5800000000000001,0.0,57674,27356,,,7987684632.003195,0.036068644778080715,0.03442593345522416
2022-09-20,0.0586120001971721,0.0602619983255863,0.0577379986643791,0.0584169998764991,294929293,-0.0033325158895231,0.036926341930456,DOGE-USD,0.0,0,0.0,0,0.0,0.0,-0.54,0.0,62318,29566,,,7949983278.00599,0.03695012016159999,0.033450671169997434
2022-09-21,0.05842300131917,0.060478001832962,0.056377999484539,0.0574040003120899,406017754,-0.0174929485048661,0.0356393212218325,DOGE-USD,0.0,0,0.0,0,0.0,0.0,-0.54,0.0,60227,29431,,,7789348716.563953,0.037380738267907776,0.03312326706879207
2022-09-22,0.0573859997093677,0.0598380006849765,0.0569449998438358,0.0595990009605884,241738855,0.0375248187791661,0.0373726033313939,DOGE-USD,0.0,0,0.0,0,0.0,0.0,-0.56,0.0,53153,24463,,,8115531991.659773,0.03802536836498927,0.03301009704467077
2022-09-23,0.0595929995179176,0.0640320032835006,0.0595650002360343,0.0633359998464584,704823247,0.0608150739203148,0.0387460312860582,DOGE-USD,0.0,0,0.0,0,0.0,0.0,-0.6,0.0,52284,25266,,,8641700090.544294,0.03781347491865261,0.03301876031664715
2022-09-24,0.0633329972624778,0.0679730027914047,0.0630289986729621,0.0632340013980865,969527521,-0.0016117321553116,0.0385776838073618,DOGE-USD,0.0,0,0.0,0,0.0,0.0,-0.52,0.0,59903,25346,,,8613967136.229996,0.03745239631542048,0.03343463364553331
2022-09-25,0.0632229968905448,0.063679002225399,0.0604569986462593,0.0611519999802112,367453955,-0.0334795855553192,0.0393366607704132,DOGE-USD,0.0,0,0.0,0,0.0,0.0,-0.52,0.0,51649,23835,,,8325346136.901635,0.03793446008341191,0.03390548702009689
2022-09-26,0.0611670017242431,0.0617970004677772,0.0600510016083717,0.0610890015959739,323710024,-0.0010307243723856,0.0393047263403792,DOGE-USD,0.0,0,0.0,0,0.0,0.0,-0.5800000000000001,0.0,51644,23783,,,8310330773.291459,0.03866754110712125,0.034362427575448024
2022-09-27,0.0610839985311031,0.0629310011863708,0.0599270015954971,0.0606090016663074,337427597,-0.0078884189696232,0.0357087766011146,DOGE-USD,0.0,0,0.0,0,0.0,0.0,-0.6,0.0,52932,25105,,,8257313088.73295,0.0383347757610654,0.03466055845091181
2022-09-28,0.0605969987809658,0.061039000749588,0.0587540008127689,0.060623001307249,277399298,0.0002309561940818,0.0353868200085669,DOGE-USD,0.0,0,0.0,0,0.0,0.0,-0.6,0.0,49551,24088,,,8267325430.803086,0.03766293350556714,0.03479490729044989
2022-09-29,0.060623999685049,0.0610359981656074,0.0594229996204376,0.0607279986143112,229157795,0.0017304733101754,0.0335527891356688,DOGE-USD,0.0,0,0.0,0,0.0,0.0,-0.56,0.0,58265,24294,,,8268066435.229198,0.036657954571228536,0.034742416147380745
2022-09-30,0.0607380010187625,0.0620400011539459,0.0599579997360706,0.0616529993712902,369084722,0.0151170261328271,0.0330036327601014,DOGE-USD,0.0,0,0.0,0,0.0,0.0,-0.5800000000000001,0.0,51729,25030,,,8419015617.554253,0.035391348969166174,0.034693232795543615
2022-10-01,0.0616500005125999,0.0628060027956962,0.0604000017046928,0.0606269985437393,347895211,-0.0167815656451205,0.0323131378832531,DOGE-USD,0.0,0,0.0,0,0.0,0.0,-0.6,0.0,49372,23801,,,8263531045.69624,0.033993031277740955,0.0348015030213423
2022-10-02,0.0606280006468296,0.0609080009162426,0.059128001332283,0.0592879988253116,198168354,-0.0223334095484171,0.0246680529236624,DOGE-USD,0.0,0,0.0,0,0.0,0.0,-0.52,0.0,53466,25644,,,8069498142.311358,0.03178488654225052,0.03455542509919784
2022-10-03,0.0592870004475116,0.0604670010507106,0.059078000485897,0.0603840015828609,195766522,0.0183172905635891,0.0246429817923748,DOGE-USD,0.0,0,0.0,0,0.0,0.0,-0.52,0.0,49433,23471,,,8234569036.945639,0.029636118899012097,0.034343247488494474
2022-10-04,0.0603809989988803,0.0662520006299018,0.0600409992039203,0.0659620016813278,826424315,0.0883546487285757,0.0336262730790763,DOGE-USD,0.0,0,0.0,0,0.0,0.0,-0.6,0.0,51935,28927,,,9005290143.07135,0.029650815687693594,0.03460305905559261
2022-10-05,0.0659380033612251,0.0664649978280067,0.0629969984292984,0.0647350028157234,606625264,-0.0187767871212042,0.0337047891007207,DOGE-USD,0.0,0,0.0,0,0.0,0.0,-0.5,0.0,70841,28819,,,8810959772.314327,0.02979104695581745,0.03473241810821148
2022-10-06,0.0647400021553039,0.0666180029511451,0.0632229968905448,0.0634440034627914,387962671,-0.0201443753851674,0.0334186289498155,DOGE-USD,0.0,0,0.0,0,0.0,0.0,-0.48,0.0,52045,28834,,,8652887774.622782,0.030012145169129933,0.034830567036938764
2022-10-07,0.0634490028023719,0.0637170001864433,0.0615699999034404,0.0624089986085891,299717356,-0.0164482081722741,0.029553328833931,DOGE-USD,0.0,0,0.0,0,0.0,0.0,-0.54,0.0,49669,29886,,,8504757227.267444,0.030989200351183653,0.03469576539244201
2022-10-08,0.06241400167346,0.0625760033726692,0.0613810010254383,0.0616779997944831,169254316,-0.0117821734735847,0.0296927875790298,DOGE-USD,0.0,0,0.0,0,0.0,0.0,-0.52,0.0,48721,29829,,,8406144717.4463825,0.03199916150851466,0.034523336160111835
2022-10-09,0.0616719983518123,0.0623419992625713,0.0612920001149177,0.0621559992432594,158280272,0.0077200417738924,0.0283192167720745,DOGE-USD,0.0,0,0.0,0,0.0,0.0,-0.56,0.0,49844,30468,,,8468955858.743267,0.030937750247114294,0.03425832542947948
2022-10-10,0.0621509999036788,0.0624690018594265,0.0595129989087581,0.0595129989087581,254559947,-0.0434525840041737,0.0307382564850816,DOGE-USD,0.0,0,0.0,0,0.0,0.0,-0.56,0.0,54537,27044,,,8131158459.643882,0.030344443723986474,0.03384617806435858
2022-10-11,0.0595079995691776,0.0606530010700225,0.0578869991004467,0.060258001089096,295967661,0.0124406039676858,0.0309116028942018,DOGE-USD,0.0,0,0.0,0,0.0,0.0,-0.52,0.0,59847,29249,,,8212925396.03208,0.029843038512863733,0.03341565652211673
2022-10-12,0.060258999466896,0.0608659982681274,0.0595399998128414,0.0598810017108917,199133108,-0.0062760736628284,0.030950041447618,DOGE-USD,0.0,0,0.0,0,0.0,0.0,-0.6,0.0,51805,30859,,,8167283116.860601,0.030122381035601137,0.03314400650016955
2022-10-13,0.0598709993064403,0.0601590014994144,0.0557410009205341,0.059673998504877,466439562,-0.0034628984567844,0.0309474738368516,DOGE-USD,0.0,0,0.0,0,0.0,0.0,-0.6,0.0,52704,30037,,,8137583191.350263,0.030373318287165496,0.03293074070994314
2022-10-14,0.0596660003066062,0.0609430000185966,0.0583150014281272,0.0586429983377456,242691429,-0.0174282020510475,0.0308455938016905,DOGE-USD,0.0,0,0.0,0,0.0,0.0,-0.52,0.0,53586,28680,,,7997915300.194074,0.030878593693088697,0.032634058458592984
2022-10-15,0.0586379989981651,0.0595670007169246,0.0581459999084472,0.0585799999535083,182208164,-0.0010748469365356,0.030613072514724,DOGE-USD,0.0,0,0.0,0,0.0,0.0,-0.52,0.0,50028,24966,,,8003415749.1605215,0.030853556899017177,0.03226437851444143
2022-10-16,0.0585829988121986,0.0594150014221668,0.0585829988121986,0.0589139983057975,162246280,0.005685384052051,0.0301254173725251,DOGE-USD,0.0,0,0.0,0,0.0,0.0,-0.52,0.0,50451,24802,,,8048310118.819109,0.030696319794681837,0.03188018458558522
2022-10-17,0.0589129999279975,0.0600569993257522,0.0586250014603138,0.0599349997937679,174261450,0.0171819135601392,0.0300724849540453,DOGE-USD,0.0,0,0.0,0,0.0,0.0,-0.6,0.0,55109,26886,,,8186120409.773824,0.030520808495967295,0.03145908568484122
2022-10-18,0.0599349997937679,0.0607730001211166,0.0587520003318786,0.0597760006785392,239236218,-0.0026563842603905,0.0158561745990622,DOGE-USD,0.0,0,0.0,0,0.0,0.0,-0.56,0.0,50500,26294,,,8169571277.325363,0.027502548648409415,0.030393242423872268
2022-10-19,0.0597789995372295,0.0606799982488155,0.058628000319004,0.058713000267744,287297160,-0.0179430820065841,0.0158101786916478,DOGE-USD,0.0,0,0.0,0,0.0,0.0,-0.54,0.0,51170,26813,,,8013732846.510971,0.024495465626400877,0.029488760700714687
2022-10-20,0.0587109997868537,0.0602370016276836,0.0584490001201629,0.0595359988510608,241388629,0.0139199803548817,0.0162427305481676,DOGE-USD,0.0,0,0.0,0,0.0,0.0,-0.54,0.0,49292,26158,,,8118168646.522752,0.021621397233089597,0.028618574816151085
2022-10-21,0.0595260001718997,0.0595260001718997,0.0574179999530315,0.059333998709917,224787600,-0.0033986765328592,0.0158771879511861,DOGE-USD,0.0,0,0.0,0,0.0,0.0,-0.54,0.0,54281,25820,,,8108196468.002987,0.018771751348821794,0.027815138398674596
2022-10-22,0.0593370012938976,0.0598459988832473,0.0591839998960495,0.0596939995884895,159431212,0.0060490301684301,0.0158863142432576,DOGE-USD,0.0,0,0.0,0,0.0,0.0,-0.6,0.0,49699,26340,,,8150286201.769935,0.015934517206664254,0.027037078466090783
2022-10-23,0.0596829988062381,0.0603789985179901,0.0589269995689392,0.0603469982743263,182523575,0.01087970174564,0.0160616330520229,DOGE-USD,0.0,0,0.0,0,0.0,0.0,-0.54,0.0,49829,23917,,,8234410871.829908,0.015975608897256393,0.02629837370103487
2022-10-24,0.0603410005569458,0.0608140006661415,0.0588579997420311,0.0595059990882873,226574582,-0.0140340752049354,0.0115186438859794,DOGE-USD,0.0,0,0.0,0,0.0,0.0,-0.56,0.0,52931,24758,,,8114940273.114067,0.015117301936122712,0.025700673290231093
2022-10-25,0.0595020018517971,0.0640489980578422,0.0592270009219646,0.0628819987177848,475512798,0.0551828013577771,0.0185750611783942,DOGE-USD,0.0,0,0.0,0,0.0,0.0,-0.6,0.0,61143,28226,,,8571356359.448708,0.015583768062168036,0.025424858716868337
2022-10-26,0.0628560036420822,0.0732740014791488,0.0627600029110908,0.0728000029921531,1357027720,0.1464560624635504,0.0423349053194133,DOGE-USD,0.0,0,0.0,0,0.0,0.0,-0.3399999999999999,0.0,57750,28031,,,9896458503.169888,0.020875311535813474,0.025820705636883656
2022-10-27,0.0727989971637725,0.0848250016570091,0.0720330029726028,0.0770180001854896,2652784687,0.0563231668731306,0.0434437339106351,DOGE-USD,0.0,0,0.0,0,0.0,0.0,-0.36,0.0,60250,32202,,,10544900637.116184,0.026386795469288977,0.02626338494642522
2022-10-28,0.0770279988646507,0.0879010036587715,0.0729300007224083,0.0838970020413398,3172500998,0.085550717135197,0.0456069211460082,DOGE-USD,0.0,0,0.0,0,0.0,0.0,-0.4,0.0,75729,31503,,,11545945811.558516,0.03229585308808604,0.026817398228070347
2022-10-29,0.0839330032467842,0.1493919938802719,0.0833870023488998,0.1216029971837997,12157642295,0.3711717368094303,0.1022309918628775,DOGE-USD,0.0,0,0.0,0,0.0,0.0,-0.3199999999999999,0.0,90697,47803,,,16339669220.686531,0.05043832268346565,0.030120928365749734
2022-10-30,0.1216439977288246,0.1416569948196411,0.1128920018672943,0.1178020015358924,7908593943,-0.0317563550814315,0.104014755002082,DOGE-USD,0.0,0,0.0,0,0.0,0.0,-0.3199999999999999,0.0,71473,38678,,,15990773403.702658,0.06752626144820321,0.03349919961225211
2022-10-31,0.1177520006895065,0.1302450001239776,0.1150759980082511,0.1270260065793991,5814247122,0.0753865796705741,0.1037868314526374,DOGE-USD,0.0,0,0.0,0,0.0,0.0,-0.38,0.0,65019,35102,,,17305202235.160835,0.07981664667484803,0.036929545734095875
2022-11-01,0.1269849985837936,0.1572030037641525,0.1251769959926605,0.1425749957561493,7877293443,0.1154763055663148,0.1036588079598175,DOGE-USD,0.0,0,0.0,0,0.0,0.0,-0.4,0.0,73083,37844,,,19473758108.013184,0.09185966148468451,0.040244116255674776
2022-11-02,0.1425240039825439,0.1473910063505172,0.1240670010447502,0.1278299987316131,4675647398,-0.1091669010193799,0.1116368423894744,DOGE-USD,0.0,0,0.0,0,0.0,0.0,-0.4,0.0,75515,28429,,,17482322806.051453,0.10506564573337776,0.04391344532364171
2022-11-03,0.1278010010719299,0.1359899938106537,0.1214110031723976,0.1225920021533966,2570574344,-0.0418394601736857,0.1142024104521747,DOGE-USD,0.0,0,0.0,0,0.0,0.0,-0.4,0.0,89967,26020,,,16722155478.254751,0.1074599294512372,0.04769764391475793
2022-11-04,0.1225550025701522,0.128599002957344,0.1164449974894523,0.1262799948453903,2957002544,0.0296398367871041,0.113316597853533,DOGE-USD,0.0,0,0.0,0,0.0,0.0,-0.4,0.0,104628,28139,,,17243926743.40558,0.1093202980215274,0.051441695006425266
2022-11-05,0.1262789964675903,0.1351449936628341,0.1233920007944107,0.124388001859188,1907421740,-0.0150958952945001,0.1141420915571674,DOGE-USD,0.0,0,0.0,0,0.0,0.0,-0.24,0.0,63123,33312,,,17005344492.02324,0.11139135004243339,0.05522789944985604
2022-11-06,0.1243819966912269,0.1267019957304,0.1136339977383613,0.114606000483036,1316810628,-0.0819055644305914,0.1193173359412118,DOGE-USD,0.0,0,0.0,0,0.0,0.0,-0.1999999999999999,0.0,56436,25535,,,15654386234.762392,0.11452305563871226,0.05925991142378729
2022-11-07,0.1146259978413581,0.1185770034790039,0.108814001083374,0.1112990006804466,1337977256,-0.0292798835169547,0.1199733393287543,DOGE-USD,0.0,0,0.0,0,0.0,0.0,-0.3399999999999999,0.0,56295,24140,,,15139676906.479126,0.11619035502656824,0.06334390787634316
2022-11-08,0.1112779974937439,0.1122960001230239,0.080654002726078,0.0884099975228309,3545838435,-0.2302352222302437,0.1405460474773631,DOGE-USD,0.0,0,0.0,0,0.0,0.0,-0.38,0.0,58545,26510,,,12021329016.010809,0.12145908243160593,0.06836543344558489
2022-11-09,0.0884049981832504,0.0910959988832473,0.0721089988946914,0.0742880031466484,2807794508,-0.1740355837636178,0.1451507580956371,DOGE-USD,0.0,0,0.0,0,0.0,0.0,-0.42,0.0,57651,26118,,,10072722055.005552,0.12782591448002673,0.07424245996815647
2022-11-10,0.0742959976196289,0.0932559967041015,0.0737349987030029,0.0897890031337738,2421832556,0.1895130346395697,0.1531676933480402,DOGE-USD,0.0,0,0.0,0,0.0,0.0,-0.56,0.0,59295,26480,,,12228160737.505072,0.13563103483820127,0.08048598336162885
2022-11-11,0.0897789970040321,0.0918650031089782,0.081396996974945,0.0848850011825561,1305192050,-0.0561650950806897,0.1525404333051087,DOGE-USD,0.0,0,0.0,0,0.0,0.0,-0.5,0.0,58984,27172,,,11519655011.795416,0.14227565431098066,0.08668133348694436
2022-11-12,0.0849089995026588,0.0939939990639686,0.0793000012636184,0.0880390033125877,1842469589,0.0364825225528279,0.1104580218999201,DOGE-USD,0.0,0,0.0,0,0.0,0.0,-0.5800000000000001,0.0,69212,26557,,,12042969935.88042,0.14037259082521383,0.0909804623027959
2022-11-13,0.0880530029535293,0.0911369994282722,0.0838100016117096,0.0848930031061172,949584216,-0.0363882591810732,0.1104929721086303,DOGE-USD,0.0,0,0.0,0,0.0,0.0,-0.56,0.0,64454,26533,,,11541079329.261358,0.13436197575146727,0.09528076493304011
2022-11-14,0.084926001727581,0.0907739996910095,0.0801009982824325,0.0858789980411529,1212678659,0.0115476294131434,0.1073758256939162,DOGE-USD,0.0,0,0.0,0,0.0,0.0,-0.52,0.0,65980,32306,,,11772323098.40242,0.1268069892711231,0.09943141005312617
2022-11-15,0.0858789980411529,0.088919997215271,0.0853599980473518,0.0869709998369216,640084422,0.0126354218994892,0.100077957067563,DOGE-USD,0.0,0,0.0,0,0.0,0.0,-0.56,0.0,54344,24031,,,11875445523.462912,0.11618904201502764,0.1034568333795618
2022-11-16,0.0869639962911605,0.090658999979496,0.0839859992265701,0.0855830013751983,712826081,-0.01608804651603,0.0978609515392014,DOGE-USD,0.0,0,0.0,0,0.0,0.0,-0.54,0.0,54420,23909,,,11700476781.387615,0.10525314566184618,0.10706073748687123
2022-11-17,0.0855939984321594,0.0869539976119995,0.0831779986619949,0.0847650021314621,461654197,-0.0096039344667669,0.0979061759245603,DOGE-USD,0.0,0,0.0,0,0.0,0.0,-0.6,0.0,54128,21915,,,11571085164.114573,0.10274277646677424,0.10958670433255971
2022-11-18,0.0847639963030815,0.0865039974451065,0.083805002272129,0.0846719965338707,337485766,-0.0010978193389274,0.0968932912124906,DOGE-USD,0.0,0,0.0,0,0.0,0.0,-0.54,0.0,52127,21434,,,11564782594.45482,0.1000228402875463,0.11201622966446223
2022-11-19,0.0846719965338707,0.0849049985408783,0.0833870023488998,0.0845810025930404,246661551,-0.0010752417985674,0.0971152645741839,DOGE-USD,0.0,0,0.0,0,0.0,0.0,-0.54,0.0,51523,20201,,,11562899973.067469,0.09797072806359983,0.11435751800210658
2022-11-20,0.0845820009708404,0.0856819972395896,0.0770429968833923,0.077174000442028,499031478,-0.0916470672899898,0.0975685178511211,DOGE-USD,0.0,0,0.0,0,0.0,0.0,-0.52,0.0,51400,21515,,,10555644935.473072,0.09746884022031145,0.11414558736520858
2022-11-21,0.077174998819828,0.0771880000829696,0.072403997182846,0.0747110024094581,660061266,-0.0324352492304549,0.0975747352312546,DOGE-USD,0.0,0,0.0,0,0.0,0.0,-0.5800000000000001,0.0,51687,21515,,,10225093182.48828,0.09741159695872208,0.11385285919380732
2022-11-22,0.0747079998254776,0.0789629966020584,0.0734070017933845,0.0784879997372627,556392479,0.0493183742760853,0.080158957553972,DOGE-USD,0.0,0,0.0,0,0.0,0.0,-0.56,0.0,70549,21840,,,10742403092.29516,0.09386215328460443,0.11277886492568617
2022-11-23,0.0785000026226043,0.0831279978156089,0.077965997159481,0.081785999238491,529744394,0.0411603269921607,0.0652147232422303,DOGE-USD,0.0,0,0.0,0,0.0,0.0,-0.56,0.0,51213,21935,,,11207508202.74986,0.08752643969055236,0.1110314065294322
2022-11-24,0.0817919969558715,0.0836659967899322,0.0807589963078498,0.0814810022711753,360326829,-0.0037361783983764,0.0386048323324482,DOGE-USD,0.0,0,0.0,0,0.0,0.0,-0.6,0.0,49433,20076,,,11155528863.73994,0.07582435324220523,0.10771176970865827
2022-11-25,0.0814689993858337,0.0909899994730949,0.0809369981288909,0.0894749984145164,1022484210,0.0935893468248489,0.044249331015579,DOGE-USD,0.0,0,0.0,0,0.0,0.0,-0.6,0.0,55221,22826,,,12262171470.961868,0.06516051587509682,0.10453208427972212
2022-11-26,0.0894649997353553,0.0947400033473968,0.0883909985423088,0.0889879986643791,902063657,-0.0054577247603524,0.0432726017741872,DOGE-USD,0.0,0,0.0,0,0.0,0.0,-0.56,0.0,52232,22104,,,12189205306.519476,0.05430008918368333,0.1013482662761155
2022-11-27,0.088978998363018,0.1064329966902732,0.088978998363018,0.0987119972705841,1965264746,0.1037049777740503,0.0497353860326198,DOGE-USD,0.0,0,0.0,0,0.0,0.0,-0.48,0.0,84143,24440,,,13659320827.377785,0.04821537487941289,0.09842068875227242
2022-11-28,0.0986760035157203,0.0993269979953765,0.091448999941349,0.0951220020651817,1375600313,-0.0370461920012527,0.0513466864879515,DOGE-USD,0.0,0,0.0,0,0.0,0.0,-0.4399999999999999,0.0,52270,21972,,,13027891343.230171,0.04544176752855713,0.09533111377712422
2022-11-29,0.0951310023665428,0.104712001979351,0.0940190032124519,0.101852998137474,1352427444,0.0683702790889266,0.0538897235803945,DOGE-USD,0.0,0,0.0,0,0.0,0.0,-0.48,0.0,55061,24857,,,13965822913.784737,0.048498745778146383,0.09232731306128969
2022-11-30,0.1018270030617713,0.1089420020580291,0.1003040000796318,0.1068599969148635,1388624554,0.0479889586251877,0.0541069195035698,DOGE-USD,0.0,0,0.0,0,0.0,0.0,-0.42,0.0,58221,24170,,,14719890119.626476,0.05047026347574455,0.08839826178975363
2022-12-01,0.1068570017814636,0.1073810011148452,0.1010710000991821,0.1015840023756027,891639200,-0.0506334718451062,0.0566439263281352,DOGE-USD,0.0,0,0.0,0,0.0,0.0,-0.4599999999999999,0.0,53620,23168,,,13910227503.319103,0.05314452838653415,0.08437522398213991
2022-12-02,0.1015940010547638,0.1032600030303001,0.0976390019059181,0.1021479964256286,776013992,0.0055366412157657,0.056545217380703,DOGE-USD,0.0,0,0.0,0,0.0,0.0,-0.4599999999999999,0.0,52519,22411,,,13982724415.465963,0.05450649465615078,0.07998329325635185
2022-12-03,0.1021500006318092,0.1028229966759681,0.098650999367237,0.0998239964246749,632114946,-0.0230141074773157,0.0572765856019949,DOGE-USD,0.0,0,0.0,0,0.0,0.0,-0.4599999999999999,0.0,49824,21370,,,13690729972.14014,0.05569247447895946,0.07565311836075576
2022-12-04,0.0998110026121139,0.1052640005946159,0.0998060032725334,0.1042860001325607,759219556,0.0437285265283816,0.049339749436315,DOGE-USD,0.0,0,0.0,0,0.0,0.0,-0.48,0.0,49012,20108,,,14299921905.58095,0.054782479650143566,0.07287501506695554
2022-12-05,0.1042520031332969,0.1110119968652725,0.1000630035996437,0.1014740020036697,1051327257,-0.0273344983024751,0.0489279106961718,DOGE-USD,0.0,0,0.0,0,0.0,0.0,-0.48,0.0,51814,21224,,,13896304007.33671,0.053746677888663975,0.07007660318457105
2022-12-06,0.1014799997210502,0.1026270017027854,0.0985080003738403,0.1002779975533485,534648134,-0.0118563232418928,0.049019561025041,DOGE-USD,0.0,0,0.0,0,0.0,0.0,-0.5,0.0,56237,20150,,,13734366103.994616,0.05222180482804513,0.06742404569962218
2022-12-07,0.1002810001373291,0.100950002670288,0.0950170010328292,0.0957830026745796,622336382,-0.0458610604098105,0.0512548961209292,DOGE-USD,0.0,0,0.0,0,0.0,0.0,-0.42,0.0,47595,19396,,,13141432677.784592,0.05116374057609037,0.06520481565659338
2022-12-08,0.0957849994301796,0.0988740026950836,0.0953669995069503,0.0985400006175041,492909327,0.0283773192560036,0.0512495669878296,DOGE-USD,0.0,0,0.0,0,0.0,0.0,-0.5,0.0,49964,19671,,,13530567869.22428,0.04995833685325731,0.06308611635880375
2022-12-09,0.0985379964113235,0.0990860015153884,0.096000999212265,0.0966619998216629,423432535,-0.019242207942281,0.0463355176067998,DOGE-USD,0.0,0,0.0,0,0.0,0.0,-0.48,0.0,50733,20522,,,13268461843.82246,0.049357490487354265,0.060741995526178275
2022-12-10,0.0966629981994628,0.0973559990525245,0.0962579995393753,0.0964569970965385,242190274,-0.0021230723584821,0.046283294315789,DOGE-USD,0.0,0,0.0,0,0.0,0.0,-0.4599999999999999,0.0,45801,18471,,,13225454494.362068,0.04882856721127771,0.05844154112178274
2022-12-11,0.0964640006422996,0.0970930010080337,0.0926679968833923,0.0928749963641166,300470314,-0.037842819191802,0.037951212643841,DOGE-USD,0.0,0,0.0,0,0.0,0.0,-0.48,0.0,46872,17923,,,12722479837.821404,0.04661489753503771,0.055752266034039884
2022-12-12,0.0928720012307167,0.0930050015449523,0.087287999689579,0.0902580022811889,749817261,-0.0285822026719512,0.0374545196403383,DOGE-USD,0.0,0,0.0,0,0.0,0.0,-0.4599999999999999,0.0,52130,23967,,,12374450207.81182,0.04385482223891953,0.053019811569913394
2022-12-13,0.0902549996972084,0.094379998743534,0.0877180024981498,0.0909399986267089,766352149,0.0075276720779645,0.0314990510476254,DOGE-USD,0.0,0,0.0,0,0.0,0.0,-0.4599999999999999,0.0,56141,21442,,,12495863078.598194,0.03990471905087869,0.05001637137974843
2022-12-14,0.0909579992294311,0.092239998281002,0.0882439985871315,0.0885140001773834,549320298,-0.0270391996985521,0.0273296833813109,DOGE-USD,0.0,0,0.0,0,0.0,0.0,-0.4,0.0,51930,20343,,,12143385375.526634,0.03610355220578091,0.047615040735536567
2022-12-15,0.0885080024600029,0.0887620002031326,0.0844189971685409,0.0847219973802566,412364377,-0.0437854563278001,0.0266662966659483,DOGE-USD,0.0,0,0.0,0,0.0,0.0,-0.38,0.0,54325,20190,,,11610551197.506018,0.03218015267581277,0.04586283952752375
2022-12-16,0.0847219973802566,0.0867310017347335,0.0753879994153976,0.0759420022368431,699338853,-0.1094053567764546,0.0364363686069994,DOGE-USD,0.0,0,0.0,0,0.0,0.0,-0.42,0.0,56595,21198,,,10368902000.051567,0.031877183868444445,0.0457642729945488
2022-12-17,0.075943998992443,0.0793749988079071,0.0758929997682571,0.0792670026421547,495547979,0.0428520136335459,0.0402350182074502,DOGE-USD,0.0,0,0.0,0,0.0,0.0,-0.4399999999999999,0.0,53444,20771,,,10878525037.698568,0.032433283581866826,0.04558180423054295
2022-12-18,0.0792620033025741,0.079865001142025,0.0779199972748756,0.0786409974098205,256971055,-0.0079287751302573,0.0364834759467634,DOGE-USD,0.0,0,0.0,0,0.0,0.0,-0.48,0.0,50823,18705,,,10841175236.82494,0.03343016856169443,0.045273207602023684
2022-12-19,0.0786480009555816,0.0793420001864433,0.0709130018949508,0.0714289993047714,581773249,-0.0961892193805423,0.0417813549453874,DOGE-USD,0.0,0,0.0,0,0.0,0.0,-0.42,0.0,56590,21412,,,9799324731.681583,0.03632050287450973,0.04491166073442221
2022-12-20,0.071442000567913,0.0752469971776008,0.0714220032095909,0.074934996664524,438099132,0.0479170869696326,0.0460703340587075,DOGE-USD,0.0,0,0.0,0,0.0,0.0,-0.42,0.0,59246,21329,,,10293167279.034798,0.04020131035306157,0.044671826533092936
2022-12-21,0.0749320015311241,0.0749640017747879,0.0720100030303001,0.0736790001392364,349830700,-0.016903205044776,0.045505649187655,DOGE-USD,0.0,0,0.0,0,0.0,0.0,-0.48,0.0,53289,21606,,,10097323086.67946,0.04201516646919269,0.04429073224251387
2022-12-22,0.0736780017614364,0.0773620009422302,0.0733909979462623,0.0769670009613037,593083646,0.0436589495113532,0.0468851757340079,DOGE-USD,0.0,0,0.0,0,0.0,0.0,-0.4399999999999999,0.0,54351,22559,,,10585673096.123753,0.04334519797450422,0.043962471162079235
2022-12-23,0.0769610032439231,0.0786380022764206,0.0767420008778572,0.0771289989352226,398842519,0.0021025598809466,0.0471755302656957,DOGE-USD,0.0,0,0.0,0,0.0,0.0,-0.4599999999999999,0.0,52486,22050,,,10592807781.731792,0.04548360883829069,0.04353208952287744
2022-12-24,0.0771280005574226,0.0779760032892227,0.0768179967999458,0.0776479989290237,165055617,0.006706447937258,0.0474354132883725,DOGE-USD,0.0,0,0.0,0,0.0,0.0,-0.42,0.0,48804,19349,,,10668529143.502035,0.0466144205068877,0.0431180075186806
2022-12-25,0.0776320025324821,0.0776439979672432,0.0742290019989013,0.0759520009160041,423876257,-0.0220842050008856,0.0470496893346258,DOGE-USD,0.0,0,0.0,0,0.0,0.0,-0.42,0.0,48629,18892,,,10422279204.187784,0.046810291562071366,0.042653148597436547
2022-12-26,0.0759650021791458,0.0763610005378723,0.0747720003128051,0.0757829993963241,248935710,-0.0022275887463855,0.0469643809457663,DOGE-USD,0.0,0,0.0,0,0.0,0.0,-0.4399999999999999,0.0,51877,21162,,,10369950773.555365,0.04710203791369363,0.04254517730241161
2022-12-27,0.075763002038002,0.0760219991207122,0.0731310024857521,0.0737240016460418,290428818,-0.027545572106421,0.0467496571162526,DOGE-USD,0.0,0,0.0,0,0.0,0.0,-0.4599999999999999,0.0,55792,21150,,,10120646706.488913,0.04707493419014257,0.04244616577605164
2022-12-28,0.0737269967794418,0.0738210007548332,0.0700519979000091,0.0703810006380081,496350491,-0.0464050635769155,0.0474153484777742,DOGE-USD,0.0,0,0.0,0,0.0,0.0,-0.4399999999999999,0.0,75007,22263,,,9664136032.843971,0.04712289783255827,0.04237324702390315
2022-12-29,0.0703800022602081,0.0713019967079162,0.0697709992527961,0.071042001247406,285144119,0.0093479195599434,0.04717837205506,DOGE-USD,0.0,0,0.0,0,0.0,0.0,-0.4399999999999999,0.0,63625,21055,,,9750663123.78391,0.04707148958589577,0.04218795047545455
2022-12-30,0.0710320025682449,0.0713080018758773,0.0669530034065246,0.0684039965271949,419889739,-0.037840017317715,0.0390584484295953,DOGE-USD,0.0,0,0.0,0,0.0,0.0,-0.4399999999999999,0.0,56038,21821,,,9390670380.677008,0.04547324140488967,0.04163380872280754
2022-12-31,0.0683939978480339,0.0711089968681335,0.0681620016694068,0.0702940002083778,289371049,0.0272551979504311,0.0377120280387415,DOGE-USD,0.0,0,0.0,0,0.0,0.0,-0.5,0.0,52490,20737,,,9652637932.942144,0.04362277082348471,0.04124183192425943
2023-01-01,0.0702869966626167,0.0706849992275238,0.0692889988422393,0.0702250003814697,185279750,-0.0009820712097884,0.037766931661066,DOGE-USD,0.0,0,0.0,0,0.0,0.0,-0.48,0.0,49367,19038,,,9636788324.781956,0.04182622573244739,0.04085472453086294
2023-01-02,0.0702250003814697,0.0724790021777153,0.0693579986691474,0.0714540034532547,405800240,0.017349555919859,0.028428301851417,DOGE-USD,0.0,0,0.0,0,0.0,0.0,-0.4599999999999999,0.0,49147,19869,,,9831514229.632313,0.038028816407175946,0.04042186494938912
2023-01-03,0.0714560002088546,0.0721969977021217,0.0697740018367767,0.0704680010676384,283398864,-0.0138952131266958,0.0250129156366644,DOGE-USD,0.0,0,0.0,0,0.0,0.0,-0.48,0.0,57528,20767,,,9685622109.907318,0.03359572512349683,0.039856337494676666
2023-01-04,0.0704680010676384,0.0732500031590461,0.0703099966049194,0.0732370018959045,343264145,0.038542062415673,0.0271752335708243,DOGE-USD,0.0,0,0.0,0,0.0,0.0,-0.42,0.0,50680,20444,,,10028809276.041431,0.031219082151742628,0.03965980033664025
2023-01-05,0.0732330009341239,0.0750269964337349,0.0714000016450882,0.0715499967336654,424927580,-0.0233043232798685,0.0245882230501541,DOGE-USD,0.0,0,0.0,0,0.0,0.0,-0.42,0.0,50397,20714,,,9839914651.290318,0.02859432115402515,0.03953518850340585
2023-01-06,0.0715550035238266,0.0725700035691261,0.0703440010547638,0.0724700018763542,306914647,0.012776248661269,0.0249946219647362,DOGE-USD,0.0,0,0.0,0,0.0,0.0,-0.48,0.0,50562,21205,,,9972707298.180738,0.026039859214759188,0.0394592032897144
2023-01-07,0.0724690034985542,0.072843998670578,0.0718759968876838,0.072222001850605,173703551,-0.0034279747631583,0.0247925812271962,DOGE-USD,0.0,0,0.0,0,0.0,0.0,-0.5,0.0,51851,20829,,,9931665603.194317,0.025312715089915026,0.038929940226996064
2023-01-08,0.0722099989652633,0.0736119970679283,0.0715460032224655,0.0736010000109672,246133445,0.0189138784985671,0.02506142805534,DOGE-USD,0.0,0,0.0,0,0.0,0.0,-0.5,0.0,53814,19993,,,10103597694.357264,0.025322417573650148,0.03824023158371834
2023-01-09,0.0735919997096061,0.0792109966278076,0.0732579976320266,0.0757839977741241,853703837,0.0292285464538562,0.026435613524573,DOGE-USD,0.0,0,0.0,0,0.0,0.0,-0.5,0.0,54153,22462,,,10410251525.668264,0.02517449356439989,0.03778351056452786
2023-01-10,0.0757689997553825,0.0777309983968734,0.0746899992227554,0.0777290016412735,492952309,0.0253412800271155,0.025971103658228,DOGE-USD,0.0,0,0.0,0,0.0,0.0,-0.48,0.0,52118,20825,,,10672800438.104277,0.025451069686014665,0.03706486277874788
2023-01-11,0.077734000980854,0.0781809985637664,0.0751779973506927,0.0781529992818832,394318759,0.0054399954289936,0.0215921037195774,DOGE-USD,0.0,0,0.0,0,0.0,0.0,-0.48,0.0,51588,21101,,,10726104074.174152,0.024770566036982907,0.035952215945151064
2023-01-12,0.0792139992117881,0.080716997385025,0.0769879966974258,0.0802860036492347,706796194,0.0269268703458205,0.0222112273828349,DOGE-USD,0.0,0,0.0,0,0.0,0.0,-0.4,0.0,54412,22284,,,11047607133.970058,0.024254295268110647,0.03489337859038652
2023-01-13,0.0802839994430542,0.0849160030484199,0.0791840031743049,0.0844380035996437,575039277,0.0504222748692517,0.0204283445933047,DOGE-USD,0.0,0,0.0,0,0.0,0.0,-0.38,0.0,52491,21280,,,11619392086.940668,0.02332767857570359,0.033690795356718185
2023-01-14,0.0844390019774437,0.0918700024485588,0.0843620002269744,0.0873230025172233,1101070507,0.0335963364353452,0.0207871169089239,DOGE-USD,0.0,0,0.0,0,0.0,0.0,-0.0799999999999999,0.0,56847,24508,,,12036693465.730455,0.022197979252573767,0.03249132202231947
2023-01-15,0.0873339995741844,0.087686002254486,0.0831300020217895,0.0861309990286827,501123418,-0.0137445344955315,0.0218194911910462,DOGE-USD,0.0,0,0.0,0,0.0,0.0,0.04,0.0,52964,20947,,,11869470630.022367,0.021367656759137408,0.03132696192698645
2023-01-16,0.0861269980669021,0.0879039987921714,0.0823080018162727,0.083636000752449,537067710,-0.0293953234070225,0.0247441590463302,DOGE-USD,0.0,0,0.0,0,0.0,0.0,-0.0999999999999999,0.0,55529,20294,,,11522060599.821524,0.021998067824487967,0.03031307418660938
2023-01-17,0.0836519971489906,0.0847200006246566,0.0827559977769851,0.0829820036888122,366437449,-0.0078502971451601,0.0243208565183306,DOGE-USD,0.0,0,0.0,0,0.0,0.0,0.02,0.0,51023,19647,,,11449820905.199787,0.02241999365158711,0.029283823076271396
2023-01-18,0.0829780027270317,0.0894580036401748,0.0801739990711212,0.0801910012960434,1094371447,-0.0342124559747496,0.0258627167885887,DOGE-USD,0.0,0,0.0,0,0.0,0.0,0.04,0.0,54170,23240,,,11081624374.602123,0.023506868090643906,0.028334416697741217
2023-01-19,0.0801709964871406,0.0820519998669624,0.0801320001482963,0.0816600024700164,337970684,0.0181530108530189,0.0245292383161386,DOGE-USD,0.0,0,0.0,0,0.0,0.0,-0.0999999999999999,0.0,57640,21633,,,11239177818.582644,0.024255292372086845,0.027294138963121415
2023-01-20,0.0816489979624748,0.0867599993944168,0.0807669982314109,0.0864029973745346,444441989,0.0564580509041552,0.0275752266301308,DOGE-USD,0.0,0,0.0,0,0.0,0.0,0.02,0.0,54119,23925,,,11909232753.283005,0.025406439459903767,0.02640308689835191
2023-01-21,0.0864079967141151,0.0887060016393661,0.0847610011696815,0.0847650021314621,716057148,-0.0191396201476927,0.0285774929043531,DOGE-USD,0.0,0,0.0,0,0.0,0.0,0.06,0.0,55716,24295,,,11717151305.697613,0.02617310623150835,0.025926679829022716
2023-01-22,0.0847709998488426,0.0928919985890388,0.0847709998488426,0.0883039981126785,794717541,0.0409026384286837,0.0296057056203073,DOGE-USD,0.0,0,0.0,0,0.0,0.0,0.06,0.0,51448,22187,,,12161170994.054176,0.027230076051903685,0.025558210628184804
2023-01-23,0.0883100032806396,0.0911500006914138,0.0873270034790039,0.0886050015687942,661273714,0.0034029218086458,0.0293205587674431,DOGE-USD,0.0,0,0.0,0,0.0,0.0,0.0,0.0,51208,21407,,,12214099619.001852,0.02792164444767457,0.025174284587565578
2023-01-24,0.088577002286911,0.0905919969081878,0.0836599990725517,0.0839499980211258,559881331,-0.053966947181298,0.0337044501007019,DOGE-USD,0.0,0,0.0,0,0.0,0.0,0.04,0.0,48320,20263,,,11577495165.328548,0.029756686804587228,0.025414109507987618
2023-01-25,0.0839660018682479,0.0878800004720687,0.0824460014700889,0.0865940004587173,542521010,0.0310091744493143,0.0343868388231908,DOGE-USD,0.0,0,0.0,0,0.0,0.0,0.02,0.0,46381,18934,,,11932100056.34292,0.03111900924319923,0.025840196925557
2023-01-26,0.086568996310234,0.0873579978942871,0.085548996925354,0.0863730013370513,424196515,-0.0025553919491275,0.0339946428985535,DOGE-USD,0.0,0,0.0,0,0.0,0.0,0.08,0.0,48790,19619,,,11891544575.79632,0.03220243924203931,0.026150170076817417
2023-01-27,0.0863649994134903,0.0877460017800331,0.0845249965786933,0.0871229991316795,400056534,0.0086457608752495,0.0314607096330094,DOGE-USD,0.0,0,0.0,0,0.0,0.0,0.1,0.0,50644,19855,,,12008465035.447365,0.032573440044579724,0.02646255583058357
2023-01-28,0.0871239975094795,0.092969000339508,0.0871239975094795,0.0877880007028579,642333816,0.0076039217199938,0.0302097476418344,DOGE-USD,0.0,0,0.0,0,0.0,0.0,0.04,0.0,48866,19109,,,12080425777.34512,0.03275127781945799,0.026699606997724393
2023-01-29,0.0877830013632774,0.0908590033650398,0.0875440016388893,0.0902329981327056,458157342,0.027470368077921,0.0307311927938786,DOGE-USD,0.0,0,0.0,0,0.0,0.0,0.1,0.0,50841,19420,,,12435771388.068687,0.032156626358093326,0.02696954388711905
2023-01-30,0.0902210026979446,0.0918369963765144,0.0853990018367767,0.0883369967341423,787132771,-0.0212361842047013,0.030134552141324,DOGE-USD,0.0,0,0.0,0,0.0,0.0,0.2199999999999999,0.0,91091,18663,,,12120714575.476225,0.03130616902171997,0.027200140436481956
2023-01-31,0.0883290022611618,0.0973350033164024,0.0883290022611618,0.0961669981479644,1542889216,0.0849272352998662,0.036811964887805,DOGE-USD,0.0,0,0.0,0,0.0,0.0,0.02,0.0,86849,21975,,,13213087248.596745,0.03186963341957026,0.027671792771174323
2023-02-01,0.0961569994688034,0.0965989977121353,0.0887520015239715,0.0941710025072097,1110308356,-0.0209739390372781,0.0357282283110983,DOGE-USD,0.0,0,0.0,0,0.0,0.0,0.1200000000000001,0.0,68714,21885,,,12995031026.691303,0.03272313715518805,0.028115298437213884
2023-02-02,0.0941449999809265,0.0957529991865158,0.0909570008516311,0.0909790024161338,776556390,-0.0344835679709155,0.0376876421685694,DOGE-USD,0.0,0,0.0,0,0.0,0.0,0.1999999999999999,0.0,52213,22714,,,12567149725.805475,0.034218716060535045,0.028846913821258976
2023-02-03,0.0909840017557144,0.0932089984416961,0.0906670019030571,0.0929870009422302,548668917,0.0218309713573028,0.0353038005686573,DOGE-USD,0.0,0,0.0,0,0.0,0.0,0.1999999999999999,0.0,64940,34900,,,12831733239.918882,0.03513323761549079,0.029442030784250898
2023-02-04,0.0929749980568885,0.0995299965143203,0.0926629975438118,0.095781996846199,1071858301,0.029615034386523,0.0351175051803968,DOGE-USD,0.0,0,0.0,0,0.0,0.0,0.1599999999999999,0.0,53397,26679,,,13266195437.661057,0.03612982822330535,0.030109719901845997
2023-02-05,0.0957470014691352,0.0967260003089904,0.0909660011529922,0.0920950025320053,753364305,-0.0392540624911676,0.035991713416235,DOGE-USD,0.0,0,0.0,0,0.0,0.0,0.1599999999999999,0.0,52543,20438,,,12718797738.642736,0.035965777928991347,0.03080083792490559
2023-02-06,0.0921040028333664,0.0930970013141632,0.0890619978308677,0.0895489975810051,488311044,-0.0280347459790302,0.0369332052948272,DOGE-USD,0.0,0,0.0,0,0.0,0.0,0.1200000000000001,0.0,50831,21833,,,12339528750.42016,0.03620677332573713,0.031487824929622904
2023-02-07,0.089537002146244,0.0926339998841285,0.0895180031657219,0.0925759971141815,512569389,0.0332439631358557,0.0342504701444271,DOGE-USD,0.0,0,0.0,0,0.0,0.0,0.08,0.0,51686,23072,,,12783090233.422688,0.03551933892090867,0.0319199299795364
2023-02-08,0.0925640016794204,0.093138001859188,0.0891690030694007,0.0901559963822364,462925887,-0.0264884345740929,0.0345938547494693,DOGE-USD,0.0,0,0.0,0,0.0,0.0,0.1599999999999999,0.0,56659,22761,,,12449825702.815453,0.035377349757071075,0.03238688444458816
2023-02-09,0.0901629999279975,0.0907580032944679,0.0801720023155212,0.0814799964427948,819008026,-0.1011839153460044,0.0444300243743586,DOGE-USD,0.0,0,0.0,0,0.0,0.0,0.1,0.0,54790,24476,,,11244745718.886791,0.03723985359586343,0.03323085297121407
2023-02-10,0.0814789980649948,0.0828799977898597,0.0804150030016899,0.0810900032520294,516764147,-0.0047978586407845,0.0442768500342154,DOGE-USD,0.0,0,0.0,0,0.0,0.0,-0.04,0.0,52451,24190,,,11184316750.386057,0.03889688091945951,0.0341284716856721
2023-02-11,0.0810659974813461,0.082514002919197,0.0807880014181137,0.0823720023036003,244141279,0.015685912248502,0.0445076733162094,DOGE-USD,0.0,0,0.0,0,0.0,0.0,-0.02,0.0,52755,22897,,,11370732625.507048,0.04041177452373595,0.03489812835322113
2023-02-12,0.0823550000786781,0.0854189991950988,0.0817420035600662,0.0821439996361732,448723137,-0.0027718010493223,0.0435578737922126,DOGE-USD,0.0,0,0.0,0,0.0,0.0,0.0,0.0,52012,22422,,,11334064534.24417,0.04227325525329305,0.03557905475721475
2023-02-13,0.0821439996361732,0.0862049981951713,0.0799779966473579,0.0821560025215148,752090969,0.0001461093755978,0.0433838243974959,DOGE-USD,0.0,0,0.0,0,0.0,0.0,-0.04,0.0,57334,25613,,,11351139598.9905,0.04403124918289837,0.03620533288345059
2023-02-14,0.0821430012583732,0.0836480036377906,0.0812729969620704,0.0835340023040771,427664094,0.0166338525552937,0.035616799146681,DOGE-USD,0.0,0,0.0,0,0.0,0.0,0.0,0.0,59043,23017,,,11547786057.060987,0.042268604137362845,0.0364915256279614
2023-02-15,0.0835350006818771,0.0893549993634224,0.0828320011496543,0.0892909988760948,846713153,0.0666469241513565,0.04086336535771,DOGE-USD,0.0,0,0.0,0,0.0,0.0,0.06,0.0,54451,25425,,,12319738073.376392,0.04158590720206177,0.036816930866916314
2023-02-16,0.0892810001969337,0.0912619978189468,0.0849659964442253,0.0850439965724945,849757697,-0.0487319570284574,0.0418518125263341,DOGE-USD,0.0,0,0.0,0,0.0,0.0,0.24,0.0,55000,25236,,,11762366688.664553,0.04105473504408671,0.037156247853422836
2023-02-17,0.0850550010800361,0.0884110033512115,0.084706999361515,0.0877659991383552,447263733,0.0315054427761798,0.0424019368709121,DOGE-USD,0.0,0,0.0,0,0.0,0.0,0.2199999999999999,0.0,51468,23051,,,12125493575.6419,0.04082354765982661,0.03753839757943913
2023-02-18,0.0877590030431747,0.0898220017552375,0.0869740024209022,0.0889270007610321,397918582,0.0131416449130652,0.0416148041128922,DOGE-USD,0.0,0,0.0,0,0.0,0.0,0.1999999999999999,0.0,51723,22158,,,12306705454.441868,0.040469743602905874,0.037999947328524714
2023-02-19,0.0889260023832321,0.0897379964590072,0.0862860009074211,0.0869660004973411,505191212,-0.0222985736109677,0.0407893047385688,DOGE-USD,0.0,0,0.0,0,0.0,0.0,0.1999999999999999,0.0,52753,21152,,,12036417766.240011,0.04150424472128343,0.038480836287467186
2023-02-20,0.0869939997792244,0.0886270031332969,0.0858530029654502,0.0882079973816871,449906814,0.0141803887722688,0.0404421714803452,DOGE-USD,0.0,0,0.0,0,0.0,0.0,0.1599999999999999,0.0,51743,21391,,,12172873872.837044,0.041420005945810474,0.0389222444095793
2023-02-21,0.0882230028510093,0.0887070000171661,0.0848449990153312,0.0854130014777183,483249308,-0.032199300829216,0.0399490608850996,DOGE-USD,0.0,0,0.0,0,0.0,0.0,0.1999999999999999,0.0,51374,21535,,,11794965847.3856,0.04103945561756357,0.03936835844338729
2023-02-22,0.0854180008172988,0.0874639973044395,0.0832530036568641,0.0855339989066124,765182582,0.0014156135975267,0.0395287912448305,DOGE-USD,0.0,0,0.0,0,0.0,0.0,0.1799999999999999,0.0,50209,21030,,,11809979568.345867,0.04046482649234725,0.03949185055052481
2023-02-23,0.0855349972844123,0.0863690003752708,0.0839319974184036,0.0842920020222663,351385340,-0.0146269596060757,0.0282899766183217,DOGE-USD,0.0,0,0.0,0,0.0,0.0,0.1200000000000001,0.0,49955,20448,,,11631757523.600904,0.037799860993433146,0.03915374820085314
2023-02-24,0.0842880010604858,0.0848999992012977,0.0798889994621276,0.0808999985456466,449138535,-0.0410731792388956,0.030571503418444,DOGE-USD,0.0,0,0.0,0,0.0,0.0,0.06,0.0,51389,39752,,,11181180873.32568,0.03575630072940819,0.038830287348574716
2023-02-25,0.0809149965643882,0.0817790031433105,0.0790579989552497,0.0807859972119331,316321963,-0.001410157411231,0.0302290654949267,DOGE-USD,0.0,0,0.0,0,0.0,0.0,0.04,0.0,51508,37712,,,11152418813.88146,0.033713679532324486,0.03859961757249605
2023-02-26,0.080775998532772,0.0824730023741722,0.0805770009756088,0.0822020024061203,218231642,0.0173760132611686,0.0306350224765619,DOGE-USD,0.0,0,0.0,0,0.0,0.0,0.02,0.0,50610,25309,,,11360880215.283064,0.03185087185061695,0.03839586835868537
2023-02-27,0.0822020024061203,0.0822020024061203,0.080204002559185,0.0813539996743202,267030813,-0.0103696632322251,0.0307611519511674,DOGE-USD,0.0,0,0.0,0,0.0,0.0,0.0,0.0,52817,24638,,,11242678263.22894,0.03009734399188433,0.03815811556481867
2023-02-28,0.0813589990139007,0.082735002040863,0.0802000015974044,0.0807489976286888,370709700,-0.0074644499462756,0.0303885235629118,DOGE-USD,0.0,0,0.0,0,0.0,0.0,0.06,0.0,57650,31422,,,11168860452.9904,0.03051705338080235,0.03786063003154978
2023-03-01,0.0807619988918304,0.0825639963150024,0.080545000731945,0.0819640010595321,260501052,0.0149345906426761,0.0237692954783856,DOGE-USD,0.0,0,0.0,0,0.0,0.0,0.0,0.0,52550,30692,,,11331280443.115711,0.029156611792790672,0.037384213001275174
2023-03-02,0.0819680020213127,0.0821669995784759,0.0798590034246444,0.0805199965834617,225493749,-0.0177745810607222,0.0207476885134493,DOGE-USD,0.0,0,0.0,0,0.0,0.0,0.02,0.0,51572,31826,,,11133390074.903496,0.027260336396495187,0.03675484180872881
2023-03-03,0.0805250033736229,0.0805720016360282,0.0742349997162818,0.0767770037055015,564252293,-0.047600393943373,0.0211306371323799,DOGE-USD,0.0,0,0.0,0,0.0,0.0,0.0,0.0,61508,48592,,,10626159548.880724,0.02535945932765879,0.035695778752275226
2023-03-04,0.0767780020833015,0.0771550014615058,0.0731000006198883,0.0745560005307197,267382234,-0.0293546364093283,0.0206666740066243,DOGE-USD,0.0,0,0.0,0,0.0,0.0,0.0,0.0,60592,58557,,,10295035828.09821,0.02334056373875017,0.034622588932839274
2023-03-05,0.0745650008320808,0.0759169980883598,0.0744149982929229,0.0747950002551078,215772335,0.0032005132492238,0.0208679151216281,DOGE-USD,0.0,0,0.0,0,0.0,0.0,-0.06,0.0,55056,34785,,,10335835768.104437,0.02143644205049343,0.033548054469449216
2023-03-06,0.0747900009155273,0.0750610008835792,0.0735519975423812,0.0748049989342689,274994083,0.0001336721822211,0.0198908767755115,DOGE-USD,0.0,0,0.0,0,0.0,0.0,-0.04,0.0,61415,37174,,,10357453401.783356,0.02066075830991861,0.03247228187778098
2023-03-07,0.0748049989342689,0.0758299976587295,0.0730300024151802,0.0740479975938797,309277502,-0.0101712143422575,0.0190021341780123,DOGE-USD,0.0,0,0.0,0,0.0,0.0,-0.02,0.0,69942,66479,,,10228391707.791027,0.02031164744283121,0.03136402323144082
2023-03-08,0.0740479975938797,0.0742349997162818,0.0707670003175735,0.0711300000548362,321627782,-0.0402043095607947,0.020259377281058,DOGE-USD,0.0,0,0.0,0,0.0,0.0,0.0,0.0,73613,60643,,,9859189865.72421,0.02013739547256683,0.03066595860118523
2023-03-09,0.0711319968104362,0.0722030028700828,0.0646279975771904,0.0659869983792305,523758954,-0.0750514611499286,0.0261680005416179,DOGE-USD,0.0,0,0.0,0,0.0,0.0,-0.12,0.0,66635,54196,,,9114601559.324072,0.02123766077956555,0.02999798747318104
2023-03-10,0.0659959986805915,0.0660710036754608,0.0630230009555816,0.0658330023288726,475760293,-0.0023364606218566,0.0255223094142381,DOGE-USD,0.0,0,0.0,0,0.0,0.0,-0.3199999999999999,0.0,56779,37437,,,9139716395.469736,0.02216853963808755,0.029255737331722133
2023-03-11,0.0658330023288726,0.0681959986686706,0.0644470006227493,0.0665939971804618,449044632,0.0114931733141062,0.0262622230915765,DOGE-USD,0.0,0,0.0,0,0.0,0.0,-0.3399999999999999,0.0,54509,24181,,,9201519224.988195,0.02344280890130055,0.02852211397811597
2023-03-12,0.0665820017457008,0.0712499991059303,0.0660689994692802,0.0710010007023811,375272678,0.0640795302830496,0.0327032823674668,DOGE-USD,0.0,0,0.0,0,0.0,0.0,-0.3399999999999999,0.0,52891,21371,,,9817072764.71666,0.02618303853919145,0.028117044807869362
2023-03-13,0.0710000023245811,0.0737259984016418,0.0685139968991279,0.0730409994721412,537268873,0.028326948752532,0.034307740207859,DOGE-USD,0.0,0,0.0,0,0.0,0.0,-0.02,0.0,55723,40614,,,10109764008.939907,0.02899271112455165,0.027822428238291643
2023-03-14,0.0730360001325607,0.0776399970054626,0.0717770010232925,0.0747869983315467,652033915,0.0236231306809168,0.0353153668482565,DOGE-USD,0.0,0,0.0,0,0.0,0.0,0.1200000000000001,0.0,57970,23057,,,10362024893.106066,0.03082218438587937,0.02758939166410579
2023-03-15,0.0748049989342689,0.0760580003261566,0.0681409984827041,0.0698660016059875,528466415,-0.0680649060399717,0.0384523137596451,DOGE-USD,0.0,0,0.0,0,0.0,0.0,0.0,0.0,50399,22164,,,9669032039.858269,0.03340818525496077,0.027521357703857854
2023-03-16,0.0698779970407486,0.0734769999980926,0.0692540034651756,0.0727180019021034,326147102,0.040009828162796,0.0407489610768192,DOGE-USD,0.0,0,0.0,0,0.0,0.0,0.04,0.0,50441,20397,,,10038296271.682838,0.036305532852009305,0.027576819968948254
2023-03-17,0.072731003165245,0.0772970020771026,0.0718140006065368,0.0765089988708496,485591017,0.0508193933150439,0.041735503695498,DOGE-USD,0.0,0,0.0,0,0.0,0.0,0.02,0.0,54510,24690,,,10616868074.329077,0.03811197711761555,0.02818798029063809
2023-03-18,0.0765099972486496,0.0787639990448951,0.0729459971189498,0.0730499997735023,517840653,-0.0462642311169168,0.0428718061805208,DOGE-USD,0.0,0,0.0,0,0.0,0.0,0.28,0.0,50899,21246,,,10147144577.828287,0.039824790312147904,0.028747084961641578
2023-03-19,0.0730409994721412,0.0766019970178604,0.0730409994721412,0.07481300085783,338882489,0.0238475430411613,0.0433962912126321,DOGE-USD,0.0,0,0.0,0,0.0,0.0,0.26,0.0,51846,20712,,,10423924247.558807,0.04144097518502303,0.02934559522153728
2023-03-20,0.0748070031404495,0.0756080001592636,0.0710219964385032,0.0714870020747184,409238948,-0.0454760341277535,0.0450667248518893,DOGE-USD,0.0,0,0.0,0,0.0,0.0,0.32,0.0,56330,20791,,,9930682546.45266,0.04276385740347187,0.030001581693143067
2023-03-21,0.071491003036499,0.0774770006537437,0.0708620026707649,0.076894000172615,631254174,0.0729122082959035,0.0493506212392036,DOGE-USD,0.0,0,0.0,0,0.0,0.0,0.3600000000000001,0.0,50914,20370,,,10649672863.668442,0.04448418943594875,0.030846557569871983
2023-03-22,0.0768700018525123,0.0776429995894432,0.0721340030431747,0.0739990025758743,693511781,-0.0383762378965058,0.0492306586945685,DOGE-USD,0.0,0,0.0,0,0.0,0.0,0.24,0.0,50128,19896,,,10265379082.51899,0.04598322043576285,0.03170301825767456
2023-03-23,0.0739959999918937,0.0789339989423751,0.073294997215271,0.0774120017886161,637122733,0.0450902160343284,0.0448915655132211,DOGE-USD,0.0,0,0.0,0,0.0,0.0,0.1399999999999999,0.0,55342,24303,,,10745956702.190413,0.04638717230230291,0.03266312144107618
2023-03-24,0.077403999865055,0.0774900019168853,0.0733880028128624,0.0746800005435943,396748009,-0.035929504490755,0.0465497857073917,DOGE-USD,0.0,0,0.0,0,0.0,0.0,0.2199999999999999,0.0,57959,24529,,,10353861098.255943,0.04701787120125483,0.03383594404080083
2023-03-25,0.0746819972991943,0.0759140029549598,0.072963997721672,0.0740439966320991,286831067,-0.0085528603401944,0.0467751724049513,DOGE-USD,0.0,0,0.0,0,0.0,0.0,0.28,0.0,51244,19693,,,10263289090.580908,0.04735956071186723,0.03500160473500862
2023-03-26,0.0740550011396408,0.075375996530056,0.0737209990620613,0.0744170024991035,228916506,0.0050249783318996,0.0438594903547008,DOGE-USD,0.0,0,0.0,0,0.0,0.0,0.28,0.0,50998,19572,,,10335441036.588873,0.04626133453496667,0.03605582365992119
2023-03-27,0.0744260028004646,0.0758310034871101,0.0717559978365898,0.0728949978947639,435284210,-0.0206644232678143,0.0436679355762646,DOGE-USD,0.0,0,0.0,0,0.0,0.0,0.28,0.0,59886,25709,,,10096277282.644676,0.04514878991130589,0.03709218822604103
2023-03-28,0.0728989988565445,0.0739250034093856,0.0719370022416114,0.0738229975104332,276514415,0.0126502817693605,0.0433055266855868,DOGE-USD,0.0,0,0.0,0,0.0,0.0,0.1799999999999999,0.0,59556,28745,,,10243986857.646317,0.04483158214577902,0.03815649049468082
2023-03-29,0.0738240033388137,0.0767330005764961,0.0736420005559921,0.0756269991397857,423884022,0.0241430484621124,0.0391185944404411,DOGE-USD,0.0,0,0.0,0,0.0,0.0,0.1399999999999999,0.0,61842,28519,,,10509997153.907804,0.04334534389238891,0.03907087505206394
2023-03-30,0.0756419971585273,0.0766410008072853,0.0736839994788169,0.0742449983954429,372289117,-0.0184429371714941,0.0382807224698613,DOGE-USD,0.0,0,0.0,0,0.0,0.0,0.1999999999999999,0.0,61578,28477,,,10291727897.590096,0.0416464539053709,0.039890027106100456
2023-03-31,0.0742589980363845,0.0777219980955123,0.0738079994916915,0.0770350024104118,378314248,0.0368894815871915,0.0370613794549203,DOGE-USD,0.0,0,0.0,0,0.0,0.0,0.26,0.0,68263,33045,,,10722596597.392036,0.04028683172541481,0.04038518069306875
2023-04-01,0.0770249962806701,0.0852790027856826,0.0761440023779869,0.0840509980916976,933070185,0.0871638394361349,0.0410543798498394,DOGE-USD,0.0,0,0.0,0,0.0,0.0,0.2199999999999999,0.0,64520,31233,,,11377619596.734003,0.03976412058012977,0.04109118389468699
2023-04-02,0.0818590000271797,0.0852790027856826,0.0778480023145675,0.0790890008211135,929778146,-0.0608499237496536,0.0449186814967526,DOGE-USD,0.0,0,0.0,0,0.0,0.0,0.26,0.0,61714,28424,,,10972928105.660065,0.04008675154236293,0.0419392047312859
2023-04-03,0.079086996614933,0.1026400029659271,0.0766320005059242,0.0960789993405342,3497240136,0.1945969518503923,0.0656370006912233,DOGE-USD,0.0,0,0.0,0,0.0,0.0,0.26,0.0,94876,35581,,,13280988890.330322,0.04539043279251937,0.043436191927820285
2023-04-04,0.0960830003023147,0.1025379970669746,0.0928710028529167,0.095159001648426,3096545498,-0.0096215687751035,0.0643204508345902,DOGE-USD,0.0,0,0.0,0,0.0,0.0,0.24,0.0,111105,29547,,,13184626423.44482,0.05059837846546515,0.04480040604721716
2023-04-05,0.0951680019497871,0.0989390015602111,0.0920839980244636,0.0928170010447502,1529520651,-0.0249193701591615,0.0635538313196248,DOGE-USD,0.0,0,0.0,0,0.0,0.0,0.24,0.0,68960,25260,,,12931813258.381777,0.055896868838406055,0.04608397261409754
2023-04-06,0.0928220003843307,0.0928469970822334,0.0854120030999183,0.0854120030999183,1410995902,-0.0831431814867965,0.0681423656017888,DOGE-USD,0.0,0,0.0,0,0.0,0.0,0.26,0.0,71576,23571,,,11866577725.072315,0.06131446598879593,0.04743352042510408
2023-04-07,0.085437998175621,0.0860980004072189,0.0818910002708435,0.08245600014925,858234171,-0.0352218228948286,0.0681083047055779,DOGE-USD,0.0,0,0.0,0,0.0,0.0,0.28,0.0,88389,24534,,,11446589870.74026,0.06595239063056099,0.04867712695368401
2023-04-08,0.0824429988861084,0.0838259980082511,0.0810350030660629,0.0814049988985061,507929909,-0.0128281368921046,0.068193297662939,DOGE-USD,0.0,0,0.0,0,0.0,0.0,0.2199999999999999,0.0,60905,21595,,,11305295455.200504,0.06646365002490413,0.04987975395220406
2023-04-09,0.0814009979367256,0.0838249996304512,0.0813539996743202,0.0832900032401084,454428407,0.0228918501963354,0.0683251897814357,DOGE-USD,0.0,0,0.0,0,0.0,0.0,0.2199999999999999,0.0,58827,18335,,,11568411870.713896,0.06726459781427323,0.05103672593406383
2023-04-10,0.083296999335289,0.0852719992399215,0.0824699997901916,0.0848520025610923,473882914,0.018580059744377,0.0678601381397761,DOGE-USD,0.0,0,0.0,0,0.0,0.0,0.24,0.0,62420,21621,,,11808206742.436563,0.0681258591783035,0.05214871897620674
2023-04-11,0.0848509967327117,0.0857099965214729,0.0838989987969398,0.0842370018362999,472611203,-0.0072743161379821,0.0680281838770188,DOGE-USD,0.0,0,0.0,0,0.0,0.0,0.3600000000000001,0.0,103660,25488,,,11678880560.406729,0.06810302283334949,0.05319242165916716
2023-04-12,0.0842370018362999,0.0844290032982826,0.0813189968466758,0.0834330022335052,540510658,-0.0095903351292434,0.0680642158722163,DOGE-USD,0.0,0,0.0,0,0.0,0.0,0.3,0.0,106779,24187,,,11593965588.504288,0.06809420506667717,0.054043039597031384
2023-04-13,0.0834280028939247,0.0883809998631477,0.0830200016498565,0.0874840021133422,810485328,0.0474120023312755,0.0684439288445236,DOGE-USD,0.0,0,0.0,0,0.0,0.0,0.2199999999999999,0.0,103518,24399,,,12142847370.059628,0.06814433130299409,0.05491637005839298
2023-04-14,0.0874850004911422,0.0911160036921501,0.0858789980411529,0.0887850001454353,1007326042,0.0147617747916539,0.0680724847029319,DOGE-USD,0.0,0,0.0,0,0.0,0.0,0.3600000000000001,0.0,77162,27660,,,12321684487.345297,0.06809379028729332,0.055970048203379835
2023-04-15,0.0887850001454353,0.0904470011591911,0.0876530036330223,0.0889739990234375,463978095,0.002126462796308,0.0643638780454087,DOGE-USD,0.0,0,0.0,0,0.0,0.0,0.3600000000000001,0.0,63752,23779,,,12373448243.97218,0.06739453826841985,0.056779779673289704
2023-04-16,0.0889680013060569,0.0915149971842765,0.0882309973239898,0.0904719978570938,594760862,0.0166962056380079,0.0616261495060864,DOGE-USD,0.0,0,0.0,0,0.0,0.0,0.3600000000000001,0.0,59969,22945,,,12573044988.20188,0.06611413139423337,0.057454824086977656
2023-04-17,0.0904819965362548,0.0945950001478195,0.088577002286911,0.091448999941349,1360494890,0.0107410523154361,0.0312998512588928,DOGE-USD,0.0,0,0.0,0,0.0,0.0,0.3799999999999999,0.0,59568,21391,,,12709309491.748749,0.05876125847156867,0.05688393140080456
2023-04-18,0.0914580002427101,0.0944949984550476,0.0900859981775283,0.0939889997243881,839983343,0.027396312014888,0.0322932906164331,DOGE-USD,0.0,0,0.0,0,0.0,0.0,0.1599999999999999,0.0,63943,21422,,,13060304484.098576,0.051531130825950566,0.05636690208444859
2023-04-19,0.0939880013465881,0.0940209999680519,0.086848996579647,0.0878679975867271,1277738666,-0.0673420903263133,0.0364455266108464,DOGE-USD,0.0,0,0.0,0,0.0,0.0,0.26,0.0,77324,24180,,,12147902901.653172,0.04520573920753347,0.05605508389923311
2023-04-20,0.087857000529766,0.0929720029234886,0.0829980000853538,0.0839369967579841,1950918834,-0.0457691820589728,0.0311848138930243,DOGE-USD,0.0,0,0.0,0,0.0,0.0,0.04,0.0,66375,21461,,,11635947071.100449,0.03856992637705659,0.05569445751071416
2023-04-21,0.0839340016245842,0.0846289992332458,0.0775170028209686,0.0784789994359016,853137910,-0.0672354129400746,0.0348287614603637,DOGE-USD,0.0,0,0.0,0,0.0,0.0,0.0,0.0,53471,18992,,,10907441240.988546,0.03321044876791205,0.05553755019210063
2023-04-22,0.0784820020198822,0.0809189975261688,0.0783130005002021,0.080375000834465,396888464,0.0238721270517907,0.0354507672013042,DOGE-USD,0.0,0,0.0,0,0.0,0.0,0.06,0.0,46943,18646,,,11175311627.472843,0.03404063195639433,0.055464340544209005
2023-04-23,0.0803800001740455,0.0806280001997947,0.0774369984865188,0.0788199976086616,365182428,-0.0195364515123057,0.0350710408775491,DOGE-USD,0.0,0,0.0,0,0.0,0.0,0.1200000000000001,0.0,46611,18322,,,10965074082.866816,0.034596182008617526,0.05519237059092308
2023-04-24,0.0788189992308616,0.0799729973077774,0.0775690004229545,0.0787839964032173,392854009,-0.0004568565193569,0.0344950399108612,DOGE-USD,0.0,0,0.0,0,0.0,0.0,0.06,0.0,52468,20871,,,10958945764.282816,0.03420608466862048,0.05471856870065528
2023-04-25,0.0787829980254173,0.079925999045372,0.0777560025453567,0.0798470005393028,343833135,0.0134024253565865,0.0348448676323702,DOGE-USD,0.0,0,0.0,0,0.0,0.0,0.06,0.0,46989,18919,,,11107254165.886982,0.034938095416489665,0.053318926288889235
2023-04-26,0.0798479989171028,0.0833719968795776,0.0761509984731674,0.0786229968070983,722718207,-0.0154480733799632,0.0349544447195597,DOGE-USD,0.0,0,0.0,0,0.0,0.0,0.1200000000000001,0.0,48016,19114,,,10922794852.873535,0.03496323206832887,0.05198410782911512
2023-04-27,0.0786380022764206,0.0809499993920326,0.0785270035266876,0.0801900029182434,435944109,0.0197346183256587,0.0325051827494839,DOGE-USD,0.0,0,0.0,0,0.0,0.0,0.1799999999999999,0.0,46515,18342,,,11151460636.543308,0.034374115177964806,0.050572805621381445
2023-04-28,0.0801929980516433,0.0805760025978088,0.079423002898693,0.0803639963269233,258987983,0.0021674137998653,0.0320509869998396,DOGE-USD,0.0,0,0.0,0,0.0,0.0,0.28,0.0,47023,18916,,,11177435464.65024,0.03377010440242291,0.048932288412201944
2023-04-29,0.0803660005331039,0.081845998764038,0.0803029984235763,0.0816299989819526,268639541,0.0156305599813648,0.0325499202956468,DOGE-USD,0.0,0,0.0,0,0.0,0.0,0.28,0.0,45290,17970,,,11342442388.386156,0.03338108047938003,0.047315998211750525
2023-04-30,0.0816269963979721,0.0817010030150413,0.0796279981732368,0.0797690004110336,264245527,-0.0230618660356371,0.0321347532358958,DOGE-USD,0.0,0,0.0,0,0.0,0.0,0.1999999999999999,0.0,47515,17097,,,11111498139.547253,0.032839057600085146,0.04567697346506674
2023-05-01,0.0797600001096725,0.0799959972500801,0.0776280015707016,0.0788199976086616,325694977,-0.011968221528518,0.0316311947510951,DOGE-USD,0.0,0,0.0,0,0.0,0.0,0.26,0.0,47886,17889,,,10965719806.128044,0.03217440760639223,0.04400906460005126
2023-05-02,0.0788220018148422,0.0790449976921081,0.0778319984674453,0.07880599796772,234651604,-0.0001776311188676,0.0298929807072209,DOGE-USD,0.0,0,0.0,0,0.0,0.0,0.1,0.0,45997,23754,,,10969588546.241154,0.031651967197939626,0.04228328471675329
2023-05-03,0.07880599796772,0.0805270001292228,0.0773279964923858,0.0797130018472671,306950726,0.0114435970288846,0.0259471693372618,DOGE-USD,0.0,0,0.0,0,0.0,0.0,0.28,0.0,46459,19227,,,11100829096.61413,0.030431203665424067,0.04037051132858252
2023-05-04,0.079703003168106,0.0797360017895698,0.0781560018658638,0.0784490033984184,255462655,-0.015983931892339,0.0236384224463738,DOGE-USD,0.0,0,0.0,0,0.0,0.0,0.28,0.0,45788,18974,,,10911988111.773205,0.028648904095569465,0.038351157081953316
2023-05-05,0.0784519985318183,0.0812920033931732,0.0779099985957145,0.0803899988532066,335482524,0.0244410006291939,0.0167011629787707,DOGE-USD,0.0,0,0.0,0,0.0,0.0,0.2199999999999999,0.0,47995,20227,,,11186623594.05094,0.025562186044144453,0.03599921317896455
2023-05-06,0.0803849995136261,0.0803849995136261,0.0764390006661415,0.0769980028271675,341154511,-0.0431102918667027,0.0192642255035786,DOGE-USD,0.0,0,0.0,0,0.0,0.0,0.1999999999999999,0.0,48572,18729,,,10698670683.188728,0.02308879219464115,0.03378065594263031
2023-05-07,0.0769869983196258,0.0774959996342659,0.0766929984092712,0.0767100006341934,205466114,-0.003747397969173,0.0186791042016052,DOGE-USD,0.0,0,0.0,0,0.0,0.0,0.28,0.0,45506,17323,,,10728135071.276636,0.020846016893518008,0.03170407531336651
2023-05-08,0.0766969993710517,0.0771069973707199,0.0709460005164146,0.0724729970097541,459549555,-0.0568180487944695,0.0237268459984781,DOGE-USD,0.0,0,0.0,0,0.0,0.0,0.1999999999999999,0.0,47313,19096,,,10104747549.828484,0.02040195222576127,0.029981379699384317
2023-05-09,0.0724729970097541,0.073303997516632,0.0722879990935325,0.0731389969587326,249148363,0.0091476611925164,0.0234857285083134,DOGE-USD,0.0,0,0.0,0,0.0,0.0,0.02,0.0,51848,39683,,,10193605183.00492,0.02037141343814919,0.029626192301630713
2023-05-10,0.0731429979205131,0.0746079981327056,0.0713199973106384,0.0732259973883628,344464160,0.0011888148565127,0.0234062604626755,DOGE-USD,0.0,0,0.0,0,0.0,0.0,0.04,0.0,56080,48547,,,10200908079.667652,0.021712432934930147,0.029222236385550816
2023-05-11,0.0732330009341239,0.0732330009341239,0.0695670023560524,0.0720850005745887,325440313,-0.0157045272583232,0.0224114101190036,DOGE-USD,0.0,0,0.0,0,0.0,0.0,0.04,0.0,56792,456491,,,10027872989.88866,0.022341869858015152,0.02858432199955796
2023-05-12,0.0720760002732276,0.0725670009851455,0.0697240009903907,0.0724589973688125,365130285,0.0051748621064299,0.0225264652899761,DOGE-USD,0.0,0,0.0,0,0.0,0.0,-0.02,0.0,63363,397440,,,10085535441.85812,0.02311134207568933,0.028190760699419407
2023-05-13,0.0724610015749931,0.0724610015749931,0.0714730024337768,0.0717770010232925,150685494,-0.0094567436103734,0.0215295953872347,DOGE-USD,0.0,0,0.0,0,0.0,0.0,-0.04,0.0,71395,628209,,,10008154135.229267,0.02267189195344065,0.027586253150640817
2023-05-14,0.0717779994010925,0.0725819990038871,0.0714220032095909,0.0719859972596168,136339325,0.002907512865646,0.0213603751081565,DOGE-USD,0.0,0,0.0,0,0.0,0.0,-0.04,0.0,66072,497566,,,10031268478.885252,0.022246821273409267,0.026945780782770466
2023-05-15,0.0719809979200363,0.0734409987926483,0.0711980015039444,0.0720459967851638,225262487,0.0008331416837702,0.0214206062250229,DOGE-USD,0.0,0,0.0,0,0.0,0.0,0.0,0.0,51305,88453,,,10048045362.927715,0.021849690425878747,0.026325306480382914
2023-05-16,0.0720489993691444,0.0731379985809326,0.0711819976568222,0.0727289989590644,191614182,0.0094354309946772,0.0217869982743608,DOGE-USD,0.0,0,0.0,0,0.0,0.0,0.08,0.0,59836,719894,,,10131197039.284994,0.021724808056950186,0.025747668224178347
2023-05-17,0.0727299973368644,0.0753080025315284,0.0724660009145736,0.0749109983444213,327166551,0.0295605298476318,0.0233664325512067,DOGE-USD,0.0,0,0.0,0,0.0,0.0,0.0,0.0,75835,1126378,,,10445538485.754711,0.021892801509196307,0.025225921175034558
2023-05-18,0.0749019980430603,0.0749019980430603,0.0719090029597282,0.0735459998250007,308943184,-0.0183896617058137,0.0234665050038955,DOGE-USD,0.0,0,0.0,0,0.0,0.0,0.02,0.0,65920,972239,,,10257467391.099611,0.02228018343252847,0.024703742097049817
2023-05-19,0.0735350027680397,0.0739559978246688,0.0731619969010353,0.0735270008444786,168839396,-0.0002583612293398,0.0219968664108895,DOGE-USD,0.0,0,0.0,0,0.0,0.0,-0.04,0.0,56289,867845,,,10254908171.674637,0.02240748169307507,0.024226091354386435
2023-05-20,0.0735400021076202,0.0738440006971359,0.0732249990105629,0.0736699998378753,115557983,0.0019429613065502,0.0193447388242396,DOGE-USD,0.0,0,0.0,0,0.0,0.0,-0.04,0.0,54739,1205537,,,10267464589.226612,0.02199230821291841,0.02364853461913189
2023-05-21,0.0736659988760948,0.0739789977669715,0.0720819979906082,0.0721419975161552,142232849,-0.02095929396263,0.0199234945312618,DOGE-USD,0.0,0,0.0,0,0.0,0.0,0.04,0.0,54365,854029,,,10065284818.010193,0.02161960746429861,0.02307460617529621
2023-05-22,0.0721440017223358,0.0738679990172386,0.0711330026388168,0.0729980021715164,210015266,0.0117957087290153,0.0134068444695535,DOGE-USD,0.0,0,0.0,0,0.0,0.0,-0.02,0.0,53033,1351094,,,10177760215.28258,0.01962768984796797,0.02222333759500792
2023-05-23,0.0729999989271164,0.0738819986581802,0.0725720003247261,0.0728640034794807,160114643,-0.0018373356260077,0.0131823576143032,DOGE-USD,0.0,0,0.0,0,0.0,0.0,0.0,0.0,60550,1428078,,,10159236365.662354,0.01757086037004951,0.021384754088790106
2023-05-24,0.0728669986128807,0.0728759989142417,0.0700619965791702,0.0707350000739097,240278483,-0.0296542366786322,0.0153233916123437,DOGE-USD,0.0,0,0.0,0,0.0,0.0,0.0,0.0,57355,1075730,,,9867864252.82784,0.01623616541034035,0.020722500039022963
2023-05-25,0.0707340016961097,0.0709649994969368,0.0692239999771118,0.0708749964833259,195452304,0.0019772114741589,0.0148708578698766,DOGE-USD,0.0,0,0.0,0,0.0,0.0,0.02,0.0,57039,1143443,,,9885834272.351751,0.01534138921946775,0.02021903133596
2023-05-26,0.0708770006895065,0.0713500007987022,0.0704429969191551,0.0709839984774589,162190615,0.0015367656540237,0.0147822406979496,DOGE-USD,0.0,0,0.0,0,0.0,0.0,-0.02,0.0,61843,1168878,,,9902498492.68068,0.01431313845280531,0.019816477620122536
2023-05-27,0.0709820017218589,0.0732870027422905,0.0709149986505508,0.072682999074459,152865632,0.0236530286881426,0.016004086681051,DOGE-USD,0.0,0,0.0,0,0.0,0.0,-0.04,0.0,54885,2077710,,,10162130050.705015,0.01483258689510481,0.019784792333862548
2023-05-28,0.0726810023188591,0.0739170014858245,0.0721990019083023,0.0736130028963089,190660985,0.0127141731452618,0.0163105789621897,DOGE-USD,0.0,0,0.0,0,0.0,0.0,0.0,0.0,54692,2021492,,,10277399536.54672,0.01545823116468211,0.019650535672890327
2023-05-29,0.0736159980297088,0.0739189982414245,0.0728309974074363,0.073184996843338,157791026,-0.0058312411140943,0.016431372713026,DOGE-USD,0.0,0,0.0,0,0.0,0.0,0.04,0.0,56659,1947610,,,10216443703.170809,0.015679827384818566,0.01954836605977309
2023-05-30,0.073183000087738,0.0733830034732818,0.0722749978303909,0.0723609998822212,248138018,-0.0113229602093873,0.0165594232654298,DOGE-USD,0.0,0,0.0,0,0.0,0.0,0.02,0.0,57622,1941501,,,10101480796.616508,0.016017540463929208,0.019222574117361804
2023-05-31,0.0723619982600212,0.0726329982280731,0.0708419978618621,0.0716599971055984,189603858,-0.0097348071078344,0.0142692763557715,DOGE-USD,0.0,0,0.0,0,0.0,0.0,0.02,0.0,58086,1907732,,,9998870495.949732,0.015914947595493587,0.018803644474064445
2023-06-01,0.071662001311779,0.0721189975738525,0.070882000029087,0.071492001414299,163467169,-0.0023470963753001,0.0135804943897263,DOGE-USD,0.0,0,0.0,0,0.0,0.0,0.04,0.0,67012,2029868,,,9981764730.9336,0.015430229137228649,0.018357018743475843
2023-06-02,0.0714899972081184,0.0731979981064796,0.0711679980158805,0.0726120024919509,172034498,0.0155446566361543,0.0143721578992231,DOGE-USD,0.0,0,0.0,0,0.0,0.0,0.0,0.0,60476,2013356,,,10131037963.887173,0.015042544924635328,0.01799159818803128
2023-06-03,0.0726099982857704,0.0729470029473304,0.0723339989781379,0.072671003639698,112049190,0.0008122237082181,0.0143581562832123,DOGE-USD,0.0,0,0.0,0,0.0,0.0,0.06,0.0,118891,2008133,,,10146866784.323357,0.01462790163867259,0.01762031141499656
2023-06-04,0.072672002017498,0.0732500031590461,0.0724660009145736,0.0724710002541542,135558595,-0.0027559701088561,0.0131855865656636,DOGE-USD,0.0,0,0.0,0,0.0,0.0,0.04,0.0,78359,1860122,,,10137209550.736658,0.01395313429871935,0.017241038286743327
2023-06-05,0.0724750012159347,0.0726319998502731,0.0648280009627342,0.0665730014443397,506101788,-0.084887373708739,0.0259022751040677,DOGE-USD,0.0,0,0.0,0,0.0,0.0,0.06,0.0,99268,1956099,,,9302677727.327087,0.01627973404837859,0.017447488286557473
2023-06-06,0.0665680021047592,0.071783997118473,0.066111996769905,0.070372998714447,428926152,0.0555105369678429,0.0307846083886894,DOGE-USD,0.0,0,0.0,0,0.0,0.0,-0.12,0.0,103040,1999776,,,9834115546.00924,0.019720556848171207,0.017873124748542316
2023-06-07,0.070371001958847,0.070371001958847,0.0668779984116554,0.0672999992966651,278793457,-0.0446494224054293,0.0320379798396468,DOGE-USD,0.0,0,0.0,0,0.0,0.0,0.06,0.0,77917,1995573,,,9395542006.648912,0.02325372123625595,0.018339078456055313
2023-06-08,0.0673020035028457,0.0684259980916976,0.0671539977192878,0.0679659992456436,167825308,0.0098473428354565,0.0322111098229462,DOGE-USD,0.0,0,0.0,0,0.0,0.0,0.0,0.0,87709,1995229,,,9492691564.844622,0.026824311944202726,0.018741109241134382
2023-06-09,0.067962996661663,0.0709199979901313,0.0676259994506836,0.0694890022277832,274101529,0.0221609296870078,0.0328985217829446,DOGE-USD,0.0,0,0.0,0,0.0,0.0,0.0,0.0,104452,2018223,,,9704863779.427671,0.03076689898765893,0.0191698372765457
2023-06-10,0.0694890022277832,0.070591002702713,0.0585360005497932,0.0618599988520145,975736541,-0.1162947500232821,0.0440371801999066,DOGE-USD,0.0,0,0.0,0,0.0,0.0,-0.02,0.0,67717,2093247,,,8646968119.887304,0.03439388000682671,0.020171669721501025
2023-06-11,0.0618610009551048,0.0625149980187416,0.0613030008971691,0.0615869984030723,235910036,-0.0044229653221666,0.0435472871444617,DOGE-USD,0.0,0,0.0,0,0.0,0.0,-0.06,0.0,74842,2098637,,,8593063245.767838,0.03694641575798117,0.021271785554238396
2023-06-12,0.0615790002048015,0.061634998768568,0.060403998941183,0.0614590011537075,210832319,-0.002080478780203,0.0436045659558183,DOGE-USD,0.0,0,0.0,0,0.0,0.0,-0.06,0.0,75780,2133070,,,8590933110.396248,0.03925973298121547,0.022348197891718238
2023-06-13,0.0614590011537075,0.0624530017375946,0.0607639998197555,0.0617230013012886,204620564,0.0042863494101593,0.0438351822772616,DOGE-USD,0.0,0,0.0,0,0.0,0.0,-0.0999999999999999,0.0,81332,2178042,,,8613315193.652426,0.04158454747207855,0.023731304155704968
2023-06-14,0.0617230013012886,0.062109000980854,0.0589490011334419,0.0603870004415512,248200812,-0.0218827967078852,0.0439207322027869,DOGE-USD,0.0,0,0.0,0,0.0,0.0,-0.0799999999999999,0.0,79135,1816286,,,8436166944.647157,0.04378898955604701,0.025128503000636047
2023-06-15,0.0603890009224414,0.0618249997496604,0.0597960017621517,0.0615030005574226,218623835,0.0183121058748596,0.0446196587322068,DOGE-USD,0.0,0,0.0,0,0.0,0.0,-0.18,0.0,90666,1365871,,,8590707333.238785,0.04390548526250705,0.02646015150608437
2023-06-16,0.0615030005574226,0.0626299977302551,0.0609520003199577,0.0621020011603832,198520116,0.0096922500512197,0.0443811392355526,DOGE-USD,0.0,0,0.0,0,0.0,0.0,-0.06,0.0,68340,1082332,,,8681719266.533083,0.044072255680725224,0.027801527931796913
2023-06-17,0.0621059983968734,0.0628229975700378,0.0618349984288215,0.0622170008718967,153965122,0.0018500750880416,0.0444035509160348,DOGE-USD,0.0,0,0.0,0,0.0,0.0,-0.06,0.0,51743,494248,,,8693609355.637228,0.04423205267276853,0.02914795112352806
2023-06-18,0.0622139982879161,0.0637490004301071,0.0616049990057945,0.0621670000255107,243548821,-0.0008039755711102,0.0444347997091649,DOGE-USD,0.0,0,0.0,0,0.0,0.0,-0.02,0.0,57080,833080,,,8678904128.370617,0.044351976159149195,0.0304402562611696
2023-06-19,0.0621670000255107,0.0626979991793632,0.0616960003972053,0.0623410008847713,149792820,0.0027950167260688,0.0390676733396748,DOGE-USD,0.0,0,0.0,0,0.0,0.0,-0.06,0.0,48035,675068,,,8715233922.98909,0.04338136438652677,0.031474669641964374
2023-06-20,0.0623430013656616,0.0630569979548454,0.0609109997749328,0.0630450025200843,190107977,0.011229467629868,0.0354431526235119,DOGE-USD,0.0,0,0.0,0,0.0,0.0,-0.02,0.0,46814,328165,,,8810513277.996462,0.04154606316478779,0.03233884145607738
2023-06-21,0.0630450025200843,0.0664699971675872,0.0629649981856346,0.0657040029764175,370299722,0.0413110546403147,0.0360196321353005,DOGE-USD,0.0,0,0.0,0,0.0,0.0,0.1799999999999999,0.0,53470,294697,,,9201161782.153332,0.03987376174473737,0.03322339640470786
2023-06-22,0.0656960010528564,0.0690060034394264,0.0655499994754791,0.0656429976224899,406178282,-0.0009289189404582,0.0358683820642102,DOGE-USD,0.0,0,0.0,0,0.0,0.0,0.3,0.0,131009,550800,,,9188474010.42782,0.03816672797437244,0.03420517393690961
2023-06-23,0.0656400024890899,0.0696630030870437,0.0655340030789375,0.0681739971041679,319058221,0.0378322852156862,0.0369256220110452,DOGE-USD,0.0,0,0.0,0,0.0,0.0,0.3,0.0,74136,383035,,,9530952601.614656,0.036664892434748506,0.035266316101515024
2023-06-24,0.068181000649929,0.0683090016245842,0.065700002014637,0.0667420029640197,276939973,-0.0212287336929213,0.0181142476247961,DOGE-USD,0.0,0,0.0,0,0.0,0.0,0.24,0.0,51875,306698,,,9333721408.88144,0.03247420729177277,0.03543641108904107
2023-06-25,0.0667390003800392,0.067962996661663,0.0665450021624565,0.0667639970779419,191028870,0.0003294850286006,0.017959353389176,DOGE-USD,0.0,0,0.0,0,0.0,0.0,0.28,0.0,57084,201898,,,9336406439.732431,0.028977447444905585,0.035600101866584875
2023-06-26,0.0667539983987808,0.0667850002646446,0.0638789981603622,0.064749002456665,266917426,-0.0306456749628971,0.0203789370463078,DOGE-USD,0.0,0,0.0,0,0.0,0.0,0.1,0.0,48300,120957,,,9049920206.892197,0.02584930842710705,0.03592707234297779
2023-06-27,0.0647469982504844,0.0657429993152618,0.0645530000329017,0.0655450001358985,212409649,0.0122186373368345,0.0205056252055834,DOGE-USD,0.0,0,0.0,0,0.0,0.0,0.1799999999999999,0.0,48209,104707,,,9162204312.979809,0.02277675705538169,0.035681770074864866
2023-06-28,0.0655499994754791,0.0655649974942207,0.061583999544382,0.0626019984483718,274764095,-0.0459397300312484,0.0236366575427634,DOGE-USD,0.0,0,0.0,0,0.0,0.0,0.24,0.0,122726,156363,,,8762775012.79711,0.020118964161725327,0.035356863218231865
2023-06-29,0.0625939965248107,0.0640280023217201,0.0625509992241859,0.0634069964289665,192396033,0.0127770074319516,0.0233982338825203,DOGE-USD,0.0,0,0.0,0,0.0,0.0,0.08,0.0,46520,91478,,,8880079251.84454,0.02117576141327017,0.03496414749290794
2023-06-30,0.0634019970893859,0.0667119994759559,0.0626429989933967,0.0664789974689483,489091093,0.0473118611193392,0.0263069732660162,DOGE-USD,0.0,0,0.0,0,0.0,0.0,0.1200000000000001,0.0,64201,113851,,,9301505241.77332,0.02284528538863821,0.03469577764941112
2023-07-01,0.0664810016751289,0.0707890018820762,0.0664680004119873,0.0684780031442642,635045706,0.0296265014727531,0.0270976586584117,DOGE-USD,0.0,0,0.0,0,0.0,0.0,0.1799999999999999,0.0,57435,106608,,,9583134255.76698,0.024189029711058987,0.034432102052841446
2023-07-02,0.0684790015220642,0.0689079985022544,0.066720001399517,0.0680380016565322,374040291,-0.0064461747469723,0.0272616929440407,DOGE-USD,0.0,0,0.0,0,0.0,0.0,0.26,0.0,55626,99607,,,9520482337.847897,0.02554024325875045,0.033669579904847535
2023-07-03,0.0680420026183128,0.0686950013041496,0.0674590021371841,0.068352997303009,265466622,0.0046190175147038,0.0272472578327543,DOGE-USD,0.0,0,0.0,0,0.0,0.0,0.24,0.0,80272,70106,,,9560701617.566631,0.026262363316748628,0.03292866948158811
2023-07-04,0.0683469995856285,0.0714239999651908,0.0679199993610382,0.0689409971237182,493149432,0.0085656101459227,0.0272215518214158,DOGE-USD,0.0,0,0.0,0,0.0,0.0,0.28,0.0,57319,97066,,,9672417047.153557,0.02702702690452773,0.032183987020933454
2023-07-05,0.0689470022916793,0.069132000207901,0.0659400001168251,0.0670330002903938,313972996,-0.0280659848497725,0.026684094402396,DOGE-USD,0.0,0,0.0,0,0.0,0.0,0.2199999999999999,0.0,49404,110015,,,9391764944.917397,0.02710245113180369,0.03140439211753047
2023-07-06,0.0670249983668327,0.0684759989380836,0.0650049969553947,0.0650260001420974,281014235,-0.0303978476776079,0.0280136930982039,DOGE-USD,0.0,0,0.0,0,0.0,0.0,0.1200000000000001,0.0,45827,85323,,,9127776563.419617,0.027285658019762127,0.030681344885503968
2023-07-07,0.065030001103878,0.0657970011234283,0.0645530000329017,0.0654250010848045,202607383,0.0061172728948914,0.0258597957498688,DOGE-USD,0.0,0,0.0,0,0.0,0.0,0.1,0.0,47245,74137,,,9163408488.244097,0.02700527858092775,0.02982862384085224
2023-07-08,0.0654210001230239,0.0659570023417472,0.0649709999561309,0.065760999917984,148945060,0.0051224912006747,0.0253807917766588,DOGE-USD,0.0,0,0.0,0,0.0,0.0,0.1599999999999999,0.0,48846,51811,,,9209675464.808764,0.02663198536970865,0.028964971683629794
2023-07-09,0.065761998295784,0.0662939995527267,0.0653320029377937,0.0654349997639656,146485995,-0.0049696762974854,0.0253980213859444,DOGE-USD,0.0,0,0.0,0,0.0,0.0,0.1,0.0,43521,35986,,,9161040350.813969,0.02626727928261437,0.02810108397771659
2023-07-10,0.0654369965195655,0.0660319998860359,0.0640090033411979,0.0652429983019828,258321415,-0.0029385451718907,0.023987179114294,DOGE-USD,0.0,0,0.0,0,0.0,0.0,0.1200000000000001,0.0,47291,70966,,,9137480697.692884,0.025727896224993968,0.027171646677949735
2023-07-11,0.0652469992637634,0.0654549971222877,0.064519003033638,0.0652870014309883,151465120,0.0006742224892721,0.0237522088161511,DOGE-USD,0.0,0,0.0,0,0.0,0.0,0.1399999999999999,0.0,45658,52764,,,9148713506.785528,0.024875599368583405,0.026475489199607752
2023-07-12,0.0652879998087883,0.0655699968338012,0.0640000030398368,0.0650710016489029,164499091,-0.003313950423644,0.0198628639914296,DOGE-USD,0.0,0,0.0,0,0.0,0.0,0.28,0.0,46546,38948,,,9093229479.053543,0.02367621301689557,0.025767294261785825
2023-07-13,0.0650729984045028,0.0712670013308525,0.0646750032901763,0.0705069974064827,625261655,0.0802329520915105,0.0286963238328466,DOGE-USD,0.0,0,0.0,0,0.0,0.0,0.1399999999999999,0.0,52234,71191,,,9863782974.64557,0.024339319428133128,0.025434416611674285
2023-07-14,0.0704990029335022,0.072731003165245,0.0671980008482933,0.0685290023684501,632033705,-0.028454910982409,0.0277561774638042,DOGE-USD,0.0,0,0.0,0,0.0,0.0,0.1999999999999999,0.0,61285,123095,,,9590550617.13248,0.024810950643705088,0.02506568003892856
2023-07-15,0.0685240030288696,0.0747079998254776,0.0679749995470047,0.0719270035624504,883881437,0.048394717419715,0.0295777968058413,DOGE-USD,0.0,0,0.0,0,0.0,0.0,0.1200000000000001,0.0,48942,116182,,,10080716301.202509,0.02592907418201455,0.024731687984146565
2023-07-16,0.0719290003180503,0.0721350014209747,0.0693989992141723,0.0695540010929107,389882289,-0.0335483203131699,0.0311259516176579,DOGE-USD,0.0,0,0.0,0,0.0,0.0,0.1399999999999999,0.0,46087,105250,,,9749933255.389568,0.027403822742315908,0.02532312907473119
2023-07-17,0.0695580020546913,0.0727519989013671,0.0682549998164177,0.0699049979448318,464403123,0.0050337030306734,0.0311292693105609,DOGE-USD,0.0,0,0.0,0,0.0,0.0,0.08,0.0,52082,72632,,,9803346837.645452,0.029657103806142164,0.025921761616612318
2023-07-18,0.0699009969830513,0.0702570006251335,0.0677430033683776,0.068582996726036,284882933,-0.0190925051676523,0.0315285364566321,DOGE-USD,0.0,0,0.0,0,0.0,0.0,0.1200000000000001,0.0,46411,52111,,,9614418431.452,0.03022354633089927,0.026428561589808882
2023-07-19,0.0685890018939971,0.071212001144886,0.0684870034456253,0.0701590031385421,418313611,0.022719496688674,0.03101445636273,DOGE-USD,0.0,0,0.0,0,0.0,0.0,0.0,0.0,49416,49194,,,9839980142.093306,0.03087520211068443,0.026906235733315544
2023-07-20,0.0701479986310005,0.0710219964385032,0.0684870034456253,0.0705159977078437,574227832,0.0050754623566544,0.0294638315509255,DOGE-USD,0.0,0,0.0,0,0.0,0.0,0.1200000000000001,0.0,63927,166491,,,9888671057.474152,0.03085240905970127,0.027171107279141096
2023-07-21,0.0705259963870048,0.0763909965753555,0.0704070031642913,0.073294997215271,762216251,0.0386527538305366,0.030746861396523,DOGE-USD,0.0,0,0.0,0,0.0,0.0,0.0,0.0,68280,222287,,,10285055239.432673,0.030776591015474287,0.027505135802504854
2023-07-22,0.073294997215271,0.073294997215271,0.0700810030102729,0.070432998239994,353000261,-0.039830477401892,0.0333225891922536,DOGE-USD,0.0,0,0.0,0,0.0,0.0,0.04,0.0,53525,327587,,,9858735149.174463,0.03121525499181283,0.02782402743551565
2023-07-23,0.0704350024461746,0.0728039965033531,0.0702200010418891,0.0718189999461174,287153173,0.0194871859059474,0.0334061989591504,DOGE-USD,0.0,0,0.0,0,0.0,0.0,0.08,0.0,47276,410714,,,10080922216.607985,0.03159078749231649,0.0281107792673674
2023-07-24,0.0718119964003562,0.0772219970822334,0.0705559998750686,0.0742679983377456,1446707666,0.0335310859107752,0.0340173673200668,DOGE-USD,0.0,0,0.0,0,0.0,0.0,0.1,0.0,77977,474202,,,10431775446.95938,0.032191369683783846,0.028417855375368593
2023-07-25,0.0742660015821456,0.0833410024642944,0.0738900005817413,0.0818450003862381,1525713202,0.0971470691520722,0.0411657760967785,DOGE-USD,0.0,0,0.0,0,0.0,0.0,0.0,0.0,69826,441698,,,11446663585.408873,0.034531758592954445,0.0290505152964606
2023-07-26,0.0818509981036186,0.0820799991488456,0.0772589966654777,0.0779580026865005,846709085,-0.0486569647259346,0.044465967727247,DOGE-USD,0.0,0,0.0,0,0.0,0.0,0.02,0.0,51254,522815,,,10941286842.868149,0.03727557985909925,0.02983435238308929
2023-07-27,0.077964000403881,0.0797329992055893,0.0769160017371177,0.0775619968771934,515430911,-0.0050926783217278,0.0401678965960529,DOGE-USD,0.0,0,0.0,0,0.0,0.0,0.02,0.0,66060,744490,,,10883811811.366035,0.03864464133985911,0.03044725248280097
2023-07-28,0.0775619968771934,0.0777819976210594,0.0762009993195533,0.0773210003972053,370256171,-0.0031119836098489,0.0390106908317202,DOGE-USD,0.0,0,0.0,0,0.0,0.0,0.04,0.0,51454,752827,,,10858191136.060863,0.03976553971437306,0.03094711601614262
2023-07-29,0.0773150026798248,0.0813160017132759,0.0770770013332367,0.0801879987120628,466582431,0.036408269022812,0.0381936242375322,DOGE-USD,0.0,0,0.0,0,0.0,0.0,0.04,0.0,51474,630674,,,11270090266.507164,0.04060079109786615,0.03150774458376368
2023-07-30,0.0801900029182434,0.0804390013217926,0.0770390033721923,0.0780609995126724,436209339,-0.0268832955947857,0.0376770870142034,DOGE-USD,0.0,0,0.0,0,0.0,0.0,0.04,0.0,55338,738471,,,10954778365.21576,0.03990305328135113,0.032066667094561165
2023-07-31,0.078063003718853,0.07965599745512,0.0771000012755394,0.0778179988265037,346973531,-0.0031178142739403,0.0377932864131124,DOGE-USD,0.0,0,0.0,0,0.0,0.0,0.0,0.0,49062,657964,,,10926060030.728077,0.03856851701852421,0.03263008823215971
2023-08-01,0.0778239965438842,0.0781679973006248,0.076043002307415,0.0780420005321502,369078156,0.002874398316393,0.0370457868778786,DOGE-USD,0.0,0,0.0,0,0.0,0.0,0.06,0.0,55250,516792,,,10928240127.674446,0.03794409507488935,0.03322366131232265
2023-08-02,0.0780379995703697,0.0781949982047081,0.0741000026464462,0.0742129981517791,364508311,-0.0503078380491362,0.0400218703705538,DOGE-USD,0.0,0,0.0,0,0.0,0.0,0.06,0.0,52493,498696,,,10411904772.13755,0.03814633098265606,0.03396319138297731
2023-08-03,0.0742119997739791,0.0748929977416992,0.0730530023574829,0.0736149996519088,374949368,-0.0080905074904536,0.0401494544492213,DOGE-USD,0.0,0,0.0,0,0.0,0.0,0.04,0.0,47353,493108,,,10349212667.107544,0.038537497024993886,0.03488530913105876
2023-08-04,0.0736080035567283,0.0747850015759468,0.0727950036525726,0.0734160020947456,307538917,-0.0027068805395756,0.0388299531782778,DOGE-USD,0.0,0,0.0,0,0.0,0.0,0.08,0.0,49385,423374,,,10309123345.429789,0.03876807025780877,0.03534592864676017
2023-08-05,0.0734170004725456,0.0768029987812042,0.0729980021715164,0.0756860002875328,443213361,0.0304512825347296,0.0377974121593243,DOGE-USD,0.0,0,0.0,0,0.0,0.0,0.0,0.0,45319,193208,,,10624660295.341469,0.038768895407051154,0.03580234840564745
2023-08-06,0.0756819993257522,0.0762920007109642,0.0741999968886375,0.0742660015821456,311182997,-0.0189399425961754,0.0380695180577868,DOGE-USD,0.0,0,0.0,0,0.0,0.0,-0.02,0.0,45058,91355,,,10422743247.565958,0.03897364164303278,0.03618833573528134
2023-08-07,0.0742620006203651,0.0754659995436668,0.0723700001835823,0.0734219998121261,346276669,-0.0114296483150512,0.0371254168208778,DOGE-USD,0.0,0,0.0,0,0.0,0.0,-0.02,0.0,47370,233727,,,10302733572.642853,0.03839435093309759,0.03646103869906406
2023-08-08,0.0734250023961067,0.0753839984536171,0.0732100009918212,0.0749860033392906,305594303,0.0210778583046757,0.0253995106271923,DOGE-USD,0.0,0,0.0,0,0.0,0.0,0.08,0.0,47289,262358,,,10535321864.327791,0.03544436216869178,0.03620059512254731
2023-08-09,0.07498399913311,0.076053999364376,0.0744630023837089,0.075314000248909,347481441,0.0043645698265912,0.022361478427876,DOGE-USD,0.0,0,0.0,0,0.0,0.0,0.0,0.0,50776,304677,,,10584091843.755535,0.03215066721861143,0.03578391066669476
2023-08-10,0.0753189995884895,0.0767059996724128,0.0751579999923706,0.0758029967546463,341419517,0.0064717830845254,0.0224702598926461,DOGE-USD,0.0,0,0.0,0,0.0,0.0,0.06,0.0,48024,513241,,,10643934574.860268,0.02908523676527579,0.03539553809987276
2023-08-11,0.0758050009608268,0.0759830027818679,0.0751670002937316,0.0756660029292106,222363416,-0.0018088699743887,0.0224663855804082,DOGE-USD,0.0,0,0.0,0,0.0,0.0,0.02,0.0,44392,571590,,,10635031900.177197,0.02596461026980007,0.035077472373940155
2023-08-12,0.0756710022687912,0.0771500021219253,0.075602002441883,0.0767420008778572,301476614,0.0141202010317265,0.0202504402738621,DOGE-USD,0.0,0,0.0,0,0.0,0.0,0.08,0.0,45586,227940,,,10783909465.822828,0.02258961496039693,0.03460036232291011
2023-08-13,0.0767330005764961,0.0767889991402626,0.07447300106287,0.0747829973697662,271947904,-0.0258586066946429,0.0201596610648477,DOGE-USD,0.0,0,0.0,0,0.0,0.0,0.08,0.0,41752,310772,,,10504332799.965664,0.021541645047928007,0.03400204740802803
2023-08-14,0.0747810006141662,0.0764139965176582,0.0739519968628883,0.0747309997677803,347333620,-0.0006955549992346,0.0201695583158939,DOGE-USD,0.0,0,0.0,0,0.0,0.0,0.0,0.0,43945,526344,,,10510817727.565653,0.02110326102553159,0.03340038192424365
2023-08-15,0.0747240036725997,0.0748089998960495,0.0705119967460632,0.0708630010485649,400240141,-0.0531465459112646,0.0241098870730512,DOGE-USD,0.0,0,0.0,0,0.0,0.0,0.06,0.0,45696,531154,,,9954381204.323591,0.021431186461612607,0.032950041913015655
2023-08-16,0.0708639994263649,0.0711160004138946,0.0668070018291473,0.0671830028295517,409310897,-0.053328168888921,0.0245379660021051,DOGE-USD,0.0,0,0.0,0,0.0,0.0,0.04,0.0,49360,577515,,,9439612098.299908,0.021845502545951988,0.032194232363257774
2023-08-17,0.0671849995851516,0.0682509988546371,0.0583400018513202,0.061184998601675,684430325,-0.0935182428682488,0.0337089962943923,DOGE-USD,0.0,0,0.0,0,0.0,0.0,0.0,0.0,77889,441107,,,8623633026.40034,0.02453721375005803,0.03170527911630983
2023-08-18,0.061184000223875,0.0636529996991157,0.0601960010826587,0.0632340013980865,488755203,0.0329401147059999,0.0358422191462046,DOGE-USD,0.0,0,0.0,0,0.0,0.0,-0.26,0.0,51142,69266,,,8885738220.88341,0.02767372536632941,0.031508657414044
2023-08-19,0.0632369965314865,0.0643839985132217,0.0632089972496032,0.0637580007314682,246572116,0.0082525245443665,0.0343430637043484,DOGE-USD,0.0,0,0.0,0,0.0,0.0,-0.2199999999999999,0.0,79048,77799,,,8966225809.583027,0.03050842644402031,0.03129649254461801
2023-08-20,0.0637610033154487,0.0645869970321655,0.0636230036616325,0.0638300031423568,208195392,0.001128670664109,0.0344609698911351,DOGE-USD,0.0,0,0.0,0,0.0,0.0,-0.26,0.0,43170,196387,,,8972298329.892637,0.03257864300763709,0.031126826437963596
2023-08-21,0.0638300031423568,0.0639910027384758,0.0613650009036064,0.0625289976596832,277361290,-0.0205929367981176,0.0345603890870637,DOGE-USD,0.0,0,0.0,0,0.0,0.0,-0.24,0.0,44299,143111,,,8797177534.220566,0.034583127624628805,0.03098515835036634
2023-08-22,0.0625289976596832,0.0631889998912811,0.061074998229742,0.0625990033149719,271392247,0.0011189447932924,0.0335101512329403,DOGE-USD,0.0,0,0.0,0,0.0,0.0,-0.26,0.0,44764,254635,,,8798929040.042467,0.03454335861233841,0.030790470387631243
2023-08-23,0.0625929981470108,0.0645050033926963,0.0625139996409416,0.0637779980897903,293273521,0.0186589168536825,0.0342853414114325,DOGE-USD,0.0,0,0.0,0,0.0,0.0,-0.26,0.0,44886,27880,,,8969616251.2578,0.034231983065383983,0.030664995593701873
2023-08-24,0.0637800022959709,0.0640050023794174,0.0622260011732578,0.0630360022187233,210634657,-0.0117022463893743,0.033878871290766,DOGE-USD,0.0,0,0.0,0,0.0,0.0,-0.18,0.0,44988,30355,,,8865218031.158243,0.03413914458266751,0.030385768362802434
2023-08-25,0.0630389973521232,0.0630939975380897,0.0618980005383491,0.0630839988589286,202977283,0.0007611265796442,0.0339520716623323,DOGE-USD,0.0,0,0.0,0,0.0,0.0,-0.2199999999999999,0.0,43089,105979,,,8872380554.482769,0.03403736493690695,0.03010406914521657
2023-08-26,0.0630839988589286,0.0632859990000724,0.0627230033278465,0.0628679990768432,127881732,-0.0034298780071507,0.0331895364032259,DOGE-USD,0.0,0,0.0,0,0.0,0.0,-0.24,0.0,40861,26110,,,8844536417.569452,0.03376319440013939,0.02984768656453239
2023-08-27,0.0628670006990432,0.0635320022702217,0.0627570003271102,0.0631709992885589,141407750,0.0048080482923227,0.0333754609430755,DOGE-USD,0.0,0,0.0,0,0.0,0.0,-0.24,0.0,39203,20327,,,8886871839.094835,0.03373625634216643,0.029646688781975628
2023-08-28,0.0631740018725395,0.0635470002889633,0.0622109994292259,0.0634379982948303,169636026,0.0042177002767763,0.0335295509338525,DOGE-USD,0.0,0,0.0,0,0.0,0.0,-0.2199999999999999,0.0,43186,22295,,,8933013845.806244,0.03358509824665043,0.029440326639978618
2023-08-29,0.0634339973330497,0.0680650025606155,0.0625419989228248,0.0663900002837181,445903123,0.0454834229054407,0.0344994208198961,DOGE-USD,0.0,0,0.0,0,0.0,0.0,-0.2199999999999999,0.0,49627,34795,,,9337609091.748451,0.03370920815247645,0.02932096318538854
2023-08-30,0.0663940012454986,0.0664379969239234,0.0646750032901763,0.0658380016684532,260654192,-0.0083492424260611,0.0315899189865302,DOGE-USD,0.0,0,0.0,0,0.0,0.0,-0.02,0.0,47132,36426,,,9271091828.2711,0.033236777617316034,0.02960234538354026
2023-08-31,0.0658409968018531,0.0669199973344802,0.0630849972367286,0.0637850016355514,336593454,-0.0316791259466292,0.0198773346127281,DOGE-USD,0.0,0,0.0,0,0.0,0.0,0.04,0.0,54244,65078,,,8982529332.562622,0.030574337259216468,0.029489429755578996
2023-09-01,0.0637869983911514,0.064130000770092,0.0625950023531913,0.063849002122879,238777563,0.0010028752653218,0.0179086992387554,DOGE-USD,0.0,0,0.0,0,0.0,0.0,-0.1999999999999999,0.0,51477,53868,,,8982993209.482271,0.027480984918352446,0.02928208608949305
2023-09-02,0.0638549998402595,0.0646580010652542,0.062960997223854,0.0634939968585968,208019339,-0.0055755901274193,0.0178408008003499,DOGE-USD,0.0,0,0.0,0,0.0,0.0,-0.2199999999999999,0.0,42780,45569,,,8939347449.463573,0.02434323489165193,0.029071832235854037
2023-09-03,0.0634990036487579,0.0637309998273849,0.0629279986023902,0.0631730034947395,163140788,-0.0050683137691131,0.0178795581500273,DOGE-USD,0.0,0,0.0,0,0.0,0.0,-0.1999999999999999,0.0,44779,35820,,,8894563337.1505,0.02101926235767817,0.028964064866588816
2023-09-04,0.0631730034947395,0.0637219995260238,0.0624569989740848,0.0631849989295005,181249918,0.0001898642676671,0.0169425610885947,DOGE-USD,0.0,0,0.0,0,0.0,0.0,-0.1999999999999999,0.0,43661,28126,,,8891948995.119078,0.01808979077809107,0.02881783304948641
2023-09-05,0.0631859973073005,0.0642170011997222,0.0629080012440681,0.0639920011162757,209934446,0.0126911787221694,0.0172418320044337,DOGE-USD,0.0,0,0.0,0,0.0,0.0,-0.1999999999999999,0.0,44111,85758,,,9014873501.996431,0.01756269025643219,0.028684754580783674
2023-09-06,0.0639970004558563,0.0644909963011741,0.0628250017762184,0.0636129975318908,208287267,-0.005940279814876,0.0166083883781025,DOGE-USD,0.0,0,0.0,0,0.0,0.0,-0.16,0.0,43687,116327,,,8958274059.786417,0.017302628084301608,0.02834377736737691
2023-09-07,0.0636119991540908,0.0637630000710487,0.0628570020198822,0.0635790005326271,164667102,-0.0005345776556813,0.0162775658934102,DOGE-USD,0.0,0,0.0,0,0.0,0.0,-0.18,0.0,43928,32806,,,8956053539.397915,0.016989981102913672,0.027968304635163508
2023-09-08,0.0635859966278076,0.0639220029115676,0.062679998576641,0.0636489987373352,162864062,0.0011003586030198,0.0162780563894333,DOGE-USD,0.0,0,0.0,0,0.0,0.0,-0.0799999999999999,0.0,42317,50364,,,8969908766.99656,0.01666968075079487,0.0271759891849381
2023-09-09,0.0636470019817352,0.0638170018792152,0.0633279979228973,0.0634049996733665,108500870,-0.0038408765876506,0.0162863233853903,DOGE-USD,0.0,0,0.0,0,0.0,0.0,-0.18,0.0,42651,56108,,,8933598033.979034,0.01653843321015399,0.026287084832173815
2023-09-10,0.0634049996733665,0.0634049996733665,0.060844998806715,0.0613269992172718,240746565,-0.0333225275589727,0.0185595257294657,DOGE-USD,0.0,0,0.0,0,0.0,0.0,-0.1999999999999999,0.0,41029,65054,,,8644358101.919329,0.016801971955160387,0.02556965128786097
2023-09-11,0.0613240003585815,0.0618689991533756,0.0594860017299652,0.0604620017111301,259096660,-0.0142050931491107,0.0187282439121294,DOGE-USD,0.0,0,0.0,0,0.0,0.0,-0.1999999999999999,0.0,42672,47150,,,8512478806.456254,0.01722594306196577,0.024854527379724344
2023-09-12,0.0604639984667301,0.0620860010385513,0.0604479983448982,0.0609509982168674,231017444,0.0080551366011629,0.0130055788123015,DOGE-USD,0.0,0,0.0,0,0.0,0.0,-0.4,0.0,47235,84006,,,8589173584.094115,0.016571545645744028,0.02387476327632606
2023-09-13,0.0609499998390674,0.0615830011665821,0.0606409981846809,0.0612800009548664,191695350,0.005383307585958,0.0133369717781842,DOGE-USD,0.0,0,0.0,0,0.0,0.0,-0.18,0.0,42002,58481,,,8636628468.863289,0.01598332872349421,0.02295780057383715
2023-09-14,0.0612800009548664,0.0623859986662864,0.0611560009419918,0.0620720013976097,189093769,0.012841483093233,0.0117290820248834,DOGE-USD,0.0,0,0.0,0,0.0,0.0,-0.0999999999999999,0.0,41178,52493,,,8757251393.908922,0.015071880451392827,0.02193251605626673
2023-09-15,0.0620739981532096,0.0628739967942237,0.0615149997174739,0.0625530034303665,155088363,0.0077192281252598,0.0119932876093489,DOGE-USD,0.0,0,0.0,0,0.0,0.0,-0.0999999999999999,0.0,43838,40972,,,8827408443.69903,0.013758632827369468,0.0209377167980205
2023-09-16,0.0625509992241859,0.0628840029239654,0.0619300007820129,0.0621480010449886,144247521,-0.0064955981885802,0.0120200353963501,DOGE-USD,0.0,0,0.0,0,0.0,0.0,-0.14,0.0,40902,31323,,,8759268436.867836,0.012416991124213609,0.01994080605865767
2023-09-17,0.0621519982814788,0.0624979995191097,0.0612859986722469,0.0615170001983642,156292597,-0.0102050914407618,0.0122131837233248,DOGE-USD,0.0,0,0.0,0,0.0,0.0,-0.0799999999999999,0.0,41091,39296,,,8665707944.457405,0.01225851210641827,0.018987335482298532
2023-09-18,0.0615170001983642,0.0628079995512962,0.0611440017819404,0.0620159991085529,207651893,0.0080788392903217,0.0124956215857242,DOGE-USD,0.0,0,0.0,0,0.0,0.0,-0.0799999999999999,0.0,42933,30322,,,8743359602.009466,0.012090242067926268,0.0180382518751462
2023-09-19,0.0620159991085529,0.0632150024175643,0.061974000185728,0.0627090036869049,198507548,0.0111126349077933,0.0123657800047293,DOGE-USD,0.0,0,0.0,0,0.0,0.0,-0.0799999999999999,0.0,44392,37971,,,8844517353.972223,0.012217581663895447,0.017076262287458784
2023-09-20,0.0627090036869049,0.06300900131464,0.0619649998843669,0.0626299977302551,187443142,-0.0012606765048421,0.0122980309638156,DOGE-USD,0.0,0,0.0,0,0.0,0.0,-0.06,0.0,48628,71073,,,8833830758.846558,0.01227853033478879,0.016067108203091488
2023-09-21,0.0626289993524551,0.0633070021867752,0.0612820014357566,0.0613459981977939,518556615,-0.0207144203171829,0.0133617091364765,DOGE-USD,0.0,0,0.0,0,0.0,0.0,-0.06,0.0,46549,50571,,,8655358894.933773,0.012546865082814069,0.015238553209907229
2023-09-22,0.0613449998199939,0.061829000711441,0.0610539987683296,0.0615309998393058,144488200,0.0030111702638185,0.0134115729833963,DOGE-USD,0.0,0,0.0,0,0.0,0.0,-0.14,0.0,44317,80292,,,8681954408.467138,0.012786542934828369,0.014944654954028509
2023-09-23,0.0615280009806156,0.0618459992110729,0.0613779984414577,0.0615070015192031,117222607,-0.0003900960701904,0.0134151072436834,DOGE-USD,0.0,0,0.0,0,0.0,0.0,-0.06,0.0,42712,40155,,,8676541246.030878,0.012970440066420208,0.014740400772434326
2023-09-24,0.0615070015192031,0.0617429986596107,0.0607019998133182,0.0607430003583431,115250326,-0.0124991590297516,0.0105422970943543,DOGE-USD,0.0,0,0.0,0,0.0,0.0,-0.12,0.0,41632,31266,,,8574495329.413411,0.012605743484345209,0.014408650603979983
2023-09-25,0.0607419982552528,0.0612000003457069,0.0605450011789798,0.0609590001404285,117409471,0.0035496542045442,0.0098347433059055,DOGE-USD,0.0,0,0.0,0,0.0,0.0,-0.06,0.0,41669,26995,,,8595046390.445347,0.012113085952763189,0.014042977201974447
2023-09-26,0.0609560012817382,0.0611159987747669,0.0599070005118846,0.060598999261856,141794234,-0.0059231302398648,0.0097269545148777,DOGE-USD,0.0,0,0.0,0,0.0,0.0,-0.0799999999999999,0.0,52328,47636,,,8542056836.511392,0.01138613502844343,0.013714995084987308
2023-09-27,0.0605930015444755,0.0613319985568523,0.0602749995887279,0.060504000633955,153818653,-0.0015688900765255,0.0095846597230204,DOGE-USD,0.0,0,0.0,0,0.0,0.0,-0.12,0.0,46908,40894,,,8534169662.599533,0.01062075237636825,0.013366941799468523
2023-09-28,0.0604970008134841,0.0616610012948513,0.0604059994220733,0.0614840015769004,137019315,0.0160675149783855,0.0099716727390629,DOGE-USD,0.0,0,0.0,0,0.0,0.0,-0.0799999999999999,0.0,50896,42256,,,8680016394.762112,0.00993206547544415,0.013065272906784903
2023-09-29,0.0614859983325004,0.0623099990189075,0.0613849982619285,0.0621780008077621,141947701,0.0112242484112438,0.0102391816740953,DOGE-USD,0.0,0,0.0,0,0.0,0.0,-0.04,0.0,48661,43516,,,8785222160.014982,0.009871442391392348,0.012790800896816047
2023-09-30,0.0621800012886524,0.0625059977173805,0.0617990009486675,0.0621410012245178,124411353,-0.0005952361864543,0.0100906435146282,DOGE-USD,0.0,0,0.0,0,0.0,0.0,-0.06,0.0,43874,44053,,,8774177702.949749,0.009922622433136888,0.012509554857052178
2023-10-01,0.0621399991214275,0.06351900100708,0.0618960000574588,0.0631930008530616,162108911,0.016787532789356,0.0105602405611771,DOGE-USD,0.0,0,0.0,0,0.0,0.0,-0.04,0.0,45375,51842,,,8926499269.65349,0.010089279642396769,0.012249278365042486
2023-10-02,0.0631899982690811,0.0639609992504119,0.0616259984672069,0.062059998512268,275648168,-0.0180919139764048,0.0116466111767475,DOGE-USD,0.0,0,0.0,0,0.0,0.0,0.0,0.0,47583,33342,,,8763708133.420229,0.01050166993314219,0.011935054976282567
2023-10-03,0.0620540007948875,0.0622689984738826,0.0612279996275901,0.0613860003650188,156615776,-0.0109198329766106,0.0115248128123641,DOGE-USD,0.0,0,0.0,0,0.0,0.0,0.0,0.0,46469,31341,,,8671368780.933683,0.010812297947802429,0.0116076262899296
2023-10-04,0.0613889992237091,0.0615609996020793,0.0604580007493495,0.0614879988133907,141610437,0.0016602124531167,0.011556324203827,DOGE-USD,0.0,0,0.0,0,0.0,0.0,-0.02,0.0,46258,32594,,,8690914944.97968,0.011075726453748769,0.011541751080453487
2023-10-05,0.0614859983325004,0.0616069994866848,0.0608390010893344,0.0609229989349842,114148166,-0.0092312602797754,0.0104256728503131,DOGE-USD,0.0,0,0.0,0,0.0,0.0,-0.04,0.0,45493,36084,,,8610316623.088736,0.01114273232088575,0.011409419311004799
2023-10-06,0.0609200000762939,0.0615549981594085,0.0608210004866123,0.0614259988069534,109783884,0.0082224246240158,0.0106510487756556,DOGE-USD,0.0,0,0.0,0,0.0,0.0,0.0,0.0,44739,41355,,,8675817231.021475,0.011160893963781449,0.011360417799676264
2023-10-07,0.0614250004291534,0.0616689994931221,0.0611290000379085,0.0614550001919269,97620505,0.0004720239214895,0.0106518716715534,DOGE-USD,0.0,0,0.0,0,0.0,0.0,-0.02,0.0,46407,36723,,,8685006350.25219,0.010961946062742627,0.011299444347958286
2023-10-08,0.0614559985697269,0.0616110004484653,0.0608760006725788,0.0610079988837242,92483679,-0.0073002179719884,0.0102685950070639,DOGE-USD,0.0,0,0.0,0,0.0,0.0,0.0,0.0,44095,47068,,,8617475291.757887,0.010710702501682589,0.01121983342117255
2023-10-09,0.0610099993646144,0.0610300004482269,0.0582600012421608,0.0587790012359619,241183528,-0.0372203155339949,0.0142778752245163,DOGE-USD,0.0,0,0.0,0,0.0,0.0,0.0,0.0,45090,30453,,,8298613075.375966,0.011255012705820449,0.011313683034863074
2023-10-10,0.0587790012359619,0.0592040009796619,0.0586079992353916,0.0590250007808208,123311323,0.0041764269162133,0.0143520720731971,DOGE-USD,0.0,0,0.0,0,0.0,0.0,0.0,0.0,53080,27685,,,8348412519.458339,0.012040292550397248,0.011398067147930024
2023-10-11,0.0590410009026527,0.0594540014863014,0.057812999933958,0.0584699995815753,146066511,-0.0094473011688709,0.0144927101998097,DOGE-USD,0.0,0,0.0,0,0.0,0.0,-0.06,0.0,50877,35257,,,8258020758.164702,0.012808624835228068,0.011494745793160949
2023-10-12,0.0584699995815753,0.0584950000047683,0.0574660003185272,0.057897001504898,116644185,-0.0098481992735916,0.0135724563664935,DOGE-USD,0.0,0,0.0,0,0.0,0.0,-0.0999999999999999,0.0,43961,27644,,,8180558096.707814,0.013392741774216088,0.0115526742205554
2023-10-13,0.057897001504898,0.0587560012936592,0.0578240007162094,0.058398000895977,139290300,0.0086160622572489,0.0133592949945632,DOGE-USD,0.0,0,0.0,0,0.0,0.0,-0.12,0.0,44772,28656,,,8250131950.163598,0.01401088177171595,0.011552564486832067
2023-10-14,0.0584000013768672,0.0599300004541873,0.0584000013768672,0.059859000146389,112567930,0.0247101410690582,0.0154704463761002,DOGE-USD,0.0,0,0.0,0,0.0,0.0,-0.06,0.0,41147,22320,,,8466589142.476722,0.014249396002032727,0.011646149641045883
2023-10-15,0.0598599985241889,0.0598599985241889,0.0591249987483024,0.0593499988317489,105304368,-0.0085396977124855,0.0144681773431909,DOGE-USD,0.0,0,0.0,0,0.0,0.0,-0.0999999999999999,0.0,41450,32303,,,8389571219.121485,0.01427261705603149,0.011694016463750768
2023-10-16,0.0593569986522197,0.0612259991466999,0.0593510009348392,0.060113999992609,255254744,0.0127906580106497,0.0145872132314502,DOGE-USD,0.0,0,0.0,0,0.0,0.0,-0.06,0.0,44434,30095,,,8498970562.498673,0.014291517662359587,0.011877876288164219
2023-10-17,0.0601099990308284,0.0601559989154338,0.0588009990751743,0.0591199994087219,154163593,-0.0166734927436059,0.0149265891167126,DOGE-USD,0.0,0,0.0,0,0.0,0.0,0.04,0.0,48943,35179,,,8360067642.494224,0.014562344212403409,0.012109323825019086
2023-10-18,0.0591159984469413,0.05927399918437,0.0583619996905326,0.0586730018258094,113718362,-0.0075895804314089,0.0149240970368763,DOGE-USD,0.0,0,0.0,0,0.0,0.0,0.0,0.0,42275,44260,,,8296649405.657004,0.014875304620866028,0.012345557576019022
2023-10-19,0.0586679987609386,0.058883000165224,0.0580129995942115,0.058883000165224,119806282,0.0035727408083705,0.014928106627132,DOGE-USD,0.0,0,0.0,0,0.0,0.0,0.04,0.0,42347,31613,,,8323947527.024061,0.014766836671072389,0.012588441526205913
2023-10-20,0.0588780008256435,0.0603369995951652,0.0586999990046024,0.0599649995565414,154146216,0.0182086242728072,0.0156952686655538,DOGE-USD,0.0,0,0.0,0,0.0,0.0,0.06,0.0,46895,57895,,,8488445351.465619,0.015012254935544969,0.012848604977410048
2023-10-21,0.0599649995565414,0.0613630004227161,0.0595710016787052,0.0611880011856555,149488431,0.0201900599498811,0.016755919842172,DOGE-USD,0.0,0,0.0,0,0.0,0.0,0.26,0.0,43522,49459,,,8656030552.427914,0.015445996257689328,0.013144820348686258
2023-10-22,0.0611889995634555,0.0616669990122318,0.060563001781702,0.0615959987044334,152154020,0.0066458010946001,0.0167229618663411,DOGE-USD,0.0,0,0.0,0,0.0,0.0,0.06,0.0,44382,34091,,,8720690596.16858,0.01580527080761503,0.01344628936467321
2023-10-23,0.0618279986083507,0.0672380030155181,0.061769001185894,0.0670849978923797,618990461,0.0853635282923978,0.0252614187142369,DOGE-USD,0.0,0,0.0,0,0.0,0.0,0.06,0.0,49923,32255,,,9476961133.5023,0.017872735143087147,0.014114524735266837
2023-10-24,0.067111000418663,0.0697669982910156,0.0651239976286888,0.0665559992194175,676497484,-0.0079167538002181,0.0256589217584495,DOGE-USD,0.0,0,0.0,0,0.0,0.0,0.32,0.0,55402,27974,,,9419858222.050888,0.02001889816935065,0.014751447943526019
2023-10-25,0.0665640011429786,0.0694539994001388,0.0650490000844001,0.0683609992265701,536305756,0.0267587884391176,0.0255267391599977,DOGE-USD,0.0,0,0.0,0,0.0,0.0,0.4399999999999999,0.0,49362,26714,,,9684795447.737192,0.021985192268239428,0.015387899141145729
2023-10-26,0.0683640018105506,0.0748879984021186,0.068131998181343,0.0718669965863227,1010931815,0.0500146658107989,0.026722135613427,DOGE-USD,0.0,0,0.0,0,0.0,0.0,0.4199999999999999,0.0,48359,42344,,,10168644363.245588,0.02397843542249043,0.016077254205218452
2023-10-27,0.0718720033764839,0.0721789970993995,0.0676240026950836,0.0678810030221939,468362462,-0.0570609244157313,0.0330321250934081,DOGE-USD,0.0,0,0.0,0,0.0,0.0,0.3999999999999999,0.0,45951,27141,,,9601132155.263966,0.027240268067903826,0.01710482021626823
2023-10-28,0.0678820013999939,0.069691002368927,0.0677099972963333,0.0690009966492652,246982558,0.0163647320259527,0.032835500709003,DOGE-USD,0.0,0,0.0,0,0.0,0.0,0.3,0.0,42375,23078,,,9766673526.165464,0.02875508446685705,0.018113204395056745
2023-10-29,0.0690020024776458,0.0700839981436729,0.0679100006818771,0.0693589970469474,203013207,0.0051749235750973,0.0324371176311022,DOGE-USD,0.0,0,0.0,0,0.0,0.0,0.4399999999999999,0.0,41975,59766,,,9833152634.845512,0.030110723641387588,0.01910344284776351
2023-10-30,0.0693589970469474,0.070200003683567,0.0682739987969398,0.0696500018239021,292736698,0.0041868541522014,0.0324847384020923,DOGE-USD,0.0,0,0.0,0,0.0,0.0,0.3600000000000001,0.0,44831,32263,,,9861225177.926191,0.03150232348980651,0.02011326754753753
2023-10-31,0.0696479976177215,0.0707219988107681,0.0669699981808662,0.0682770013809204,474946795,-0.0199097459573415,0.0327038856379331,DOGE-USD,0.0,0,0.0,0,0.0,0.0,0.32,0.0,46692,26815,,,9646155133.81788,0.03269867349470773,0.020950813475420108
2023-11-01,0.0682789981365203,0.0695540010929107,0.0661289989948272,0.0688410028815269,461539028,0.0082265590785114,0.0323096930645806,DOGE-USD,0.0,0,0.0,0,0.0,0.0,0.32,0.0,48283,28577,,,9736662077.523268,0.03255418708894223,0.02176706897502845
2023-11-02,0.0688590034842491,0.0707039982080459,0.0671859979629516,0.0679339990019798,501730943,-0.0132629086096374,0.0329313827992937,DOGE-USD,0.0,0,0.0,0,0.0,0.0,0.4399999999999999,0.0,46291,27025,,,9614091786.20814,0.032573363507000366,0.022605190456823177
2023-11-03,0.0679309964179992,0.0682080015540123,0.0666399970650672,0.0681440010666847,282752934,0.0030864979102244,0.0328969430919398,DOGE-USD,0.0,0,0.0,0,0.0,0.0,0.3,0.0,44617,29180,,,9649561888.322227,0.03266532859916789,0.023483576217070735
2023-11-04,0.0681470036506652,0.0692569985985755,0.0680589973926544,0.0690789967775344,203958701,0.0136276017205707,0.0327737958790734,DOGE-USD,0.0,0,0.0,0,0.0,0.0,0.3600000000000001,0.0,44038,33552,,,9795909538.867496,0.032723140094564104,0.02436605353000302
2023-11-05,0.0690789967775344,0.0715989992022514,0.0689809992909431,0.071223996579647,447538899,0.0305790616940716,0.0332806852339796,DOGE-USD,0.0,0,0.0,0,0.0,0.0,0.3999999999999999,0.0,46404,62862,,,10094627690.884577,0.032838500013773406,0.02517560984172481
2023-11-06,0.071223996579647,0.076385997235775,0.0706209987401962,0.0763809978961944,707371164,0.0699041543517755,0.0307623449689696,DOGE-USD,0.0,0,0.0,0,0.0,0.0,0.48,0.0,51383,104170,,,10780062826.047932,0.03252903039465121,0.025916253824714745
2023-11-07,0.0763889998197555,0.0763889998197555,0.0718979984521865,0.0735180005431175,789220960,-0.0382036650177576,0.033044258591891,DOGE-USD,0.0,0,0.0,0,0.0,0.0,0.3600000000000001,0.0,62915,189625,,,10409029743.35033,0.032551605553170666,0.026755210432007515
2023-11-08,0.0735170021653175,0.0766810029745101,0.0730269998311996,0.0754809975624084,531673694,0.0263506550782309,0.0330257617921979,DOGE-USD,0.0,0,0.0,0,0.0,0.0,0.32,0.0,58955,306464,,,10719110203.974588,0.03257736929322229,0.027577900099075025
2023-11-09,0.0754740014672279,0.077735997736454,0.0705569982528686,0.073461003601551,964429145,-0.0271262344850345,0.031720272712851,DOGE-USD,0.0,0,0.0,0,0.0,0.0,0.3799999999999999,0.0,59071,129510,,,10365172808.765553,0.032366664659977805,0.02834136262980115
2023-11-10,0.073464997112751,0.0754539966583252,0.0731550008058548,0.0754439979791641,649733691,0.0266359302269123,0.0274157987609654,DOGE-USD,0.0,0,0.0,0,0.0,0.0,0.3999999999999999,0.0,55575,159463,,,10680212650.795572,0.031193687365374968,0.02890898499952085
2023-11-11,0.0754449963569641,0.0816980004310607,0.074922002851963,0.0784059986472129,1345253621,0.0385098053836548,0.0285779997890767,DOGE-USD,0.0,0,0.0,0,0.0,0.0,0.3999999999999999,0.0,56560,231648,,,11071144974.536268,0.03075681832939639,0.02949456368695371
2023-11-12,0.0784199982881546,0.0799809992313385,0.0761440023779869,0.0779810026288032,727221576,-0.0054351968026545,0.0288304417283351,DOGE-USD,0.0,0,0.0,0,0.0,0.0,0.4599999999999999,0.0,105794,262255,,,11046209792.674652,0.02991405495668521,0.030043405590870213
2023-11-13,0.0779799968004226,0.0793979987502098,0.0741759985685348,0.0747819989919662,829471613,-0.0418880401533103,0.0318194344427514,DOGE-USD,0.0,0,0.0,0,0.0,0.0,0.4399999999999999,0.0,61888,121424,,,10608904643.02266,0.029672789486795907,0.030729608889797956
2023-11-14,0.0747779980301857,0.0754270032048225,0.0702809989452362,0.0724570006132125,708265059,-0.0315839099106577,0.0326663445985071,DOGE-USD,0.0,0,0.0,0,0.0,0.0,0.3799999999999999,0.0,66599,174590,,,10291676476.681269,0.02986200386392713,0.031066196429992053
2023-11-15,0.0724560022354126,0.0764079988002777,0.0724190026521682,0.0763560011982917,503454120,0.0524133388120901,0.0351229772127691,DOGE-USD,0.0,0,0.0,0,0.0,0.0,0.1999999999999999,0.0,71291,204529,,,10809074827.864573,0.03140343955428787,0.031496380768824765
2023-11-16,0.0763529986143112,0.0828370004892349,0.0760470032691955,0.0792770013213157,1563730284,0.0375414356756094,0.0354468635957976,DOGE-USD,0.0,0,0.0,0,0.0,0.0,0.3999999999999999,0.0,63507,128304,,,11104523093.41779,0.03277721231563205,0.031947295515906575
2023-11-17,0.0793259963393211,0.0870610028505325,0.0793230012059211,0.0863040015101432,2031597493,0.0849278990475214,0.0404339086264638,DOGE-USD,0.0,0,0.0,0,0.0,0.0,0.26,0.0,60159,179260,,,12197699610.37346,0.03509790569525779,0.03257055792559007
2023-11-18,0.0863270014524459,0.0863939970731735,0.0798289999365806,0.0803830027580261,1340580447,-0.0710732191025363,0.0467938569239379,DOGE-USD,0.0,0,0.0,0,0.0,0.0,0.3799999999999999,0.0,65670,358381,,,11387527279.15264,0.038092790191495085,0.033196091190614146
2023-11-19,0.0803949981927871,0.0805979967117309,0.0779839977622032,0.0805760025978088,620299419,0.0023981253096251,0.0464838407708887,DOGE-USD,0.0,0,0.0,0,0.0,0.0,0.32,0.0,67290,578705,,,11409641237.06388,0.04085628942597141,0.03381647028433623
2023-11-20,0.0805749967694282,0.0820399969816207,0.0778160020709037,0.0778789967298507,668234221,-0.0340445724980055,0.0442218073940502,DOGE-USD,0.0,0,0.0,0,0.0,0.0,0.3799999999999999,0.0,90097,488289,,,11046217665.34696,0.04267605546222762,0.03435213800083386
2023-11-21,0.0778789967298507,0.0786980018019676,0.071492001414299,0.0721189975738525,860811107,-0.0768387993455181,0.0479323615113226,DOGE-USD,0.0,0,0.0,0,0.0,0.0,0.4199999999999999,0.0,69814,468797,,,10251636901.202633,0.045173155045332626,0.035054302687617056
2023-11-22,0.072113998234272,0.0765609964728355,0.0718839988112449,0.0757839977741241,440962821,0.0495696603830795,0.0493462343150705,DOGE-USD,0.0,0,0.0,0,0.0,0.0,0.24,0.0,100824,915746,,,10744887780.75163,0.04695562018305397,0.03581077308203239
2023-11-23,0.0757699981331825,0.0763479992747306,0.0751620009541511,0.0762000009417533,279606815,0.0054743158496524,0.0487183622099513,DOGE-USD,0.0,0,0.0,0,0.0,0.0,0.32,0.0,79356,1070490,,,10816429992.57794,0.04734052124025665,0.03655662167954924
2023-11-24,0.0761990025639534,0.0784289985895156,0.0761490017175674,0.0782169997692108,401116993,0.0261255372273519,0.0486991913080046,DOGE-USD,0.0,0,0.0,0,0.0,0.0,0.32,0.0,83755,1045937,,,11105966167.086143,0.04778359134767983,0.037273340248127014
2023-11-25,0.0782160013914108,0.0791049972176551,0.0777629986405372,0.0789550021290779,291859035,0.0093910846053989,0.047657208242694,DOGE-USD,0.0,0,0.0,0,0.0,0.0,0.4599999999999999,0.0,107925,1294835,,,11203174248.071976,0.04847067151740859,0.03794426139134311
2023-11-26,0.0789519995450973,0.0789799988269805,0.0763460025191307,0.0787039995193481,343339848,-0.0031841229384185,0.0476394430149837,DOGE-USD,0.0,0,0.0,0,0.0,0.0,0.4599999999999999,0.0,168162,1702332,,,11139011186.701635,0.048412087818140805,0.03861997262479358
2023-11-27,0.0786899998784065,0.0813200026750564,0.0770889967679977,0.0787879973649978,743996999,0.0010666936133402,0.0460449781834942,DOGE-USD,0.0,0,0.0,0,0.0,0.0,0.32,0.0,220996,1626173,,,11159228348.157188,0.047751836591825546,0.039200167758862425
2023-11-28,0.0787919983267784,0.0810310021042823,0.0770369991660118,0.0810090005397796,618900678,0.0277995987151324,0.0452705692206332,DOGE-USD,0.0,0,0.0,0,0.0,0.0,0.3600000000000001,0.0,134023,1241080,,,11464283639.30914,0.04706227799396193,0.03985963249757441
2023-11-29,0.0810040012001991,0.0828419998288154,0.0797860026359558,0.0805929973721504,596560786,-0.0051485017750129,0.0435029851720306,DOGE-USD,0.0,0,0.0,0,0.0,0.0,0.4399999999999999,0.0,81108,950845,,,11441402262.311403,0.04602303676676713,0.040335029160308025
2023-11-30,0.0805990025401115,0.0842169970273971,0.0805369988083839,0.083416998386383,645565938,0.0344403416798894,0.0433258158737104,DOGE-USD,0.0,0,0.0,0,0.0,0.0,0.48,0.0,108350,895928,,,11839580643.374676,0.04515675829297041,0.04080321343674042
2023-12-01,0.0834140032529831,0.0849080011248588,0.0825039967894554,0.0838569998741149,519429439,0.0052608595133824,0.0365256121339353,DOGE-USD,0.0,0,0.0,0,0.0,0.0,0.4199999999999999,0.0,137165,799595,,,11919381220.069883,0.04293399211676073,0.041021637955880604
2023-12-02,0.083856001496315,0.0864809975028038,0.0835480019450187,0.08627899736166,462433973,0.0284732350104539,0.031383609469224,DOGE-USD,0.0,0,0.0,0,0.0,0.0,0.48,0.0,59982,524498,,,12259048236.31215,0.04000171837390669,0.041201992988074185
2023-12-03,0.0862829983234405,0.0871469974517822,0.0838899984955787,0.0856150016188621,550096321,-0.0077256803535246,0.031565667465414,DOGE-USD,0.0,0,0.0,0,0.0,0.0,0.4599999999999999,0.0,81748,1302618,,,12173621388.62405,0.03726073802286285,0.041337796064271334
2023-12-04,0.0856169983744621,0.0919540002942085,0.0854310020804405,0.0919400006532669,1364950607,0.0712756771338811,0.0341594631060673,DOGE-USD,0.0,0,0.0,0,0.0,0.0,0.48,0.0,92724,1456633,,,12996865991.266172,0.035392033609670186,0.04158002430871371
2023-12-05,0.0919210016727447,0.0950570032000541,0.0877199992537498,0.0942469984292984,1094480332,0.0247827814335578,0.0227563190839757,DOGE-USD,0.0,0,0.0,0,0.0,0.0,0.5,0.0,99677,503153,,,13373544353.420834,0.031278134251723246,0.04116806451967844
2023-12-06,0.0942479968070983,0.1054319962859153,0.0937739983201026,0.0948640033602714,2606846041,0.006525343469998,0.0211781231062866,DOGE-USD,0.0,0,0.0,0,0.0,0.0,0.4399999999999999,0.0,137218,544994,,,13489480484.585352,0.028208636446193508,0.04064587263366842
2023-12-07,0.0948909968137741,0.0979389995336532,0.093308001756668,0.0959199965000152,1229053762,0.0110701518436775,0.0210155601415642,DOGE-USD,0.0,0,0.0,0,0.0,0.0,0.4399999999999999,0.0,108189,874029,,,13586233400.7029,0.026135026580661545,0.04000462640315911
2023-12-08,0.0959139987826347,0.1034059971570968,0.0958250015974044,0.1014700010418891,1017561991,0.0562487243282679,0.0234809894790076,DOGE-USD,0.0,0,0.0,0,0.0,0.0,0.4399999999999999,0.0,155705,1495218,,,14409309214.944548,0.02451809098338027,0.03946072303421411
2023-12-09,0.1014960035681724,0.1046150028705596,0.0980409979820251,0.0985419973731041,1122491938,-0.0292803719803577,0.0267004192547661,DOGE-USD,0.0,0,0.0,0,0.0,0.0,0.4599999999999999,0.0,129491,1416510,,,14021069732.426449,0.02302628221312003,0.03883647351731876
2023-12-10,0.0985430032014846,0.1026360020041465,0.0971520021557807,0.1018010005354881,687190079,0.0325371059324456,0.0264493510054188,DOGE-USD,0.0,0,0.0,0,0.0,0.0,0.48,0.0,126349,1220165,,,14467749035.636524,0.023764888597408648,0.037911723248295164
2023-12-11,0.1018119975924491,0.1058370023965835,0.0918150022625923,0.0943839997053146,1973481451,-0.0756483683725091,0.0363906829720337,DOGE-USD,0.0,0,0.0,0,0.0,0.0,0.48,0.0,96587,819137,,,13392341498.363022,0.02680740057055807,0.03745294334834721
2023-12-12,0.0943820029497146,0.0974529981613159,0.0915419980883598,0.0938350036740303,948285886,-0.0058336042411313,0.0364415931864272,DOGE-USD,0.0,0,0.0,0,0.0,0.0,0.3400000000000001,0.0,157519,615120,,,13338471547.85443,0.029892607179530673,0.037099297248000714
2023-12-13,0.0938199982047081,0.0973820015788078,0.0906049981713295,0.0964279994368553,812811810,0.0272586501362867,0.0364004758354935,DOGE-USD,0.0,0,0.0,0,0.0,0.0,0.3,0.0,110404,736656,,,13729100669.208153,0.03247650445082785,0.03657512062637211
2023-12-14,0.0964270010590553,0.0986789986491203,0.0949750021100044,0.0982550010085105,742258598,0.0187695402702681,0.0359220675336135,DOGE-USD,0.0,0,0.0,0,0.0,0.0,0.4399999999999999,0.0,182900,1076930,,,13969592856.403118,0.03432083410659733,0.035964931227214975
2023-12-15,0.0982690006494522,0.0986109972000122,0.0929730013012886,0.0930040031671524,614056351,-0.0549236132690017,0.040108422258023,DOGE-USD,0.0,0,0.0,0,0.0,0.0,0.3999999999999999,0.0,147998,1080302,,,13226351744.811808,0.03705264835711817,0.035573570320309146
2023-12-16,0.0930040031671524,0.0970759987831115,0.0922849997878074,0.0970560014247894,498585277,0.042645609151301,0.0408532829111007,DOGE-USD,0.0,0,0.0,0,0.0,0.0,0.3400000000000001,0.0,193568,1289504,,,13744227483.590338,0.03794516834493157,0.035216938120449875
2023-12-17,0.0970619991421699,0.0975850000977516,0.0927750021219253,0.0930970013141632,482463968,-0.0416461717220284,0.0428411820813537,DOGE-USD,0.0,0,0.0,0,0.0,0.0,0.4599999999999999,0.0,199949,1300829,,,13210017033.786217,0.03922508612391686,0.03499802784038896
2023-12-18,0.0930840000510215,0.093650996685028,0.0871869996190071,0.0920360013842582,685264950,-0.0114621545665314,0.0386425745367579,DOGE-USD,0.0,0,0.0,0,0.0,0.0,0.3,0.0,182094,1270239,,,13091746033.909271,0.03967350586416975,0.03458907927319688
2023-12-19,0.0920379981398582,0.0933550000190734,0.0896070003509521,0.0902969986200332,482452805,-0.0190755979005226,0.0382613134468922,DOGE-USD,0.0,0,0.0,0,0.0,0.0,0.4599999999999999,0.0,275599,1305802,,,12827242483.072788,0.04014135504682549,0.03423527633062406
2023-12-20,0.0902900025248527,0.0932649970054626,0.0897440016269683,0.0914169996976852,596172199,0.0123272314845454,0.0384042546981076,DOGE-USD,0.0,0,0.0,0,0.0,0.0,0.48,0.0,152018,873240,,,12995456090.631754,0.03980052153484241,0.03392317112505471
2023-12-21,0.0914240032434463,0.0972110033035278,0.0908320024609565,0.0950039997696876,808685569,0.0384875400713495,0.0398299729539121,DOGE-USD,0.0,0,0.0,0,0.0,0.0,0.3999999999999999,0.0,143822,1085974,,,13522146558.25555,0.039595859543404686,0.03375621602423114
2023-12-22,0.0950070023536682,0.0954940021038055,0.0923309996724128,0.0951979979872703,622353150,0.0020399184776576,0.0363525280539719,DOGE-USD,0.0,0,0.0,0,0.0,0.0,0.48,0.0,178839,1259491,,,13543912876.685596,0.03829812873792833,0.03343924839606121
2023-12-23,0.0952000021934509,0.0952000021934509,0.0924270004034042,0.0935619994997978,357245326,-0.0173345992327353,0.0358645116341693,DOGE-USD,0.0,0,0.0,0,0.0,0.0,0.3999999999999999,0.0,166260,1191184,,,13328067536.917543,0.0377425161574106,0.03340919837334457
2023-12-24,0.09357900172472,0.0948019996285438,0.0913479998707771,0.0918949991464614,566323407,-0.0179777011687366,0.0344511433601053,DOGE-USD,0.0,0,0.0,0,0.0,0.0,0.4199999999999999,0.0,110114,1095944,,,13078276748.491056,0.03698048214005323,0.033548631732020995
2023-12-25,0.0919030010700225,0.0951670035719871,0.0915400013327598,0.0944489985704422,435910884,0.0274133795139673,0.0293609279117741,DOGE-USD,0.0,0,0.0,0,0.0,0.0,0.4599999999999999,0.0,123919,1073410,,,13456136342.855797,0.03517181678278653,0.033448416297764634
2023-12-26,0.0944470018148422,0.0944470018148422,0.0891219973564148,0.0913560017943382,567640365,-0.0332960093899714,0.0306722839284931,DOGE-USD,0.0,0,0.0,0,0.0,0.0,0.4199999999999999,0.0,99574,861676,,,13003261887.079395,0.03334027897770273,0.033289908153329446
2023-12-27,0.0913539975881576,0.0938640013337135,0.0899209976196289,0.09357900172472,423259088,0.024042036014338,0.0304481910334986,DOGE-USD,0.0,0,0.0,0,0.0,0.0,0.4599999999999999,0.0,136530,925079,,,13324799566.088013,0.03215941157360806,0.03363953869648958
2023-12-28,0.0935949981212616,0.0949010029435157,0.0913769975304603,0.0918840020895004,464569016,-0.0182790831079576,0.0300988840913654,DOGE-USD,0.0,0,0.0,0,0.0,0.0,0.4599999999999999,0.0,144036,959593,,,13101725789.774408,0.031006286065047288,0.03404502783217498
2023-12-29,0.0918830037117004,0.0930140018463134,0.0896669998764991,0.0910380035638809,407349878,-0.0092498937412827,0.026507801801058,DOGE-USD,0.0,0,0.0,0,0.0,0.0,0.3,0.0,64220,741234,,,12940306690.912212,0.02941761775323783,0.034294675180333786
2023-12-30,0.0910310000181198,0.0914010033011436,0.0895930007100105,0.0901480019092559,252403426,-0.0098242555827913,0.0232969062952906,DOGE-USD,0.0,0,0.0,0,0.0,0.0,0.3600000000000001,0.0,77432,758622,,,12839089034.86188,0.028204813429941127,0.034286307762892106
2023-12-31,0.0901459977030754,0.0908159986138343,0.0889709964394569,0.0894720032811164,259196255,-0.0075270214922645,0.0208560688466026,DOGE-USD,0.0,0,0.0,0,0.0,0.0,0.3400000000000001,0.0,74970,487810,,,12716020924.815811,0.026241570413563026,0.03402065547161195
2024-01-01,0.0894730016589164,0.0920460000634193,0.0888380035758018,0.0920239984989166,298687049,0.0281236324385586,0.0222346043763495,DOGE-USD,0.0,0,0.0,0,0.0,0.0,0.3,0.0,117940,593529,,,13101808015.237148,0.02459885308213321,0.03382907607938152
2024-01-02,0.0920369997620582,0.0943299978971481,0.0908040031790733,0.0912040024995803,496309010,-0.0089506131077611,0.0217255793554738,DOGE-USD,0.0,0,0.0,0,0.0,0.0,0.4199999999999999,0.0,95744,810135,,,12994437580.583908,0.022924192134954887,0.03316248046044698
2024-01-03,0.0912050008773803,0.0920929983258247,0.0810180008411407,0.0820420011878013,1026941029,-0.1058674574370565,0.0354779129261967,DOGE-USD,0.0,0,0.0,0,0.0,0.0,0.3999999999999999,0.0,102435,777438,,,11668934994.468594,0.02471821435998263,0.03311867681225469
2024-01-04,0.0820489972829818,0.0846550017595291,0.0815510004758834,0.0841310024261474,514230239,0.0251438109591291,0.0343005001859022,DOGE-USD,0.0,0,0.0,0,0.0,0.0,0.3600000000000001,0.0,96828,935431,,,11989837500.34444,0.02691893313810495,0.0330232233736369
2024-01-05,0.0841209962964057,0.084755003452301,0.0812349990010261,0.0827730000019073,547983037,-0.0162732154163289,0.0342092417354305,DOGE-USD,0.0,0,0.0,0,0.0,0.0,0.4399999999999999,0.0,116763,1055319,,,11790338384.753197,0.029589567715870534,0.032945367655537676
2024-01-06,0.0827730000019073,0.0827730000019073,0.078854002058506,0.0806640014052391,414677901,-0.0258095247680135,0.0344235232845049,DOGE-USD,0.0,0,0.0,0,0.0,0.0,0.3999999999999999,0.0,102208,1026463,,,11466293180.253736,0.03202735149750161,0.0326869631567414
2024-01-07,0.0806680023670196,0.0814739987254142,0.0776349976658821,0.0782250016927719,399266341,-0.0307030853170822,0.0347994108478742,DOGE-USD,0.0,0,0.0,0,0.0,0.0,0.4199999999999999,0.0,68525,330457,,,11103067303.331669,0.03464211779598169,0.032411787153867465
2024-01-08,0.0782279968261718,0.0817169994115829,0.074972003698349,0.0813700035214424,603250657,0.0394173867907507,0.035960578618108,DOGE-USD,0.0,0,0.0,0,0.0,0.0,0.4199999999999999,0.0,55288,112409,,,11603839027.625011,0.03473865093436395,0.03209903245099266
2024-01-09,0.0813779979944229,0.0821819975972175,0.077233001589775,0.0792630016803741,957047300,-0.0262352396259547,0.0356668037818581,DOGE-USD,0.0,0,0.0,0,0.0,0.0,0.52,0.0,55916,174159,,,11283129292.015152,0.03501191165355513,0.03196377014395176
2024-01-10,0.0792630016803741,0.0844499990344047,0.0766829997301101,0.0829420015215873,703451086,0.0453701283303933,0.0376401396691444,DOGE-USD,0.0,0,0.0,0,0.0,0.0,0.4599999999999999,0.0,67985,227357,,,11887668863.985256,0.03569809124029791,0.03193553497223595
2024-01-11,0.0829690024256706,0.0876350030303001,0.0823829993605613,0.0846249982714653,778110109,0.0200881241167062,0.0382740811645258,DOGE-USD,0.0,0,0.0,0,0.0,0.0,0.52,0.0,79945,175995,,,12058746834.357325,0.03646820281630209,0.03192961799343678
2024-01-12,0.0846149995923042,0.085377998650074,0.0782470032572746,0.080045998096466,607108203,-0.0556282651623992,0.04052901509428,DOGE-USD,0.0,0,0.0,0,0.0,0.0,0.4199999999999999,0.0,70392,269506,,,11404593744.29636,0.03761412366558325,0.03196139263618078
2024-01-13,0.0800359994173049,0.0812600031495094,0.0789059996604919,0.0809229984879493,297741301,0.0108966209360468,0.0408809358132375,DOGE-USD,0.0,0,0.0,0,0.0,0.0,0.28,0.0,56575,94208,,,11546044249.596996,0.03859819510460914,0.03216722935251103
2024-01-14,0.0809210017323494,0.0838240012526512,0.0798510015010833,0.0799779966473579,461353847,-0.0117465116453768,0.0408950262353106,DOGE-USD,0.0,0,0.0,0,0.0,0.0,0.1999999999999999,0.0,56719,90245,,,11418803964.714354,0.03964383959529964,0.03239588910710836
2024-01-15,0.0799689963459968,0.0816370025277137,0.0799689963459968,0.0811249986290931,272657967,0.014239603190663,0.0401121598664214,DOGE-USD,0.0,0,0.0,0,0.0,0.0,0.04,0.0,67263,105324,,,11573756117.155556,0.04013824363475505,0.032653208039213635
2024-01-16,0.081105999648571,0.0822670012712478,0.0799899995326995,0.0813099965453147,328206882,0.0022778096063617,0.0402254074252609,DOGE-USD,0.0,0,0.0,0,0.0,0.0,0.28,0.0,63362,97824,,,11611254720.705175,0.04052850888690207,0.0331470480170994
2024-01-17,0.0813120007514953,0.0815389975905418,0.0795560032129287,0.0805049985647201,261149597,-0.0099496912634725,0.0288796754966209,DOGE-USD,0.0,0,0.0,0,0.0,0.0,0.1999999999999999,0.0,66010,121745,,,11463261011.724014,0.03819864096737025,0.03306556581565066
2024-01-18,0.0805089995265007,0.0806929990649223,0.0773990005254745,0.0779870003461837,314880990,-0.0317771258969596,0.0288695014144148,DOGE-USD,0.0,0,0.0,0,0.0,0.0,0.26,0.0,66039,95845,,,11131075994.021862,0.03579635408760571,0.032993807196601395
2024-01-19,0.0779879987239837,0.0787049978971481,0.07515200227499,0.0785359963774681,351038255,0.0070149216929832,0.0288667571084715,DOGE-USD,0.0,0,0.0,0,0.0,0.0,0.02,0.0,73214,127178,,,11207904934.325642,0.03339070026223789,0.03293780142465168
2024-01-20,0.0785339996218681,0.0899979993700981,0.0782359987497329,0.0878880023956298,684267184,0.1125062315935533,0.04159883767901,DOGE-USD,0.0,0,0.0,0,0.0,0.0,0.04,0.0,65362,90936,,,12598027513.076723,0.03368803582475561,0.033623757600922226
2024-01-21,0.0878679975867271,0.0899920016527175,0.0848430022597312,0.0852729976177215,948730356,-0.0302054572981183,0.0415651462129338,DOGE-USD,0.0,0,0.0,0,0.0,0.0,0.1200000000000001,0.0,83704,416320,,,12161348332.774124,0.03395598358229019,0.03445413214263328
2024-01-22,0.0852919965982437,0.0854159966111183,0.0801950022578239,0.0803409963846206,673330908,-0.0595778156068354,0.043831324006721,DOGE-USD,0.0,0,0.0,0,0.0,0.0,0.1,0.0,59752,263667,,,11469403387.932585,0.03694631328431021,0.03549846192263866
2024-01-23,0.0803460031747818,0.081676997244358,0.0760909989476203,0.0781539976596832,555482191,-0.0275988217191186,0.0438934021352492,DOGE-USD,0.0,0,0.0,0,0.0,0.0,0.0,0.0,58782,451566,,,11146290875.6321,0.03995109342847709,0.03648295272986138
2024-01-24,0.0781570002436637,0.0805179998278617,0.0777499973773956,0.0790160000324249,372585722,0.0109691547822347,0.0420204140926431,DOGE-USD,0.0,0,0.0,0,0.0,0.0,-0.04,0.0,81162,917022,,,11280618009.874176,0.04258182482531141,0.03740544521791452
2024-01-25,0.0790160000324249,0.0791369974613189,0.0771929994225502,0.0779329985380172,292888748,-0.013800899574922,0.0415325973896231,DOGE-USD,0.0,0,0.0,0,0.0,0.0,0.04,0.0,113674,1058856,,,11123720661.30977,0.04256857676743403,0.03768065814807026
2024-01-26,0.0779289975762367,0.0802790001034736,0.0775950029492378,0.0799010023474693,283895680,0.024938933276925,0.0396488417385252,DOGE-USD,0.0,0,0.0,0,0.0,0.0,-0.02,0.0,143971,1072030,,,11398468632.86222,0.04218531587255231,0.03792376458228041
2024-01-27,0.0798830017447471,0.0806780010461807,0.0790710002183914,0.0801419988274574,212327663,0.0030116488740225,0.0395360098487448,DOGE-USD,0.0,0,0.0,0,0.0,0.0,0.1,0.0,76388,657576,,,11445636362.32044,0.04132625304095707,0.03816589040561288
2024-01-28,0.0801400020718574,0.0813700035214424,0.0782919973134994,0.0788130015134811,257196385,-0.0167220695124587,0.0396651702013219,DOGE-USD,0.0,0,0.0,0,0.0,0.0,0.08,0.0,83213,841726,,,11248482797.429192,0.040480606654171615,0.03840414708365001
2024-01-29,0.0788130015134811,0.0828720033168792,0.0782229974865913,0.0812890008091926,540569157,0.0309327389214617,0.0404041036798563,DOGE-USD,0.0,0,0.0,0,0.0,0.0,0.1,0.0,286949,955220,,,11644224663.588774,0.040157344571614254,0.038658905848740106
2024-01-30,0.0812999978661537,0.0821290016174316,0.0795930027961731,0.0797230005264282,333456483,-0.0194525830504698,0.0407319052885947,DOGE-USD,0.0,0,0.0,0,0.0,0.0,0.2199999999999999,0.0,212212,1034344,,,11411224325.764374,0.039997206151408574,0.03887578433376222
2024-01-31,0.0797289982438087,0.0802220031619072,0.0782139971852302,0.0787639990448951,307301569,-0.0121021053939796,0.040770670310205,DOGE-USD,0.0,0,0.0,0,0.0,0.0,0.1999999999999999,0.0,241963,1329658,,,11249761297.918957,0.04022157186574453,0.039107778266868905
2024-02-01,0.0787630006670951,0.0797789990901947,0.077684000134468,0.0793270021677017,257042563,0.0071225496532418,0.0398686061089846,DOGE-USD,0.0,0,0.0,0,0.0,0.0,0.26,0.0,217403,1891058,,,11320499449.482136,0.04028809111779249,0.03920907219595255
2024-02-02,0.0793270021677017,0.0799010023474693,0.0786219984292984,0.0792329981923103,220161256,-0.0011857213192681,0.039837097621818,DOGE-USD,0.0,0,0.0,0,0.0,0.0,0.26,0.0,564941,1799336,,,11322614593.782845,0.04032247660189171,0.039280118398556746
2024-02-03,0.0792339965701103,0.0794550031423568,0.0786160007119178,0.0786510035395622,152907809,-0.0073724669057146,0.0234560998606698,DOGE-USD,0.0,0,0.0,0,0.0,0.0,0.1999999999999999,0.0,372828,1580309,,,11250681347.43222,0.036932875838054414,0.038504076797029003
2024-02-04,0.0786579996347427,0.0798569992184639,0.0780839994549751,0.0782380029559135,183715849,-0.0052648881763263,0.0225644541428437,DOGE-USD,0.0,0,0.0,0,0.0,0.0,0.1999999999999999,0.0,374795,1752432,,,11177979918.200487,0.033299385608904206,0.03767150944837474
2024-02-05,0.0782480016350746,0.0800269991159439,0.077504001557827,0.0782200023531913,257544919,-0.0002301013970621,0.0165202930209214,DOGE-USD,0.0,0,0.0,0,0.0,0.0,0.1999999999999999,0.0,253797,1660178,,,11168909946.671637,0.028449310151047492,0.03656356702953886
2024-02-06,0.0782260000705719,0.0791810005903244,0.0777629986405372,0.07846599817276,192061699,0.0031399872465898,0.0147963641410102,DOGE-USD,0.0,0,0.0,0,0.0,0.0,0.28,0.0,321833,1724479,,,11225235727.732985,0.02343486175745261,0.03541284904202018
2024-02-07,0.0784699991345405,0.0802550017833709,0.0782110020518302,0.0801040008664131,213373948,0.02066041456338,0.0155425641419665,DOGE-USD,0.0,0,0.0,0,0.0,0.0,0.24,0.0,317889,1933601,,,11443387006.989525,0.018575955061482307,0.03429090162005225
2024-02-08,0.0801009982824325,0.0807550027966499,0.0796260014176368,0.0798709988594055,248828595,-0.0029129823055827,0.0150095070119319,DOGE-USD,0.0,0,0.0,0,0.0,0.0,0.32,0.0,318136,1851830,,,11424295529.792433,0.01688663649173473,0.03366043941620275
2024-02-09,0.0798700004816055,0.0820880010724067,0.0798700004816055,0.0815789997577667,333635097,0.021159054022603,0.0145884763181076,DOGE-USD,0.0,0,0.0,0,0.0,0.0,0.4399999999999999,0.0,262864,1893652,,,11662589414.73541,0.015291440926787508,0.03301130191182516
2024-02-10,0.0815820023417472,0.0820830017328262,0.0804620012640953,0.0814480036497116,212946391,-0.001607048323403,0.0146035016805239,DOGE-USD,0.0,0,0.0,0,0.0,0.0,0.48,0.0,233183,1783093,,,11648099951.850584,0.014908082658708011,0.032362972119645714
2024-02-11,0.081446997821331,0.0832789987325668,0.0809919983148574,0.0811930000782013,304303558,-0.0031357870970161,0.0137506810502813,DOGE-USD,0.0,0,0.0,0,0.0,0.0,0.4199999999999999,0.0,184642,1583563,,,11606075516.436253,0.01469894604056223,0.031097146818339864
2024-02-12,0.0812029987573623,0.08279699832201,0.0795679986476898,0.082345001399517,360525326,0.0140887178037404,0.0116058256791939,DOGE-USD,0.0,0,0.0,0,0.0,0.0,0.3999999999999999,0.0,101660,1309074,,,11765709821.035055,0.013911598348007708,0.029735359521351687
2024-02-13,0.0823329985141754,0.0829539969563484,0.0800620019435882,0.0810889974236488,419683385,-0.0153704701902307,0.011094588827642,DOGE-USD,0.0,0,0.0,0,0.0,0.0,0.5800000000000001,0.0,144851,1691899,,,11596108952.542707,0.013128614711149728,0.028247326104120826
2024-02-14,0.0810860022902488,0.0870030000805854,0.0805689990520477,0.0855429992079734,627015518,0.0534718791049183,0.0172016569580006,DOGE-USD,0.0,0,0.0,0,0.0,0.0,0.48,0.0,91214,1231619,,,12252494340.356983,0.01365125083912833,0.02703406495970043
2024-02-15,0.085546001791954,0.0880480036139488,0.0841659978032112,0.0853559970855712,636946996,-0.0021884528416479,0.0173301603528942,DOGE-USD,0.0,0,0.0,0,0.0,0.0,0.4399999999999999,0.0,91941,1127291,,,12213929656.302492,0.01419658257360239,0.025911780698802758
2024-02-16,0.0853549987077713,0.0878800004720687,0.0843930020928382,0.0860129967331886,441121282,0.0076676982448376,0.0172392428307578,DOGE-USD,0.0,0,0.0,0,0.0,0.0,0.4399999999999999,0.0,84290,1376375,,,12299134976.135828,0.014894294929697691,0.024807537309763424
2024-02-17,0.0860159993171691,0.086058996617794,0.0822049975395202,0.0835930034518241,347758664,-0.0285385838190887,0.019294980808815,DOGE-USD,0.0,0,0.0,0,0.0,0.0,0.52,0.0,91450,1530955,,,11972426233.416292,0.016432125955621914,0.023882361812958417
2024-02-18,0.0835919976234436,0.0856999978423118,0.083016999065876,0.0851659998297691,300251530,0.0186424653368148,0.0194357317111621,DOGE-USD,0.0,0,0.0,0,0.0,0.0,0.4399999999999999,0.0,154065,1612252,,,12200929859.0122,0.01810035453232593,0.022968712806704653
2024-02-19,0.0851690024137497,0.0905359983444213,0.0851209983229637,0.089477002620697,663450017,0.0493793471462425,0.0224839760727855,DOGE-USD,0.0,0,0.0,0,0.0,0.0,0.5,0.0,230806,1564131,,,12831465499.472109,0.01915681835528291,0.022187749437225728
2024-02-20,0.0894740000367164,0.0912080034613609,0.0835679993033409,0.0861430019140243,801458657,-0.0379729100393517,0.0258292113360017,DOGE-USD,0.0,0,0.0,0,0.0,0.0,0.4399999999999999,0.0,165544,1493178,,,12340681894.5309,0.020856628551904406,0.02152525433068688
2024-02-21,0.0861480012536048,0.0862220004200935,0.0821729972958564,0.0846149995923042,435393890,-0.0178971772226363,0.0262742146770493,DOGE-USD,0.0,0,0.0,0,0.0,0.0,0.56,0.0,190903,1601589,,,12104335146.14516,0.022663622921162706,0.020868086575616635
2024-02-22,0.0846050009131431,0.0854069963097572,0.0831649973988533,0.0840890035033226,362895383,-0.0062357476260841,0.0263555027638648,DOGE-USD,0.0,0,0.0,0,0.0,0.0,0.48,0.0,171979,1708151,,,12046816540.893112,0.024075727312172668,0.020212851687146625
2024-02-23,0.0840829983353614,0.0854829996824264,0.0830359980463981,0.0844340026378631,400189069,0.0040943919101047,0.0258749627172508,DOGE-USD,0.0,0,0.0,0,0.0,0.0,0.52,0.0,187361,1705256,,,12072401156.202148,0.025363573513390407,0.019576776987522363
2024-02-24,0.0844480022788047,0.0863199979066848,0.0839549973607063,0.0861560031771659,326082311,0.0201894480661804,0.0262644326051707,DOGE-USD,0.0,0,0.0,0,0.0,0.0,0.4399999999999999,0.0,190643,1819066,,,12334159536.84323,0.02611966481986745,0.018959837668583848
2024-02-25,0.0861570015549659,0.0867590010166168,0.0854609981179237,0.0860989987850189,290853292,-0.0006618605390689,0.0262209149189921,DOGE-USD,0.0,0,0.0,0,0.0,0.0,0.48,0.0,173244,1830109,,,12336473353.90674,0.026198005536465528,0.01908551108032577
2024-02-26,0.0860980004072189,0.0900240018963813,0.0842920020222663,0.0893889963626861,523738048,0.0374998085597441,0.0276104131710022,DOGE-USD,0.0,0,0.0,0,0.0,0.0,0.4399999999999999,0.0,184865,1851609,,,12828676887.427326,0.026465245235256108,0.019314872854332976
2024-02-27,0.0893879979848861,0.0999569967389106,0.088637001812458,0.0976710021495819,1806722811,0.0886071185610963,0.0345675219362215,DOGE-USD,0.0,0,0.0,0,0.0,0.0,0.5800000000000001,0.0,230698,1730645,,,14080389146.487242,0.028107649069727448,0.02013520144139207
2024-02-28,0.0976729989051818,0.1211159974336624,0.0946070030331611,0.1165819987654686,3843947641,0.1769901675083919,0.0552110037862703,DOGE-USD,0.0,0,0.0,0,0.0,0.0,0.6399999999999999,0.0,174769,1661581,,,16745639490.976912,0.03397485728353135,0.02197223051617662
2024-02-29,0.1164470016956329,0.1344089955091476,0.1118159964680671,0.1171849966049194,4799960277,0.005158976149696,0.0549967433095326,DOGE-USD,0.0,0,0.0,0,0.0,0.0,0.6000000000000001,0.0,195655,1755964,,,16938987215.618813,0.03972131942440373,0.023765602296520538
2024-03-01,0.1171670034527778,0.1452610045671463,0.1171670034527778,0.1395570039749145,3758449851,0.1747192948073393,0.0680677615926642,DOGE-USD,0.0,0,0.0,0,0.0,0.0,0.6000000000000001,0.0,179439,1872583,,,20096034861.52215,0.04809068875913815,0.026177341141099274
2024-03-02,0.139614000916481,0.150064006447792,0.136926993727684,0.1421210020780563,3588994520,0.018205673617953,0.065844176127581,DOGE-USD,0.0,0,0.0,0,0.0,0.0,0.6000000000000001,0.0,155171,1132321,,,20469076313.90185,0.05573744135045391,0.028507145677893527
2024-03-03,0.1421310007572174,0.1557590067386627,0.12984000146389,0.1538359969854354,4012808483,0.0792082582493292,0.066467688208299,DOGE-USD,0.0,0,0.0,0,0.0,0.0,0.6599999999999999,0.0,172808,1783166,,,22082238584.325897,0.062117474604869403,0.0308646087018833
2024-03-04,0.1539410054683685,0.1843069940805435,0.1487810015678405,0.1829099953174591,6348241494,0.1731071226811017,0.0751493337101148,DOGE-USD,0.0,0,0.0,0,0.0,0.0,0.6399999999999999,0.0,197617,1979819,,,26137064467.884056,0.06610514058963832,0.03365545655005755
2024-03-05,0.1828040033578872,0.2054390013217926,0.1301030069589615,0.1539369970560073,9368269377,-0.1724507943082235,0.0937091597587067,DOGE-USD,0.0,0,0.0,0,0.0,0.0,0.8,0.0,208938,2033990,,,22070736630.3056,0.07384762387947313,0.0373874262809445
2024-03-06,0.1539250016212463,0.1774329990148544,0.1469669938087463,0.1577910035848617,4497901224,0.024727986604414,0.092314102781926,DOGE-USD,0.0,0,0.0,0,0.0,0.0,0.5,0.0,209110,2102443,,,22702985316.772083,0.07869689211732549,0.041079222369775584
2024-03-07,0.1577910035848617,0.1620409935712814,0.1470820009708404,0.1581210047006607,3006036407,0.0020891971636074,0.0919883086703153,DOGE-USD,0.0,0,0.0,0,0.0,0.0,0.6399999999999999,0.0,213072,1908616,,,22508502170.9132,0.08392571862587235,0.04447861562942625
2024-03-08,0.1581200063228607,0.1754949986934662,0.1554940044879913,0.1653469949960708,3976624455,0.0446856732202983,0.0912328242129741,DOGE-USD,0.0,0,0.0,0,0.0,0.0,0.6200000000000001,0.0,152127,1754706,,,23704469969.569798,0.08887874582680737,0.04783782762306625
2024-03-09,0.1653469949960708,0.1845429986715316,0.1643189936876297,0.1790830045938491,3451219764,0.0798031455063085,0.0912258776800871,DOGE-USD,0.0,0,0.0,0,0.0,0.0,0.6799999999999999,0.0,148178,1605562,,,25718927514.904926,0.09209405462080182,0.05120085647985395
2024-03-10,0.1790830045938491,0.1795880049467086,0.1659519970417022,0.1699199974536895,2274489696,-0.052521688105768,0.0945331990634417,DOGE-USD,0.0,0,0.0,0,0.0,0.0,0.5800000000000001,0.0,153745,1798583,,,24249752854.79463,0.09225886248174883,0.05462077549142788
2024-03-11,0.1699070036411285,0.1825090050697326,0.1625670045614242,0.1819649934768676,2905703482,0.0684866019744861,0.0946170566046846,DOGE-USD,0.0,0,0.0,0,0.0,0.0,0.6399999999999999,0.0,149424,1534028,,,25963891053.91811,0.09271945324630056,0.05803810844113346
2024-03-12,0.1819729954004287,0.1831080019474029,0.1601040065288543,0.1681440025568008,2524942571,-0.078993554713452,0.099916280632521,DOGE-USD,0.0,0,0.0,0,0.0,0.0,0.6200000000000001,0.0,141378,1376057,,,24068945387.8564,0.09430504763874167,0.06155775864839416
2024-03-13,0.1681520044803619,0.1738509982824325,0.1657920032739639,0.1691579967737198,1930415342,0.0060124000065156,0.0918498848767186,DOGE-USD,0.0,0,0.0,0,0.0,0.0,0.6200000000000001,0.0,132305,1097385,,,24272257924.61053,0.09442845977149059,0.06455869835479039
2024-03-14,0.1691579967737198,0.1915120035409927,0.1656239926815033,0.1773300021886825,6047716785,0.0471792455110395,0.0917822902650721,DOGE-USD,0.0,0,0.0,0,0.0,0.0,0.76,0.0,112898,996824,,,25459961647.908207,0.09453974228848758,0.06753633815424596
2024-03-15,0.1773290038108825,0.1810570061206817,0.1540820002555847,0.1632310003042221,3584306802,-0.082846038511067,0.0860914485932005,DOGE-USD,0.0,0,0.0,0,0.0,0.0,0.6599999999999999,0.0,89666,808989,,,23385811642.52721,0.09285139219443934,0.07025160841921577
2024-03-16,0.1632310003042221,0.1649360060691833,0.1384190022945404,0.1423680037260055,2400392026,-0.136751096540466,0.0946554713719146,DOGE-USD,0.0,0,0.0,0,0.0,0.0,0.6200000000000001,0.0,106772,891838,,,20329643004.22915,0.09285907514788536,0.07337799517624594
2024-03-17,0.1423639953136444,0.1587609946727752,0.1377319991588592,0.1543300002813339,2329294453,0.0806778879403958,0.0947506898611878,DOGE-USD,0.0,0,0.0,0,0.0,0.0,0.5800000000000001,0.0,108707,896271,,,22077638625.930225,0.09182595699361872,0.07649100686970126
2024-03-18,0.1543280035257339,0.1543319970369339,0.1401969939470291,0.1436730027198791,1657669949,-0.0715532658139686,0.0821350864865494,DOGE-USD,0.0,0,0.0,0,0.0,0.0,0.54,0.0,83026,675118,,,20710853772.256447,0.08988299731558487,0.07903256012277206
2024-03-19,0.1436730027198791,0.145014002919197,0.1256300061941146,0.1287280023097992,2946516944,-0.109838233821606,0.074371781026567,DOGE-USD,0.0,0,0.0,0,0.0,0.0,0.5800000000000001,0.0,79296,300784,,,18429736075.322285,0.08640089546788385,0.08115807684347955
2024-03-20,0.1287350058555603,0.1528680026531219,0.1234529986977577,0.1521860063076019,3190645446,0.1674018293120618,0.0883647003549865,DOGE-USD,0.0,0,0.0,0,0.0,0.0,0.48,0.0,60875,304857,,,21743245771.96261,0.08685554582024105,0.08360340313524159
2024-03-21,0.1521860063076019,0.1587589979171753,0.1471890062093734,0.1552920043468475,2581283877,0.0202037452068137,0.0885707655966616,DOGE-USD,0.0,0,0.0,0,0.0,0.0,0.56,0.0,58936,243742,,,22252389600.18736,0.08563860466519045,0.08511975594480482
2024-03-22,0.1553000062704086,0.164902001619339,0.1455910056829452,0.1527030020952224,2672448713,-0.0168123715010574,0.0876352770228262,DOGE-USD,0.0,0,0.0,0,0.0,0.0,0.5,0.0,58980,349909,,,21844808720.12901,0.08421552209751812,0.08660332565904545
2024-03-23,0.1527030020952224,0.1746190041303634,0.151855006814003,0.1617680042982101,2912614106,0.0576683644857198,0.0861616524773247,DOGE-USD,0.0,0,0.0,0,0.0,0.0,0.4599999999999999,0.0,59853,273719,,,23419139095.295757,0.0850208352956732,0.08742577524471183
2024-03-24,0.1617680042982101,0.1799000054597854,0.1617159992456436,0.1764529943466186,2848346890,0.0868912833176496,0.0885517119521321,DOGE-USD,0.0,0,0.0,0,0.0,0.0,0.48,0.0,62832,323142,,,25377687155.26708,0.0878568214807862,0.08845793596400961
2024-03-25,0.1764529943466186,0.1859990060329437,0.1701660007238388,0.175366997718811,2654389972,-0.0061736120832112,0.0865093164365247,DOGE-USD,0.0,0,0.0,0,0.0,0.0,0.5,0.0,68122,328432,,,25223532841.925957,0.08748574469709385,0.0893689190652926
2024-03-26,0.175366997718811,0.1860570013523101,0.1749240010976791,0.1824859976768493,2877194654,0.0397925371825895,0.0842398319646859,DOGE-USD,0.0,0,0.0,0,0.0,0.0,0.6200000000000001,0.0,68402,393451,,,26176752370.086506,0.08661955797069872,0.08978212353140945
2024-03-27,0.1824859976768493,0.1912849992513656,0.1798429936170578,0.1903299987316131,4055908716,0.0420859560148783,0.0847951616357229,DOGE-USD,0.0,0,0.0,0,0.0,0.0,0.6599999999999999,0.0,66086,445360,,,27167044360.36328,0.08605153489327805,0.08937694179854656
2024-03-28,0.1903170049190521,0.2265810072422027,0.1895730048418045,0.2200559973716735,6553128323,0.1451226464362643,0.0919750519731787,DOGE-USD,0.0,0,0.0,0,0.0,0.0,0.6000000000000001,0.0,89135,653798,,,31566303632.39089,0.08721421479244884,0.08936153039814897
2024-03-29,0.2200559973716735,0.2243999987840652,0.2088100016117096,0.2134909927845001,3493454859,-0.0302874040560831,0.0886688080259523,DOGE-USD,0.0,0,0.0,0,0.0,0.0,0.5800000000000001,0.0,73827,371922,,,30584345370.879417,0.08723763400721289,0.08921064400522337
2024-03-30,0.2134239971637725,0.2165160030126571,0.1978469938039779,0.1994339972734451,2403795719,-0.0681113025602904,0.0809452244858376,DOGE-USD,0.0,0,0.0,0,0.0,0.0,0.5,0.0,61350,348104,,,28694708598.23537,0.08612481561707547,0.08874302583580808
2024-03-31,0.199413001537323,0.22393299639225,0.1993339955806732,0.2200639992952346,2414867092,0.0984350690794409,0.0820321917256852,DOGE-USD,0.0,0,0.0,0,0.0,0.0,0.5,0.0,66409,313195,,,31641611568.53597,0.08568328756927532,0.0883251310196989
2024-04-01,0.2200649976730346,0.2200679928064346,0.1981080025434494,0.2055699974298477,3408206742,-0.068131813899862,0.0817258330355518,DOGE-USD,0.0,0,0.0,0,0.0,0.0,0.5800000000000001,0.0,89257,357729,,,29546922810.76532,0.08506942184924111,0.08774297801843117
2024-04-02,0.2055750042200088,0.2055770009756088,0.1804679930210113,0.1823039948940277,3855758084,-0.1201110007450421,0.0830703459747436,DOGE-USD,0.0,0,0.0,0,0.0,0.0,0.5800000000000001,0.0,73333,201537,,,26326235894.404087,0.0832884806495541,0.08721812753525203
2024-04-03,0.1823019981384277,0.187402993440628,0.1705060005187988,0.1755470037460327,3112605374,-0.0377687606307444,0.0735392826626847,DOGE-USD,0.0,0,0.0,0,0.0,0.0,0.4199999999999999,0.0,60004,144535,,,25288928498.700974,0.08026257557690056,0.08601917308207765
2024-04-04,0.1755470037460327,0.1880999952554702,0.1722619980573654,0.1799259930849075,2153623709,0.0246387821575468,0.0735952212387028,DOGE-USD,0.0,0,0.0,0,0.0,0.0,0.3999999999999999,0.0,55503,182699,,,25799783850.27165,0.0787925749274736,0.08518941564398602
2024-04-05,0.1799259930849075,0.1804800033569336,0.1680369973182678,0.1775179952383041,1914940616,-0.0134736314158274,0.0735052039512103,DOGE-USD,0.0,0,0.0,0,0.0,0.0,0.5800000000000001,0.0,58631,235843,,,25557739963.28165,0.07708717737257861,0.08435863899335595
2024-04-06,0.1775210052728653,0.1876859962940216,0.1767899990081787,0.1859509944915771,1620171667,0.0464111831224166,0.0730124617634837,DOGE-USD,0.0,0,0.0,0,0.0,0.0,0.5,0.0,55260,270559,,,26764835301.305862,0.07534450311816501,0.08376413959200518
2024-04-07,0.1859489977359771,0.2048110067844391,0.1858029961585998,0.1991080045700073,2643420654,0.0683642455056226,0.0716661341873657,DOGE-USD,0.0,0,0.0,0,0.0,0.0,0.56,0.0,62100,528212,,,28647093307.054745,0.07306366076068942,0.08271916971998024
2024-04-08,0.1991059929132461,0.2086900025606155,0.1958850026130676,0.2026399970054626,2106344172,0.0175835768868087,0.0715698955249632,DOGE-USD,0.0,0,0.0,0,0.0,0.0,0.52,0.0,69797,278400,,,29167834144.932007,0.07266978333314514,0.08166549725015185
2024-04-09,0.2026399970054626,0.203243002295494,0.1863609999418258,0.1890009939670562,2078490138,-0.0696787167850302,0.0740402763181221,DOGE-USD,0.0,0,0.0,0,0.0,0.0,0.6000000000000001,0.0,59931,272224,,,27085462167.16392,0.07275879434902899,0.08129755133340515
2024-04-10,0.1890009939670562,0.201675996184349,0.1817619949579239,0.19998399913311,2662343295,0.056485084882302,0.0747291943831735,DOGE-USD,0.0,0,0.0,0,0.0,0.0,0.56,0.0,56097,340410,,,28751999157.93556,0.07300359243542164,0.08131379739506908
2024-04-11,0.19998399913311,0.2031199932098388,0.1904419958591461,0.1940110027790069,2179869259,-0.0303224862022902,0.0629396572271195,DOGE-USD,0.0,0,0.0,0,0.0,0.0,0.52,0.0,57587,420269,,,27888185609.287903,0.0709890315281488,0.08015811361652968
2024-04-12,0.1940110027790069,0.2004279941320419,0.1625130027532577,0.1745969951152801,3611512055,-0.1054344396605885,0.0679035759820943,DOGE-USD,0.0,0,0.0,0,0.0,0.0,0.5800000000000001,0.0,60453,296339,,,25074200055.4143,0.07023651988709452,0.07921869590677662
2024-04-13,0.1746120005846023,0.1755719929933548,0.1321949958801269,0.1531679928302765,4750917199,-0.1309451217557336,0.0735693596426245,DOGE-USD,0.0,0,0.0,0,0.0,0.0,0.4399999999999999,0.0,59088,332824,,,22128190257.69037,0.07063641271062678,0.07857933602585834
2024-04-14,0.1531679928302765,0.1644860059022903,0.1444820016622543,0.1622850000858307,3723264167,0.0578187379420779,0.0692631844394558,DOGE-USD,0.0,0,0.0,0,0.0,0.0,0.4399999999999999,0.0,55394,389326,,,23437396249.416767,0.0696809943348935,0.07781122384231885
2024-04-15,0.1622850000858307,0.1688899993896484,0.1508840024471283,0.1613689959049224,3604719833,-0.0056604067182894,0.068047193723373,DOGE-USD,0.0,0,0.0,0,0.0,0.0,0.48,0.0,60353,552375,,,23253157711.82008,0.0683445942029334,0.07687920028646616
2024-04-16,0.1613689959049224,0.1622370034456253,0.1469080001115799,0.1559890061616897,2473810383,-0.0339081111745713,0.0616248547481226,DOGE-USD,0.0,0,0.0,0,0.0,0.0,0.3,0.0,64272,672195,,,22513797282.18666,0.06808163370713402,0.0757480883915388
2024-04-17,0.1559900045394897,0.1585109978914261,0.1448359936475753,0.1476050019264221,1972027907,-0.0552457314611068,0.0623782982453332,DOGE-USD,0.0,0,0.0,0,0.0,0.0,0.3400000000000001,0.0,57734,714080,,,21254460901.69585,0.06697657815978182,0.07475438231338641
2024-04-18,0.1476060003042221,0.1537169963121414,0.14130699634552,0.1524479985237121,1947482132,0.0322837446263347,0.062759623068841,DOGE-USD,0.0,0,0.0,0,0.0,0.0,0.1399999999999999,0.0,66239,624296,,,21900279216.93404,0.06481463084502512,0.07375276692398268
2024-04-19,0.1524479985237121,0.1569059938192367,0.1396439969539642,0.1562680006027221,2186567402,0.0247489412295758,0.0635098622641559,DOGE-USD,0.0,0,0.0,0,0.0,0.0,0.32,0.0,58343,663071,,,22284460520.603065,0.06366396640996512,0.07245889466448165
2024-04-20,0.1562680006027221,0.1648419946432113,0.1509419977664947,0.1628270000219345,1649509831,0.0411158017793164,0.063168633255877,DOGE-USD,0.0,0,0.0,0,0.0,0.0,0.32,0.0,55787,831076,,,23421675549.000347,0.06268825431646594,0.0712997958112964
2024-04-21,0.1628260016441345,0.1654780060052871,0.1556060016155243,0.1582600027322769,1293159346,-0.0284490201722652,0.0591628561822968,DOGE-USD,0.0,0,0.0,0,0.0,0.0,0.4399999999999999,0.0,53605,667473,,,22782869441.14336,0.06219585460330077,0.07030968816113546
2024-04-22,0.1582590043544769,0.1633609980344772,0.1568430066108703,0.1611939966678619,1251987179,0.0183693204190123,0.0591979372891324,DOGE-USD,0.0,0,0.0,0,0.0,0.0,0.4599999999999999,0.0,56728,566259,,,23260662351.2312,0.061559782412060615,0.06927176750492851
2024-04-23,0.1611939966678619,0.1628679931163787,0.1571689993143081,0.1599439978599548,1047860346,-0.0077848472749752,0.0571854181299248,DOGE-USD,0.0,0,0.0,0,0.0,0.0,0.4199999999999999,0.0,60928,757136,,,23015369007.48572,0.060444941424277365,0.0681562941001273
2024-04-24,0.1599439978599548,0.1640940010547638,0.1495289951562881,0.1513539999723434,1524749099,-0.0552022768464008,0.054641881176069,DOGE-USD,0.0,0,0.0,0,0.0,0.0,0.4399999999999999,0.0,57773,618380,,,21752439505.07396,0.058671345206659994,0.06686409115473299
2024-04-25,0.1513559967279434,0.1541810035705566,0.1477530002593994,0.1513939946889877,1078441792,0.0002642112752666,0.054804385881316,DOGE-USD,0.0,0,0.0,0,0.0,0.0,0.4399999999999999,0.0,55346,617778,,,21835566601.35761,0.05699849573174779,0.06601250493739806
2024-04-26,0.1513939946889877,0.1517270058393478,0.1470610052347183,0.1478369981050491,877813549,-0.0237753723565789,0.0487629438375232,DOGE-USD,0.0,0,0.0,0,0.0,0.0,0.3999999999999999,0.0,54959,592766,,,21285455050.7532,0.05491851326279307,0.06488376505552626
2024-04-27,0.1478369981050491,0.1493639945983886,0.1432989984750747,0.1477160006761551,847646783,-0.0008187867228743,0.0346953886238551,DOGE-USD,0.0,0,0.0,0,0.0,0.0,0.3400000000000001,0.0,52942,641665,,,21281218339.33209,0.050018003529737606,0.06311968254064647
2024-04-28,0.1477160006761551,0.1509599983692169,0.1463010013103485,0.146698996424675,638063324,-0.0069086718177028,0.0300247785009588,DOGE-USD,0.0,0,0.0,0,0.0,0.0,0.3,0.0,53972,481739,,,21132404422.7026,0.044585875603944405,0.06116569693780443
2024-04-29,0.146698996424675,0.147949993610382,0.1399050056934356,0.1434919983148574,1030579266,-0.0221035713483685,0.0302799329952757,DOGE-USD,0.0,0,0.0,0,0.0,0.0,0.3400000000000001,0.0,49912,292289,,,20729793073.386356,0.03971348596778575,0.05928450597452761
2024-04-30,0.1434919983148574,0.1459019929170608,0.1297619938850402,0.1333270072937011,1342359702,-0.0734744607558399,0.0344099898903056,DOGE-USD,0.0,0,0.0,0,0.0,0.0,0.3400000000000001,0.0,54376,179939,,,19190078746.799995,0.035634606769583674,0.057595419354770444
2024-05-01,0.1333270072937011,0.1337240040302276,0.1203479990363121,0.1301340013742447,2135887034,-0.0242401126483144,0.0322904690206279,DOGE-USD,0.0,0,0.0,0,0.0,0.0,0.08,0.0,65762,376017,,,18713921123.208,0.032340111806204615,0.055697700841247984
2024-05-02,0.1301340013742447,0.1342539936304092,0.1242270022630691,0.1321060061454773,1308884973,0.0150399777836125,0.0308933179931685,DOGE-USD,0.0,0,0.0,0,0.0,0.0,-0.14,0.0,67370,430519,,,19087411146.60517,0.03157969768006729,0.05370516100533866
2024-05-03,0.1321090012788772,0.1477620005607605,0.1314219981431961,0.1461459994316101,1266276714,0.1010014409998621,0.0421907204961708,DOGE-USD,0.0,0,0.0,0,0.0,0.0,-0.04,0.0,57225,253895,,,21123098487.362293,0.0340128860791097,0.05276202751756827
2024-05-04,0.1461420059204101,0.1690919995307922,0.1461060047149658,0.1601569950580597,2791346636,0.0915484351136699,0.0481441277397909,DOGE-USD,0.0,0,0.0,0,0.0,0.0,0.3400000000000001,0.0,53895,324783,,,23084194441.06105,0.03758572502801273,0.05186387077928174
2024-05-05,0.1601569950580597,0.1631300002336502,0.1549780070781707,0.1610680073499679,1506950274,0.0056721284307299,0.0475171221796089,DOGE-USD,0.0,0,0.0,0,0.0,0.0,0.3799999999999999,0.0,52124,224726,,,23179070851.028828,0.04020715148587339,0.0506796781673265
2024-05-06,0.1610659956932068,0.1689410060644149,0.154445007443428,0.1566080003976822,1747675308,-0.0280808113370733,0.0478508016042124,DOGE-USD,0.0,0,0.0,0,0.0,0.0,0.4199999999999999,0.0,51632,210249,,,22586913641.39171,0.04331921800259029,0.049706388038451794
2024-05-07,0.1566080003976822,0.1598020046949386,0.149737998843193,0.150189995765686,1139969527,-0.0418447393351139,0.0490158281077693,DOGE-USD,0.0,0,0.0,0,0.0,0.0,0.3600000000000001,0.0,64612,234601,,,21674165496.59528,0.04694372002551045,0.04884132596501527
2024-05-08,0.150189995765686,0.1519210040569305,0.1422110050916671,0.1432940065860748,1159774226,-0.0470026213072972,0.0484085395355622,DOGE-USD,0.0,0,0.0,0,0.0,0.0,0.28,0.0,53092,49933,,,20608311575.71914,0.04818728383338873,0.04824058436444434
2024-05-09,0.1432940065860748,0.1539829969406128,0.1431580036878585,0.1521169990301132,1093467705,0.0597514454998431,0.0513258604339255,DOGE-USD,0.0,0,0.0,0,0.0,0.0,0.1,0.0,52345,151166,,,21888139430.583897,0.04882363037221565,0.04773820082756217
2024-05-10,0.1521169990301132,0.1530479937791824,0.1425250023603439,0.1440310031175613,1056928481,-0.0546213793870719,0.0530730481070059,DOGE-USD,0.0,0,0.0,0,0.0,0.0,0.32,0.0,53079,430797,,,20777925906.67001,0.04993481555769505,0.04729790196566057
2024-05-11,0.1440310031175613,0.1460369974374771,0.1427070051431656,0.1429239958524704,533516788,-0.0077155844000614,0.0530946141939672,DOGE-USD,0.0,0,0.0,0,0.0,0.0,0.06,0.0,47780,328458,,,20638276216.80456,0.050983578075646005,0.04682448159883381
2024-05-12,0.1429249942302703,0.1443890035152435,0.1400160044431686,0.1412310004234314,601107964,-0.0119161407272129,0.0531444888719762,DOGE-USD,0.0,0,0.0,0,0.0,0.0,0.1200000000000001,0.0,53278,169083,,,20366685800.34467,0.05180931022848739,0.04636883867229287
2024-05-13,0.1412310004234314,0.1568250060081482,0.1360429972410202,0.1484339982271194,1918835792,0.0497435523570662,0.0545776784051036,DOGE-USD,0.0,0,0.0,0,0.0,0.0,0.1399999999999999,0.0,56481,136029,,,21425724472.88527,0.05304313800239567,0.04616042150060227
2024-05-14,0.1484329998493194,0.1547649949789047,0.1443610042333603,0.1454190015792846,1899294334,-0.0205211616344038,0.0506037242389963,DOGE-USD,0.0,0,0.0,0,0.0,0.0,0.32,0.0,55620,291257,,,20932824916.56573,0.05289871076340983,0.045769775452868804
2024-05-15,0.1454190015792846,0.1569889932870865,0.1454000025987625,0.1555259972810745,1767635344,0.0671936613074133,0.0522463580423014,DOGE-USD,0.0,0,0.0,0,0.0,0.0,0.28,0.0,51536,52966,,,22475499286.35977,0.05273337275046893,0.0455452727216132
2024-05-16,0.1555290073156356,0.1590249985456466,0.149069994688034,0.1496369987726211,1374063837,-0.0386005497715888,0.0540014591431725,DOGE-USD,0.0,0,0.0,0,0.0,0.0,0.3999999999999999,0.0,55290,297874,,,21600402681.548046,0.05291474174030999,0.045516162629208816
2024-05-17,0.1496369987726211,0.1563639938831329,0.1495169997215271,0.1555629968643188,1112782871,0.0388384211467588,0.048076648128674,DOGE-USD,0.0,0,0.0,0,0.0,0.0,0.48,0.0,58691,272368,,,22470032564.41489,0.05190117359164955,0.04521035636772509
2024-05-18,0.1555629968643188,0.1568720042705536,0.1516570001840591,0.1530770063400268,771261615,-0.0161096699212083,0.0411924604569934,DOGE-USD,0.0,0,0.0,0,0.0,0.0,0.4599999999999999,0.0,54788,340624,,,22094253697.75892,0.04922413000202751,0.04486624348679191
2024-05-19,0.1530770063400268,0.1559640020132064,0.1479569971561432,0.1491069942712783,786457296,-0.0262769735814229,0.0415448589941243,DOGE-USD,0.0,0,0.0,0,0.0,0.0,0.4399999999999999,0.0,54447,281329,,,21505472488.552586,0.04741235695305311,0.045177583049076875
2024-05-20,0.1491069942712783,0.1659449934959411,0.1480990052223205,0.1656879931688308,1512244150,0.1054423299394827,0.0503569015459501,DOGE-USD,0.0,0,0.0,0,0.0,0.0,0.3999999999999999,0.0,57339,198833,,,23795180609.193783,0.04703446565378285,0.04610177046021285
2024-05-21,0.1656879931688308,0.1726299971342086,0.1609050035476684,0.1704739928245544,2792364765,0.0284762897908796,0.0489160477667749,DOGE-USD,0.0,0,0.0,0,0.0,0.0,0.52,0.0,57755,101338,,,24555169925.11691,0.04601738337850333,0.04694886658619008
2024-05-22,0.1704739928245544,0.1740950047969818,0.1622440069913864,0.1661629974842071,1978486152,-0.0256135311844028,0.0473393466181674,DOGE-USD,0.0,0,0.0,0,0.0,0.0,0.52,0.0,54914,67477,,,23945813093.3334,0.04586992307640201,0.04753656461927471
2024-05-23,0.1661629974842071,0.1691419929265976,0.1534029990434646,0.1596129983663559,2243999960,-0.0402170940536187,0.046888699663186,DOGE-USD,0.0,0,0.0,0,0.0,0.0,0.52,0.0,49361,66342,,,23002959916.68152,0.04700917091764052,0.048200120557572806
2024-05-24,0.1596129983663559,0.1727010011672973,0.1561609953641891,0.1638029962778091,3012763365,0.0259123384483893,0.0440737465348042,DOGE-USD,0.0,0,0.0,0,0.0,0.0,0.48,0.0,51188,115853,,,23637135491.462097,0.047514948425776506,0.04879923094582897
2024-05-25,0.1638039946556091,0.1740860044956207,0.1629589945077896,0.1739600002765655,1489582490,0.0601609257732761,0.045771858878412,DOGE-USD,0.0,0,0.0,0,0.0,0.0,0.52,0.0,50122,73096,,,24864977123.2108,0.04659793989226889,0.048962009963203566
2024-05-26,0.1739609986543655,0.1745499968528747,0.1657080054283142,0.1662199944257736,1359410362,-0.0455132107296132,0.0480607220946206,DOGE-USD,0.0,0,0.0,0,0.0,0.0,0.5,0.0,48045,31906,,,24009818497.852783,0.046426874757838035,0.048958218797514025
2024-05-27,0.1662199944257736,0.1730359941720962,0.1643649935722351,0.1690900027751922,1404874711,0.0171189553732061,0.0468465031387279,DOGE-USD,0.0,0,0.0,0,0.0,0.0,0.48,0.0,52770,80592,,,24402518878.694183,0.04632830606195013,0.048927736113837605
2024-05-28,0.1690900027751922,0.1693300008773803,0.1617960035800933,0.1649619936943054,1410223091,-0.0247160278415257,0.0470648644479349,DOGE-USD,0.0,0,0.0,0,0.0,0.0,0.4399999999999999,0.0,47807,39234,,,23861334136.24484,0.04636353901889991,0.04889201169764317
2024-05-29,0.1649640053510666,0.1702689975500106,0.1622200012207031,0.1636949926614761,1525668595,-0.007710210718636,0.0441059191483382,DOGE-USD,0.0,0,0.0,0,0.0,0.0,0.4399999999999999,0.0,56766,69041,,,23684788263.427784,0.04636997354160671,0.048668834017669034
2024-05-30,0.1636960059404373,0.1654070019721985,0.1565950065851211,0.1595440059900283,1452218159,-0.0256851116070919,0.0432814336992328,DOGE-USD,0.0,0,0.0,0,0.0,0.0,0.4599999999999999,0.0,49244,29035,,,23054371651.09601,0.04587188850577087,0.048435783752381334
2024-05-31,0.1595389991998672,0.1622260063886642,0.1549070030450821,0.1591359972953796,945969518,-0.0025606182589254,0.042160432763444,DOGE-USD,0.0,0,0.0,0,0.0,0.0,0.4599999999999999,0.0,52553,77014,,,22961673643.202534,0.044691830639535544,0.04801917340372308
2024-06-01,0.1591359972953796,0.161322996020317,0.158390998840332,0.1601999998092651,496035603,0.00666386790698,0.0418619424493577,DOGE-USD,0.0,0,0.0,0,0.0,0.0,0.4399999999999999,0.0,47111,47583,,,23150238243.334,0.0436949185016615,0.0475095776920118
2024-06-02,0.1601999998092651,0.1611939966678619,0.1549600064754486,0.1572010070085525,585756299,-0.0188977475622429,0.0415065324217699,DOGE-USD,0.0,0,0.0,0,0.0,0.0,0.4599999999999999,0.0,52615,39152,,,22707221036.038223,0.042583252096428506,0.04698284670236647
2024-06-03,0.1572010070085525,0.1632110029458999,0.156027004122734,0.158281996846199,929987302,0.0068529464660062,0.0295809290791234,DOGE-USD,0.0,0,0.0,0,0.0,0.0,0.4599999999999999,0.0,53123,78496,,,22881803055.212383,0.03967825408258555,0.04591177580269134
2024-06-04,0.158281996846199,0.1617439985275268,0.157162994146347,0.1614499986171722,760727969,0.0198172562918138,0.0289499709632115,DOGE-USD,0.0,0,0.0,0,0.0,0.0,0.4599999999999999,0.0,51072,56148,,,23331314254.605858,0.03681196153538129,0.044746880009878066
2024-06-05,0.1614499986171722,0.1647240072488784,0.1612920016050338,0.163234993815422,820053785,0.0109953537940886,0.0284859788265789,DOGE-USD,0.0,0,0.0,0,0.0,0.0,0.5,0.0,51451,113647,,,23601897710.26093,0.03407707074800827,0.04374152794567727
2024-06-06,0.163234993815422,0.1651699990034103,0.1586569994688034,0.1601590067148208,893170339,-0.0190237287161803,0.0267683710215123,DOGE-USD,0.0,0,0.0,0,0.0,0.0,0.56,0.0,49432,107016,,,23174963546.331585,0.03105835646243919,0.042583437626550494
2024-06-07,0.1601579934358596,0.1620189994573593,0.1431179940700531,0.1483030021190643,1581768204,-0.0769096212241101,0.0326446231925164,DOGE-USD,0.0,0,0.0,0,0.0,0.0,0.54,0.0,50631,109604,,,21427664671.165573,0.029285974616588488,0.04161267235606613
2024-06-08,0.1482959985733032,0.1485829949378967,0.1440100073814392,0.1460590064525604,872877278,-0.0152467986481754,0.0262968637146415,DOGE-USD,0.0,0,0.0,0,0.0,0.0,0.4399999999999999,0.0,46121,95057,,,21099165873.020206,0.028629161543692105,0.04062268215542829
2024-06-09,0.1460449993610382,0.1490889936685562,0.1451999992132187,0.1467739939689636,656320138,0.004883253842175,0.0248369797535285,DOGE-USD,0.0,0,0.0,0,0.0,0.0,0.5,0.0,44382,74106,,,21234812240.768448,0.02780656330175551,0.039879251214361706
2024-06-10,0.1467670053243637,0.1478199958801269,0.1434669941663742,0.1447400003671646,752565082,-0.0139549157123292,0.0236964537465145,DOGE-USD,0.0,0,0.0,0,0.0,0.0,0.4399999999999999,0.0,46633,94619,,,20931129687.34452,0.02684865828574263,0.039067960066743075
2024-06-11,0.1447419971227646,0.1450469940900802,0.1341030001640319,0.1381040066480636,1271975142,-0.046931959322357,0.0253631658292511,DOGE-USD,0.0,0,0.0,0,0.0,0.0,0.48,0.0,50536,84602,,,19985735065.20366,0.026567617247290388,0.03793188117052948
2024-06-12,0.1380970031023025,0.1503250002861023,0.1350300014019012,0.1461959928274154,1274848212,0.0569410654464986,0.0314866842513185,DOGE-USD,0.0,0,0.0,0,0.0,0.0,0.4399999999999999,0.0,50259,294221,,,21111760480.45539,0.026336029459050808,0.037139637374372376
2024-06-13,0.1461970061063766,0.146353006362915,0.1403809934854507,0.1410599946975708,790003626,-0.0357628439086941,0.0320307344150017,DOGE-USD,0.0,0,0.0,0,0.0,0.0,0.3999999999999999,0.0,50874,324179,,,20426223086.33195,0.027482803599122845,0.03644379136513757
2024-06-14,0.1410460025072097,0.143213003873825,0.1321640014648437,0.1349699944257736,859600884,-0.044132803968701,0.0333097390887081,DOGE-USD,0.0,0,0.0,0,0.0,0.0,0.48,0.0,46820,89427,,,19519260094.41787,0.029177355466158766,0.03582656588447948
2024-06-15,0.1349750012159347,0.1372770071029663,0.1343580037355423,0.1365659981966018,476136328,0.0117555108253331,0.0335533334369462,DOGE-USD,0.0,0,0.0,0,0.0,0.0,0.48,0.0,47788,173022,,,19776702847.837494,0.031148731404245112,0.0353483652891223
2024-06-16,0.1365759968757629,0.1373469978570938,0.1348190009593963,0.1369370073080063,385407083,0.0027130183691154,0.0336787869050329,DOGE-USD,0.0,0,0.0,0,0.0,0.0,0.4199999999999999,0.0,43924,93879,,,19818297380.917576,0.03281185561940146,0.034798680199423254
2024-06-17,0.1369400024414062,0.1380230039358139,0.1264950037002563,0.1288889944553375,960646592,-0.0605694936020067,0.0358556554025019,DOGE-USD,0.0,0,0.0,0,0.0,0.0,0.4199999999999999,0.0,46082,132147,,,18680431093.90152,0.03368564984963814,0.03424390444069058
2024-06-18,0.1288660019636154,0.1291030049324035,0.1153919994831085,0.1222959980368614,1413960450,-0.0525072061675083,0.0357139646285366,DOGE-USD,0.0,0,0.0,0,0.0,0.0,0.48,0.0,50628,206949,,,17662973346.892654,0.03442229589234513,0.03373787996295461
2024-06-19,0.1222790032625198,0.1265079975128173,0.121578998863697,0.1223409995436668,642487745,0.000367904346097,0.0351160941961292,DOGE-USD,0.0,0,0.0,0,0.0,0.0,0.28,0.0,47325,211642,,,17695429743.417427,0.03478356691382935,0.03319475404241799
2024-06-20,0.1223409995436668,0.1282660067081451,0.1214540004730224,0.1244190037250518,734399819,0.0168427077086316,0.036520065402812,DOGE-USD,0.0,0,0.0,0,0.0,0.0,0.1999999999999999,0.0,60821,811717,,,18013868017.726402,0.03537691330700251,0.03284994250853043
2024-06-21,0.1244300007820129,0.1254999935626983,0.1216169968247413,0.1240290030837059,598393023,-0.0031394976091003,0.0324694762292349,DOGE-USD,0.0,0,0.0,0,0.0,0.0,0.26,0.0,47189,168718,,,17958591798.977234,0.035135051171842915,0.03235848989625781
2024-06-22,0.1240380033850669,0.1253650039434433,0.1229590028524398,0.1237889975309372,328642106,-0.0019369507236014,0.0325859385560142,DOGE-USD,0.0,0,0.0,0,0.0,0.0,0.06,0.0,46031,379449,,,17933657893.867355,0.03448110780254537,0.031923285614101904
2024-06-23,0.1237829998135566,0.1261200010776519,0.1218269988894462,0.1222570016980171,429188641,-0.0124530830500834,0.0322299631216577,DOGE-USD,0.0,0,0.0,0,0.0,0.0,0.1,0.0,42878,196061,,,17711332210.396473,0.03378430750116959,0.03148546837193372
2024-06-24,0.122248999774456,0.1236750036478042,0.1147309988737106,0.1190430000424385,951099440,-0.0266406275816962,0.0324348863127939,DOGE-USD,0.0,0,0.0,0,0.0,0.0,0.02,0.0,46094,258079,,,17216347985.951477,0.03324806592450253,0.03107312082152572
2024-06-25,0.1190330013632774,0.1282359957695007,0.1188950017094612,0.1261530071496963,783244352,0.0580107399553139,0.0361434049819139,DOGE-USD,0.0,0,0.0,0,0.0,0.0,-0.4,0.0,44422,138459,,,18233488839.82828,0.03317273384032291,0.031371415180743475
2024-06-26,0.1261499971151352,0.1285219937562942,0.121919997036457,0.1226790025830268,526276880,-0.0279243037118482,0.0315109384619351,DOGE-USD,0.0,0,0.0,0,0.0,0.0,-0.0799999999999999,0.0,44727,46201,,,17778836113.57242,0.03298102628686295,0.03148782279432182
2024-06-27,0.1226719990372657,0.1281149983406067,0.1206300035119056,0.126910999417305,616932730,0.0339148398192856,0.0330248802269838,DOGE-USD,0.0,0,0.0,0,0.0,0.0,-0.1999999999999999,0.0,52413,337107,,,18381852853.18775,0.03306881462105687,0.031694136494340226
2024-06-28,0.126910001039505,0.1279760003089904,0.1223609969019889,0.1227890029549598,634763078,-0.0330185895804394,0.0322011446574943,DOGE-USD,0.0,0,0.0,0,0.0,0.0,-0.06,0.0,44682,163011,,,17799980685.83175,0.03306305092822419,0.03194108075052122
2024-06-29,0.1227950006723404,0.1241210028529167,0.1213890016078949,0.1216989979147911,285391178,-0.0089166933202357,0.0317579106495251,DOGE-USD,0.0,0,0.0,0,0.0,0.0,-0.4,0.0,46006,123066,,,17632066506.67093,0.03292765579557043,0.03190077563493071
2024-06-30,0.1216989979147911,0.1253329962491989,0.1204520016908645,0.1243050023913383,369166834,0.0211874763080804,0.0326198395460961,DOGE-USD,0.0,0,0.0,0,0.0,0.0,-0.06,0.0,50330,352274,,,18038069590.86613,0.032222942708406865,0.03218818362726955
2024-07-01,0.1243039965629577,0.1272359937429428,0.1232480034232139,0.1234420016407966,452573746,-0.0069668187875875,0.0287542087192989,DOGE-USD,0.0,0,0.0,0,0.0,0.0,0.06,0.0,54224,824030,,,17885803317.952705,0.03167159675987963,0.032366239489350024
2024-07-02,0.1234389990568161,0.1250939965248108,0.1224619969725608,0.1250160038471222,408063753,0.0126703364648421,0.0251924991572806,DOGE-USD,0.0,0,0.0,0,0.0,0.0,0.02,0.0,49644,531394,,,18111307558.24129,0.03010512054593899,0.03243424155347576
2024-07-03,0.1250189989805221,0.1253259927034378,0.1170450001955032,0.1184709966182708,657681923,-0.0537735835422635,0.0292243703016894,DOGE-USD,0.0,0,0.0,0,0.0,0.0,0.0,0.0,47131,394545,,,17159690030.632236,0.02950976567477801,0.032609750847677504
2024-07-04,0.1184479966759681,0.1189479976892471,0.104431003332138,0.1048870012164115,1239123198,-0.1217845845718709,0.0426446677883266,DOGE-USD,0.0,0,0.0,0,0.0,0.0,-0.12,0.0,43854,89338,,,15281889740.865784,0.03168711710253831,0.0331169319175415
2024-07-05,0.1048529967665672,0.1064179986715316,0.0937950015068054,0.1055940017104148,1709690679,0.006717975904256,0.0428864296544367,DOGE-USD,0.0,0,0.0,0,0.0,0.0,-0.42,0.0,53224,153156,,,15340474056.023603,0.03374043512420643,0.03361037261024309
2024-07-06,0.1055850014090538,0.1140789985656738,0.1049349978566169,0.1136149987578392,842720114,0.0732139612165307,0.0485092143290434,DOGE-USD,0.0,0,0.0,0,0.0,0.0,-0.48,0.0,44736,203662,,,16454818584.670769,0.03769143624615533,0.03430125784844015
2024-07-07,0.1135770007967948,0.1135770007967948,0.1037330031394958,0.1042319983243942,641031095,-0.0861963610657929,0.0530411150260383,DOGE-USD,0.0,0,0.0,0,0.0,0.0,-0.42,0.0,44349,204171,,,15157512566.76218,0.04326115941990687,0.0351870661024898
2024-07-08,0.1042350009083747,0.1110209971666336,0.0991630032658577,0.1075809970498085,1023119021,0.0316248569620859,0.0540293859532945,DOGE-USD,0.0,0,0.0,0,0.0,0.0,-0.4399999999999999,0.0,44350,53860,,,15610616905.13327,0.04822216255022789,0.03611209333195623
2024-07-09,0.1075699999928474,0.1092199981212616,0.1061379984021186,0.1075130030512809,572733013,-0.0006322259176025,0.0507563024394519,DOGE-USD,0.0,0,0.0,0,0.0,0.0,-0.4599999999999999,0.0,41362,51118,,,15583200605.016066,0.04984448948045295,0.03678939546999942
2024-07-10,0.1075190007686615,0.1104300022125244,0.1059039980173111,0.1080219969153404,552090147,0.0047230826579137,0.0506896448299325,DOGE-USD,0.0,0,0.0,0,0.0,0.0,-0.4399999999999999,0.0,42794,196419,,,15650120943.854824,0.05140513251555211,0.037470108206426496
2024-07-11,0.108024001121521,0.1121790036559104,0.1063110008835792,0.1066669970750808,546104180,-0.0126230768275466,0.0491553632477467,DOGE-USD,0.0,0,0.0,0,0.0,0.0,-0.42,0.0,41412,48387,,,15454916045.28632,0.05153436229929277,0.038108256799681835
2024-07-12,0.1066640019416809,0.1082660034298896,0.1050319969654083,0.1076849997043609,468503073,0.0094984912514017,0.0490977055736686,DOGE-USD,0.0,0,0.0,0,0.0,0.0,-0.5,0.0,45337,61381,,,15599611210.701817,0.05074568040881883,0.03867996771653896
2024-07-13,0.1076849997043609,0.1128889992833137,0.1074469983577728,0.112355999648571,497448463,0.0424621026657853,0.0510173220854864,DOGE-USD,0.0,0,0.0,0,0.0,0.0,-0.5,0.0,39907,54806,,,16302155617.810171,0.050143267635257206,0.03952305161909585
2024-07-14,0.1123500019311904,0.1164949983358383,0.1113499999046325,0.1154489964246749,551768272,0.0271564444188487,0.0512836039697552,DOGE-USD,0.0,0,0.0,0,0.0,0.0,-0.3399999999999999,0.0,42008,51723,,,16813082395.78734,0.05024872794131787,0.04037294550153862
2024-07-15,0.1154709979891777,0.125351995229721,0.1147890016436576,0.125228002667427,865334768,0.0813072540991191,0.056246630183876,DOGE-USD,0.0,0,0.0,0,0.0,0.0,0.04,0.0,42029,46109,,,18127560764.83042,0.05136012501210656,0.041464612186184906
2024-07-16,0.1251640021800995,0.1272570043802261,0.1193709969520568,0.1249310001730918,1023424280,-0.0023745108551911,0.0561506839250563,DOGE-USD,0.0,0,0.0,0,0.0,0.0,0.3,0.0,43086,39733,,,18123575857.018826,0.05275918914756848,0.042542602986742284
2024-07-17,0.1249329969286918,0.1275060027837753,0.1206429973244667,0.1218840032815933,731025036,-0.0246917866104425,0.0545246535896421,DOGE-USD,0.0,0,0.0,0,0.0,0.0,0.3799999999999999,0.0,42846,47124,,,17709067113.78396,0.053844578750763185,0.04337811428709357
2024-07-18,0.1218789964914321,0.1238429993391037,0.1175730004906654,0.119496002793312,710080580,-0.0197868782854999,0.0421090847103369,DOGE-USD,0.0,0,0.0,0,0.0,0.0,0.2199999999999999,0.0,42213,45147,,,17363584102.07805,0.05206293127573328,0.04385984820747547
2024-07-19,0.1195010021328926,0.1260560005903244,0.1179080009460449,0.1254799962043762,724349409,0.0488634316898724,0.0433960288061817,DOGE-USD,0.0,0,0.0,0,0.0,0.0,0.1999999999999999,0.0,43851,51204,,,18236019279.6362,0.05048541624301859,0.04433126405198446
2024-07-20,0.1254750043153762,0.1356460005044937,0.1244850009679794,0.1344300061464309,1109519614,0.0688973101146855,0.0429430979547011,DOGE-USD,0.0,0,0.0,0,0.0,0.0,0.48,0.0,40400,62542,,,19507256009.11389,0.047824709797183604,0.044819534656402954
2024-07-21,0.1344300061464309,0.1430869996547699,0.1264050006866455,0.1401689946651458,1229665449,0.0418051362068398,0.0328689258003883,DOGE-USD,0.0,0,0.0,0,0.0,0.0,0.48,0.0,45444,47656,,,20356078409.575607,0.04316835817225001,0.04487003534507855
2024-07-22,0.1401669979095459,0.1424690037965774,0.1362140029668808,0.1378809958696365,1468393831,-0.0164578350453127,0.0341772976793242,DOGE-USD,0.0,0,0.0,0,0.0,0.0,0.3999999999999999,0.0,43902,44136,,,20021804907.103527,0.03909888699018643,0.04494082889658892
2024-07-23,0.1378819942474365,0.1392019987106323,0.128489002585411,0.1303910017013549,963364309,-0.0558533225959887,0.0392664324816164,DOGE-USD,0.0,0,0.0,0,0.0,0.0,0.4199999999999999,0.0,40649,65253,,,18924398122.749035,0.038530356544442326,0.04541865724942154
2024-07-24,0.1303859949111938,0.1346269994974136,0.1272439956665039,0.1280879974365234,734879689,-0.0178201340675143,0.0401193844739144,DOGE-USD,0.0,0,0.0,0,0.0,0.0,0.3799999999999999,0.0,44177,117335,,,18548167296.63374,0.03787502767798887,0.04609715203654125
2024-07-25,0.1280889958143234,0.1286409944295883,0.1203230023384094,0.1252209991216659,970420635,-0.0226373384706087,0.0406807834068592,DOGE-USD,0.0,0,0.0,0,0.0,0.0,0.3600000000000001,0.0,42762,36705,,,18172983625.109142,0.03742256476842049,0.04661789808677624
2024-07-26,0.1252219974994659,0.1348779946565628,0.1252000033855438,0.1343179941177368,752603628,0.0701299098337623,0.0435805069259402,DOGE-USD,0.0,0,0.0,0,0.0,0.0,0.3600000000000001,0.0,42327,94055,,,19530547666.17844,0.03956488099353087,0.046660436229395044
2024-07-27,0.1343179941177368,0.1386670023202896,0.1313409954309463,0.1315920054912567,1193072781,-0.0205038105502376,0.0438638560283657,DOGE-USD,0.0,0,0.0,0,0.0,0.0,0.4399999999999999,0.0,42811,194956,,,19175682076.374184,0.04150219266333917,0.04670486470093727
2024-07-28,0.1315969973802566,0.1317999958992004,0.1283240020275116,0.130074992775917,755293791,-0.0115951168607297,0.0440079267397321,DOGE-USD,0.0,0,0.0,0,0.0,0.0,0.4199999999999999,0.0,42961,197062,,,18850790870.196903,0.04245049151496231,0.04650026071960494
2024-07-29,0.1300760060548782,0.1349489986896515,0.1279550045728683,0.1286740005016327,809333955,-0.0108290737488293,0.0388756767893682,DOGE-USD,0.0,0,0.0,0,0.0,0.0,0.48,0.0,44393,98138,,,18684411672.0814,0.04220174997805307,0.04585637716339266
2024-07-30,0.1286620050668716,0.1303060054779052,0.1236620023846626,0.1255950033664703,638122391,-0.0242196067610291,0.0394955860887777,DOGE-USD,0.0,0,0.0,0,0.0,0.0,0.3400000000000001,0.0,41848,134341,,,18241758165.512363,0.041964710514436766,0.04519574989682372
2024-07-31,0.1255930066108703,0.1272010058164596,0.1215429976582527,0.1220140010118484,609802169,-0.0289266705879219,0.0397179585828929,DOGE-USD,0.0,0,0.0,0,0.0,0.0,0.2199999999999999,0.0,45865,282941,,,17740314053.014385,0.04119220084582731,0.044694006994252855
2024-08-01,0.1220209971070289,0.1229320019483566,0.1128280013799667,0.1192359998822212,861079384,-0.0230310790713413,0.0398519986608611,DOGE-USD,0.0,0,0.0,0,0.0,0.0,0.04,0.0,46602,112098,,,17304730767.633385,0.040389829372326394,0.044201386713840524
2024-08-02,0.1192350015044212,0.1195129975676536,0.1105670034885406,0.1115079969167709,826720039,-0.0670084119144417,0.0409068165974745,DOGE-USD,0.0,0,0.0,0,0.0,0.0,0.1399999999999999,0.0,45498,64594,,,16190035499.664549,0.03976960734387487,0.04382645277519178
2024-08-03,0.1115069985389709,0.114496998488903,0.1054179966449737,0.1081689968705177,808239471,-0.0304015195943296,0.0345879968739763,DOGE-USD,0.0,0,0.0,0,0.0,0.0,-0.26,0.0,41634,59222,,,15716069558.240952,0.03891207136079648,0.0431669205615694
2024-08-04,0.1081689968705177,0.109214000403881,0.0996059998869896,0.1037330031394958,827323034,-0.0418744694321304,0.0309586383525439,DOGE-USD,0.0,0,0.0,0,0.0,0.0,-0.3199999999999999,0.0,40291,75573,,,15126850306.63747,0.03720468181354973,0.04225516221007202
2024-08-05,0.1037319973111152,0.1041660010814666,0.0808309987187385,0.0945030003786087,3194029250,-0.0931887364946517,0.0363240532769135,DOGE-USD,0.0,0,0.0,0,0.0,0.0,-0.48,0.0,51094,88683,,,13805622587.568476,0.03652590075235385,0.041575182633124666
2024-08-06,0.0945020020008087,0.1013879999518394,0.0943669974803924,0.0963710024952888,1124169389,0.0195737683412627,0.037293341548489,DOGE-USD,0.0,0,0.0,0,0.0,0.0,-0.6599999999999999,0.0,44626,100600,,,14008945008.57336,0.03601416932987943,0.04071366951333435
2024-08-07,0.0963710024952888,0.1018470004200935,0.0945940017700195,0.0955149978399276,1000135339,-0.0089220717745168,0.0374381687416549,DOGE-USD,0.0,0,0.0,0,0.0,0.0,-0.42,0.0,46241,198703,,,13916617860.082548,0.0353204397587155,0.03986310064136156
2024-08-08,0.0955149978399276,0.1077720001339912,0.0939769968390464,0.1074040010571479,858015369,0.1173141545712,0.0525787300767757,DOGE-USD,0.0,0,0.0,0,0.0,0.0,-0.6,0.0,46711,191139,,,15576808085.9407,0.03891858639927539,0.039774649572594904
2024-08-09,0.1074090003967285,0.107582002878189,0.1017739996314048,0.1039739996194839,602450305,-0.0324565709453683,0.0472904175160552,DOGE-USD,0.0,0,0.0,0,0.0,0.0,-0.04,0.0,42635,89986,,,15075145374.15674,0.04218494223197765,0.040010164700127554
2024-08-10,0.1039739996194839,0.1058589965105056,0.1031159982085228,0.1052019968628883,371267774,0.0117414174834122,0.047954903484359,DOGE-USD,0.0,0,0.0,0,0.0,0.0,-0.1999999999999999,0.0,40992,104701,,,15289716239.532572,0.04451111227346675,0.04021738627640834
2024-08-11,0.1052030026912689,0.1107940003275871,0.1002990007400512,0.1005659997463226,676944256,-0.0450680558591724,0.0485498199874736,DOGE-USD,0.0,0,0.0,0,0.0,0.0,-0.2199999999999999,0.0,42244,84553,,,14639716105.51418,0.046762407961263665,0.040472237277898
2024-08-12,0.1005659997463226,0.108534999191761,0.1004709973931312,0.1077670007944107,778786434,0.0691572706817538,0.0539163255386663,DOGE-USD,0.0,0,0.0,0,0.0,0.0,-0.5,0.0,42497,39417,,,15702119663.806929,0.05005803932066595,0.041428937266001546
2024-08-13,0.1077670007944107,0.1088429987430572,0.1035720035433769,0.1064160019159317,575505923,-0.0126155369861991,0.0538141305246791,DOGE-USD,0.0,0,0.0,0,0.0,0.0,-0.38,0.0,46232,59607,,,15482297499.256245,0.050305119410246624,0.04232152057715404
2024-08-14,0.1064160019159317,0.1067399978637695,0.1018050014972686,0.1025549992918968,564943505,-0.0369567264169865,0.0540525666681884,DOGE-USD,0.0,0,0.0,0,0.0,0.0,-0.4,0.0,41430,43690,,,14939139414.764109,0.05165754924067327,0.04299361758563459
2024-08-15,0.1025549992918968,0.1047979965806007,0.0981950014829635,0.1002670004963874,617034813,-0.0225626003084574,0.05404563000231,DOGE-USD,0.0,0,0.0,0,0.0,0.0,-0.42,0.0,41831,42875,,,14598658223.055767,0.05287569454426346,0.0436266287460162
2024-08-16,0.1002670004963874,0.1020279973745346,0.09774199873209,0.1004389971494674,539609334,0.0017139168455442,0.0517751181442848,DOGE-USD,0.0,0,0.0,0,0.0,0.0,-0.4599999999999999,0.0,55294,79955,,,14607997627.890598,0.053520754175625705,0.04413091668862646
2024-08-17,0.1004389971494674,0.1036309972405433,0.1001560017466545,0.1027550026774406,305545333,0.022796990383097,0.0519144595149713,DOGE-USD,0.0,0,0.0,0,0.0,0.0,-0.5,0.0,43711,71732,,,14954503810.271215,0.053120380970886706,0.0445097327154006
2024-08-18,0.1027550026774406,0.1043059974908828,0.1001690030097961,0.1001719981431961,377630490,-0.025458850103533,0.0511651113478147,DOGE-USD,0.0,0,0.0,0,0.0,0.0,-0.38,0.0,41789,78023,,,14636206235.397924,0.05259057713551383,0.04484160795719373
2024-08-19,0.1001719981431961,0.1018069982528686,0.0987119972705841,0.1015039980411529,463249309,0.013209497328204,0.0440672397742097,DOGE-USD,0.0,0,0.0,0,0.0,0.0,-0.4399999999999999,0.0,40192,57050,,,14724328633.664335,0.05059351175671809,0.04484430400421544
2024-08-20,0.1015060022473335,0.1056189984083175,0.1012289971113205,0.1030009984970092,695089222,0.0146404950542661,0.0439622396726736,DOGE-USD,0.0,0,0.0,0,0.0,0.0,-0.4,0.0,41579,99683,,,15026451866.779491,0.04857683369079081,0.045075511408002054
2024-08-21,0.1030000001192092,0.1078250035643577,0.102462001144886,0.1061569973826408,509933481,0.0301804234093848,0.0442677176820157,DOGE-USD,0.0,0,0.0,0,0.0,0.0,-0.48,0.0,40278,27061,,,15453655285.608969,0.047075353598336984,0.04529242648042196
2024-08-22,0.1061569973826408,0.1068219989538192,0.104273997247219,0.1053080037236213,391690266,-0.0080296807150112,0.0310661684346449,DOGE-USD,0.0,0,0.0,0,0.0,0.0,-0.2199999999999999,0.0,41816,125354,,,15341036221.33696,0.04290569538227171,0.04489916329186523
2024-08-23,0.1053080037236213,0.1152390018105506,0.1053050011396408,0.112926997244358,860650259,0.0698521428291598,0.0349864550657944,DOGE-USD,0.0,0,0.0,0,0.0,0.0,-0.3199999999999999,0.0,42159,256953,,,16483688480.826384,0.039669964125867645,0.044678002219362196
2024-08-24,0.112926997244358,0.114946998655796,0.1112470030784607,0.1126310005784034,673199379,-0.0026245740671881,0.0350126159601266,DOGE-USD,0.0,0,0.0,0,0.0,0.0,0.1200000000000001,0.0,43560,260736,,,16365769467.625725,0.03785903936305103,0.044410084008573665
2024-08-25,0.1126310005784034,0.1127580031752586,0.1081169992685318,0.1096979975700378,584876309,-0.0263858803616724,0.0332756863698286,DOGE-USD,0.0,0,0.0,0,0.0,0.0,0.08,0.0,43790,141837,,,16049371222.813284,0.035721728702482025,0.044350433531112406
2024-08-26,0.1096990033984184,0.1102920025587081,0.1046390011906623,0.1052919998764991,560759055,-0.0409936717514809,0.0301194183423283,DOGE-USD,0.0,0,0.0,0,0.0,0.0,0.1,0.0,45948,107838,,,15356199941.846088,0.032892068834544555,0.044312287167011695
2024-08-27,0.1052919998764991,0.1064779981970787,0.0973920002579689,0.0990559980273246,615156838,-0.0610521148094333,0.034005874634569,DOGE-USD,0.0,0,0.0,0,0.0,0.0,-0.04,0.0,46392,101263,,,14426803182.239311,0.033480010074529366,0.04420691541054149
2024-08-28,0.0990559980273246,0.1017580032348632,0.0972919985651969,0.0996270030736923,657073357,0.0057479161810549,0.0328251868710452,DOGE-USD,0.0,0,0.0,0,0.0,0.0,-0.4,0.0,43436,68481,,,14520837852.193323,0.03304775643557953,0.04400381747065768
2024-08-29,0.0996270030736923,0.1024919971823692,0.0985350012779235,0.1004249975085258,461885564,0.0079779123928608,0.0323701397265203,DOGE-USD,0.0,0,0.0,0,0.0,0.0,-0.42,0.0,46035,79699,,,14620469133.2134,0.03251926118885827,0.04377345251542429
2024-08-30,0.1004249975085258,0.1023819968104362,0.0972749963402748,0.1020430028438568,572514236,0.0159831655097903,0.0326478978971063,DOGE-USD,0.0,0,0.0,0,0.0,0.0,-0.3199999999999999,0.0,51129,54988,,,14815723458.068527,0.03239370349431381,0.04286750559816659
2024-08-31,0.1020430028438568,0.10224100202322,0.1004739999771118,0.1013320013880729,303734469,-0.006992052490756,0.0320932939509984,DOGE-USD,0.0,0,0.0,0,0.0,0.0,-0.42,0.0,41185,42431,,,14762830072.4519,0.032788478616047834,0.04217672725430037
2024-09-01,0.1013320013880729,0.1014610007405281,0.0943429991602897,0.0953539982438087,424515197,-0.060806004998232,0.035387186484764,DOGE-USD,0.0,0,0.0,0,0.0,0.0,-0.48,0.0,46014,59963,,,13903144365.700924,0.03306474098608683,0.04160546739068242
2024-09-02,0.0953539982438087,0.0997399985790252,0.0941670015454292,0.0991149991750717,463950026,0.0386845203623874,0.0369347905317686,DOGE-USD,0.0,0,0.0,0,0.0,0.0,-0.48,0.0,43750,68818,,,14452261828.958069,0.03388666171823151,0.04107751150633219
2024-09-03,0.0991149991750717,0.1007060036063194,0.0967010036110878,0.0967189967632293,395659305,-0.0244709501551046,0.0370825132653647,DOGE-USD,0.0,0,0.0,0,0.0,0.0,-0.48,0.0,42413,121971,,,14137181115.380709,0.03482913642600039,0.04031233822118212
2024-09-04,0.0967150032520294,0.0994559973478317,0.0929789990186691,0.0980250015854835,579587111,0.0134127306885438,0.0361350972809926,DOGE-USD,0.0,0,0.0,0,0.0,0.0,-0.4599999999999999,0.0,44145,87032,,,14309116764.762472,0.035526576302777654,0.03950874580101455
2024-09-05,0.0980250015854835,0.0990990027785301,0.0962250009179115,0.0983090028166771,452927311,0.0028930437204915,0.0361986166579941,DOGE-USD,0.0,0,0.0,0,0.0,0.0,-0.42,0.0,41656,64325,,,14343688902.02761,0.036347640844176785,0.03869720261873299
2024-09-06,0.0983090028166771,0.0993790030479431,0.0893729999661445,0.0924839973449707,802922234,-0.0610799801972933,0.032075581884396,DOGE-USD,0.0,0,0.0,0,0.0,0.0,-0.56,0.0,48503,59204,,,13463555067.004858,0.03568531992410319,0.037698564067918716
2024-09-07,0.0924839973449707,0.0956180021166801,0.0918119996786117,0.0952610000967979,412044016,0.0295848660434335,0.0340679722315027,DOGE-USD,0.0,0,0.0,0,0.0,0.0,-0.54,0.0,41474,73189,,,13864713808.468338,0.03511195626405001,0.03689369379915589
2024-09-08,0.0952610000967979,0.096902996301651,0.0940470024943351,0.0960799977183342,381739751,0.0085606601048609,0.0342099717174989,DOGE-USD,0.0,0,0.0,0,0.0,0.0,-0.42,0.0,41933,106881,,,14016379741.868042,0.034537447954476844,0.03608894435381624
2024-09-09,0.0960799977183342,0.1046189963817596,0.0958319976925849,0.1038289964199066,698093518,0.0775641266363429,0.0399912299329112,DOGE-USD,0.0,0,0.0,0,0.0,0.0,-0.48,0.0,45165,152872,,,15153243823.986223,0.03530867448486057,0.03558104065313881
2024-09-10,0.1038289964199066,0.1045209988951683,0.1016609966754913,0.1027119979262352,465166360,-0.0108163455618186,0.0362689404685786,DOGE-USD,0.0,0,0.0,0,0.0,0.0,-0.3399999999999999,0.0,44093,142926,,,14997173099.592028,0.03532273924697747,0.03522657250288285
2024-09-11,0.1027119979262352,0.1029699966311454,0.0980909988284111,0.1013780012726783,532198021,-0.0130728174522426,0.0364909624949025,DOGE-USD,0.0,0,0.0,0,0.0,0.0,-0.26,0.0,39496,181727,,,14794617329.368616,0.03620581536907878,0.03488696899480234
2024-09-12,0.1013780012726783,0.1032069995999336,0.1006359979510307,0.1027989983558654,439730013,0.0139194917071627,0.0366096556733074,DOGE-USD,0.0,0,0.0,0,0.0,0.0,-0.38,0.0,45260,179041,,,15007821355.244154,0.036714152057439706,0.03453887526713379
2024-09-13,0.1027989983558654,0.1082900017499923,0.1018650010228157,0.1071140021085739,675630464,0.0411180981966885,0.0379571469468353,DOGE-USD,0.0,0,0.0,0,0.0,0.0,-0.36,0.0,50457,460004,,,15594198052.296907,0.037463587103306994,0.03485210156314244
2024-09-14,0.1071129962801933,0.1075579971075058,0.1046430021524429,0.1054669991135597,426157956,-0.0154956081785524,0.0382045726686039,DOGE-USD,0.0,0,0.0,0,0.0,0.0,0.0,0.0,50001,455736,,,15393129609.267977,0.03710625565044553,0.03499837963599742
2024-09-15,0.1054669991135597,0.1063589975237846,0.1025770008563995,0.1029329970479011,428890116,-0.0243198369162568,0.0346023418584986,DOGE-USD,0.0,0,0.0,0,0.0,0.0,0.02,0.0,44598,347737,,,15017569827.922512,0.03677293592842953,0.03497973081319615
2024-09-16,0.1029379963874816,0.1031320020556449,0.0984579995274543,0.0996930003166198,528755469,-0.0319827954085249,0.0345376049346555,DOGE-USD,0.0,0,0.0,0,0.0,0.0,-0.2199999999999999,0.0,42945,182977,,,14548531661.506752,0.03638226441638013,0.03503709074796101
2024-09-17,0.0996960029006004,0.1024670004844665,0.0988439992070198,0.1011369973421096,480290242,0.0143805400299978,0.0339398594685689,DOGE-USD,0.0,0,0.0,0,0.0,0.0,-0.3399999999999999,0.0,54405,231908,,,14743480773.004429,0.03584830517543243,0.03521074716279012
2024-09-18,0.1011369973421096,0.1035899966955185,0.0995780006051063,0.1035849973559379,549512848,0.0239164990953596,0.0342974280429002,DOGE-USD,0.0,0,0.0,0,0.0,0.0,-0.0999999999999999,0.0,42887,144843,,,15063420857.596048,0.03511636139464541,0.03522399959044154
2024-09-19,0.1035849973559379,0.107073999941349,0.1035849973559379,0.1050309985876083,656532122,0.0138630250588706,0.0343968193900468,DOGE-USD,0.0,0,0.0,0,0.0,0.0,-0.02,0.0,45873,108042,,,15359885518.890284,0.03435481073893399,0.03529543743221434
2024-09-20,0.1050309985876083,0.1072959974408149,0.1037480011582374,0.1054710000753402,595150523,0.0041805030958145,0.0287518843041035,DOGE-USD,0.0,0,0.0,0,0.0,0.0,0.08,0.0,45661,232035,,,15390542903.825544,0.033184719228054965,0.03513097127664994
2024-09-21,0.1054710000753402,0.1103729978203773,0.104152001440525,0.1100490018725395,502306053,0.0424897038409485,0.0296423467373851,DOGE-USD,0.0,0,0.0,0,0.0,0.0,0.08,0.0,43035,189890,,,16069825104.806587,0.03220566758860089,0.03499435531484443
2024-09-22,0.1100490018725395,0.1100500002503395,0.1040199995040893,0.1063390001654625,480950368,-0.0342936323791232,0.0319587793786837,DOGE-USD,0.0,0,0.0,0,0.0,0.0,0.04,0.0,42049,90011,,,15523949553.23212,0.03180945157062385,0.03498824101610286
2024-09-23,0.1063390001654625,0.1090840026736259,0.1047199964523315,0.1081560030579567,644419670,0.0169425518470145,0.0250609605714826,DOGE-USD,0.0,0,0.0,0,0.0,0.0,0.0,0.0,42212,75003,,,15793870017.207434,0.02996215807634033,0.0345188671109537
2024-09-24,0.1081560030579567,0.1104680001735687,0.1069829985499382,0.109774999320507,708492630,0.0148581526220645,0.0249177205703371,DOGE-USD,0.0,0,0.0,0,0.0,0.0,0.08,0.0,45241,55639,,,16028100403.80694,0.02806633831239839,0.03397263665816136
2024-09-25,0.109774999320507,0.1108840033411979,0.1081700026988983,0.1085039973258972,696620734,-0.0116457962426979,0.0248420076074448,DOGE-USD,0.0,0,0.0,0,0.0,0.0,0.1799999999999999,0.0,43521,79454,,,15838363769.213009,0.02728436297306665,0.03341625003734682
2024-09-26,0.1085039973258972,0.1201630011200904,0.1071449965238571,0.1181759983301162,1347684388,0.0853880105244581,0.0328886118147664,DOGE-USD,0.0,0,0.0,0,0.0,0.0,0.0,0.0,55057,151809,,,17226177307.37092,0.02793361598854291,0.03326868251615472
2024-09-27,0.1181759983301162,0.1280799955129623,0.1171730011701583,0.1237139999866485,1367867354,0.0457974253880395,0.0332514283442561,DOGE-USD,0.0,0,0.0,0,0.0,0.0,0.2199999999999999,0.0,53937,71752,,,18092449043.28217,0.02819214578165739,0.03313471941098481
2024-09-28,0.1237139999866485,0.1319500058889389,0.1206159964203834,0.1286710053682327,1449764972,0.0392863507789802,0.033206729828749,DOGE-USD,0.0,0,0.0,0,0.0,0.0,0.28,0.0,50124,114338,,,18755493409.12668,0.029821299633110664,0.03318613522663722
2024-09-29,0.1286700069904327,0.1303019970655441,0.1246419996023178,0.1246739998459816,856945778,-0.0315564713962623,0.0339015869094075,DOGE-USD,0.0,0,0.0,0,0.0,0.0,0.26,0.0,51531,224819,,,18248919200.18565,0.03161807290092475,0.03317857225745107
2024-09-30,0.124669000506401,0.124669000506401,0.1137389987707138,0.1144279986619949,976744755,-0.0857565367606412,0.0416375553333412,DOGE-USD,0.0,0,0.0,0,0.0,0.0,0.2199999999999999,0.0,57848,502958,,,16710582025.702513,0.034977182446104024,0.03351618969453481
2024-10-01,0.1144270002841949,0.1192739978432655,0.1039550006389617,0.1070429980754852,1332235464,-0.0667151876356805,0.0463343149518524,DOGE-USD,0.0,0,0.0,0,0.0,0.0,0.0,0.0,81689,569493,,,15631638340.867195,0.03766632307352123,0.03380451174085032
2024-10-02,0.1070429980754852,0.1094110012054443,0.1025089994072914,0.1047590002417564,910153432,-0.021568128640519,0.0464290062223734,DOGE-USD,0.0,0,0.0,0,0.0,0.0,-0.16,0.0,54305,257789,,,15334372843.374315,0.04030183864914469,0.034266332911477355
2024-10-03,0.1047580018639564,0.1066379994153976,0.1015290021896362,0.1050990000367164,825842052,0.0032402871655438,0.0462857698860273,DOGE-USD,0.0,0,0.0,0,0.0,0.0,-0.26,0.0,44678,100923,,,15367060434.1813,0.04291764666060035,0.034711551429255756
2024-10-04,0.1050990000367164,0.1104369983077049,0.1049590036273002,0.109264001250267,670077063,0.0388642202222269,0.0474379439013544,DOGE-USD,0.0,0,0.0,0,0.0,0.0,-0.18,0.0,42292,65182,,,15948318993.923603,0.04562491805898973,0.035203746348712435
2024-10-05,0.109264001250267,0.1100630015134811,0.1077269986271858,0.1094869971275329,391880787,0.0020388108503682,0.0460273603848565,DOGE-USD,0.0,0,0.0,0,0.0,0.0,-0.02,0.0,40555,53078,,,16008219044.205605,0.04650287906929279,0.03557057423225886
2024-10-06,0.1094869971275329,0.1126559972763061,0.1085119992494583,0.1114799976348877,435305366,0.0180393868864452,0.0451772167032092,DOGE-USD,0.0,0,0.0,0,0.0,0.0,0.0,0.0,42484,66701,,,16303939435.182331,0.04627145941956414,0.03588751259746819
2024-10-07,0.1114799976348877,0.1152089983224868,0.108654998242855,0.108654998242855,849108258,-0.0256674725982542,0.0456257578041086,DOGE-USD,0.0,0,0.0,0,0.0,0.0,0.0,0.0,51412,552618,,,15991891141.336494,0.04611080973591118,0.036388576958632284
2024-10-08,0.1086520031094551,0.1097040027379989,0.1053519994020462,0.1070439964532852,615072081,-0.014937777043681,0.0455908042594573,DOGE-USD,0.0,0,0.0,0,0.0,0.0,-0.02,0.0,47397,123156,,,15636679725.180733,0.045971816610597196,0.036890995109759635
2024-10-09,0.1070439964532852,0.1111320033669471,0.1063769981265068,0.1079389974474906,667785123,0.0083262973374911,0.0455714728185817,DOGE-USD,0.0,0,0.0,0,0.0,0.0,-0.02,0.0,47350,70078,,,15776403037.923216,0.04559852239404265,0.03741970480748749
2024-10-10,0.1079370006918907,0.1084500029683113,0.1033079996705055,0.1059800013899803,749185963,-0.0183158189136155,0.0384274572638689,DOGE-USD,0.0,0,0.0,0,0.0,0.0,-0.2199999999999999,0.0,133884,171785,,,15503517469.77199,0.044078541769845124,0.03760743340844061
2024-10-11,0.1059800013899803,0.111344002187252,0.1057019978761673,0.1107330024242401,650490847,0.0438715099843049,0.0382238094311384,DOGE-USD,0.0,0,0.0,0,0.0,0.0,-0.36,0.0,59086,61632,,,16217276200.428867,0.04268786031543097,0.037781387501217505
2024-10-12,0.1107330024242401,0.1120579987764358,0.1094570010900497,0.1114159971475601,519024338,0.0061489979846653,0.0360394836621061,DOGE-USD,0.0,0,0.0,0,0.0,0.0,-0.02,0.0,48374,48371,,,16298278148.698088,0.04077060548703047,0.03811264201749035
2024-10-13,0.1114159971475601,0.1120050027966499,0.1087990030646324,0.1113360002636909,573648913,-0.0007182596631056,0.0355788252014407,DOGE-USD,0.0,0,0.0,0,0.0,0.0,0.0,0.0,53771,49507,,,16280118001.000929,0.03876820967542715,0.03838248194767469
2024-10-14,0.1113360002636909,0.1174559965729713,0.1094290018081665,0.1166540011763572,1038038455,0.0466596400906541,0.0305928596921572,DOGE-USD,0.0,0,0.0,0,0.0,0.0,-0.04,0.0,46968,61654,,,17083956797.818888,0.03577248705014225,0.038320394689196215
2024-10-15,0.1166540011763572,0.1187919974327087,0.1105120033025741,0.11752700060606,1367247373,0.0074558010013549,0.0234923471782775,DOGE-USD,0.0,0,0.0,0,0.0,0.0,0.3,0.0,46389,76724,,,17111844613.189108,0.03278546503302397,0.038249094080414166
2024-10-16,0.1175249963998794,0.1294440031051635,0.1159309968352317,0.1257729977369308,2270276586,0.0678105772684342,0.0270952850272718,DOGE-USD,0.0,0,0.0,0,0.0,0.0,0.4599999999999999,0.0,50045,64804,,,18436079195.17463,0.030559760152250648,0.03834807428300211
2024-10-17,0.1257729977369308,0.1306490004062652,0.1207619979977607,0.1296579986810684,1557107117,0.0304215276514932,0.0273106397555449,DOGE-USD,0.0,0,0.0,0,0.0,0.0,0.4199999999999999,0.0,46828,83222,,,18888785465.684887,0.02881399137093841,0.03846028483518848
2024-10-18,0.1296599954366684,0.140526995062828,0.1296470016241073,0.1372130066156387,2216997635,0.0566343067061269,0.0288733163047257,DOGE-USD,0.0,0,0.0,0,0.0,0.0,0.4599999999999999,0.0,55303,252669,,,20127764918.922157,0.027472889591595405,0.03827777140291389
2024-10-19,0.1372130066156387,0.1465439945459365,0.1371899992227554,0.1445270031690597,1898579280,0.0519318520321177,0.0300374262925036,DOGE-USD,0.0,0,0.0,0,0.0,0.0,0.4399999999999999,0.0,48586,99694,,,21186510668.610893,0.02736180291166469,0.03813168040056151
2024-10-20,0.1445260047912597,0.1452459990978241,0.1375769972801208,0.142083004117012,1456913937,-0.0170549403742438,0.031621237224795,DOGE-USD,0.0,0,0.0,0,0.0,0.0,0.4599999999999999,0.0,47665,189303,,,20834932916.013226,0.028987580920968193,0.03805961255492724
2024-10-21,0.142084002494812,0.1495330035686493,0.1384329944849014,0.1436900049448013,2075196142,0.0112468127921818,0.0292073584007836,DOGE-USD,0.0,0,0.0,0,0.0,0.0,0.4399999999999999,0.0,57555,130251,,,21055402134.034317,0.029409995595670545,0.03784623853180797
2024-10-22,0.1436900049448013,0.1478829979896545,0.1368480026721954,0.1395079940557479,1647303198,-0.0295363309754228,0.0307681165643525,DOGE-USD,0.0,0,0.0,0,0.0,0.0,0.3999999999999999,0.0,45959,87092,,,20467809277.164536,0.03010149095743207,0.03735217313321758
2024-10-23,0.1395110040903091,0.1406040042638778,0.1332789957523346,0.138496994972229,1430747359,-0.0072732762380776,0.0314560555913399,DOGE-USD,0.0,0,0.0,0,0.0,0.0,0.4199999999999999,0.0,46208,100229,,,20444425580.06257,0.03061803881475491,0.036675888616830646
2024-10-24,0.1399009972810745,0.1435019969940185,0.1364499926567077,0.14198699593544,1349772912,0.0248868470477151,0.0297105624775507,DOGE-USD,0.0,0,0.0,0,0.0,0.0,0.3799999999999999,0.0,50443,110428,,,20827374653.356293,0.030552666051764328,0.03591595935570234
2024-10-25,0.14198799431324,0.1423999965190887,0.1285479962825775,0.1310130059719085,1458877964,-0.0804388749870039,0.0393322858009368,DOGE-USD,0.0,0,0.0,0,0.0,0.0,0.4399999999999999,0.0,46137,183162,,,19095927131.021,0.03209487576699269,0.03559989189728913
2024-10-26,0.1310130059719085,0.1378310024738311,0.130839005112648,0.1373569965362548,947921669,0.0472867502129719,0.0403831529178226,DOGE-USD,0.0,0,0.0,0,0.0,0.0,0.0,0.0,44550,337680,,,20129534763.942726,0.03433003467040049,0.03527921957985587
2024-10-27,0.1373569965362548,0.1458570063114166,0.1360570043325424,0.1443119943141937,1129296560,0.049394232291697,0.0411019683616568,DOGE-USD,0.0,0,0.0,0,0.0,0.0,0.48,0.0,46059,365063,,,21176846015.950768,0.03639680502986135,0.03505533812425588
2024-10-28,0.1443109959363937,0.1620099991559982,0.1411760002374649,0.1611499935388565,3078140199,0.1103579851614986,0.0474852777966432,DOGE-USD,0.0,0,0.0,0,0.0,0.0,0.4399999999999999,0.0,85989,902705,,,23607976534.21541,0.039602649470922006,0.03516024999213925
2024-10-29,0.1611520051956176,0.1792269945144653,0.1608259975910186,0.1758390069007873,3785378330,0.087233274728413,0.0501765785547548,DOGE-USD,0.0,0,0.0,0,0.0,0.0,0.4399999999999999,0.0,94008,965690,,,25737127099.07396,0.04369585268636283,0.03536710548080499
2024-10-30,0.1758390069007873,0.1775349974632263,0.1652500033378601,0.1681459993124008,2319205433,-0.0447361973661232,0.0524082520033335,DOGE-USD,0.0,0,0.0,0,0.0,0.0,0.54,0.0,74368,962643,,,24722042372.3324,0.04631104592684217,0.035676989469163
2024-10-31,0.1681459993124008,0.1729969978332519,0.1565459966659546,0.1613720059394836,2213630995,-0.0411203499697231,0.0548238045603151,DOGE-USD,0.0,0,0.0,0,0.0,0.0,0.54,0.0,67769,900878,,,23707047656.56876,0.04919917625534067,0.03609755000287815
2024-11-01,0.1613720059394836,0.1682419925928115,0.1544200032949447,0.1591850072145462,2406203136,-0.0136452023726028,0.0539916292181815,DOGE-USD,0.0,0,0.0,0,0.0,0.0,0.5,0.0,64742,860889,,,23325679932.942165,0.05177710842664561,0.03680501236443781
2024-11-02,0.1591890007257461,0.1632979959249496,0.1560350060462951,0.1593160033226013,1342216649,0.0008225789627517,0.0526949929219205,DOGE-USD,0.0,0,0.0,0,0.0,0.0,0.4399999999999999,0.0,65830,657562,,,23246360688.591003,0.05281905145170107,0.03746279343220064
2024-11-03,0.1593160033226013,0.1596270054578781,0.1428229957818985,0.1514540016651153,2214868458,-0.0506077126746354,0.0545997607334755,DOGE-USD,0.0,0,0.0,0,0.0,0.0,0.48,0.0,71942,774581,,,22207577814.264004,0.05370368788744521,0.038306442389990154
2024-11-04,0.1514540016651153,0.1598940044641494,0.1485809981822967,0.1583459973335266,2541759238,0.0445005358516101,0.0556265997357542,DOGE-USD,0.0,0,0.0,0,0.0,0.0,0.3999999999999999,0.0,81578,859417,,,23122745584.07285,0.05434735743392936,0.03921770486882259
2024-11-05,0.1583449989557266,0.1788399964570999,0.1581790000200271,0.1701799929141998,4095671194,0.0720741634571547,0.0571106342390948,DOGE-USD,0.0,0,0.0,0,0.0,0.0,0.3999999999999999,0.0,74048,866710,,,25066685023.208088,0.054804723369685296,0.040423058257319754
2024-11-06,0.1701879948377609,0.2133360058069229,0.1696940064430236,0.1966580003499984,12194137333,0.1446095224594438,0.0663906474761324,DOGE-USD,0.0,0,0.0,0,0.0,0.0,0.3999999999999999,0.0,95395,668185,,,28894743872.496407,0.05728452702127547,0.04237298099813134
2024-11-07,0.1966580003499984,0.203477993607521,0.1862549930810928,0.1931589990854263,4338342915,-0.0179525020419369,0.0673783419420885,DOGE-USD,0.0,0,0.0,0,0.0,0.0,0.54,0.0,70206,672530,,,28281326357.459587,0.06022119682530906,0.04420402903971391
2024-11-08,0.1931589990854263,0.2065639942884445,0.1912889927625656,0.2021320015192031,4089504352,0.045407277646298,0.0607294536802267,DOGE-USD,0.0,0,0.0,0,0.0,0.0,0.5,0.0,70915,650023,,,29659632765.95884,0.061447135414659314,0.045723066036290366
2024-11-09,0.2021310031414032,0.2197369933128357,0.1978249996900558,0.218760997056961,4290391407,0.0790588393863852,0.0619670254713048,DOGE-USD,0.0,0,0.0,0,0.0,0.0,0.5,0.0,59469,677018,,,32042740688.35152,0.06271522056176942,0.047227325543862136
2024-11-10,0.2187940031290054,0.2966139912605285,0.217301994562149,0.2790949940681457,14901681717,0.243572408167502,0.0837594471875986,DOGE-USD,0.0,0,0.0,0,0.0,0.0,0.56,0.0,99780,765787,,,40530415728.216576,0.06804498315147019,0.04966923558454828
2024-11-11,0.2790949940681457,0.3496020138263702,0.2761420011520386,0.3495210111141205,19590715363,0.2250114731018291,0.0952375514232694,DOGE-USD,0.0,0,0.0,0,0.0,0.0,0.52,0.0,115169,855400,,,50551250708.36192,0.07381436394089759,0.05256088622993347
2024-11-12,0.3495210111141205,0.4358629882335663,0.333431988954544,0.3822210133075714,39936467957,0.089435332664284,0.0952961446114668,DOGE-USD,0.0,0,0.0,0,0.0,0.0,0.6000000000000001,0.0,154980,712460,,,56511031803.30113,0.07939792447477324,0.055564921966782706
2024-11-13,0.3822180032730102,0.4316239953041076,0.3566089868545532,0.399522989988327,28286313456,0.0442723002868931,0.0909681834644902,DOGE-USD,0.0,0,0.0,0,0.0,0.0,0.6799999999999999,0.0,133528,925541,,,58633166354.99022,0.08544567043162594,0.0583012886440617
2024-11-14,0.399522989988327,0.4147039949893951,0.3558079898357391,0.3616459965705871,15564516841,-0.0996054871212151,0.0971891652272674,DOGE-USD,0.0,0,0.0,0,0.0,0.0,0.76,0.0,106945,1117425,,,52968745811.42646,0.09249009838281846,0.061289157263876584
2024-11-15,0.3617129921913147,0.3842459917068481,0.3544690012931824,0.3791890144348144,11623194182,0.0473689762550899,0.0950921014549723,DOGE-USD,0.0,0,0.0,0,0.0,0.0,0.6000000000000001,0.0,86729,1095174,,,55721973315.62997,0.0947566292362932,0.06426104539921393
2024-11-16,0.3791899979114532,0.3898789882659912,0.3613030016422272,0.3637480139732361,7524229950,-0.0415734409854876,0.0978259045411648,DOGE-USD,0.0,0,0.0,0,0.0,0.0,0.72,0.0,870961,1293585,,,53341916108.49352,0.09527429985987228,0.06691984625104247
2024-11-17,0.363750010728836,0.3735580146312713,0.3416990041732788,0.3665600121021271,7832273719,0.0077008931171855,0.093966960114149,DOGE-USD,0.0,0,0.0,0,0.0,0.0,0.8,0.0,939956,1452731,,,53593008472.74999,0.09500846296040873,0.0693554738508755
2024-11-18,0.3665699958801269,0.3799059987068176,0.3592349886894226,0.3717409968376159,8396330143,0.0140351150012299,0.0947809142038841,DOGE-USD,0.0,0,0.0,0,0.0,0.0,0.6599999999999999,0.0,358419,1171408,,,54513407338.76287,0.09577100910828751,0.07179542593461309
2024-11-19,0.3717400133609772,0.4183340072631836,0.3680199980735779,0.3913559913635254,12889618537,0.0514202428880749,0.0947553205087788,DOGE-USD,0.0,0,0.0,0,0.0,0.0,0.8,0.0,1110906,1178237,,,57327347666.89253,0.09528424016458978,0.07394406423971017
2024-11-20,0.3913399875164032,0.3955990076065063,0.3665690124034881,0.377496987581253,8029529786,-0.0360550208698661,0.0945723068724262,DOGE-USD,0.0,0,0.0,0,0.0,0.0,0.6599999999999999,0.0,1186905,1279688,,,55654487568.12615,0.09518028124808058,0.07596205189051342
2024-11-21,0.377496987581253,0.3949440121650696,0.3700119853019714,0.3876169919967651,8052510566,0.0264551293166229,0.0929726313681462,DOGE-USD,0.0,0,0.0,0,0.0,0.0,0.6399999999999999,0.0,1582572,1407835,,,56877284335.53017,0.09420962661347684,0.07780588731618672
2024-11-22,0.3876259922981262,0.4191919863224029,0.381520003080368,0.4129239916801452,13591947495,0.0632458184516438,0.0930307519186163,DOGE-USD,0.0,0,0.0,0,0.0,0.0,0.8799999999999999,0.0,1649440,1439652,,,60446144192.43964,0.09402238497437031,0.07954256674156404
2024-11-23,0.4129239916801452,0.4774599969387054,0.40556600689888,0.4300119876861572,20873625275,0.0405495501306186,0.0927068342072506,DOGE-USD,0.0,0,0.0,0,0.0,0.0,0.8600000000000001,0.0,1477757,1462624,,,63304642847.8643,0.0936075689750436,0.08130234878652173
2024-11-24,0.4300119876861572,0.4524280130863189,0.400967001914978,0.4298819899559021,12213185937,-0.0003023575804122,0.0742651875457237,DOGE-USD,0.0,0,0.0,0,0.0,0.0,0.6000000000000001,0.0,613503,898547,,,63314538184.09005,0.08950954238243258,0.08228281217851278
2024-11-25,0.4298950135707855,0.4370419979095459,0.3815149962902069,0.393339991569519,9773285006,-0.0888363726910579,0.056358851140263,DOGE-USD,0.0,0,0.0,0,0.0,0.0,0.6399999999999999,0.0,83375,115079,,,57839693633.891136,0.08186685123599993,0.08236277083336675
2024-11-26,0.3933109939098358,0.408372014760971,0.3673189878463745,0.3876180052757263,8847260920,-0.0146540241900038,0.051508489499473,DOGE-USD,0.0,0,0.0,0,0.0,0.0,0.5800000000000001,0.0,81860,66447,,,56523861639.71095,0.0735740228622653,0.0821755840044449
2024-11-27,0.3876149952411651,0.408051997423172,0.3816910088062286,0.4015249907970428,6388400976,0.0352494428515095,0.0509791534197634,DOGE-USD,0.0,0,0.0,0,0.0,0.0,0.5,0.0,82746,131906,,,59083021556.75286,0.06516370316249473,0.08189688033083892
2024-11-28,0.4015150070190429,0.4273050129413605,0.3922590017318725,0.4020180106163025,5955119388,0.0012271151145829,0.042123796593496,DOGE-USD,0.0,0,0.0,0,0.0,0.0,0.54,0.0,122848,297423,,,59165694620.45646,0.055047095639743804,0.08079384165435545
2024-11-29,0.4020189940929413,0.4370859861373901,0.3999919891357422,0.4258390069007873,6768739922,0.0575644666235361,0.0429451039181343,DOGE-USD,0.0,0,0.0,0,0.0,0.0,0.56,0.0,108464,121680,,,62569029661.277695,0.04878307891422593,0.0796832399259939
2024-11-30,0.4258390069007873,0.43470099568367,0.4153609871864319,0.4219709932804107,5601447294,-0.0091247813958496,0.0408727142343454,DOGE-USD,0.0,0,0.0,0,0.0,0.0,0.6799999999999999,0.0,92386,112158,,,62085044285.59802,0.04568585153304241,0.07878066086027201
2024-12-01,0.421968013048172,0.4492810070514679,0.4176940023899078,0.4400230050086975,8333397829,0.0418904342849968,0.0416988733052089,DOGE-USD,0.0,0,0.0,0,0.0,0.0,0.6200000000000001,0.0,77673,85729,,,65063726795.12984,0.04372392829418959,0.07785938121635856
2024-12-02,0.4400489926338196,0.4602450132369995,0.4051119983196258,0.42467001080513,13072433718,-0.0355145874858683,0.0436650522086223,DOGE-USD,0.0,0,0.0,0,0.0,0.0,0.6000000000000001,0.0,162824,287250,,,62339784908.23416,0.042261108051961364,0.07603690871731418
2024-12-03,0.42467200756073,0.4280489981174469,0.3914720118045807,0.4078820049762726,9362620939,-0.0403344930831082,0.0437761824993701,DOGE-USD,0.0,0,0.0,0,0.0,0.0,0.52,0.0,239634,339446,,,60128662832.28131,0.042591585233136185,0.07369775558440968
2024-12-04,0.4078510105609894,0.4356260001659393,0.4019590020179748,0.4319570064544678,8065078709,0.0573481321080786,0.0444854433998626,DOGE-USD,0.0,0,0.0,0,0.0,0.0,0.56,0.0,89442,230563,,,62817388805.05435,0.042899653129481845,0.07138817825660948
2024-12-05,0.4319030046463012,0.4634039998054504,0.4090110063552856,0.4305860102176666,15284058219,-0.0031789658368059,0.0443278250672439,DOGE-USD,0.0,0,0.0,0,0.0,0.0,0.6799999999999999,0.0,95764,226545,,,63042592789.33759,0.04359067529606155,0.06926816196582555
2024-12-06,0.4278939962387085,0.441781997680664,0.4212599992752075,0.435708999633789,6668459793,0.0118274931260132,0.0413871628409901,DOGE-USD,0.0,0,0.0,0,0.0,0.0,0.4399999999999999,0.0,127517,253389,,,64075664444.88066,0.04352833320321779,0.06673170731190387
2024-12-07,0.4357120096683502,0.4660390019416809,0.4321280121803283,0.4538869857788086,8127914572,0.0408736485659821,0.0414093626008405,DOGE-USD,0.0,0,0.0,0,0.0,0.0,0.5,0.0,127601,236578,,,66894357883.966896,0.04307719528166143,0.06429158281853423
2024-12-08,0.4538910090923309,0.4835099875926971,0.4482400119304657,0.4672969877719879,8171222257,0.0291167666089635,0.0419251513605049,DOGE-USD,0.0,0,0.0,0,0.0,0.0,0.5800000000000001,0.0,132254,302227,,,68473235555.81878,0.04270698905388839,0.06175063949214061
2024-12-09,0.4672990143299103,0.4672990143299103,0.3847210109233856,0.4147189855575561,11830538830,-0.1193638560286057,0.0476393104899738,DOGE-USD,0.0,0,0.0,0,0.0,0.0,0.56,0.0,117908,261089,,,60968781651.02074,0.04333776247191063,0.05964483723649627
2024-12-10,0.4147219955921173,0.4224070012569427,0.3668400049209595,0.3945200145244598,11257345383,-0.0499312747295514,0.0495827055912708,DOGE-USD,0.0,0,0.0,0,0.0,0.0,0.56,0.0,87840,113672,,,58032697621.34465,0.04438873857671601,0.057590373208650215
2024-12-11,0.3945119976997375,0.4187879860401153,0.3766329884529114,0.4144920110702514,6670843571,0.0493838278338967,0.0504640864486534,DOGE-USD,0.0,0,0.0,0,0.0,0.0,0.48,0.0,76549,84636,,,61147763292.77399,0.04620412329824867,0.055577135296826334
2024-12-12,0.4144949913024902,0.4233590066432953,0.40174400806427,0.4065479934215545,5601004925,-0.0193517137187948,0.0507954310131621,DOGE-USD,0.0,0,0.0,0,0.0,0.0,0.6599999999999999,0.0,75610,111777,,,59749416215.96396,0.04808133698071299,0.05358727730322343
2024-12-13,0.4065479934215545,0.4116869866847992,0.399861991405487,0.4090810120105743,3815608761,0.0062112227879319,0.0481672018519869,DOGE-USD,0.0,0,0.0,0,0.0,0.0,0.52,0.0,81434,144717,,,59927703632.04473,0.04932974707900939,0.05155066687067073
2024-12-14,0.4090810120105743,0.4127539992332458,0.388139009475708,0.3979760110378265,3165759137,-0.0275214801107524,0.0486000269541674,DOGE-USD,0.0,0,0.0,0,0.0,0.0,0.6599999999999999,0.0,70943,74542,,,58606254044.41356,0.04952189037184811,0.04953108846319578
2024-12-15,0.3979719877243042,0.409835010766983,0.3929089903831482,0.4062719941139221,2654366167,0.0206311418422162,0.0473662195164005,DOGE-USD,0.0,0,0.0,0,0.0,0.0,0.6000000000000001,0.0,71697,82130,,,59913600197.462845,0.049078593156874045,0.0474701514317935
2024-12-16,0.4062950015068054,0.4135940074920654,0.3927359879016876,0.4019339978694916,3891164219,-0.0107349808007753,0.0466235831810593,DOGE-USD,0.0,0,0.0,0,0.0,0.0,0.6599999999999999,0.0,77219,168449,,,59152831933.67525,0.04831049250335523,0.046213714869763306
2024-12-17,0.4019350111484527,0.4098989963531494,0.3915959894657135,0.394336998462677,3618256203,-0.0190820209725759,0.0456836185280811,DOGE-USD,0.0,0,0.0,0,0.0,0.0,0.74,0.0,75339,87808,,,57993688304.71161,0.04728813000633903,0.045728477023755036
2024-12-18,0.3943409919738769,0.3961629867553711,0.3564940094947815,0.358038991689682,5749656033,-0.0965639739582973,0.0486210414207307,DOGE-USD,0.0,0,0.0,0,0.0,0.0,0.6200000000000001,0.0,79600,135114,,,52798117236.7915,0.047378897920087794,0.04559722938381219
2024-12-19,0.3580470085144043,0.3670360147953033,0.3027690052986145,0.3150660097599029,9565836573,-0.1278597241387261,0.0572556718902333,DOGE-USD,0.0,0,0.0,0,0.0,0.0,0.5,0.0,75720,62504,,,46566310583.8793,0.04911002690730097,0.04588252567792446
2024-12-20,0.3150539994239807,0.3280569911003113,0.2644400000572204,0.3177129924297333,11414899319,0.0083662640515695,0.0571041910225043,DOGE-USD,0.0,0,0.0,0,0.0,0.0,0.48,0.0,83264,46226,,,46811375611.5538,0.05105762120852173,0.04656345269742485
2024-12-21,0.3177190124988556,0.3494060039520263,0.3152489960193634,0.3209510147571563,6875286934,0.0101400737655108,0.0550311883783699,DOGE-USD,0.0,0,0.0,0,0.0,0.0,0.4599999999999999,0.0,120666,91756,,,47192243543.1681,0.05273914224798385,0.0471128201728901
2024-12-22,0.3209039866924286,0.3240320086479187,0.3057180047035217,0.3121919929981231,4115525341,-0.0276701487572283,0.0528027437087669,DOGE-USD,0.0,0,0.0,0,0.0,0.0,0.4599999999999999,0.0,68065,35728,,,46012264405.654655,0.05416296728412101,0.04765509423990926
2024-12-23,0.3121989965438843,0.3278819918632507,0.3032779991626739,0.3242189884185791,4390431993,0.0378008169369413,0.0486103010031016,DOGE-USD,0.0,0,0.0,0,0.0,0.0,0.3999999999999999,0.0,78898,38035,,,47743629402.67736,0.05416081920059519,0.04796925004435893
2024-12-24,0.3242180049419403,0.3394339978694916,0.3163929879665375,0.3369239866733551,3138423654,0.0384381684151376,0.0498095706204913,DOGE-USD,0.0,0,0.0,0,0.0,0.0,0.4599999999999999,0.0,70867,35910,,,49640332928.24396,0.05267159894664679,0.048248546335807524
2024-12-25,0.3369260132312774,0.3413659930229187,0.326898992061615,0.334318995475769,2538802504,-0.0077617326210657,0.0467010217164086,DOGE-USD,0.0,0,0.0,0,0.0,0.0,0.4599999999999999,0.0,68461,37314,,,49240658280.09389,0.05059096508542765,0.04838149357294563
2024-12-26,0.334304004907608,0.3373810052871704,0.3089979887008667,0.3122560083866119,2514756816,-0.0682722224048017,0.0488059016999926,DOGE-USD,0.0,0,0.0,0,0.0,0.0,0.5800000000000001,0.0,79813,54933,,,45921221033.11485,0.049345907749752185,0.04857787804113336
2024-12-27,0.3122549951076507,0.3238469958305359,0.3097639977931976,0.3110359907150268,2157162506,-0.0039147597961865,0.0484799022899208,DOGE-USD,0.0,0,0.0,0,0.0,0.0,0.48,0.0,78549,39119,,,45802188629.41173,0.04848133946598297,0.04876660882398231
2024-12-28,0.311055988073349,0.3258579969406128,0.311055988073349,0.3239189982414245,1410132054,0.0405848478527468,0.0509737575297327,DOGE-USD,0.0,0,0.0,0,0.0,0.0,0.4399999999999999,0.0,68956,33160,,,47729301607.20778,0.048954030771309186,0.04920236312801606
2024-12-29,0.3239170014858246,0.3289330005645752,0.3116669952869415,0.3143199980258941,1654780626,-0.0300819101384171,0.0500631234160437,DOGE-USD,0.0,0,0.0,0,0.0,0.0,0.4599999999999999,0.0,70757,34588,,,46266116406.69959,0.04900474133041967,0.04959571589234348
2024-12-30,0.3143199980258941,0.3224799931049347,0.3065469861030578,0.3135139942169189,2526977895,-0.0025675712424839,0.0502058127038824,DOGE-USD,0.0,0,0.0,0,0.0,0.0,0.3,0.0,75900,38639,,,46133144847.58124,0.049705699527914426,0.04997210958976973
