Date,Asset,Active_Addresses,Tx_Count,Transfer_Volume_USD,Hash_Rate,Network_Cap_USD
2020-01-01,BTC-USD,524360,251867,,,130045090385.52066
2020-01-02,BTC-USD,671016,291935,,,125998424153.41441
2020-01-03,BTC-USD,721747,323153,,,132697278148.87724
2020-01-04,BTC-USD,611397,282301,,,133217976217.07286
2020-01-05,BTC-USD,597061,288212,,,133275875181.57004
2020-01-06,BTC-USD,724219,297843,,,140914223163.34763
2020-01-07,BTC-USD,775757,347212,,,147651200706.58707
2020-01-08,BTC-USD,754553,318633,,,146279253219.06857
2020-01-09,BTC-USD,773570,322838,,,141892197199.8546
2020-01-10,BTC-USD,792103,332463,,,147582961219.60855
2020-01-11,BTC-USD,640445,303555,,,145823708888.97903
2020-01-12,BTC-USD,581504,278853,,,148245508556.63815
2020-01-13,BTC-USD,705443,299786,,,147486087356.75323
2020-01-14,BTC-USD,850757,346978,,,160363065666.57037
2020-01-15,BTC-USD,759192,328833,,,160039732750.46997
2020-01-16,BTC-USD,739283,326587,,,158372266764.6234
2020-01-17,BTC-USD,756728,323884,,,161911295166.55798
2020-01-18,BTC-USD,649187,290970,,,162210132689.5925
2020-01-19,BTC-USD,622774,282105,,,157851016737.10883
2020-01-20,BTC-USD,741539,312967,,,156938999926.55887
2020-01-21,BTC-USD,756250,311835,,,158674938268.75873
2020-01-22,BTC-USD,771727,326380,,,157183956412.81653
2020-01-23,BTC-USD,789764,337280,,,152083761530.03436
2020-01-24,BTC-USD,720051,311823,,,153136024721.92358
2020-01-25,BTC-USD,665971,283292,,,151723896967.7877
2020-01-26,BTC-USD,544915,256739,,,155904701538.4813
2020-01-27,BTC-USD,726725,285400,,,161884843101.65765
2020-01-28,BTC-USD,812560,339784,,,169092343462.29312
2020-01-29,BTC-USD,767507,340075,,,169375757160.80072
2020-01-30,BTC-USD,765495,332584,,,172977064840.9766
2020-01-31,BTC-USD,762130,329369,,,170235489635.29547
2020-02-01,BTC-USD,743933,304884,,,170700764231.1812
2020-02-02,BTC-USD,706042,292383,,,169944201721.52515
2020-02-03,BTC-USD,879860,336226,,,168877320922.92273
2020-02-04,BTC-USD,764885,307816,,,166741659168.92722
2020-02-05,BTC-USD,823713,363153,,,175251271661.8097
2020-02-06,BTC-USD,765225,321928,,,177290742754.4812
2020-02-07,BTC-USD,865396,333319,,,178418176338.2741
2020-02-08,BTC-USD,709380,315526,,,180456453565.47943
2020-02-09,BTC-USD,695691,318974,,,184841757420.96796
2020-02-10,BTC-USD,703356,295461,,,179781557317.70132
2020-02-11,BTC-USD,885934,361869,,,187082260809.49307
2020-02-12,BTC-USD,822547,350973,,,188701754427.22528
2020-02-13,BTC-USD,815808,336765,,,186449612688.87488
2020-02-14,BTC-USD,741471,329123,,,188764467553.96008
2020-02-15,BTC-USD,736640,316931,,,180586089679.5512
2020-02-16,BTC-USD,655188,299527,,,181338404100.27716
2020-02-17,BTC-USD,773751,337935,,,176456501278.73737
2020-02-18,BTC-USD,783570,327054,,,185809970500.2769
2020-02-19,BTC-USD,792783,340104,,,175633653604.36676
2020-02-20,BTC-USD,766448,311982,,,175248312859.8305
2020-02-21,BTC-USD,768521,341390,,,176866847060.14252
2020-02-22,BTC-USD,660812,300166,,,176400759691.95303
2020-02-23,BTC-USD,622397,289114,,,181844233521.0456
2020-02-24,BTC-USD,758122,328045,,,175938223869.06973
2020-02-25,BTC-USD,743278,339313,,,170416481768.15714
2020-02-26,BTC-USD,778003,328537,,,160484737731.94965
2020-02-27,BTC-USD,777389,338194,,,160138648318.09406
2020-02-28,BTC-USD,778213,361653,,,159637227806.11615
2020-02-29,BTC-USD,679597,309086,,,156578133370.52316
2020-03-01,BTC-USD,674209,312717,,,155861469107.4843
2020-03-02,BTC-USD,829550,341655,,,162527997441.39096
2020-03-03,BTC-USD,840712,346828,,,160037302982.88947
2020-03-04,BTC-USD,857423,350503,,,159828523652.16946
2020-03-05,BTC-USD,793221,350421,,,165436849061.72723
2020-03-06,BTC-USD,804945,338758,,,166996546604.07248
2020-03-07,BTC-USD,682432,313782,,,162472116275.45233
2020-03-08,BTC-USD,654911,304534,,,148087581459.68747
2020-03-09,BTC-USD,809850,347351,,,144208663316.8568
2020-03-10,BTC-USD,807778,329508,,,144469037207.9867
2020-03-11,BTC-USD,728889,290284,,,145018062262.11853
2020-03-12,BTC-USD,909601,346057,,,90594963612.14102
2020-03-13,BTC-USD,786409,279662,,,102813464913.33212
2020-03-14,BTC-USD,772769,276029,,,94006442635.74617
2020-03-15,BTC-USD,629326,224876,,,97914100475.66948
2020-03-16,BTC-USD,725120,269587,,,91605131343.43858
2020-03-17,BTC-USD,765477,279277,,,98992911188.38045
2020-03-18,BTC-USD,633373,233212,,,98556166961.53716
2020-03-19,BTC-USD,709786,265543,,,113387926283.63892
2020-03-20,BTC-USD,734614,282852,,,112858928752.33304
2020-03-21,BTC-USD,637554,238359,,,112899238722.37125
2020-03-22,BTC-USD,579901,215499,,,106596676162.61998
2020-03-23,BTC-USD,667486,256978,,,118596229879.9552
2020-03-24,BTC-USD,736233,280363,,,123885010000.73076
2020-03-25,BTC-USD,587460,219772,,,122336819602.86874
2020-03-26,BTC-USD,889704,286521,,,123529655865.11256
2020-03-27,BTC-USD,807651,273175,,,118720168235.13582
2020-03-28,BTC-USD,627230,241957,,,113993881635.10356
2020-03-29,BTC-USD,591287,234751,,,108024157456.33168
2020-03-30,BTC-USD,770915,278279,,,117769335877.16364
2020-03-31,BTC-USD,816889,288338,,,117699377550.73596
2020-04-01,BTC-USD,824108,285331,,,121567948718.78664
2020-04-02,BTC-USD,798186,300020,,,124319187619.56122
2020-04-03,BTC-USD,750332,276158,,,123582890115.26344
2020-04-04,BTC-USD,657862,255653,,,125574707299.76088
2020-04-05,BTC-USD,596364,237774,,,124323256506.53989
2020-04-06,BTC-USD,780832,282652,,,133623484237.36052
2020-04-07,BTC-USD,938358,310534,,,131613942980.88837
2020-04-08,BTC-USD,760207,283150,,,135007499015.4844
2020-04-09,BTC-USD,730620,289249,,,133691736771.83572
2020-04-10,BTC-USD,735297,286082,,,125651576499.1472
2020-04-11,BTC-USD,634944,249141,,,126093134474.85796
2020-04-12,BTC-USD,618062,232510,,,127855655280.20236
2020-04-13,BTC-USD,764583,281944,,,125761756556.48576
2020-04-14,BTC-USD,843493,303129,,,125995393496.61522
2020-04-15,BTC-USD,926278,309402,,,121426948476.36131
2020-04-16,BTC-USD,880665,321911,,,130646764661.29407
2020-04-17,BTC-USD,844316,287202,,,129807584723.91763
2020-04-18,BTC-USD,847811,285552,,,133147082134.64836
2020-04-19,BTC-USD,718815,254065,,,131097348953.0472
2020-04-20,BTC-USD,842251,307154,,,125666280331.4737
2020-04-21,BTC-USD,818062,311455,,,125993555759.75612
2020-04-22,BTC-USD,762361,283681,,,130649148893.33508
2020-04-23,BTC-USD,935989,327396,,,137355657612.58064
2020-04-24,BTC-USD,893187,317682,,,137696355773.91336
2020-04-25,BTC-USD,813456,278517,,,138283235766.52548
2020-04-26,BTC-USD,724250,257046,,,140980890871.95996
2020-04-27,BTC-USD,876229,311090,,,142708646056.54214
2020-04-28,BTC-USD,926669,326468,,,142584301338.06653
2020-04-29,BTC-USD,911617,330308,,,160803082691.93655
2020-04-30,BTC-USD,947585,320861,,,158809421388.64795
2020-05-01,BTC-USD,955523,330551,,,162553244139.45322
2020-05-02,BTC-USD,970554,292646,,,164804644177.09622
2020-05-03,BTC-USD,909805,283545,,,163345766860.5667
2020-05-04,BTC-USD,889636,324017,,,163090820830.57187
2020-05-05,BTC-USD,970464,327645,,,165016848605.14212
2020-05-06,BTC-USD,972369,334650,,,170193754397.31735
2020-05-07,BTC-USD,1020443,343684,,,183563057935.82147
2020-05-08,BTC-USD,949216,324693,,,181110769243.21515
2020-05-09,BTC-USD,906900,310119,,,175947135264.4346
2020-05-10,BTC-USD,869262,283795,,,160124072157.514
2020-05-11,BTC-USD,999192,311653,,,157872468635.6263
2020-05-12,BTC-USD,954129,342304,,,162025896130.1576
2020-05-13,BTC-USD,858458,299956,,,171326433776.82504
2020-05-14,BTC-USD,880861,268116,,,180122509712.8674
2020-05-15,BTC-USD,895670,311224,,,171411642923.92416
2020-05-16,BTC-USD,880534,295280,,,172679781082.16855
2020-05-17,BTC-USD,763444,236007,,,177961786342.58984
2020-05-18,BTC-USD,970423,275691,,,178784109758.02524
2020-05-19,BTC-USD,890493,272964,,,179293853008.8648
2020-05-20,BTC-USD,865708,276199,,,174916798054.94452
2020-05-21,BTC-USD,928630,302259,,,166709322797.2722
2020-05-22,BTC-USD,797526,278942,,,168425526445.20764
2020-05-23,BTC-USD,848702,267042,,,168833981124.71753
2020-05-24,BTC-USD,807939,216545,,,161901602383.70032
2020-05-25,BTC-USD,828919,267395,,,163801506583.1173
2020-05-26,BTC-USD,852839,286759,,,162446796724.567
2020-05-27,BTC-USD,913075,299984,,,168594311360.4419
2020-05-28,BTC-USD,866559,299064,,,175942441112.01053
2020-05-29,BTC-USD,852420,282773,,,173451927876.11584
2020-05-30,BTC-USD,902498,284116,,,178229021212.69913
2020-05-31,BTC-USD,801889,258529,,,173498114784.08786
2020-06-01,BTC-USD,870833,302044,,,187579162621.12015
2020-06-02,BTC-USD,899961,308948,,,174955641656.20303
2020-06-03,BTC-USD,950153,311153,,,177353695666.68335
2020-06-04,BTC-USD,884109,315771,,,180509824980.4644
2020-06-05,BTC-USD,918647,331389,,,177366559896.12006
2020-06-06,BTC-USD,771819,281291,,,177871013185.53003
2020-06-07,BTC-USD,690992,254724,,,179332370530.26468
2020-06-08,BTC-USD,986341,316297,,,179742635817.0348
2020-06-09,BTC-USD,910121,328115,,,179937869950.94925
2020-06-10,BTC-USD,909669,324907,,,181953971577.1867
2020-06-11,BTC-USD,1048342,336672,,,170722019602.6722
2020-06-12,BTC-USD,909615,309817,,,174020249655.49988
2020-06-13,BTC-USD,800767,283164,,,174124777106.15344
2020-06-14,BTC-USD,698545,279097,,,171956092423.66223
2020-06-15,BTC-USD,867844,292792,,,173775784553.95013
2020-06-16,BTC-USD,986219,343031,,,175233403355.5358
2020-06-17,BTC-USD,918592,330975,,,173927344699.74097
2020-06-18,BTC-USD,854866,283106,,,172853988352.52893
2020-06-19,BTC-USD,947402,345029,,,170947837087.2992
2020-06-20,BTC-USD,760742,281510,,,172268442692.22974
2020-06-21,BTC-USD,710176,256980,,,170941759573.137
2020-06-22,BTC-USD,850006,307776,,,178312062949.33447
2020-06-23,BTC-USD,1034537,351192,,,176979435527.31827
2020-06-24,BTC-USD,917620,311143,,,171117809729.41803
2020-06-25,BTC-USD,901033,315538,,,170282202496.18005
2020-06-26,BTC-USD,929963,328405,,,168676929867.51587
2020-06-27,BTC-USD,761896,272210,,,165788426484.10727
2020-06-28,BTC-USD,686270,265941,,,167747274213.1566
2020-06-29,BTC-USD,962232,314488,,,169158669350.11176
2020-06-30,BTC-USD,926238,306323,,,168425183323.96924
2020-07-01,BTC-USD,1078007,378081,,,170228061576.57693
2020-07-02,BTC-USD,951042,339419,,,167530480365.48853
2020-07-03,BTC-USD,944676,327948,,,167029509726.42023
2020-07-04,BTC-USD,799989,292761,,,168135124719.26672
2020-07-05,BTC-USD,771473,273114,,,167285746564.34164
2020-07-06,BTC-USD,989688,337284,,,172072688838.19153
2020-07-07,BTC-USD,969354,349022,,,170482981402.3037
2020-07-08,BTC-USD,1024085,347004,,,173853010956.3395
2020-07-09,BTC-USD,1033334,360126,,,170120535332.4796
2020-07-10,BTC-USD,976205,345294,,,171119820222.7931
2020-07-11,BTC-USD,885970,310565,,,170243300036.21756
2020-07-12,BTC-USD,745665,280425,,,171209151295.98776
2020-07-13,BTC-USD,909653,311275,,,170250451857.34445
2020-07-14,BTC-USD,993499,357160,,,170696262854.64993
2020-07-15,BTC-USD,971186,318436,,,169531276215.83417
2020-07-16,BTC-USD,966383,347671,,,168356814754.77936
2020-07-17,BTC-USD,847984,290533,,,168803722440.9125
2020-07-18,BTC-USD,892684,313304,,,169169500525.0169
2020-07-19,BTC-USD,872974,274629,,,169968646771.39542
2020-07-20,BTC-USD,940265,312187,,,169024417398.20532
2020-07-21,BTC-USD,927506,313100,,,173113620548.55356
2020-07-22,BTC-USD,1017627,362798,,,175753097015.691
2020-07-23,BTC-USD,977856,336506,,,177197885133.97803
2020-07-24,BTC-USD,1083981,369218,,,176081404997.34537
2020-07-25,BTC-USD,972156,290603,,,178936500441.52332
2020-07-26,BTC-USD,999311,301312,,,183214872171.02325
2020-07-27,BTC-USD,1022491,325521,,,203745302795.425
2020-07-28,BTC-USD,1059084,354433,,,201875831190.2685
2020-07-29,BTC-USD,1039672,348023,,,205043166412.04987
2020-07-30,BTC-USD,968423,329417,,,205414465076.5148
2020-07-31,BTC-USD,1062923,355688,,,209166479251.11777
2020-08-01,BTC-USD,954055,292274,,,217651287744.11752
2020-08-02,BTC-USD,950873,287133,,,204681196754.4121
2020-08-03,BTC-USD,1080975,334722,,,207313812355.99893
2020-08-04,BTC-USD,1003351,331448,,,206706903819.03012
2020-08-05,BTC-USD,957619,291603,,,216288798767.41125
2020-08-06,BTC-USD,1120216,355285,,,217183602498.0373
2020-08-07,BTC-USD,1049182,327415,,,214051270852.34103
2020-08-08,BTC-USD,951540,277399,,,216719847497.1544
2020-08-09,BTC-USD,911571,275199,,,215577945675.7649
2020-08-10,BTC-USD,967780,307280,,,219092059149.64685
2020-08-11,BTC-USD,1086328,348465,,,210285619725.4452
2020-08-12,BTC-USD,1049344,342524,,,213672365984.7056
2020-08-13,BTC-USD,952528,330257,,,217336876532.05075
2020-08-14,BTC-USD,1086754,364429,,,217366890107.603
2020-08-15,BTC-USD,973628,309355,,,219086138168.21063
2020-08-16,BTC-USD,892624,293129,,,219701746156.3508
2020-08-17,BTC-USD,878796,289826,,,227394137696.7252
2020-08-18,BTC-USD,1008612,345122,,,221439640459.05893
2020-08-19,BTC-USD,988648,336660,,,216725667041.4704
2020-08-20,BTC-USD,994559,331546,,,219149394201.68213
2020-08-21,BTC-USD,1095556,313078,,,212829910158.46448
2020-08-22,BTC-USD,950674,308966,,,215750103401.7776
2020-08-23,BTC-USD,906460,287940,,,215453504048.67047
2020-08-24,BTC-USD,944242,334304,,,217418476236.22745
2020-08-25,BTC-USD,951716,301021,,,209800287564.57504
2020-08-26,BTC-USD,1030264,328396,,,211908661338.8008
2020-08-27,BTC-USD,947577,324735,,,209010787351.93704
2020-08-28,BTC-USD,1080096,352344,,,212961048996.42532
2020-08-29,BTC-USD,972062,291205,,,212285783092.42407
2020-08-30,BTC-USD,821271,266126,,,216141703644.11383
2020-08-31,BTC-USD,935410,310357,,,215771551563.05804
2020-09-01,BTC-USD,1074307,371778,,,221178432036.76083
2020-09-02,BTC-USD,1029017,320017,,,210918284052.1679
2020-09-03,BTC-USD,983249,309835,,,189620855868.04953
2020-09-04,BTC-USD,1004854,300021,,,193518977097.63437
2020-09-05,BTC-USD,984198,324594,,,187183394233.4417
2020-09-06,BTC-USD,988383,258964,,,189496729938.0876
2020-09-07,BTC-USD,1086059,328020,,,191625655656.81183
2020-09-08,BTC-USD,974053,329714,,,186843957815.11063
2020-09-09,BTC-USD,968245,321941,,,188969405737.1191
2020-09-10,BTC-USD,1103924,343183,,,191040993379.8496
2020-09-11,BTC-USD,951505,308280,,,192018408644.76068
2020-09-12,BTC-USD,890683,297027,,,192953023670.09015
2020-09-13,BTC-USD,803998,256977,,,190847509504.39935
2020-09-14,BTC-USD,1016193,353963,,,197148942307.1638
2020-09-15,BTC-USD,976024,335248,,,199316464218.54663
2020-09-16,BTC-USD,1064243,340027,,,202820681601.6072
2020-09-17,BTC-USD,1101957,347774,,,202240606289.0171
2020-09-18,BTC-USD,974291,326660,,,201952658938.4508
2020-09-19,BTC-USD,892685,292875,,,204804828423.61197
2020-09-20,BTC-USD,820833,261651,,,201992962103.4836
2020-09-21,BTC-USD,946997,299730,,,193386546243.5811
2020-09-22,BTC-USD,968239,311008,,,194587288925.38617
2020-09-23,BTC-USD,1013565,349540,,,189296198403.34613
2020-09-24,BTC-USD,943668,318555,,,198660661113.4665
2020-09-25,BTC-USD,1140261,345399,,,197646881316.5258
2020-09-26,BTC-USD,952990,281747,,,198737347444.74127
2020-09-27,BTC-USD,784428,258919,,,199058270210.58435
2020-09-28,BTC-USD,884124,297685,,,198485049767.5505
2020-09-29,BTC-USD,998051,345931,,,200599609229.0116
2020-09-30,BTC-USD,1118241,351403,,,199337235088.72717
2020-10-01,BTC-USD,922880,304377,,,196278618504.30948
2020-10-02,BTC-USD,996361,315938,,,195611944028.46317
2020-10-03,BTC-USD,1002444,303899,,,195355412926.41483
2020-10-04,BTC-USD,923546,274508,,,197400118730.0376
2020-10-05,BTC-USD,946902,295868,,,199390223520.62772
2020-10-06,BTC-USD,978521,318289,,,196136406784.5261
2020-10-07,BTC-USD,1063425,369576,,,197457351293.61536
2020-10-08,BTC-USD,1033122,329472,,,201824607685.06384
2020-10-09,BTC-USD,1006667,339374,,,205010561255.28888
2020-10-10,BTC-USD,917402,294652,,,209255428096.9055
2020-10-11,BTC-USD,791020,257292,,,210661427269.15652
2020-10-12,BTC-USD,945894,315903,,,213822180181.52505
2020-10-13,BTC-USD,1049377,330320,,,211733795569.96
2020-10-14,BTC-USD,952949,318750,,,211413713271.8805
2020-10-15,BTC-USD,1035214,337702,,,213007298065.68048
2020-10-16,BTC-USD,973228,319791,,,209988812323.3502
2020-10-17,BTC-USD,851147,278655,,,210440997243.65863
2020-10-18,BTC-USD,744786,234650,,,212798348506.64096
2020-10-19,BTC-USD,930306,303148,,,217552387640.84076
2020-10-20,BTC-USD,1011847,331386,,,220964546714.08163
2020-10-21,BTC-USD,1013298,308240,,,237997872158.0872
2020-10-22,BTC-USD,1048775,341549,,,240769151101.22614
2020-10-23,BTC-USD,977710,321018,,,239963373092.9489
2020-10-24,BTC-USD,1098917,304224,,,242947944356.6773
2020-10-25,BTC-USD,851199,242596,,,241619421843.6139
2020-10-26,BTC-USD,825846,255058,,,242351238993.11288
2020-10-27,BTC-USD,827512,255102,,,253381084990.52963
2020-10-28,BTC-USD,817505,259212,,,246252469508.29257
2020-10-29,BTC-USD,887772,277836,,,249687307271.2864
2020-10-30,BTC-USD,901403,267995,,,252069964041.1888
2020-10-31,BTC-USD,875335,274513,,,255858690808.36392
2020-11-01,BTC-USD,897445,276664,,,254566075299.39197
2020-11-02,BTC-USD,777173,225214,,,251954997135.1448
2020-11-03,BTC-USD,1029970,330051,,,259405133239.1944
2020-11-04,BTC-USD,1175181,319925,,,261869847340.3332
2020-11-05,BTC-USD,1071518,319993,,,289264831869.5576
2020-11-06,BTC-USD,1080743,334639,,,289511558679.5521
2020-11-07,BTC-USD,1055012,273328,,,275574713602.1555
2020-11-08,BTC-USD,920529,243396,,,287333823623.85486
2020-11-09,BTC-USD,1188873,320528,,,284011407032.1132
2020-11-10,BTC-USD,1026623,308276,,,284015391004.3896
2020-11-11,BTC-USD,1004339,318925,,,291667576115.5471
2020-11-12,BTC-USD,1064270,329630,,,302040192101.93146
2020-11-13,BTC-USD,999523,301426,,,302800641127.13446
2020-11-14,BTC-USD,915336,272079,,,298586257209.3901
2020-11-15,BTC-USD,845204,248137,,,296464022985.17487
2020-11-16,BTC-USD,1041491,312340,,,310505840495.72095
2020-11-17,BTC-USD,1142716,350945,,,327939414604.2494
2020-11-18,BTC-USD,1197076,362407,,,330230533165.07886
2020-11-19,BTC-USD,1052034,309724,,,330505057657.63434
2020-11-20,BTC-USD,1177776,346562,,,346200022367.58093
2020-11-21,BTC-USD,1007240,308830,,,347013829881.6223
2020-11-22,BTC-USD,875364,273653,,,342880566989.43976
2020-11-23,BTC-USD,1014814,301519,,,340867272937.9125
2020-11-24,BTC-USD,1052398,330918,,,355298609040.9366
2020-11-25,BTC-USD,1127776,362628,,,347861028434.87366
2020-11-26,BTC-USD,1115848,321713,,,317546987940.7591
2020-11-27,BTC-USD,1099990,323696,,,317338674284.2633
2020-11-28,BTC-USD,1038684,292638,,,329301680033.60706
2020-11-29,BTC-USD,875712,259705,,,337585701789.79
2020-11-30,BTC-USD,903580,262264,,,364945525705.5228
2020-12-01,BTC-USD,1179012,378285,,,349303591166.3211
2020-12-02,BTC-USD,1015318,327335,,,356636727016.0429
2020-12-03,BTC-USD,1165469,343706,,,361396895344.4884
2020-12-04,BTC-USD,1070208,315591,,,347727590891.8358
2020-12-05,BTC-USD,1077064,283933,,,354829406548.3851
2020-12-06,BTC-USD,906549,256611,,,359332231927.7029
2020-12-07,BTC-USD,1017188,305857,,,356117524229.7686
2020-12-08,BTC-USD,1057637,329557,,,340517159295.926
2020-12-09,BTC-USD,1059284,323845,,,344872497185.5556
2020-12-10,BTC-USD,995137,311527,,,339691449525.13635
2020-12-11,BTC-USD,1078069,304342,,,335379162360.3685
2020-12-12,BTC-USD,962538,296177,,,349349325775.85046
2020-12-13,BTC-USD,938739,274709,,,355733532179.7954
2020-12-14,BTC-USD,977389,313940,,,358177564948.9231
2020-12-15,BTC-USD,1047043,322798,,,360902935454.3275
2020-12-16,BTC-USD,1098912,313973,,,396917110350.8976
2020-12-17,BTC-USD,1066159,308001,,,423282074598.6717
2020-12-18,BTC-USD,1194851,377227,,,428124525372.75903
2020-12-19,BTC-USD,1158142,339766,,,443156630306.5704
2020-12-20,BTC-USD,1075417,282293,,,437081860159.9275
2020-12-21,BTC-USD,1126710,274086,,,426120094395.11053
2020-12-22,BTC-USD,1095221,322307,,,441365046263.01465
2020-12-23,BTC-USD,1138302,337585,,,433034297725.00934
2020-12-24,BTC-USD,969168,271363,,,440491441936.2526
2020-12-25,BTC-USD,1021183,298020,,,458379042147.35565
2020-12-26,BTC-USD,957062,277615,,,492013050503.56146
2020-12-27,BTC-USD,1049825,304240,,,491160219103.0907
2020-12-28,BTC-USD,1154354,314503,,,502494772100.1416
2020-12-29,BTC-USD,1146131,334580,,,506086032710.1856
2020-12-30,BTC-USD,1221579,340919,,,536101921073.2669
2020-12-31,BTC-USD,1193822,338444,,,539441388030.4845
2021-01-01,BTC-USD,1001890,261318,,,546123272590.4994
2021-01-02,BTC-USD,1140633,297595,,,595262299159.9148
2021-01-03,BTC-USD,1184688,359641,,,618626936448.978
2021-01-04,BTC-USD,1270082,370865,,,591228627330.577
2021-01-05,BTC-USD,1230529,355008,,,632366860903.1603
2021-01-06,BTC-USD,1344921,398455,,,681305813105.2504
2021-01-07,BTC-USD,1292297,402123,,,729174942657.4891
2021-01-08,BTC-USD,1237271,358440,,,758214680099.2676
2021-01-09,BTC-USD,1094947,318922,,,750723981944.456
2021-01-10,BTC-USD,1177151,332604,,,712801739056.71
2021-01-11,BTC-USD,1211948,333441,,,655932811964.7596
2021-01-12,BTC-USD,1202314,336350,,,627006493875.7682
2021-01-13,BTC-USD,1163164,320071,,,693700965812.7666
2021-01-14,BTC-USD,1167975,338553,,,726267001112.6581
2021-01-15,BTC-USD,1209589,345053,,,682866609536.3408
2021-01-16,BTC-USD,1115276,308421,,,672984205338.4072
2021-01-17,BTC-USD,1002014,268872,,,671017747596.7164
2021-01-18,BTC-USD,1077578,313873,,,680805649185.9204
2021-01-19,BTC-USD,1095890,326366,,,674436786184.2588
2021-01-20,BTC-USD,1107233,315516,,,660799562908.8003
2021-01-21,BTC-USD,1059467,288464,,,577236765327.8912
2021-01-22,BTC-USD,1115180,326671,,,613799933930.6252
2021-01-23,BTC-USD,1128728,303320,,,596151049200.8364
2021-01-24,BTC-USD,1004162,254109,,,599525276803.4537
2021-01-25,BTC-USD,1121794,312958,,,603342567061.9476
2021-01-26,BTC-USD,1182517,335923,,,607487059172.2292
2021-01-27,BTC-USD,1106142,323598,,,565048354264.0007
2021-01-28,BTC-USD,1097896,325159,,,623751131789.6173
2021-01-29,BTC-USD,1208741,339577,,,635972641065.8976
2021-01-30,BTC-USD,1087755,313065,,,639422511060.5605
2021-01-31,BTC-USD,1063553,287082,,,617261741250.7816
2021-02-01,BTC-USD,999221,283467,,,624964623033.4149
2021-02-02,BTC-USD,1202183,363397,,,662713622887.4319
2021-02-03,BTC-USD,1187019,345764,,,699653042694.9592
2021-02-04,BTC-USD,1226684,367536,,,691327294031.8641
2021-02-05,BTC-USD,1257476,360061,,,708426864829.8851
2021-02-06,BTC-USD,1147256,328082,,,732604037089.1453
2021-02-07,BTC-USD,1159518,286807,,,726334667736.0048
2021-02-08,BTC-USD,1249543,340919,,,858953685019.9965
2021-02-09,BTC-USD,1174227,359788,,,866933160142.6617
2021-02-10,BTC-USD,1191329,340736,,,839594904533.2678
2021-02-11,BTC-USD,1052110,301861,,,892058461589.6199
2021-02-12,BTC-USD,1157108,347247,,,885253081022.2079
2021-02-13,BTC-USD,1217682,333184,,,879402263106.5962
2021-02-14,BTC-USD,1122976,297041,,,909647017116.4133
2021-02-15,BTC-USD,1140491,312281,,,896287524856.9435
2021-02-16,BTC-USD,989854,293716,,,915516034419.288
2021-02-17,BTC-USD,1134666,318209,,,973028220227.9847
2021-02-18,BTC-USD,1138881,317446,,,962361657680.0498
2021-02-19,BTC-USD,1248515,340244,,,1040119985987.2585
2021-02-20,BTC-USD,1187083,321732,,,1040940814716.2908
2021-02-21,BTC-USD,1047141,272006,,,1071530978098.8726
2021-02-22,BTC-USD,1094544,284119,,,1005448041778.174
2021-02-23,BTC-USD,1054613,288011,,,905007959206.9448
2021-02-24,BTC-USD,1230122,354258,,,923821685553.8049
2021-02-25,BTC-USD,1217040,328850,,,886607289246.5886
2021-02-26,BTC-USD,1114180,305149,,,861739395614.1508
2021-02-27,BTC-USD,1202477,322758,,,854379730435.3794
2021-02-28,BTC-USD,1033508,252499,,,845561698558.5696
2021-03-01,BTC-USD,1073523,278708,,,925293484700.9192
2021-03-02,BTC-USD,1119669,340722,,,900547396139.7251
2021-03-03,BTC-USD,1185450,332985,,,945073444270.1715
2021-03-04,BTC-USD,1042797,290966,,,903765934807.9712
2021-03-05,BTC-USD,1154593,315193,,,909927285417.9523
2021-03-06,BTC-USD,1147083,288073,,,913138122157.5786
2021-03-07,BTC-USD,1043256,259265,,,952640081754.0468
2021-03-08,BTC-USD,1164249,294249,,,971375568436.1802
2021-03-09,BTC-USD,1088598,299423,,,1020854485706.3766
2021-03-10,BTC-USD,1165773,342661,,,1046585269945.1644
2021-03-11,BTC-USD,1084417,293471,,,1078920786628.1328
2021-03-12,BTC-USD,1186618,320069,,,1069413682211.764
2021-03-13,BTC-USD,1104466,276253,,,1143221861398.156
2021-03-14,BTC-USD,1155175,305716,,,1117480223465.9624
2021-03-15,BTC-USD,1167577,295380,,,1046936085343.0632
2021-03-16,BTC-USD,1161912,319854,,,1054064969221.1396
2021-03-17,BTC-USD,1110541,290856,,,1094833523737.9852
2021-03-18,BTC-USD,1219716,335857,,,1077134892562.373
2021-03-19,BTC-USD,1158820,315088,,,1085335421881.5612
2021-03-20,BTC-USD,1124513,281882,,,1086879746950.0336
2021-03-21,BTC-USD,1112554,240660,,,1072009014284.5457
2021-03-22,BTC-USD,1144113,295471,,,1016175922879.4512
2021-03-23,BTC-USD,1234149,316687,,,1018292446531.0492
2021-03-24,BTC-USD,1153475,301818,,,981610902742.6876
2021-03-25,BTC-USD,1218346,320449,,,962095893978.6096
2021-03-26,BTC-USD,1085835,293636,,,1023188726799.0096
2021-03-27,BTC-USD,1149403,286113,,,1045679651161.9392
2021-03-28,BTC-USD,1063472,244181,,,1040008229552.0004
2021-03-29,BTC-USD,1115525,307500,,,1074749924159.922
2021-03-30,BTC-USD,1154381,323613,,,1095587035147.4468
2021-03-31,BTC-USD,1234495,330775,,,1097654385790.0288
2021-04-01,BTC-USD,1145125,315091,,,1098207717359.3289
2021-04-02,BTC-USD,1103476,302587,,,1102228015142.824
2021-04-03,BTC-USD,1020968,278911,,,1069615151362.5052
2021-04-04,BTC-USD,1032167,247000,,,1086843565004.3844
2021-04-05,BTC-USD,1229289,289931,,,1097239539433.6884
2021-04-06,BTC-USD,1180036,310254,,,1084746506903.4188
2021-04-07,BTC-USD,1246138,318898,,,1050864084696.7625
2021-04-08,BTC-USD,1092604,280374,,,1082597392462.6053
2021-04-09,BTC-USD,1222362,322101,,,1084303948234.4208
2021-04-10,BTC-USD,1163952,300140,,,1114243840831.5618
2021-04-11,BTC-USD,1043812,254567,,,1119553954624.0093
2021-04-12,BTC-USD,1126723,291473,,,1119103609635.15
2021-04-13,BTC-USD,1178027,310996,,,1185285134032.0027
2021-04-14,BTC-USD,1149773,295564,,,1174574736641.0183
2021-04-15,BTC-USD,1366494,358905,,,1181399636375.8345
2021-04-16,BTC-USD,933121,218612,,,1150423144089.1687
2021-04-17,BTC-USD,828375,195677,,,1126350100665.6367
2021-04-18,BTC-USD,1057891,276174,,,1053684397565.066
2021-04-19,BTC-USD,884672,207290,,,1042667048311.7
2021-04-20,BTC-USD,1126908,280365,,,1055348665899.2487
2021-04-21,BTC-USD,918079,226747,,,1009625741734.94
2021-04-22,BTC-USD,1114976,269958,,,969610235958.1946
2021-04-23,BTC-USD,1114180,296653,,,952325970164.5905
2021-04-24,BTC-USD,1125210,291934,,,939756772128.2931
2021-04-25,BTC-USD,1026103,241657,,,914885342157.6128
2021-04-26,BTC-USD,943203,241837,,,1008313501251.2382
2021-04-27,BTC-USD,1092574,297541,,,1028618591575.4897
2021-04-28,BTC-USD,1113474,276370,,,1024187402746.428
2021-04-29,BTC-USD,986056,256358,,,1001416180883.3396
2021-04-30,BTC-USD,1122022,292939,,,1079506639631.2823
2021-05-01,BTC-USD,1040203,260173,,,1081840491823.9226
2021-05-02,BTC-USD,1248724,235137,,,1057768979625.265
2021-05-03,BTC-USD,1268856,288071,,,1070367974740.327
2021-05-04,BTC-USD,1293836,300350,,,1004629436534.239
2021-05-05,BTC-USD,1208973,309762,,,1072339978638.4128
2021-05-06,BTC-USD,1228892,310841,,,1057165033263.2084
2021-05-07,BTC-USD,1187763,306397,,,1072444644671.5032
2021-05-08,BTC-USD,1169650,275777,,,1098599047838.2188
2021-05-09,BTC-USD,1234486,246707,,,1090293033441.2048
2021-05-10,BTC-USD,1315147,305887,,,1045734857476.9222
2021-05-11,BTC-USD,1258920,309496,,,1059061727701.456
2021-05-12,BTC-USD,1245595,301570,,,953611860142.777
2021-05-13,BTC-USD,1187747,274151,,,923658096009.8989
2021-05-14,BTC-USD,1066269,267317,,,935464104038.4888
2021-05-15,BTC-USD,953308,231360,,,880315632142.708
2021-05-16,BTC-USD,971649,219486,,,861166199739.012
2021-05-17,BTC-USD,962984,252917,,,813856084507.0173
2021-05-18,BTC-USD,856695,220564,,,800735611047.6814
2021-05-19,BTC-USD,1031147,264932,,,704442601059.3656
2021-05-20,BTC-USD,943686,226451,,,763549093519.3398
2021-05-21,BTC-USD,942736,225921,,,695732487370.7543
2021-05-22,BTC-USD,918673,221219,,,704538961588.9666
2021-05-23,BTC-USD,957018,195260,,,650864282818.4021
2021-05-24,BTC-USD,975836,236897,,,723070720338.2714
2021-05-25,BTC-USD,968674,232254,,,716349841273.0485
2021-05-26,BTC-USD,933622,228063,,,733695914430.8075
2021-05-27,BTC-USD,864432,217523,,,720920116468.6366
2021-05-28,BTC-USD,972164,217451,,,666394144397.1613
2021-05-29,BTC-USD,863265,192912,,,649291762343.003
2021-05-30,BTC-USD,990443,182281,,,667490155247.014
2021-05-31,BTC-USD,977895,229620,,,698617127163.4668
2021-06-01,BTC-USD,914351,231423,,,686449707666.8109
2021-06-02,BTC-USD,1090605,252343,,,704802337797.4121
2021-06-03,BTC-USD,1015474,253523,,,733313467820.9949
2021-06-04,BTC-USD,907519,235300,,,690727440913.3344
2021-06-05,BTC-USD,762659,192819,,,663137983379.5408
2021-06-06,BTC-USD,737174,188480,,,668996465742.4116
2021-06-07,BTC-USD,910652,237064,,,631647921036.1149
2021-06-08,BTC-USD,998834,245071,,,626999384040.2214
2021-06-09,BTC-USD,817282,213689,,,700038595389.8632
2021-06-10,BTC-USD,948298,252966,,,689820071889.26
2021-06-11,BTC-USD,874050,212379,,,696576540388.2317
2021-06-12,BTC-USD,1013611,223896,,,668203294293.8063
2021-06-13,BTC-USD,799859,182420,,,729235864486.0723
2021-06-14,BTC-USD,972587,248537,,,757936603874.6478
2021-06-15,BTC-USD,963054,242092,,,754204861841.724
2021-06-16,BTC-USD,954838,254125,,,716966667412.6796
2021-06-17,BTC-USD,865333,236736,,,712371477843.3572
2021-06-18,BTC-USD,825241,224077,,,669221924126.8472
2021-06-19,BTC-USD,688095,182467,,,666277887602.3289
2021-06-20,BTC-USD,652470,168027,,,667125112359.2637
2021-06-21,BTC-USD,835557,208474,,,594347052677.048
2021-06-22,BTC-USD,776432,196802,,,607097459293.3572
2021-06-23,BTC-USD,847730,233460,,,629906295954.398
2021-06-24,BTC-USD,843836,226845,,,649578904366.7177
2021-06-25,BTC-USD,880813,223011,,,593834396795.6212
2021-06-26,BTC-USD,715801,180868,,,597735121992.122
2021-06-27,BTC-USD,518219,123967,,,646776516888.432
2021-06-28,BTC-USD,776365,215492,,,644353080432.3312
2021-06-29,BTC-USD,792995,207236,,,673569017034.0326
2021-06-30,BTC-USD,790273,217133,,,657312026712.5096
2021-07-01,BTC-USD,817115,232056,,,628082261641.4985
2021-07-02,BTC-USD,809016,189904,,,633310097345.0289
2021-07-03,BTC-USD,1027108,234315,,,648433656983.6084
2021-07-04,BTC-USD,843475,169312,,,662845391401.17
2021-07-05,BTC-USD,902032,223372,,,635804056014.2148
2021-07-06,BTC-USD,853332,232857,,,639813352297.7609
2021-07-07,BTC-USD,811614,220912,,,636232696006.573
2021-07-08,BTC-USD,802085,228850,,,615411488299.4403
2021-07-09,BTC-USD,818441,223467,,,635976090720.0261
2021-07-10,BTC-USD,726034,193966,,,630310480192.5748
2021-07-11,BTC-USD,690684,160653,,,642479813682.0225
2021-07-12,BTC-USD,838472,225239,,,621441410376.5197
2021-07-13,BTC-USD,807050,227411,,,612218213636.9441
2021-07-14,BTC-USD,817900,235584,,,615184714795.5363
2021-07-15,BTC-USD,828844,224713,,,594754222803.969
2021-07-16,BTC-USD,764392,223179,,,590057361252.4622
2021-07-17,BTC-USD,640355,181727,,,591815707709.5931
2021-07-18,BTC-USD,651828,163158,,,594841083620.5983
2021-07-19,BTC-USD,845474,228590,,,579411146950.4635
2021-07-20,BTC-USD,822257,228207,,,558481103180.4249
2021-07-21,BTC-USD,815589,237007,,,602657114950.0177
2021-07-22,BTC-USD,780869,223683,,,606202373832.8649
2021-07-23,BTC-USD,803246,234138,,,627483146930.4396
2021-07-24,BTC-USD,712132,196325,,,641163936367.4471
2021-07-25,BTC-USD,641796,172110,,,659081599893.7745
2021-07-26,BTC-USD,958347,269826,,,702746127516.1979
2021-07-27,BTC-USD,903400,251334,,,734350141187.4904
2021-07-28,BTC-USD,868607,255513,,,749641699745.6101
2021-07-29,BTC-USD,880689,261353,,,752440356957.7415
2021-07-30,BTC-USD,841162,250833,,,784459439060.8488
2021-07-31,BTC-USD,720022,204354,,,784569163457.408
2021-08-01,BTC-USD,695892,190234,,,750359938437.9124
2021-08-02,BTC-USD,899861,236019,,,737914727506.0829
2021-08-03,BTC-USD,820918,246833,,,718892321501.2462
2021-08-04,BTC-USD,842870,237723,,,746809379233.0635
2021-08-05,BTC-USD,854629,249454,,,768776213304.4015
2021-08-06,BTC-USD,894265,258639,,,803532575810.0215
2021-08-07,BTC-USD,724467,207621,,,835399743972.4839
2021-08-08,BTC-USD,740945,197270,,,825816854268.8342
2021-08-09,BTC-USD,934412,254532,,,868930647608.3951
2021-08-10,BTC-USD,875882,259626,,,854387253428.6327
2021-08-11,BTC-USD,866724,261571,,,857951571939.967
2021-08-12,BTC-USD,842547,252677,,,834127847703.9298
2021-08-13,BTC-USD,917929,256053,,,896378630903.7489
2021-08-14,BTC-USD,724702,211657,,,885282092633.6992
2021-08-15,BTC-USD,750378,181221,,,884399444211.284
2021-08-16,BTC-USD,978773,270372,,,863974140187.8444
2021-08-17,BTC-USD,953226,254546,,,840149375514.8033
2021-08-18,BTC-USD,876483,247197,,,844701768564.8572
2021-08-19,BTC-USD,888796,254656,,,876549048192.0912
2021-08-20,BTC-USD,984372,272396,,,925342094183.73
2021-08-21,BTC-USD,787645,216018,,,922188388144.0303
2021-08-22,BTC-USD,715639,191939,,,927746814154.6776
2021-08-23,BTC-USD,973417,271010,,,932084698996.0748
2021-08-24,BTC-USD,945668,263660,,,900836074831.8279
2021-08-25,BTC-USD,867743,264966,,,921118598353.728
2021-08-26,BTC-USD,818959,254481,,,887101213688.728
2021-08-27,BTC-USD,864176,260937,,,922075783019.9613
2021-08-28,BTC-USD,726381,212867,,,918434048710.2448
2021-08-29,BTC-USD,685753,196139,,,920284316512.38
2021-08-30,BTC-USD,910173,249956,,,886057523557.1654
2021-08-31,BTC-USD,930055,273720,,,887857550977.5144
2021-09-01,BTC-USD,954959,277500,,,915526177256.0946
2021-09-02,BTC-USD,1026339,293611,,,928378409762.7802
2021-09-03,BTC-USD,1008068,278164,,,937656640132.1827
2021-09-04,BTC-USD,776022,227677,,,938815345552.6576
2021-09-05,BTC-USD,735688,206820,,,973248018531.0367
2021-09-06,BTC-USD,968860,269949,,,990098733766.8179
2021-09-07,BTC-USD,938525,277913,,,881313121254.8044
2021-09-08,BTC-USD,907794,271871,,,868818919447.7211
2021-09-09,BTC-USD,937415,275020,,,873764452663.139
2021-09-10,BTC-USD,906178,260963,,,842133598885.1117
2021-09-11,BTC-USD,823454,210848,,,848445725719.5256
2021-09-12,BTC-USD,705573,193569,,,868844353747.6371
2021-09-13,BTC-USD,908372,253041,,,846517459123.6083
2021-09-14,BTC-USD,952892,270910,,,884781986136.4463
2021-09-15,BTC-USD,976201,268455,,,906361101242.1885
2021-09-16,BTC-USD,1021047,270023,,,899442060628.6199
2021-09-17,BTC-USD,943981,273808,,,888504590279.6621
2021-09-18,BTC-USD,819880,227894,,,907185981599.0317
2021-09-19,BTC-USD,714326,199632,,,888685620898.3403
2021-09-20,BTC-USD,1014971,273371,,,806615435806.1354
2021-09-21,BTC-USD,844883,245996,,,762810354584.0697
2021-09-22,BTC-USD,888195,270233,,,820275900833.3198
2021-09-23,BTC-USD,918846,273598,,,844486179446.7863
2021-09-24,BTC-USD,958548,274940,,,805785377803.3861
2021-09-25,BTC-USD,702530,210070,,,804542930367.9054
2021-09-26,BTC-USD,699993,192460,,,812036112156.6569
2021-09-27,BTC-USD,901586,262162,,,800131333256.0073
2021-09-28,BTC-USD,935822,262395,,,776202415861.9299
2021-09-29,BTC-USD,830989,240916,,,780569792316.1598
2021-09-30,BTC-USD,1059608,289577,,,824444822183.8048
2021-10-01,BTC-USD,962201,279255,,,905395355940.3254
2021-10-02,BTC-USD,963528,260972,,,900071424943.3763
2021-10-03,BTC-USD,808347,216090,,,907841574218.3805
2021-10-04,BTC-USD,1015651,265740,,,928340914897.4003
2021-10-05,BTC-USD,1037679,312571,,,971140330173.485
2021-10-06,BTC-USD,914612,273475,,,1043925117637.0728
2021-10-07,BTC-USD,1144142,324741,,,1013558008447.5764
2021-10-08,BTC-USD,978503,280844,,,1016016649274.3846
2021-10-09,BTC-USD,991926,241705,,,1036364523575.8844
2021-10-10,BTC-USD,803826,212316,,,1030585445349.3352
2021-10-11,BTC-USD,1009017,277496,,,1079394515904.9696
2021-10-12,BTC-USD,937369,274993,,,1058848098456.308
2021-10-13,BTC-USD,975651,289461,,,1080628058359.8536
2021-10-14,BTC-USD,1007101,284115,,,1081339414302.1724
2021-10-15,BTC-USD,1017121,297755,,,1157938398432.8284
2021-10-16,BTC-USD,937355,269680,,,1148302435528.9846
2021-10-17,BTC-USD,823877,212511,,,1158355075187.089
2021-10-18,BTC-USD,1003479,291260,,,1168115306326.8193
2021-10-19,BTC-USD,1077371,310438,,,1211787792745.6765
2021-10-20,BTC-USD,977215,291740,,,1245228121159.928
2021-10-21,BTC-USD,1139133,321169,,,1175770746966.7607
2021-10-22,BTC-USD,957015,281476,,,1145238131036.0593
2021-10-23,BTC-USD,826969,228432,,,1154702638464.941
2021-10-24,BTC-USD,737951,208278,,,1147509590176.153
2021-10-25,BTC-USD,1079523,286798,,,1188421618593.068
2021-10-26,BTC-USD,998333,295695,,,1138746241356.948
2021-10-27,BTC-USD,944035,286086,,,1104286370829.1567
2021-10-28,BTC-USD,1055114,297884,,,1142080144447.0117
2021-10-29,BTC-USD,1014855,307314,,,1173567203301.5886
2021-10-30,BTC-USD,906672,251998,,,1164426258908.2048
2021-10-31,BTC-USD,893617,216741,,,1158634265024.8484
2021-11-01,BTC-USD,1053426,289324,,,1152261825759.6611
2021-11-02,BTC-USD,1035030,300911,,,1188775936157.8303
2021-11-03,BTC-USD,1069212,290879,,,1187542227940.6553
2021-11-04,BTC-USD,998917,286047,,,1158131273454.4736
2021-11-05,BTC-USD,1037437,282446,,,1150870233190.3442
2021-11-06,BTC-USD,825483,237201,,,1159403746542.6316
2021-11-07,BTC-USD,826432,222930,,,1189437680906.6013
2021-11-08,BTC-USD,1018796,294064,,,1274356316854.726
2021-11-09,BTC-USD,1195638,336872,,,1266001867364.4868
2021-11-10,BTC-USD,1022756,295892,,,1221918863231.726
2021-11-11,BTC-USD,1037951,293052,,,1225886245880.2876
2021-11-12,BTC-USD,975353,287476,,,1209262243095.6287
2021-11-13,BTC-USD,828248,234794,,,1215340475002.5515
2021-11-14,BTC-USD,806451,222847,,,1227377584620.3755
2021-11-15,BTC-USD,1083387,291313,,,1203303942753.5193
2021-11-16,BTC-USD,1030573,301154,,,1138602607166.9688
2021-11-17,BTC-USD,993545,288569,,,1135484006196.6753
2021-11-18,BTC-USD,990087,295608,,,1072108247663.8365
2021-11-19,BTC-USD,976682,283868,,,1095186409046.4594
2021-11-20,BTC-USD,848464,248520,,,1128001356408.752
2021-11-21,BTC-USD,842004,218828,,,1114516759935.048
2021-11-22,BTC-USD,947435,286930,,,1064553089483.9427
2021-11-23,BTC-USD,909010,282832,,,1088365599085.1918
2021-11-24,BTC-USD,1071921,295032,,,1078972757535.9036
2021-11-25,BTC-USD,973237,287824,,,1114270770425.186
2021-11-26,BTC-USD,996141,291679,,,1015970869546.8468
2021-11-27,BTC-USD,777970,238622,,,1031792837559.9305
2021-11-28,BTC-USD,816560,215317,,,1081182893171.7826
2021-11-29,BTC-USD,993217,303388,,,1093928555762.2988
2021-11-30,BTC-USD,977183,296340,,,1078419474710.0887
2021-12-01,BTC-USD,1057704,284941,,,1080047374364.1241
2021-12-02,BTC-USD,1184757,315565,,,1068812318595.5466
2021-12-03,BTC-USD,1010596,289452,,,1013876621204.3636
2021-12-04,BTC-USD,961294,244342,,,928693162456.653
2021-12-05,BTC-USD,978899,221615,,,931905952036.2104
2021-12-06,BTC-USD,1078373,286268,,,954788531821.5376
2021-12-07,BTC-USD,983177,284544,,,955574953843.2509
2021-12-08,BTC-USD,927369,268196,,,954233222626.9064
2021-12-09,BTC-USD,1123743,285532,,,905856172565.3256
2021-12-10,BTC-USD,930831,270853,,,896442961101.7401
2021-12-11,BTC-USD,805461,222133,,,932102527466.7292
2021-12-12,BTC-USD,725043,211066,,,947544868724.2344
2021-12-13,BTC-USD,996713,281785,,,884250008347.6675
2021-12-14,BTC-USD,966596,281921,,,912783912997.8531
2021-12-15,BTC-USD,1058257,280841,,,922994595222.1997
2021-12-16,BTC-USD,873836,256019,,,900967365793.609
2021-12-17,BTC-USD,979005,260119,,,875889128104.2239
2021-12-18,BTC-USD,855978,234236,,,886709082168.6658
2021-12-19,BTC-USD,755797,214374,,,886214966718.6547
2021-12-20,BTC-USD,1015255,266803,,,887738205495.6809
2021-12-21,BTC-USD,1009227,303464,,,928006827611.5642
2021-12-22,BTC-USD,992589,286626,,,920678726099.7028
2021-12-23,BTC-USD,991240,292194,,,958937905483.9762
2021-12-24,BTC-USD,974212,256631,,,960325802399.2275
2021-12-25,BTC-USD,866151,204665,,,956715386644.6605
2021-12-26,BTC-USD,774902,201930,,,960688686557.3997
2021-12-27,BTC-USD,992531,248198,,,960699193954.2045
2021-12-28,BTC-USD,1051572,269681,,,901668291917.6448
2021-12-29,BTC-USD,1142870,276509,,,878962608918.0773
2021-12-30,BTC-USD,977727,245011,,,890954276503.3245
2021-12-31,BTC-USD,1093396,262509,,,876861223766.0674
2022-01-01,BTC-USD,695722,188065,,,899704292195.3873
2022-01-02,BTC-USD,734444,194826,,,895826639879.7357
2022-01-03,BTC-USD,948843,241163,,,878857424265.7749
2022-01-04,BTC-USD,971141,274049,,,868541933980.8007
2022-01-05,BTC-USD,1023484,274757,,,823647361549.9047
2022-01-06,BTC-USD,937879,258406,,,816383641933.4489
2022-01-07,BTC-USD,961733,255659,,,785536046142.0577
2022-01-08,BTC-USD,823193,226064,,,791005030825.6498
2022-01-09,BTC-USD,734904,203966,,,792682352625.3267
2022-01-10,BTC-USD,977953,269292,,,791403311312.3584
2022-01-11,BTC-USD,973363,285302,,,809447924741.6742
2022-01-12,BTC-USD,958871,266587,,,832062440495.9272
2022-01-13,BTC-USD,943218,276789,,,806858094234.2053
2022-01-14,BTC-USD,959705,262404,,,815906720814.3414
2022-01-15,BTC-USD,819060,234931,,,817920712548.0422
2022-01-16,BTC-USD,768912,217903,,,817252077983.4711
2022-01-17,BTC-USD,963405,258684,,,799165933857.8269
2022-01-18,BTC-USD,906852,267423,,,803366428290.746
2022-01-19,BTC-USD,940760,267790,,,791227795959.0669
2022-01-20,BTC-USD,944092,272287,,,771738138088.1324
2022-01-21,BTC-USD,1017544,272514,,,691030724675.9996
2022-01-22,BTC-USD,980566,246984,,,662733218969.3214
2022-01-23,BTC-USD,764279,208492,,,686903645043.7297
2022-01-24,BTC-USD,967257,271583,,,694298766581.2903
2022-01-25,BTC-USD,892344,266941,,,699880378324.826
2022-01-26,BTC-USD,872302,258696,,,697509429274.1655
2022-01-27,BTC-USD,894323,252850,,,701254263145.7666
2022-01-28,BTC-USD,953545,266473,,,715438283447.2081
2022-01-29,BTC-USD,800040,227066,,,721524832280.5933
2022-01-30,BTC-USD,780477,208908,,,719574502508.9705
2022-01-31,BTC-USD,993797,262993,,,728686388266.2095
2022-02-01,BTC-USD,1058396,274556,,,734886466082.2046
2022-02-02,BTC-USD,954043,275434,,,699953961572.8492
2022-02-03,BTC-USD,931571,267726,,,702173027375.5972
2022-02-04,BTC-USD,885216,249753,,,778420574646.1787
2022-02-05,BTC-USD,951087,253867,,,786574393907.42
2022-02-06,BTC-USD,891700,221803,,,802716166347.2819
2022-02-07,BTC-USD,927917,262908,,,831762282836.8923
2022-02-08,BTC-USD,1014770,277455,,,837082119037.3419
2022-02-09,BTC-USD,998247,263940,,,841624618494.103
2022-02-10,BTC-USD,1029721,261192,,,826677702003.7993
2022-02-11,BTC-USD,987669,258085,,,802889388936.9894
2022-02-12,BTC-USD,1060262,224735,,,799453385155.5483
2022-02-13,BTC-USD,829229,212378,,,799914657954.3014
2022-02-14,BTC-USD,899786,249689,,,808496975465.7014
2022-02-15,BTC-USD,1013694,272685,,,843916967903.3898
2022-02-16,BTC-USD,925324,267496,,,835500283615.3702
2022-02-17,BTC-USD,931220,256201,,,770019212409.19
2022-02-18,BTC-USD,940726,258376,,,759324202407.7102
2022-02-19,BTC-USD,839236,218004,,,760341255738.9949
2022-02-20,BTC-USD,741534,202691,,,731091944780.325
2022-02-21,BTC-USD,886316,238620,,,703554688344.6675
2022-02-22,BTC-USD,886571,256251,,,724538639899.3824
2022-02-23,BTC-USD,859810,253563,,,707612117150.8044
2022-02-24,BTC-USD,958866,255800,,,726146059494.2439
2022-02-25,BTC-USD,936543,260990,,,745904763136.9403
2022-02-26,BTC-USD,818914,221994,,,740867098958.1196
2022-02-27,BTC-USD,768705,206112,,,714497979063.6003
2022-02-28,BTC-USD,981066,274389,,,819148711995.1912
2022-03-01,BTC-USD,1065354,275460,,,841108826271.2916
2022-03-02,BTC-USD,1091796,289957,,,834508464680.0197
2022-03-03,BTC-USD,1011448,270823,,,806244025712.1389
2022-03-04,BTC-USD,949176,257979,,,742026135335.5072
2022-03-05,BTC-USD,801293,226147,,,747321460590.9252
2022-03-06,BTC-USD,771254,205542,,,728670905368.0938
2022-03-07,BTC-USD,917289,255761,,,723912662220.2532
2022-03-08,BTC-USD,962840,258526,,,734931320621.745
2022-03-09,BTC-USD,960901,272021,,,796910249370.7688
2022-03-10,BTC-USD,993366,259229,,,749363333209.5948
2022-03-11,BTC-USD,903967,252248,,,736929136350.2585
2022-03-12,BTC-USD,787792,222124,,,739354221515.7125
2022-03-13,BTC-USD,751546,206930,,,717697507253.0143
2022-03-14,BTC-USD,936153,263759,,,752677094103.7612
2022-03-15,BTC-USD,949102,266692,,,747163714202.8488
2022-03-16,BTC-USD,1014991,276789,,,780330370069.7833
2022-03-17,BTC-USD,1009859,272685,,,777801385657.9899
2022-03-18,BTC-USD,1004891,266839,,,794161288273.0386
2022-03-19,BTC-USD,864890,236675,,,801171332567.3827
2022-03-20,BTC-USD,780069,211211,,,784151376119.5593
2022-03-21,BTC-USD,941088,260248,,,779817561038.1803
2022-03-22,BTC-USD,920483,260695,,,804900030311.0082
2022-03-23,BTC-USD,972037,266381,,,811605189141.3652
2022-03-24,BTC-USD,966209,269340,,,835201966315.3181
2022-03-25,BTC-USD,1068732,286600,,,842318907291.7148
2022-03-26,BTC-USD,825356,229765,,,845647593448.0334
2022-03-27,BTC-USD,812882,219139,,,888562475595.7218
2022-03-28,BTC-USD,1029256,289835,,,897089950913.7915
2022-03-29,BTC-USD,972049,293194,,,901695013250.8093
2022-03-30,BTC-USD,940234,269490,,,895267763638.8374
2022-03-31,BTC-USD,979952,280038,,,865648898574.5215
2022-04-01,BTC-USD,1073859,286454,,,878763543516.0741
2022-04-02,BTC-USD,932911,250576,,,872903917445.8976
2022-04-03,BTC-USD,794992,223619,,,882457046122.9755
2022-04-04,BTC-USD,985718,276178,,,886730287350.8207
2022-04-05,BTC-USD,952254,276073,,,868339514523.9437
2022-04-06,BTC-USD,919776,272206,,,822997272031.0201
2022-04-07,BTC-USD,927811,266096,,,828054180680.1997
2022-04-08,BTC-USD,929602,270556,,,802489465551.0809
2022-04-09,BTC-USD,786423,228357,,,811252805066.329
2022-04-10,BTC-USD,754197,218201,,,803372627468.9934
2022-04-11,BTC-USD,986075,279217,,,751695772760.3042
2022-04-12,BTC-USD,970523,273114,,,762233627485.6914
2022-04-13,BTC-USD,960119,283767,,,782351625651.621
2022-04-14,BTC-USD,910470,259632,,,758883634883.5314
2022-04-15,BTC-USD,893942,258904,,,770536726947.4893
2022-04-16,BTC-USD,774863,220729,,,768902341981.3142
2022-04-17,BTC-USD,760823,211027,,,754972012082.3364
2022-04-18,BTC-USD,930250,248528,,,776190301536.566
2022-04-19,BTC-USD,945444,273229,,,788977754146.4867
2022-04-20,BTC-USD,961981,283298,,,787231256989.412
2022-04-21,BTC-USD,970130,279919,,,769432984435.9886
2022-04-22,BTC-USD,945273,261784,,,755782416405.1533
2022-04-23,BTC-USD,857006,238246,,,752864909083.6786
2022-04-24,BTC-USD,796298,217733,,,751560334690.4332
2022-04-25,BTC-USD,1003326,277416,,,769901695374.375
2022-04-26,BTC-USD,965991,277059,,,724263590330.6515
2022-04-27,BTC-USD,967943,285596,,,746100751519.959
2022-04-28,BTC-USD,1003139,272681,,,756205933276.4078
2022-04-29,BTC-USD,1059989,290674,,,734582468278.2043
2022-04-30,BTC-USD,944577,256188,,,717581783127.7089
2022-05-01,BTC-USD,834397,233382,,,731799466487.4058
2022-05-02,BTC-USD,966035,269678,,,733870898707.1201
2022-05-03,BTC-USD,956710,283138,,,717509825232.0969
2022-05-04,BTC-USD,862312,229490,,,754415354857.8029
2022-05-05,BTC-USD,1189734,317562,,,694697804870.6023
2022-05-06,BTC-USD,1086467,288758,,,685993738939.4033
2022-05-07,BTC-USD,837217,234267,,,675856548990.5393
2022-05-08,BTC-USD,813799,223007,,,648294631562.7058
2022-05-09,BTC-USD,1067791,287708,,,579781151871.626
2022-05-10,BTC-USD,978190,279809,,,589953144393.2335
2022-05-11,BTC-USD,981424,253805,,,548209905804.9245
2022-05-12,BTC-USD,1058679,282227,,,552691998324.409
2022-05-13,BTC-USD,1028898,267948,,,557578891036.9143
2022-05-14,BTC-USD,1101356,292088,,,572189373051.7065
2022-05-15,BTC-USD,1016251,233949,,,593741420972.2537
2022-05-16,BTC-USD,1094147,272399,,,569152162704.7391
2022-05-17,BTC-USD,1029420,278212,,,579626118555.3054
2022-05-18,BTC-USD,902599,264173,,,547906490195.5128
2022-05-19,BTC-USD,897588,260343,,,576240952956.045
2022-05-20,BTC-USD,949339,269360,,,556579372166.2573
2022-05-21,BTC-USD,758937,216560,,,560333845441.6517
2022-05-22,BTC-USD,749577,210953,,,577723026488.325
2022-05-23,BTC-USD,939531,268759,,,554065152211.9476
2022-05-24,BTC-USD,841611,237379,,,564667107636.2924
2022-05-25,BTC-USD,1016156,284400,,,563428453326.4861
2022-05-26,BTC-USD,894042,260517,,,558791512891.2731
2022-05-27,BTC-USD,942679,275683,,,545091530563.07745
2022-05-28,BTC-USD,783393,227772,,,553376665776.6837
2022-05-29,BTC-USD,751185,205693,,,560730506231.738
2022-05-30,BTC-USD,925404,267947,,,604695051034.4972
2022-05-31,BTC-USD,998795,277824,,,606542882732.0433
2022-06-01,BTC-USD,962754,274630,,,568353965210.3951
2022-06-02,BTC-USD,945705,262596,,,581304153912.1453
2022-06-03,BTC-USD,932672,269049,,,565292782986.4921
2022-06-04,BTC-USD,776053,219811,,,567791106824.3273
2022-06-05,BTC-USD,721815,195813,,,570162600125.2587
2022-06-06,BTC-USD,952859,268569,,,597222968139.2552
2022-06-07,BTC-USD,941706,265801,,,594230751341.6133
2022-06-08,BTC-USD,888118,261456,,,576221747994.024
2022-06-09,BTC-USD,914304,264597,,,573123374270.208
2022-06-10,BTC-USD,900195,259531,,,554199695710.7606
2022-06-11,BTC-USD,831309,228805,,,540698947091.3848
2022-06-12,BTC-USD,762985,219703,,,511541120875.3391
2022-06-13,BTC-USD,1011323,273372,,,425496087752.90454
2022-06-14,BTC-USD,1075994,275578,,,420875585256.8529
2022-06-15,BTC-USD,1063571,297032,,,429439638534.4194
2022-06-16,BTC-USD,911369,258005,,,387301460756.6234
2022-06-17,BTC-USD,876153,248214,,,390266293444.72327
2022-06-18,BTC-USD,924686,246705,,,362613076008.2063
2022-06-19,BTC-USD,733337,195875,,,390825178945.0636
2022-06-20,BTC-USD,833932,239275,,,392355194662.6997
2022-06-21,BTC-USD,927938,260657,,,394602958805.95074
2022-06-22,BTC-USD,859651,247129,,,381548027644.27856
2022-06-23,BTC-USD,866807,258973,,,402434191804.38727
2022-06-24,BTC-USD,869532,250666,,,406304087725.8087
2022-06-25,BTC-USD,742895,217926,,,409553292964.1447
2022-06-26,BTC-USD,734812,207474,,,401907776246.90607
2022-06-27,BTC-USD,953524,258934,,,395905002794.3522
2022-06-28,BTC-USD,922274,253741,,,386616246554.3172
2022-06-29,BTC-USD,899514,257517,,,383157510545.3414
2022-06-30,BTC-USD,967680,275120,,,368905161486.5793
2022-07-01,BTC-USD,946760,272893,,,369092160644.48914
2022-07-02,BTC-USD,844916,235532,,,367009067592.396
2022-07-03,BTC-USD,701943,196946,,,367880445197.9902
2022-07-04,BTC-USD,883632,251379,,,386024563242.2924
2022-07-05,BTC-USD,864471,244533,,,385410487447.10046
2022-07-06,BTC-USD,969280,264360,,,392440938375.94653
2022-07-07,BTC-USD,1007259,284162,,,413277788950.33325
2022-07-08,BTC-USD,936111,264779,,,416397212991.7956
2022-07-09,BTC-USD,773277,219088,,,412050561218.7148
2022-07-10,BTC-USD,705622,198306,,,397679652328.1112
2022-07-11,BTC-USD,839927,234215,,,381278236463.9223
2022-07-12,BTC-USD,943773,274945,,,369227439023.51135
2022-07-13,BTC-USD,815549,225738,,,384827697730.7176
2022-07-14,BTC-USD,983744,282646,,,392430598967.8341
2022-07-15,BTC-USD,943171,267630,,,397772858736.0078
2022-07-16,BTC-USD,771028,223950,,,404757907016.37714
2022-07-17,BTC-USD,723539,201095,,,397735055796.3284
2022-07-18,BTC-USD,887138,254873,,,425974135852.66394
2022-07-19,BTC-USD,994059,279366,,,446342169170.51056
2022-07-20,BTC-USD,905497,254748,,,444636587982.6189
2022-07-21,BTC-USD,964460,278928,,,442202009885.6991
2022-07-22,BTC-USD,848578,262220,,,433696094122.61554
2022-07-23,BTC-USD,755495,219584,,,429484614219.20026
2022-07-24,BTC-USD,736224,201963,,,432733026887.7572
2022-07-25,BTC-USD,892636,251613,,,410913676124.0288
2022-07-26,BTC-USD,945582,260791,,,404660076563.1692
2022-07-27,BTC-USD,916926,265290,,,437481053400.6272
2022-07-28,BTC-USD,1008866,283820,,,455463751078.1736
2022-07-29,BTC-USD,945142,280447,,,457629004159.523
2022-07-30,BTC-USD,785742,228995,,,451394195746.5754
2022-07-31,BTC-USD,787873,215224,,,446309554827.0595
2022-08-01,BTC-USD,907238,248469,,,445856833816.2058
2022-08-02,BTC-USD,946865,267917,,,440145933788.9064
2022-08-03,BTC-USD,977386,282580,,,435930163094.0358
2022-08-04,BTC-USD,948545,278115,,,432481698498.1701
2022-08-05,BTC-USD,944004,269270,,,444365402286.3903
2022-08-06,BTC-USD,856759,232291,,,439558670016.2039
2022-08-07,BTC-USD,716918,199770,,,442589959621.64594
2022-08-08,BTC-USD,918162,257482,,,455036199177.5948
2022-08-09,BTC-USD,941249,251924,,,443255346045.0302
2022-08-10,BTC-USD,1035793,270675,,,457362340117.1679
2022-08-11,BTC-USD,1002846,284126,,,457600857167.334
2022-08-12,BTC-USD,948381,269215,,,466454794651.84467
2022-08-13,BTC-USD,834925,239894,,,467047962181.5134
2022-08-14,BTC-USD,811197,202156,,,464926257245.774
2022-08-15,BTC-USD,922140,245572,,,460545371976.77686
2022-08-16,BTC-USD,1020819,269531,,,456453539165.3713
2022-08-17,BTC-USD,915870,255933,,,446289696753.9324
2022-08-18,BTC-USD,1009836,292682,,,444107898934.28455
2022-08-19,BTC-USD,982140,276337,,,399867875573.12634
2022-08-20,BTC-USD,841648,226096,,,404475733709.97614
2022-08-21,BTC-USD,753797,201437,,,412286690747.7928
2022-08-22,BTC-USD,880923,250080,,,407468270214.3305
2022-08-23,BTC-USD,930754,257650,,,411956706082.80927
2022-08-24,BTC-USD,930584,260385,,,409880719562.25726
2022-08-25,BTC-USD,898274,255143,,,413017973174.87195
2022-08-26,BTC-USD,937226,265467,,,387371372434.26
2022-08-27,BTC-USD,830874,221784,,,383521315360.0218
2022-08-28,BTC-USD,776186,204472,,,376452934262.3444
2022-08-29,BTC-USD,939245,253563,,,387904432454.7775
2022-08-30,BTC-USD,951380,263101,,,379399486373.23016
2022-08-31,BTC-USD,916812,258575,,,383230005973.0957
2022-09-01,BTC-USD,969786,270341,,,384793516403.9053
2022-09-02,BTC-USD,996822,270262,,,381812359032.21454
2022-09-03,BTC-USD,916603,235843,,,379054868118.2932
2022-09-04,BTC-USD,774639,206295,,,382101528755.6661
2022-09-05,BTC-USD,942780,253103,,,378979046297.1864
2022-09-06,BTC-USD,927513,267063,,,360778897291.7864
2022-09-07,BTC-USD,951645,264285,,,369348929285.85046
2022-09-08,BTC-USD,947648,266823,,,369866184453.4085
2022-09-09,BTC-USD,1021884,286018,,,409021968745.9125
2022-09-10,BTC-USD,873305,240963,,,415780699701.9083
2022-09-11,BTC-USD,871675,225743,,,416141773128.1593
2022-09-12,BTC-USD,989815,269113,,,428273275469.1733
2022-09-13,BTC-USD,948189,259359,,,386159265218.15247
2022-09-14,BTC-USD,977568,269647,,,387732682893.1633
2022-09-15,BTC-USD,953771,277597,,,377227526664.1952
2022-09-16,BTC-USD,933213,260328,,,378099547048.8818
2022-09-17,BTC-USD,918990,245261,,,385382092113.0908
2022-09-18,BTC-USD,775872,212149,,,372115875618.3138
2022-09-19,BTC-USD,912328,255334,,,374638640658.9953
2022-09-20,BTC-USD,952698,268728,,,361534680159.2485
2022-09-21,BTC-USD,918372,263619,,,354536184092.75415
2022-09-22,BTC-USD,860577,246387,,,371942142414.4877
2022-09-23,BTC-USD,968636,276441,,,370278782421.1002
2022-09-24,BTC-USD,799441,226763,,,362592370354.345
2022-09-25,BTC-USD,781165,208905,,,360088000637.69366
2022-09-26,BTC-USD,938059,264276,,,367923055167.1001
2022-09-27,BTC-USD,966074,275487,,,366129749393.5195
2022-09-28,BTC-USD,849979,258906,,,372820281122.77527
2022-09-29,BTC-USD,874705,266329,,,374484430533.8365
2022-09-30,BTC-USD,1005499,292553,,,372479848471.2685
2022-10-01,BTC-USD,867330,236007,,,370137989320.0386
2022-10-02,BTC-USD,852250,216756,,,364472504804.0564
2022-10-03,BTC-USD,964012,268836,,,376339494804.44653
2022-10-04,BTC-USD,932869,280235,,,389903360703.0178
2022-10-05,BTC-USD,891063,267518,,,386381543342.8885
2022-10-06,BTC-USD,930050,276491,,,382480025164.3247
2022-10-07,BTC-USD,936123,270954,,,374613717471.0005
2022-10-08,BTC-USD,815047,235954,,,372277378268.7386
2022-10-09,BTC-USD,787417,214993,,,372530287709.72656
2022-10-10,BTC-USD,896218,253025,,,367297283273.81213
2022-10-11,BTC-USD,916599,272927,,,365108428419.0329
2022-10-12,BTC-USD,871140,260366,,,367380563663.38525
2022-10-13,BTC-USD,933599,275214,,,371826387064.8481
2022-10-14,BTC-USD,984001,284575,,,367814957908.2474
2022-10-15,BTC-USD,838678,241112,,,365765176790.71967
2022-10-16,BTC-USD,769067,214703,,,369462722255.0901
2022-10-17,BTC-USD,870371,261168,,,375144717145.4124
2022-10-18,BTC-USD,887194,258490,,,371025948757.9377
2022-10-19,BTC-USD,923688,260354,,,367029904902.88257
2022-10-20,BTC-USD,893489,268532,,,365152195991.4868
2022-10-21,BTC-USD,913925,266487,,,367885552007.7864
2022-10-22,BTC-USD,817446,231911,,,368530255223.41754
2022-10-23,BTC-USD,803523,218227,,,375413885984.6
2022-10-24,BTC-USD,922514,266297,,,371133215992.5733
2022-10-25,BTC-USD,829386,251891,,,385607075318.5567
2022-10-26,BTC-USD,1051950,305561,,,399099408014.4616
2022-10-27,BTC-USD,895161,265430,,,389197949556.16187
2022-10-28,BTC-USD,925522,279384,,,395444746708.6104
2022-10-29,BTC-USD,871729,251735,,,399288048038.69226
2022-10-30,BTC-USD,830676,223333,,,395712590941.6769
2022-10-31,BTC-USD,980614,290008,,,393319300934.3833
2022-11-01,BTC-USD,955117,273150,,,393205452198.7317
2022-11-02,BTC-USD,869056,258761,,,386777142187.55225
2022-11-03,BTC-USD,1009478,294320,,,387754343675.19775
2022-11-04,BTC-USD,939102,281439,,,406184424138.86646
2022-11-05,BTC-USD,916525,253538,,,408627855628.67584
2022-11-06,BTC-USD,811578,223686,,,402181988995.9385
2022-11-07,BTC-USD,920253,267661,,,394938271820.2412
2022-11-08,BTC-USD,1051006,296138,,,355641163800.59314
2022-11-09,BTC-USD,1076579,293667,,,302606639525.93427
2022-11-10,BTC-USD,1056871,294575,,,336866889999.11127
2022-11-11,BTC-USD,964454,278829,,,324884177574.2261
2022-11-12,BTC-USD,942728,245106,,,322105315599.283
2022-11-13,BTC-USD,895185,224942,,,313461563543.2652
2022-11-14,BTC-USD,954601,244858,,,319408809507.6176
2022-11-15,BTC-USD,986709,281221,,,323768223563.24036
2022-11-16,BTC-USD,944275,264899,,,320019245464.8845
2022-11-17,BTC-USD,902258,254924,,,320332768078.5876
2022-11-18,BTC-USD,955851,275776,,,320084907697.1221
2022-11-19,BTC-USD,1113245,262900,,,320762664379.5779
2022-11-20,BTC-USD,1013890,229629,,,312148570627.24646
2022-11-21,BTC-USD,974239,269034,,,303153772188.1876
2022-11-22,BTC-USD,931145,257097,,,310753451298.5008
2022-11-23,BTC-USD,1057775,270971,,,318476370818.0587
2022-11-24,BTC-USD,988182,250821,,,318671568719.49097
2022-11-25,BTC-USD,981465,262820,,,317509479778.9209
2022-11-26,BTC-USD,892687,230269,,,316103485950.16534
2022-11-27,BTC-USD,855437,223392,,,315875880963.40686
2022-11-28,BTC-USD,931505,259679,,,311594845649.107
2022-11-29,BTC-USD,955669,271896,,,316037505324.6357
2022-11-30,BTC-USD,946754,272102,,,330157249897.60547
2022-12-01,BTC-USD,1030232,286994,,,326029288146.94086
2022-12-02,BTC-USD,970221,271522,,,328230420398.4742
2022-12-03,BTC-USD,938854,249912,,,324868709629.4161
2022-12-04,BTC-USD,842351,216703,,,329155312451.6082
2022-12-05,BTC-USD,960563,273083,,,326087897703.5941
2022-12-06,BTC-USD,941978,264624,,,328201017682.73834
2022-12-07,BTC-USD,899850,266558,,,323945839104.30493
2022-12-08,BTC-USD,905789,270258,,,331331799697.2159
2022-12-09,BTC-USD,946767,268606,,,329515480228.8269
2022-12-10,BTC-USD,909506,231276,,,329302474097.54333
2022-12-11,BTC-USD,781176,220885,,,328744079344.8782
2022-12-12,BTC-USD,905428,264207,,,330704952984.2636
2022-12-13,BTC-USD,974065,286344,,,341866163427.8328
2022-12-14,BTC-USD,930586,279228,,,342552090974.3184
2022-12-15,BTC-USD,897844,271326,,,333610472205.63245
2022-12-16,BTC-USD,893040,258839,,,319429708503.90717
2022-12-17,BTC-USD,967830,261183,,,322681062399.0879
2022-12-18,BTC-USD,783263,207910,,,322729554932.29346
2022-12-19,BTC-USD,971140,262020,,,315972232645.3263
2022-12-20,BTC-USD,950486,270300,,,325176875097.1312
2022-12-21,BTC-USD,905699,268746,,,323243270748.1628
2022-12-22,BTC-USD,908585,276334,,,323520845954.7279
2022-12-23,BTC-USD,891725,275188,,,322886162998.30566
2022-12-24,BTC-USD,758680,215536,,,323994138663.88385
2022-12-25,BTC-USD,731599,196741,,,323763179790.4042
2022-12-26,BTC-USD,787672,227132,,,324837072942.0877
2022-12-27,BTC-USD,867369,241695,,,321365396957.0633
2022-12-28,BTC-USD,904203,269982,,,318253243893.2231
2022-12-29,BTC-USD,945186,266982,,,320082752198.536
2022-12-30,BTC-USD,1050756,286348,,,319388854075.39685
2022-12-31,BTC-USD,839910,243946,,,318067813339.4093
2023-01-01,BTC-USD,719716,189355,,,319672567829.92584
2023-01-02,BTC-USD,842261,228547,,,321266671119.1712
2023-01-03,BTC-USD,985169,273459,,,320923849121.50653
2023-01-04,BTC-USD,922281,279254,,,324371229130.03345
2023-01-05,BTC-USD,922508,274976,,,323934038866.73096
2023-01-06,BTC-USD,932794,273358,,,326515008906.59827
2023-01-07,BTC-USD,809225,250336,,,326237998585.17
2023-01-08,BTC-USD,755503,229074,,,328499715753.26697
2023-01-09,BTC-USD,981056,286289,,,330886115501.8013
2023-01-10,BTC-USD,1146540,306036,,,335749580566.8327
2023-01-11,BTC-USD,944957,288569,,,343465404948.3947
2023-01-12,BTC-USD,1034292,310585,,,363435762403.209
2023-01-13,BTC-USD,1072059,320370,,,382696914618.5445
2023-01-14,BTC-USD,965948,303624,,,404719555363.718
2023-01-15,BTC-USD,807742,255156,,,402142059538.9224
2023-01-16,BTC-USD,966312,303811,,,408025350489.2305
2023-01-17,BTC-USD,988775,309004,,,408005301935.65857
2023-01-18,BTC-USD,942079,294539,,,398995131352.91315
2023-01-19,BTC-USD,926693,298607,,,405991740732.9317
2023-01-20,BTC-USD,933005,303214,,,436623508826.3357
2023-01-21,BTC-USD,906764,286001,,,439387994541.3399
2023-01-22,BTC-USD,863236,249747,,,437735066276.4035
2023-01-23,BTC-USD,933346,296833,,,441857284818.24146
2023-01-24,BTC-USD,908199,288416,,,435749412018.20013
2023-01-25,BTC-USD,912032,306272,,,445371057214.8687
2023-01-26,BTC-USD,892287,297461,,,443458477430.5372
2023-01-27,BTC-USD,929064,305372,,,444671920357.2479
2023-01-28,BTC-USD,857014,268374,,,443507093772.12006
2023-01-29,BTC-USD,829895,258804,,,458299678267.7888
2023-01-30,BTC-USD,957363,311188,,,439513744530.55255
2023-01-31,BTC-USD,944348,312359,,,445903953177.8653
2023-02-01,BTC-USD,1050528,343824,,,457436212535.37054
2023-02-02,BTC-USD,983946,335421,,,453185335299.5718
2023-02-03,BTC-USD,988867,317695,,,452052047565.4157
2023-02-04,BTC-USD,961115,302062,,,450331066544.2132
2023-02-05,BTC-USD,802171,256347,,,442673043515.76447
2023-02-06,BTC-USD,920525,304492,,,438605028941.3012
2023-02-07,BTC-USD,944049,303225,,,448674357936.5548
2023-02-08,BTC-USD,942153,315120,,,442355589491.7768
2023-02-09,BTC-USD,1056974,363668,,,420790203963.9413
2023-02-10,BTC-USD,923753,302716,,,416998493072.5835
2023-02-11,BTC-USD,896301,281958,,,421730481059.5885
2023-02-12,BTC-USD,861493,256348,,,419964034322.39526
2023-02-13,BTC-USD,957593,297879,,,420497959396.1862
2023-02-14,BTC-USD,913570,305330,,,428692521757.3896
2023-02-15,BTC-USD,993456,325059,,,468884953214.8082
2023-02-16,BTC-USD,1118226,341817,,,458066234824.8328
2023-02-17,BTC-USD,1050009,322140,,,474777985910.94104
2023-02-18,BTC-USD,1046593,273988,,,475367066196.61975
2023-02-19,BTC-USD,928713,244509,,,470190985337.3357
2023-02-20,BTC-USD,908106,267205,,,478527590358.21405
2023-02-21,BTC-USD,1012926,293613,,,470883335720.71594
2023-02-22,BTC-USD,931144,277803,,,466337552716.17426
2023-02-23,BTC-USD,1071298,291650,,,461466839224.232
2023-02-24,BTC-USD,964247,298377,,,447316040888.53906
2023-02-25,BTC-USD,811239,259206,,,447022542624.343
2023-02-26,BTC-USD,905055,271471,,,454425911741.45215
2023-02-27,BTC-USD,982682,296912,,,453714768533.1664
2023-02-28,BTC-USD,983627,335341,,,446819268836.4395
2023-03-01,BTC-USD,1076257,377754,,,455815311827.3252
2023-03-02,BTC-USD,939444,330024,,,453121431949.6086
2023-03-03,BTC-USD,1086253,355066,,,431523107640.1537
2023-03-04,BTC-USD,905589,306924,,,431239053644.6866
2023-03-05,BTC-USD,995537,287178,,,432912254426.8668
2023-03-06,BTC-USD,931807,318245,,,432831999828.83685
2023-03-07,BTC-USD,1063023,360867,,,428219361920.7399
2023-03-08,BTC-USD,885079,290018,,,419098099713.9698
2023-03-09,BTC-USD,929904,339133,,,393013679640.0983
2023-03-10,BTC-USD,979055,322995,,,390917907908.01056
2023-03-11,BTC-USD,982511,323403,,,397599044509.8048
2023-03-12,BTC-USD,886609,263955,,,426221507105.4308
2023-03-13,BTC-USD,999918,335201,,,466585218228.0785
2023-03-14,BTC-USD,1024780,327923,,,478479673367.31464
2023-03-15,BTC-USD,1006730,343857,,,471562885492.7352
2023-03-16,BTC-USD,879957,295146,,,483820966773.28314
2023-03-17,BTC-USD,1085422,339244,,,530355563505.5659
2023-03-18,BTC-USD,955447,293458,,,521401004462.55426
2023-03-19,BTC-USD,845573,271293,,,544602429934.9583
2023-03-20,BTC-USD,1014355,337263,,,537849646186.5744
2023-03-21,BTC-USD,990544,331907,,,544415302326.4737
2023-03-22,BTC-USD,940276,296448,,,528379507078.967
2023-03-23,BTC-USD,902932,292159,,,548632503448.67126
2023-03-24,BTC-USD,893101,294570,,,530807367185.91296
2023-03-25,BTC-USD,898042,287422,,,531312174636.28394
2023-03-26,BTC-USD,851151,266890,,,542169657055.9983
2023-03-27,BTC-USD,1057595,295339,,,524906913723.9932
2023-03-28,BTC-USD,982699,317587,,,527422700745.3335
2023-03-29,BTC-USD,977852,328588,,,548815740560.0656
2023-03-30,BTC-USD,1021839,331354,,,541733941198.0574
2023-03-31,BTC-USD,1043754,308895,,,551292496354.6884
2023-04-01,BTC-USD,1038858,316521,,,550928486203.3832
2023-04-02,BTC-USD,1012005,342161,,,544524713657.5736
2023-04-03,BTC-USD,985157,336905,,,538533843979.47015
2023-04-04,BTC-USD,1108155,419443,,,543647331979.0974
2023-04-05,BTC-USD,964688,345029,,,545148282923.0317
2023-04-06,BTC-USD,1022873,352346,,,542445068149.4137
2023-04-07,BTC-USD,956362,351639,,,540298652289.0736
2023-04-08,BTC-USD,885739,325340,,,540851301862.0266
2023-04-09,BTC-USD,936112,277152,,,548492793650.62
2023-04-10,BTC-USD,947327,292988,,,574235609982.3527
2023-04-11,BTC-USD,1146146,375758,,,585087519181.1974
2023-04-12,BTC-USD,1056542,344791,,,578654885226.6572
2023-04-13,BTC-USD,1009669,326572,,,587538152475.136
2023-04-14,BTC-USD,1016042,316304,,,589270068912.4236
2023-04-15,BTC-USD,1045660,275326,,,587038231196.8175
2023-04-16,BTC-USD,840992,235578,,,586498169368.5076
2023-04-17,BTC-USD,984242,316549,,,570208016248.9177
2023-04-18,BTC-USD,1149264,313000,,,587602759964.4852
2023-04-19,BTC-USD,985732,298359,,,557245599384.4084
2023-04-20,BTC-USD,951443,297440,,,546713741184.974
2023-04-21,BTC-USD,1015546,352999,,,528175134909.0028
2023-04-22,BTC-USD,914896,356615,,,538564949198.4576
2023-04-23,BTC-USD,840711,434101,,,534277114846.2925
2023-04-24,BTC-USD,998948,358615,,,532666177826.66583
2023-04-25,BTC-USD,895988,373152,,,547833832702.5402
2023-04-26,BTC-USD,893248,433927,,,549435199387.87
2023-04-27,BTC-USD,892914,419005,,,570390261178.377
2023-04-28,BTC-USD,957827,484327,,,568196114329.5779
2023-04-29,BTC-USD,803633,487346,,,565718094832.8191
2023-04-30,BTC-USD,767567,561448,,,568466684139.17
2023-05-01,BTC-USD,929691,685711,,,544353449574.5647
2023-05-02,BTC-USD,820724,460621,,,555521717581.1757
2023-05-03,BTC-USD,953701,488518,,,562410583931.3228
2023-05-04,BTC-USD,914598,490738,,,558773645025.0818
2023-05-05,BTC-USD,822037,411057,,,572294716419.607
2023-05-06,BTC-USD,764917,603617,,,559666442122.5637
2023-05-07,BTC-USD,549932,614264,,,557024258369.1561
2023-05-08,BTC-USD,696710,573864,,,537013903849.53534
2023-05-09,BTC-USD,772112,592036,,,535396500180.69135
2023-05-10,BTC-USD,891517,672910,,,535495151707.0393
2023-05-11,BTC-USD,831417,544837,,,522741765621.6745
2023-05-12,BTC-USD,809188,508450,,,518640829707.00287
2023-05-13,BTC-USD,705679,581550,,,519983463986.6365
2023-05-14,BTC-USD,835319,626942,,,521501767636.86115
2023-05-15,BTC-USD,817441,526691,,,527597676412.83777
2023-05-16,BTC-USD,814467,564700,,,523634254375.96967
2023-05-17,BTC-USD,841652,579967,,,530933746512.83374
2023-05-18,BTC-USD,814709,478050,,,520149069256.5386
2023-05-19,BTC-USD,904374,513521,,,521070836897.92114
2023-05-20,BTC-USD,719434,423450,,,525188703696.1737
2023-05-21,BTC-USD,775828,487763,,,518939805773.35767
2023-05-22,BTC-USD,817592,506455,,,520546146828.68176
2023-05-23,BTC-USD,859507,514901,,,527706821772.363
2023-05-24,BTC-USD,859470,398061,,,510568856611.54913
2023-05-25,BTC-USD,923963,466257,,,513373437575.88806
2023-05-26,BTC-USD,963216,533103,,,517964772439.35925
2023-05-27,BTC-USD,877266,469559,,,520589684799.388
2023-05-28,BTC-USD,863880,499561,,,544713631696.41895
2023-05-29,BTC-USD,912071,548854,,,538296723420.2816
2023-05-30,BTC-USD,959148,511408,,,537303974431.53375
2023-05-31,BTC-USD,925966,421021,,,527734362861.804
2023-06-01,BTC-USD,919298,351891,,,520149803853.8615
2023-06-02,BTC-USD,982760,485798,,,528512754630.3877
2023-06-03,BTC-USD,873884,380045,,,525125397359.78687
2023-06-04,BTC-USD,879948,357474,,,526679506782.1844
2023-06-05,BTC-USD,884289,363110,,,500086760503.23615
2023-06-06,BTC-USD,1032895,468063,,,527805281358.1224
2023-06-07,BTC-USD,1004588,429649,,,510872747611.9035
2023-06-08,BTC-USD,964762,403263,,,514430501556.3999
2023-06-09,BTC-USD,1020140,387748,,,513468924118.93225
2023-06-10,BTC-USD,943047,364874,,,501710449004.70013
2023-06-11,BTC-USD,872589,401105,,,502582898459.83105
2023-06-12,BTC-USD,985947,371500,,,502606840607.85065
2023-06-13,BTC-USD,933842,405497,,,502128298740.5132
2023-06-14,BTC-USD,828183,333934,,,486950552678.45825
2023-06-15,BTC-USD,919869,421465,,,495929474633.99506
2023-06-16,BTC-USD,958674,521861,,,510947065430.74207
2023-06-17,BTC-USD,863600,468094,,,514508639698.38794
2023-06-18,BTC-USD,883864,442763,,,511424654895.8779
2023-06-19,BTC-USD,920552,412858,,,519678514144.5061
2023-06-20,BTC-USD,951926,446312,,,549343799477.71765
2023-06-21,BTC-USD,920555,363604,,,584185860834.0365
2023-06-22,BTC-USD,1000988,390860,,,581358382042.0336
2023-06-23,BTC-USD,948738,373178,,,594694065924.9224
2023-06-24,BTC-USD,1011110,360123,,,592987890855.0363
2023-06-25,BTC-USD,944147,384437,,,591433552695.0343
2023-06-26,BTC-USD,998904,405162,,,587354472876.4258
2023-06-27,BTC-USD,978594,433747,,,595363699913.8203
2023-06-28,BTC-USD,826245,331234,,,584453424037.3441
2023-06-29,BTC-USD,970467,435226,,,591407318592.3457
2023-06-30,BTC-USD,1067040,446825,,,591897765637.368
2023-07-01,BTC-USD,918349,320180,,,593810178287.0383
2023-07-02,BTC-USD,997177,307552,,,594086124744.982
2023-07-03,BTC-USD,977874,333178,,,604620797716.763
2023-07-04,BTC-USD,963366,377184,,,598134575137.0653
2023-07-05,BTC-USD,964759,494320,,,592297040619.1724
2023-07-06,BTC-USD,973154,393611,,,582261234281.4344
2023-07-07,BTC-USD,1021136,558253,,,589095022829.2559
2023-07-08,BTC-USD,1009931,574664,,,587841663177.4305
2023-07-09,BTC-USD,978223,593770,,,585923377405.3176
2023-07-10,BTC-USD,925790,508406,,,590448269412.5723
2023-07-11,BTC-USD,937945,430012,,,594778750901.7263
2023-07-12,BTC-USD,942309,477324,,,590325510735.3842
2023-07-13,BTC-USD,874515,373263,,,610731309494.0143
2023-07-14,BTC-USD,996373,421261,,,588918530172.9481
2023-07-15,BTC-USD,914738,489697,,,588560314529.3848
2023-07-16,BTC-USD,927843,591972,,,587790692134.452
2023-07-17,BTC-USD,931087,440009,,,585756083872.9222
2023-07-18,BTC-USD,1028951,569852,,,579801229885.0629
2023-07-19,BTC-USD,969285,482668,,,581330729751.3192
2023-07-20,BTC-USD,901211,398519,,,579266914318.2406
2023-07-21,BTC-USD,855163,322339,,,581505118062.6237
2023-07-22,BTC-USD,923147,288229,,,577765664913.1605
2023-07-23,BTC-USD,894084,560423,,,584412592865.5505
2023-07-24,BTC-USD,938461,530301,,,567175501671.5082
2023-07-25,BTC-USD,940528,463976,,,568034510474.9121
2023-07-26,BTC-USD,1015337,451236,,,570788957155.0269
2023-07-27,BTC-USD,943734,413776,,,567705587810.3228
2023-07-28,BTC-USD,948590,448372,,,569959677160.0485
2023-07-29,BTC-USD,889450,423912,,,570840562162.5763
2023-07-30,BTC-USD,1010937,645339,,,568974872634.1339
2023-07-31,BTC-USD,922082,446746,,,568164226105.1633
2023-08-01,BTC-USD,983005,405391,,,573629784670.5057
2023-08-02,BTC-USD,1069904,393762,,,566726820626.5154
2023-08-03,BTC-USD,1030326,476666,,,567710991370.1062
2023-08-04,BTC-USD,912508,318338,,,565105804695.3821
2023-08-05,BTC-USD,992041,499440,,,565052912292.7183
2023-08-06,BTC-USD,973822,611086,,,564984423123.5125
2023-08-07,BTC-USD,952272,423178,,,567273367302.8016
2023-08-08,BTC-USD,874562,332667,,,579261915351.565
2023-08-09,BTC-USD,1057273,508817,,,575468304282.0208
2023-08-10,BTC-USD,947623,355773,,,572519595905.101
2023-08-11,BTC-USD,954168,502936,,,571956438561.5012
2023-08-12,BTC-USD,926800,512116,,,572297423307.2441
2023-08-13,BTC-USD,860881,497535,,,569800385426.1592
2023-08-14,BTC-USD,1007719,563322,,,572222106279.2792
2023-08-15,BTC-USD,1073564,581895,,,567556759131.4548
2023-08-16,BTC-USD,947796,574119,,,559543774142.6799
2023-08-17,BTC-USD,1050502,492845,,,518826863048.6306
2023-08-18,BTC-USD,1016460,424283,,,506721783913.45654
2023-08-19,BTC-USD,878361,521811,,,507846438071.15137
2023-08-20,BTC-USD,929724,611930,,,509478386019.2887
2023-08-21,BTC-USD,1002377,551541,,,508579521674.7416
2023-08-22,BTC-USD,922178,422819,,,505669568328.7056
2023-08-23,BTC-USD,937656,409372,,,514919209015.0047
2023-08-24,BTC-USD,946410,401881,,,508607674820.29224
2023-08-25,BTC-USD,922155,425953,,,506957185572.9049
2023-08-26,BTC-USD,917123,499325,,,506303782993.0188
2023-08-27,BTC-USD,808508,411227,,,507883827671.5994
2023-08-28,BTC-USD,873786,326485,,,508232408563.7208
2023-08-29,BTC-USD,1060996,509039,,,538807201879.9037
2023-08-30,BTC-USD,877649,406652,,,531561630095.86505
2023-08-31,BTC-USD,968985,433684,,,505412286329.01166
2023-09-01,BTC-USD,1051172,418665,,,502475261599.45935
2023-09-02,BTC-USD,955720,545957,,,503775509930.82574
2023-09-03,BTC-USD,864433,627700,,,505636660531.69293
2023-09-04,BTC-USD,920027,575666,,,502485734430.55206
2023-09-05,BTC-USD,940913,453308,,,502171430649.91614
2023-09-06,BTC-USD,1001123,485735,,,501656133395.8638
2023-09-07,BTC-USD,1003310,541513,,,510558478038.27527
2023-09-08,BTC-USD,986937,408954,,,504621236835.8533
2023-09-09,BTC-USD,1116330,599142,,,504449363829.6965
2023-09-10,BTC-USD,1049360,557602,,,503242767131.7789
2023-09-11,BTC-USD,1120614,463598,,,489700142564.4573
2023-09-12,BTC-USD,1042537,461193,,,503841361451.7037
2023-09-13,BTC-USD,1049105,513232,,,511019169908.62366
2023-09-14,BTC-USD,1131002,574875,,,517460186589.9245
2023-09-15,BTC-USD,1234300,708663,,,519762749395.7533
2023-09-16,BTC-USD,1053706,591563,,,517508914919.9982
2023-09-17,BTC-USD,1039207,616879,,,516496770733.76605
2023-09-18,BTC-USD,1125172,625728,,,521632787593.76227
2023-09-19,BTC-USD,1035954,491377,,,530434922294.0389
2023-09-20,BTC-USD,1062056,561350,,,528868345382.3211
2023-09-21,BTC-USD,1078476,427398,,,517940823891.0621
2023-09-22,BTC-USD,978848,433758,,,518148451376.85046
2023-09-23,BTC-USD,1090192,639336,,,518069661036.8464
2023-09-24,BTC-USD,1061159,428059,,,512457226998.516
2023-09-25,BTC-USD,1104115,294377,,,512523325127.045
2023-09-26,BTC-USD,1027673,305251,,,510707682977.89667
2023-09-27,BTC-USD,1072094,341149,,,513493183428.7344
2023-09-28,BTC-USD,1045920,376671,,,527114436863.46533
2023-09-29,BTC-USD,1050872,323661,,,524756938047.95734
2023-09-30,BTC-USD,1019753,280334,,,526075791386.05505
2023-10-01,BTC-USD,921731,320190,,,545063625648.5012
2023-10-02,BTC-USD,1027085,340200,,,537597189376.07947
2023-10-03,BTC-USD,1077556,309334,,,535153460226.5144
2023-10-04,BTC-USD,904067,293693,,,542160520527.8175
2023-10-05,BTC-USD,946720,321037,,,534950498590.6463
2023-10-06,BTC-USD,915218,293272,,,545035568358.9752
2023-10-07,BTC-USD,853582,242646,,,545666018320.83685
2023-10-08,BTC-USD,786381,243277,,,544981306054.7192
2023-10-09,BTC-USD,942188,280007,,,538278357094.6784
2023-10-10,BTC-USD,903210,283755,,,534959366481.3849
2023-10-11,BTC-USD,867301,265623,,,523443617438.48944
2023-10-12,BTC-USD,911879,272350,,,521777018609.8072
2023-10-13,BTC-USD,917035,278419,,,523772953760.5984
2023-10-14,BTC-USD,806946,258882,,,524178794761.6759
2023-10-15,BTC-USD,795940,258142,,,529442998597.0687
2023-10-16,BTC-USD,1018543,298000,,,556330012853.7865
2023-10-17,BTC-USD,917408,294069,,,554922670009.3156
2023-10-18,BTC-USD,932487,275052,,,552896547827.5342
2023-10-19,BTC-USD,918882,282274,,,559992553526.0752
2023-10-20,BTC-USD,952627,293330,,,579821427846.1895
2023-10-21,BTC-USD,871252,268430,,,584096126027.6635
2023-10-22,BTC-USD,795000,247456,,,585327499000.0365
2023-10-23,BTC-USD,1071672,312741,,,643338061309.7109
2023-10-24,BTC-USD,1021188,372695,,,661457680682.435
2023-10-25,BTC-USD,1090466,477890,,,673352887607.2732
2023-10-26,BTC-USD,1099370,429794,,,667387843568.6382
2023-10-27,BTC-USD,1052994,456280,,,661864606136.3345
2023-10-28,BTC-USD,1018571,564578,,,665699403187.6077
2023-10-29,BTC-USD,909920,403706,,,675155541179.4105
2023-10-30,BTC-USD,1097494,461480,,,673641945531.777
2023-10-31,BTC-USD,1044499,437895,,,676435313127.4437
2023-11-01,BTC-USD,1053031,461955,,,692005135084.2311
2023-11-02,BTC-USD,1062991,410238,,,681313058707.277
2023-11-03,BTC-USD,990903,450384,,,677930509621.0774
2023-11-04,BTC-USD,1118816,704138,,,685445372905.6
2023-11-05,BTC-USD,1144443,666535,,,685753933111.1659
2023-11-06,BTC-USD,993108,439013,,,684075855228.6017
2023-11-07,BTC-USD,961106,449873,,,691934232277.7666
2023-11-08,BTC-USD,1004807,585167,,,699379861493.9697
2023-11-09,BTC-USD,989778,571031,,,716554937246.1757
2023-11-10,BTC-USD,1127201,526138,,,730114337393.7738
2023-11-11,BTC-USD,1073475,628048,,,722578816039.1404
2023-11-12,BTC-USD,1008655,706503,,,724050510722.7842
2023-11-13,BTC-USD,963722,418873,,,714110932281.1439
2023-11-14,BTC-USD,957065,525384,,,695526681621.9908
2023-11-15,BTC-USD,961281,569166,,,739529498353.9537
2023-11-16,BTC-USD,933700,628280,,,706727280727.5068
2023-11-17,BTC-USD,1014052,532945,,,714761166975.2008
2023-11-18,BTC-USD,860889,629610,,,714945979789.7671
2023-11-19,BTC-USD,962703,712264,,,731899071791.294
2023-11-20,BTC-USD,1064908,630519,,,733371228930.5375
2023-11-21,BTC-USD,1007505,530112,,,704454241190.6842
2023-11-22,BTC-USD,979014,536770,,,731230704479.3485
2023-11-23,BTC-USD,970303,586979,,,729479763214.5287
2023-11-24,BTC-USD,1136807,624489,,,737477876623.1957
2023-11-25,BTC-USD,1032695,612626,,,739105838366.7302
2023-11-26,BTC-USD,983533,578192,,,732933517212.2942
2023-11-27,BTC-USD,981736,478456,,,728007625505.0597
2023-11-28,BTC-USD,996007,447781,,,739759969555.1896
2023-11-29,BTC-USD,915309,358838,,,740151719383.5668
2023-11-30,BTC-USD,958958,410936,,,737559963657.6083
2023-12-01,BTC-USD,1131524,497410,,,756979072757.1498
2023-12-02,BTC-USD,860355,435763,,,771849857306.7882
2023-12-03,BTC-USD,919493,707186,,,781982500933.8688
2023-12-04,BTC-USD,1034656,567712,,,819814934315.0968
2023-12-05,BTC-USD,867570,513549,,,862040657424.9015
2023-12-06,BTC-USD,867353,469800,,,855795078786.4973
2023-12-07,BTC-USD,898183,368965,,,846764339890.7688
2023-12-08,BTC-USD,924415,411806,,,864847778236.8765
2023-12-09,BTC-USD,927620,593873,,,855792329926.9049
2023-12-10,BTC-USD,848613,528723,,,855687879830.6742
2023-12-11,BTC-USD,1010741,528218,,,806366344749.7966
2023-12-12,BTC-USD,886419,547067,,,811439872900.6285
2023-12-13,BTC-USD,742559,586126,,,840280084906.0906
2023-12-14,BTC-USD,711343,569840,,,842160345950.7255
2023-12-15,BTC-USD,860116,632050,,,821555930265.7354
2023-12-16,BTC-USD,724669,636141,,,826001802531.8429
2023-12-17,BTC-USD,703993,621213,,,810881174245.3148
2023-12-18,BTC-USD,928612,641771,,,834551810875.268
2023-12-19,BTC-USD,817240,662370,,,827472216777.7076
2023-12-20,BTC-USD,787679,580281,,,853610950918.3718
2023-12-21,BTC-USD,815395,589222,,,858840219309.1272
2023-12-22,BTC-USD,1012121,623750,,,861612765680.0215
2023-12-23,BTC-USD,893092,609387,,,856944238425.8184
2023-12-24,BTC-USD,880971,724746,,,843852920767.2596
2023-12-25,BTC-USD,702609,531891,,,854188718516.3186
2023-12-26,BTC-USD,742922,556724,,,832047859801.0199
2023-12-27,BTC-USD,776011,541778,,,850603955311.5321
2023-12-28,BTC-USD,848615,417387,,,835630557952.1046
2023-12-29,BTC-USD,910761,579710,,,822508753451.7498
2023-12-30,BTC-USD,787521,540497,,,826579160024.2511
2023-12-31,BTC-USD,791644,724837,,,826868406538.1709
2024-01-01,BTC-USD,827239,655722,,,862798932438.5515
2024-01-02,BTC-USD,867688,364237,,,880301238448.1906
2024-01-03,BTC-USD,940343,502203,,,837886611759.9718
2024-01-04,BTC-USD,1010934,482718,,,866868194472.4562
2024-01-05,BTC-USD,813324,416347,,,864860632050.2275
2024-01-06,BTC-USD,808917,389306,,,860425656118.4233
2024-01-07,BTC-USD,713381,348435,,,859012443610.0101
2024-01-08,BTC-USD,756849,409400,,,920512392403.762
2024-01-09,BTC-USD,902934,470829,,,902974871223.5372
2024-01-10,BTC-USD,839431,384427,,,917398869581.0612
2024-01-11,BTC-USD,960999,450822,,,908880379024.5656
2024-01-12,BTC-USD,987727,367870,,,839096097616.4066
2024-01-13,BTC-USD,845713,667027,,,839717259324.3887
2024-01-14,BTC-USD,722721,591106,,,820960086253.5798
2024-01-15,BTC-USD,786699,401054,,,833548710417.6099
2024-01-16,BTC-USD,782242,469892,,,846175712864.9702
2024-01-17,BTC-USD,809220,455050,,,836757824473.3639
2024-01-18,BTC-USD,897358,480795,,,808815882007.2329
2024-01-19,BTC-USD,806018,461325,,,815611837232.0771
2024-01-20,BTC-USD,817313,565601,,,816861256061.064
2024-01-21,BTC-USD,767739,593968,,,814318181968.0931
2024-01-22,BTC-USD,951076,451204,,,775932511818.8115
2024-01-23,BTC-USD,865990,368563,,,779111859291.3501
2024-01-24,BTC-USD,899326,368789,,,786296878249.5127
2024-01-25,BTC-USD,1101397,347123,,,782730418148.3042
2024-01-26,BTC-USD,892906,496525,,,820871113388.8333
2024-01-27,BTC-USD,965883,603739,,,826104247111.5658
2024-01-28,BTC-USD,898096,629248,,,823356005467.9299
2024-01-29,BTC-USD,959589,580828,,,847624931690.9917
2024-01-30,BTC-USD,907924,524001,,,842401659509.7396
2024-01-31,BTC-USD,870798,437107,,,835364222162.0884
2024-02-01,BTC-USD,933880,410372,,,843856959361.5793
2024-02-02,BTC-USD,932903,432087,,,846556232629.2255
2024-02-03,BTC-USD,820828,515129,,,843203026562.8829
2024-02-04,BTC-USD,802004,331515,,,835277882869.2004
2024-02-05,BTC-USD,852467,281772,,,836162692896.9808
2024-02-06,BTC-USD,865722,280196,,,845693113581.4182
2024-02-07,BTC-USD,901234,425025,,,868307228059.1835
2024-02-08,BTC-USD,818130,287438,,,889519016233.136
2024-02-09,BTC-USD,950564,330447,,,925768615916.4115
2024-02-10,BTC-USD,963958,406003,,,937900623195.3085
2024-02-11,BTC-USD,840255,323411,,,945946661324.0156
2024-02-12,BTC-USD,1013562,413637,,,981112034988.7357
2024-02-13,BTC-USD,843469,305214,,,974054908900.8115
2024-02-14,BTC-USD,803805,298455,,,1017597474063.2532
2024-02-15,BTC-USD,892019,309299,,,1019510236754.0828
2024-02-16,BTC-USD,836256,306995,,,1023836267564.0166
2024-02-17,BTC-USD,850883,330435,,,1014413414440.1022
2024-02-18,BTC-USD,748090,346126,,,1023743059920.6989
2024-02-19,BTC-USD,867774,366190,,,1017048408416.95
2024-02-20,BTC-USD,866223,396745,,,1026974429999.0883
2024-02-21,BTC-USD,821320,369350,,,1015951209301.8634
2024-02-22,BTC-USD,855859,366922,,,1007119959019.4268
2024-02-23,BTC-USD,938307,403218,,,997290498112.2657
2024-02-24,BTC-USD,819174,342157,,,1012829187887.0153
2024-02-25,BTC-USD,894568,421219,,,1016185995310.12
2024-02-26,BTC-USD,887140,355313,,,1071322129159.3308
2024-02-27,BTC-USD,917983,388230,,,1120426601291.386
2024-02-28,BTC-USD,1054242,415406,,,1226750759834.859
2024-02-29,BTC-USD,989364,407609,,,1205865991757.463
2024-03-01,BTC-USD,1058499,415081,,,1228113241125.587
2024-03-02,BTC-USD,843207,342086,,,1218836653884.7495
2024-03-03,BTC-USD,868123,385135,,,1237397939322.0188
2024-03-04,BTC-USD,889591,358771,,,1337644545844.4673
2024-03-05,BTC-USD,1163884,424703,,,1256356364718.29
2024-03-06,BTC-USD,922558,381467,,,1298715391395.494
2024-03-07,BTC-USD,1034779,437969,,,1317782410417.2563
2024-03-08,BTC-USD,947450,424558,,,1342866381837.3845
2024-03-09,BTC-USD,915625,362520,,,1346056196239.3835
2024-03-10,BTC-USD,862638,363011,,,1353579668685.426
2024-03-11,BTC-USD,1150718,393001,,,1418814650993.1611
2024-03-12,BTC-USD,1016389,344882,,,1403836996419.445
2024-03-13,BTC-USD,1093495,387845,,,1436314177938.6284
2024-03-14,BTC-USD,1000634,330080,,,1405397203963.9863
2024-03-15,BTC-USD,963220,311078,,,1364563991872.797
2024-03-16,BTC-USD,916345,355299,,,1286174217035.593
2024-03-17,BTC-USD,861558,365645,,,1342284214005.9248
2024-03-18,BTC-USD,910571,417117,,,1332237494666.7705
2024-03-19,BTC-USD,974102,459004,,,1218251084304.752
2024-03-20,BTC-USD,942142,360623,,,1333885263897.7363
2024-03-21,BTC-USD,819742,328692,,,1286880964052.164
2024-03-22,BTC-USD,915500,347556,,,1248237492815.0354
2024-03-23,BTC-USD,908728,315648,,,1265499269578.2336
2024-03-24,BTC-USD,918817,331993,,,1323148747346.792
2024-03-25,BTC-USD,918815,320633,,,1377329438014.7817
2024-03-26,BTC-USD,851577,313314,,,1377958914921.447
2024-03-27,BTC-USD,865580,358499,,,1362223531385.005
2024-03-28,BTC-USD,942681,433584,,,1392950313815.1062
2024-03-29,BTC-USD,847610,451776,,,1375119172323.9653
2024-03-30,BTC-USD,826192,486300,,,1370190408232.7249
2024-03-31,BTC-USD,691124,315001,,,1401022109461.656
2024-04-01,BTC-USD,970510,330165,,,1372845320592.963
2024-04-02,BTC-USD,953501,358331,,,1289150894904.9507
2024-04-03,BTC-USD,965290,369696,,,1300942909083.0212
2024-04-04,BTC-USD,978380,324609,,,1346404337707.1921
2024-04-05,BTC-USD,950040,346357,,,1335976840644.8728
2024-04-06,BTC-USD,907389,433426,,,1360265973337.5532
2024-04-07,BTC-USD,833045,526443,,,1365388593961.6086
2024-04-08,BTC-USD,896193,454644,,,1411110586059.4548
2024-04-09,BTC-USD,890535,450513,,,1359260007106.1987
2024-04-10,BTC-USD,846297,538372,,,1388940357095.897
2024-04-11,BTC-USD,748021,479937,,,1378511306220.9265
2024-04-12,BTC-USD,832502,441977,,,1320543247051.6003
2024-04-13,BTC-USD,869723,510750,,,1270492985833.1172
2024-04-14,BTC-USD,839158,468144,,,1292151526364.2095
2024-04-15,BTC-USD,813736,503794,,,1247813165529.8499
2024-04-16,BTC-USD,941086,453968,,,1255585004528.3425
2024-04-17,BTC-USD,794595,385424,,,1207201304926.8154
2024-04-18,BTC-USD,823945,416810,,,1250290039869.588
2024-04-19,BTC-USD,880733,398632,,,1255319975339.04
2024-04-20,BTC-USD,509709,630654,,,1277895532215.4429
2024-04-21,BTC-USD,565959,644793,,,1279109157045.1768
2024-04-22,BTC-USD,659537,673406,,,1318052855171.249
2024-04-23,BTC-USD,547174,928131,,,1307075893683.7517
2024-04-24,BTC-USD,835569,600768,,,1263882566632.7507
2024-04-25,BTC-USD,818807,525222,,,1270318817448.1624
2024-04-26,BTC-USD,847289,440854,,,1255815635501.8833
2024-04-27,BTC-USD,856864,459297,,,1248987882000.5325
2024-04-28,BTC-USD,707117,480244,,,1240140042894.858
2024-04-29,BTC-USD,856192,400991,,,1258475557385.6252
2024-04-30,BTC-USD,827915,501881,,,1194069248252.2043
2024-05-01,BTC-USD,781183,477225,,,1144969805261.1355
2024-05-02,BTC-USD,744998,563418,,,1165247264400.3933
2024-05-03,BTC-USD,731936,437975,,,1240373492062.4695
2024-05-04,BTC-USD,613171,668343,,,1258076134304.8257
2024-05-05,BTC-USD,573428,626139,,,1261776217571.7017
2024-05-06,BTC-USD,670316,507965,,,1245266971187.337
2024-05-07,BTC-USD,702887,373579,,,1228922316589.07
2024-05-08,BTC-USD,697417,453934,,,1202993674653.4016
2024-05-09,BTC-USD,671205,521126,,,1240822352263.6616
2024-05-10,BTC-USD,606931,720578,,,1199451802640.4268
2024-05-11,BTC-USD,612137,712455,,,1198436760485.3406
2024-05-12,BTC-USD,573640,562310,,,1210038071267.0505
2024-05-13,BTC-USD,746125,541770,,,1238739810860.9
2024-05-14,BTC-USD,686207,422749,,,1212540748352.6196
2024-05-15,BTC-USD,714393,499145,,,1305663490423.4849
2024-05-16,BTC-USD,689540,481822,,,1285751959588.0232
2024-05-17,BTC-USD,743911,564502,,,1319020493592.986
2024-05-18,BTC-USD,650957,399736,,,1319464124823.7952
2024-05-19,BTC-USD,637953,641786,,,1305348788162.1487
2024-05-20,BTC-USD,706063,632582,,,1402758099414.36
2024-05-21,BTC-USD,746087,544407,,,1383383873548.006
2024-05-22,BTC-USD,709347,587003,,,1360911099802.7354
2024-05-23,BTC-USD,728396,736406,,,1335015492496.5051
2024-05-24,BTC-USD,663534,739561,,,1351802183524.9346
2024-05-25,BTC-USD,591356,844733,,,1365112585433.804
2024-05-26,BTC-USD,538911,852881,,,1348641220725.702
2024-05-27,BTC-USD,612909,549315,,,1366456821776.78
2024-05-28,BTC-USD,653177,594169,,,1346682624470.3232
2024-05-29,BTC-USD,559784,721240,,,1331764329620.136
2024-05-30,BTC-USD,649063,510008,,,1347381651646.683
2024-05-31,BTC-USD,656289,713689,,,1327752245108.245
2024-06-01,BTC-USD,570980,737521,,,1334414955080.0835
2024-06-02,BTC-USD,536181,729457,,,1336240533927.6711
2024-06-03,BTC-USD,689745,758731,,,1356529467104.4695
2024-06-04,BTC-USD,637180,636795,,,1390471342294.432
2024-06-05,BTC-USD,592424,562197,,,1401009939445.891
2024-06-06,BTC-USD,624088,602842,,,1395147734909.9626
2024-06-07,BTC-USD,583336,250713,,,1366594140735.1128
2024-06-08,BTC-USD,772154,529506,,,1366078592262.9685
2024-06-09,BTC-USD,609844,761292,,,1372693139520.2039
2024-06-10,BTC-USD,684041,661124,,,1369213276623.9949
2024-06-11,BTC-USD,684207,469892,,,1327892843551.052
2024-06-12,BTC-USD,677849,690905,,,1344590981955.8423
2024-06-13,BTC-USD,613255,729876,,,1316427135683.067
2024-06-14,BTC-USD,606488,599059,,,1300658337179.108
2024-06-15,BTC-USD,635369,447381,,,1305076332518.8728
2024-06-16,BTC-USD,735939,452652,,,1313344170121.058
2024-06-17,BTC-USD,724644,465013,,,1310638614936.662
2024-06-18,BTC-USD,733498,605888,,,1283627261670.329
2024-06-19,BTC-USD,622245,635236,,,1279053591186.5366
2024-06-20,BTC-USD,661281,528366,,,1279454884177.93
2024-06-21,BTC-USD,719280,592761,,,1263481239279.2856
2024-06-22,BTC-USD,639305,681231,,,1266904515441.6245
2024-06-23,BTC-USD,511478,497676,,,1248923864108.922
2024-06-24,BTC-USD,756391,525488,,,1188106947758.8867
2024-06-25,BTC-USD,631668,550745,,,1217325575193.919
2024-06-26,BTC-USD,659381,465408,,,1198712185856.7195
2024-06-27,BTC-USD,741302,427935,,,1214027045201.079
2024-06-28,BTC-USD,752964,595003,,,1189077674566.551
2024-06-29,BTC-USD,720705,703622,,,1200662758639.697
2024-06-30,BTC-USD,653363,518698,,,1237638479045.0432
2024-07-01,BTC-USD,907181,596143,,,1239088312485.8093
2024-07-02,BTC-USD,750376,608523,,,1223207576249.1216
2024-07-03,BTC-USD,769767,536681,,,1187497690834.3545
2024-07-04,BTC-USD,715636,535655,,,1132341877598.4685
2024-07-05,BTC-USD,694964,493163,,,1118612820894.606
2024-07-06,BTC-USD,720587,656568,,,1148978860522.4868
2024-07-07,BTC-USD,594423,684693,,,1106667719773.1875
2024-07-08,BTC-USD,798942,586774,,,1118121839034.7312
2024-07-09,BTC-USD,762581,644607,,,1143582599028.2349
2024-07-10,BTC-USD,646708,632748,,,1138490509268.5652
2024-07-11,BTC-USD,646553,646591,,,1130344087896.4204
2024-07-12,BTC-USD,708446,659272,,,1141247236802.8015
2024-07-13,BTC-USD,601071,733907,,,1170269292685.8416
2024-07-14,BTC-USD,751254,588547,,,1203557535228.1936
2024-07-15,BTC-USD,787506,544485,,,1276962300259.14
2024-07-16,BTC-USD,746639,536502,,,1284568316160.6465
2024-07-17,BTC-USD,729938,617766,,,1266501997732.3315
2024-07-18,BTC-USD,764574,435804,,,1262245674295.565
2024-07-19,BTC-USD,755308,507835,,,1316950533921.2432
2024-07-20,BTC-USD,673407,696460,,,1325462534018.3325
2024-07-21,BTC-USD,607493,858284,,,1342684327868.0134
2024-07-22,BTC-USD,749350,827992,,,1332434998137.292
2024-07-23,BTC-USD,671794,827733,,,1300531918961.3372
2024-07-24,BTC-USD,681137,601149,,,1289452069316.2412
2024-07-25,BTC-USD,713877,708129,,,1296759680321.8955
2024-07-26,BTC-USD,715636,458448,,,1340008042854.506
2024-07-27,BTC-USD,694649,454253,,,1343299057385.0393
2024-07-28,BTC-USD,578686,756828,,,1345171498943.8967
2024-07-29,BTC-USD,794379,821955,,,1319487462592.1409
2024-07-30,BTC-USD,673555,670957,,,1306095087232.0293
2024-07-31,BTC-USD,740485,578053,,,1276596836711.3477
2024-08-01,BTC-USD,772675,532152,,,1286244065719.2227
2024-08-02,BTC-USD,764749,410307,,,1213817797251.566
2024-08-03,BTC-USD,692352,502369,,,1197690043760.8433
2024-08-04,BTC-USD,668340,526479,,,1150707429146.879
2024-08-05,BTC-USD,817104,550851,,,1072529021264.8894
2024-08-06,BTC-USD,729981,483465,,,1106180699377.314
2024-08-07,BTC-USD,714826,381999,,,1088088938095.4432
2024-08-08,BTC-USD,722252,485878,,,1221911146638.464
2024-08-09,BTC-USD,705635,394215,,,1198490907345.185
2024-08-10,BTC-USD,594175,556497,,,1201488224323.9707
2024-08-11,BTC-USD,630696,641944,,,1161341917394.8513
2024-08-12,BTC-USD,714520,442326,,,1172382636726.98
2024-08-13,BTC-USD,706882,582647,,,1194954421029.1013
2024-08-14,BTC-USD,662757,510189,,,1161508436746.0671
2024-08-15,BTC-USD,715632,658114,,,1137919278895.1729
2024-08-16,BTC-USD,700335,581170,,,1163274113459.3052
2024-08-17,BTC-USD,612305,706066,,,1172923422382.6035
2024-08-18,BTC-USD,588717,758170,,,1160683488749.228
2024-08-19,BTC-USD,687027,560243,,,1172914231316.018
2024-08-20,BTC-USD,696903,715687,,,1167251872460.36
2024-08-21,BTC-USD,711700,684872,,,1206957302716.6252
2024-08-22,BTC-USD,719227,797502,,,1192406173923.517
2024-08-23,BTC-USD,694990,799006,,,1265733883467.168
2024-08-24,BTC-USD,611271,797698,,,1264114353900.488
2024-08-25,BTC-USD,539499,703385,,,1273515741882.9749
2024-08-26,BTC-USD,656542,606871,,,1243636765954.651
2024-08-27,BTC-USD,685194,676465,,,1175828958505.758
2024-08-28,BTC-USD,740845,721912,,,1167027678458.6707
2024-08-29,BTC-USD,723280,525910,,,1171771866967.5942
2024-08-30,BTC-USD,826297,548197,,,1167910930786.7915
2024-08-31,BTC-USD,670825,695519,,,1164323996819.61
2024-09-01,BTC-USD,660770,656333,,,1132538921721.956
2024-09-02,BTC-USD,717673,739986,,,1168312845795.648
2024-09-03,BTC-USD,699302,592324,,,1138297029175.8743
2024-09-04,BTC-USD,699461,728756,,,1146137641743.4744
2024-09-05,BTC-USD,734546,714387,,,1108236739981.0042
2024-09-06,BTC-USD,726287,665444,,,1063349406183.8052
2024-09-07,BTC-USD,606660,794571,,,1067869086202.0573
2024-09-08,BTC-USD,596940,906655,,,1083556715258.8136
2024-09-09,BTC-USD,736827,570838,,,1128547518526.8225
2024-09-10,BTC-USD,733172,556413,,,1139015466135.6826
2024-09-11,BTC-USD,662704,408991,,,1133991945926.9812
2024-09-12,BTC-USD,775748,561823,,,1148151626487.3196
2024-09-13,BTC-USD,794367,422965,,,1195824511492.5513
2024-09-14,BTC-USD,688474,637192,,,1185386846216.0225
2024-09-15,BTC-USD,643849,730022,,,1168085465734.0293
2024-09-16,BTC-USD,746172,486773,,,1150280600030.6746
2024-09-17,BTC-USD,732953,551806,,,1190031170202.8845
2024-09-18,BTC-USD,720313,535050,,,1211156711137.1653
2024-09-19,BTC-USD,746741,449403,,,1244536027989.0344
2024-09-20,BTC-USD,822445,524801,,,1247712645343.231
2024-09-21,BTC-USD,665209,564640,,,1251962918584.1355
2024-09-22,BTC-USD,595289,629903,,,1256024783427.4387
2024-09-23,BTC-USD,796781,573531,,,1251392097859.85
2024-09-24,BTC-USD,749184,531570,,,1271313129462.337
2024-09-25,BTC-USD,713234,504605,,,1245988223233.761
2024-09-26,BTC-USD,721855,483781,,,1285496061106.9304
2024-09-27,BTC-USD,751618,434448,,,1299551877858.9436
2024-09-28,BTC-USD,649697,521838,,,1299634003244.5647
2024-09-29,BTC-USD,680061,685081,,,1296647099791.2417
2024-09-30,BTC-USD,732082,593815,,,1250084222714.1135
2024-10-01,BTC-USD,863700,624352,,,1202652137478.4417
2024-10-02,BTC-USD,711643,599545,,,1199279596723.505
2024-10-03,BTC-USD,737116,574536,,,1200873514750.2053
2024-10-04,BTC-USD,784413,571667,,,1226346035907.7808
2024-10-05,BTC-USD,608641,759113,,,1225939409986.7307
2024-10-06,BTC-USD,610738,744069,,,1240978188262.51
2024-10-07,BTC-USD,719501,717392,,,1233629090802.9285
2024-10-08,BTC-USD,822783,711462,,,1227926230938.8872
2024-10-09,BTC-USD,668278,534258,,,1198084020487.346
2024-10-10,BTC-USD,679738,759342,,,1190322842678.6824
2024-10-11,BTC-USD,718986,631180,,,1234653841758.9736
2024-10-12,BTC-USD,606243,732389,,,1249315889028.0068
2024-10-13,BTC-USD,609844,643752,,,1240577394495.5432
2024-10-14,BTC-USD,722649,609666,,,1306437310355.3203
2024-10-15,BTC-USD,787245,648296,,,1323158084525.4727
2024-10-16,BTC-USD,614677,722995,,,1337598426066.1377
2024-10-17,BTC-USD,765780,637858,,,1331205778724.287
2024-10-18,BTC-USD,723986,471530,,,1352044329417.828
2024-10-19,BTC-USD,685573,738236,,,1351436024579.4995
2024-10-20,BTC-USD,688498,785369,,,1364411911597.1309
2024-10-21,BTC-USD,717571,837363,,,1333370812454.5571
2024-10-22,BTC-USD,639877,696851,,,1333109112878.5735
2024-10-23,BTC-USD,740774,655119,,,1317749059876.3137
2024-10-24,BTC-USD,656927,700022,,,1347116211228.2568
2024-10-25,BTC-USD,859095,503588,,,1310184157590.396
2024-10-26,BTC-USD,727063,603956,,,1325277793277.3464
2024-10-27,BTC-USD,654362,695610,,,1344626789947.3325
2024-10-28,BTC-USD,756668,713082,,,1381489809812.0127
2024-10-29,BTC-USD,831182,617786,,,1437215455136.4832
2024-10-30,BTC-USD,794409,674680,,,1432735109920.4976
2024-10-31,BTC-USD,789382,562286,,,1391573641948.6345
2024-11-01,BTC-USD,819093,547824,,,1374134861457.608
2024-11-02,BTC-USD,690705,540251,,,1369381390768.1792
2024-11-03,BTC-USD,627617,455287,,,1359542591577.401
2024-11-04,BTC-USD,811710,462249,,,1340516077446.8154
2024-11-05,BTC-USD,768957,457869,,,1375333854518.3318
2024-11-06,BTC-USD,894241,500965,,,1497164174352.868
2024-11-07,BTC-USD,792482,567009,,,1502665235112.8457
2024-11-08,BTC-USD,848426,481877,,,1513284018479.047
2024-11-09,BTC-USD,654475,587132,,,1519089160917.0645
2024-11-10,BTC-USD,793243,553582,,,1590532816418.8228
2024-11-11,BTC-USD,941403,461089,,,1757729564966.6409
2024-11-12,BTC-USD,1007782,502742,,,1741722501527.2258
2024-11-13,BTC-USD,859128,570985,,,1787666712260.7617
2024-11-14,BTC-USD,839766,503550,,,1725089533526.0042
2024-11-15,BTC-USD,886479,559376,,,1802971685081.548
2024-11-16,BTC-USD,802492,608007,,,1791712543259.2979
2024-11-17,BTC-USD,717710,598836,,,1775241125510.354
2024-11-18,BTC-USD,796834,676948,,,1792194846112.7312
2024-11-19,BTC-USD,757888,815851,,,1825214331192.41
2024-11-20,BTC-USD,750264,669311,,,1862965160745.666
2024-11-21,BTC-USD,977195,480041,,,1949777589238.2932
2024-11-22,BTC-USD,902930,539627,,,1957593180961.8809
2024-11-23,BTC-USD,877099,451335,,,1933272806307.216
2024-11-24,BTC-USD,790852,463815,,,1938718690784.532
2024-11-25,BTC-USD,956417,598037,,,1847012865185.4243
2024-11-26,BTC-USD,790710,475347,,,1818015620103.3584
2024-11-27,BTC-USD,800136,462955,,,1899452843747.8716
2024-11-28,BTC-USD,754947,523444,,,1894525715473.941
2024-11-29,BTC-USD,767132,348672,,,1927431540403.9873
2024-11-30,BTC-USD,828664,633055,,,1908971954209.812
2024-12-01,BTC-USD,739652,698852,,,1928927963341.32
2024-12-02,BTC-USD,925715,310261,,,1894468683534.5496
2024-12-03,BTC-USD,918415,437755,,,1900144891598.9807
2024-12-04,BTC-USD,887569,503460,,,1957769580344.108
2024-12-05,BTC-USD,968792,509543,,,1918815845330.0728
2024-12-06,BTC-USD,872253,433339,,,1978302063761.216
2024-12-07,BTC-USD,798958,443750,,,1978833208148.32
2024-12-08,BTC-USD,851865,419481,,,1995134647453.3623
2024-12-09,BTC-USD,915304,401306,,,1927714706540.8667
2024-12-10,BTC-USD,985635,441945,,,1916781784711.18
2024-12-11,BTC-USD,858578,482129,,,2005399870980.495
2024-12-12,BTC-USD,883811,471573,,,1981310308332.672
2024-12-13,BTC-USD,936834,527292,,,2005097135868.2256
2024-12-14,BTC-USD,774578,523313,,,2006672700085.4917
2024-12-15,BTC-USD,789756,370567,,,2069758175682.208
2024-12-16,BTC-USD,952348,412496,,,2095627894157.28
2024-12-17,BTC-USD,829977,417545,,,2100824937855.9956
2024-12-18,BTC-USD,890898,415402,,,1989090947935.3596
2024-12-19,BTC-USD,861604,437556,,,1934241071545.3303
2024-12-20,BTC-USD,882836,391262,,,1932711114045.7793
2024-12-21,BTC-USD,744752,334464,,,1922372144875.56
2024-12-22,BTC-USD,758970,332182,,,1883930144105.8357
2024-12-23,BTC-USD,804969,298335,,,1877074081164.9585
2024-12-24,BTC-USD,763920,323103,,,1953087683978.236
2024-12-25,BTC-USD,702219,407080,,,1964968046631.85
2024-12-26,BTC-USD,739743,298230,,,1893583393961.5796
2024-12-27,BTC-USD,846364,348548,,,1865743053845.5872
2024-12-28,BTC-USD,704798,291855,,,1883678618362.4536
2024-12-29,BTC-USD,727603,432661,,,1850733848828.8896
2024-12-30,BTC-USD,812462,362074,,,1832275661275.792
2024-12-31,BTC-USD,780332,315699,,,1849474353083.6064
2020-01-01,DOGE-USD,42336,28424,,,247681957.71521825
2020-01-02,DOGE-USD,52840,29685,,,240193171.2805416
2020-01-03,DOGE-USD,68976,30171,,,243097479.03289536
2020-01-04,DOGE-USD,70109,30308,,,247201189.178306
2020-01-05,DOGE-USD,44513,31554,,,257439214.91751197
2020-01-06,DOGE-USD,49482,32560,,,260560621.77694157
2020-01-07,DOGE-USD,48531,30846,,,265400492.4844444
2020-01-08,DOGE-USD,47835,30589,,,258963193.92881048
2020-01-09,DOGE-USD,47386,32988,,,264486633.93022504
2020-01-10,DOGE-USD,46833,33013,,,271306694.0257717
2020-01-11,DOGE-USD,47246,32465,,,263041622.1457453
2020-01-12,DOGE-USD,46733,33739,,,268293038.85339972
2020-01-13,DOGE-USD,47645,33635,,,263732058.908788
2020-01-14,DOGE-USD,47153,33229,,,288125610.0522909
2020-01-15,DOGE-USD,49980,34931,,,287342128.5326817
2020-01-16,DOGE-USD,49025,34369,,,285734803.94887275
2020-01-17,DOGE-USD,50168,36249,,,301381746.0662566
2020-01-18,DOGE-USD,45811,30955,,,315077017.3359209
2020-01-19,DOGE-USD,46257,30677,,,288784614.17436004
2020-01-20,DOGE-USD,45728,32264,,,290847830.2635746
2020-01-21,DOGE-USD,47155,32745,,,295511221.4409985
2020-01-22,DOGE-USD,46709,31117,,,287412961.15791994
2020-01-23,DOGE-USD,47551,32645,,,272369253.5356978
2020-01-24,DOGE-USD,55166,33453,,,273096136.29794806
2020-01-25,DOGE-USD,42913,28017,,,274290896.70124775
2020-01-26,DOGE-USD,39979,26484,,,277937022.0694842
2020-01-27,DOGE-USD,48269,31003,,,290367498.0388188
2020-01-28,DOGE-USD,119545,32485,,,299683864.0469005
2020-01-29,DOGE-USD,82791,31030,,,291594776.97874045
2020-01-30,DOGE-USD,50485,30172,,,299082434.8602395
2020-01-31,DOGE-USD,50493,30432,,,289948763.5016959
2020-02-01,DOGE-USD,56366,32997,,,294150682.09176207
2020-02-02,DOGE-USD,72746,36475,,,303849049.2157429
2020-02-03,DOGE-USD,45152,28024,,,296987543.8619779
2020-02-04,DOGE-USD,51403,29656,,,306710069.7760751
2020-02-05,DOGE-USD,45557,26689,,,315698820.01860744
2020-02-06,DOGE-USD,44042,27148,,,327881048.86957824
2020-02-07,DOGE-USD,57544,30879,,,344769438.5195237
2020-02-08,DOGE-USD,65963,29829,,,390017441.7149751
2020-02-09,DOGE-USD,48534,26479,,,393960303.1277291
2020-02-10,DOGE-USD,65299,24152,,,368523943.7240586
2020-02-11,DOGE-USD,89414,25123,,,373009619.0475599
2020-02-12,DOGE-USD,87382,25926,,,377982310.14538616
2020-02-13,DOGE-USD,85369,24965,,,372621256.19900125
2020-02-14,DOGE-USD,139944,24159,,,388813405.0996039
2020-02-15,DOGE-USD,90905,24292,,,356114557.8495546
2020-02-16,DOGE-USD,40126,25046,,,339794349.7735358
2020-02-17,DOGE-USD,40338,24863,,,327382190.09077644
2020-02-18,DOGE-USD,40406,25200,,,350087129.6935654
2020-02-19,DOGE-USD,91137,25073,,,326650215.41030025
2020-02-20,DOGE-USD,39419,24078,,,322580695.00787497
2020-02-21,DOGE-USD,38949,23991,,,325052317.50185573
2020-02-22,DOGE-USD,42902,24892,,,318266969.56459063
2020-02-23,DOGE-USD,41555,25664,,,328888422.88675827
2020-02-24,DOGE-USD,41612,25964,,,318518879.39288133
2020-02-25,DOGE-USD,42247,24827,,,304293175.5605704
2020-02-26,DOGE-USD,75843,28268,,,290213811.9728038
2020-02-27,DOGE-USD,41917,28690,,,283128370.23461586
2020-02-28,DOGE-USD,45136,28857,,,288020784.46444845
2020-02-29,DOGE-USD,42723,28748,,,276988725.9658629
2020-03-01,DOGE-USD,44527,30284,,,278802217.1923635
2020-03-02,DOGE-USD,57598,31757,,,291493348.1812239
2020-03-03,DOGE-USD,57323,29077,,,310517206.85236186
2020-03-04,DOGE-USD,40633,28269,,,296505046.02105874
2020-03-05,DOGE-USD,45573,30985,,,310435716.1037757
2020-03-06,DOGE-USD,40283,27764,,,311979433.04040784
2020-03-07,DOGE-USD,41576,28735,,,299133068.6664821
2020-03-08,DOGE-USD,41246,29248,,,269740815.39789104
2020-03-09,DOGE-USD,72984,30123,,,271859350.64355516
2020-03-10,DOGE-USD,55538,33077,,,270751185.18679446
2020-03-11,DOGE-USD,41571,29085,,,271845659.9564701
2020-03-12,DOGE-USD,38152,26127,,,189670571.32642275
2020-03-13,DOGE-USD,43974,29242,,,219776673.88095897
2020-03-14,DOGE-USD,51714,29562,,,204983733.16003036
2020-03-15,DOGE-USD,74778,30978,,,206585764.8878938
2020-03-16,DOGE-USD,44119,28169,,,194956340.65636528
2020-03-17,DOGE-USD,41241,29495,,,206900284.67227387
2020-03-18,DOGE-USD,41407,28391,,,196589781.16710913
2020-03-19,DOGE-USD,48215,33861,,,216656781.81428784
2020-03-20,DOGE-USD,73920,34527,,,218124822.70152393
2020-03-21,DOGE-USD,43578,31728,,,220367217.64778095
2020-03-22,DOGE-USD,52828,32712,,,212666433.774427
2020-03-23,DOGE-USD,49237,33403,,,228793740.14530668
2020-03-24,DOGE-USD,48743,34163,,,229395074.2045216
2020-03-25,DOGE-USD,45711,30358,,,227832274.02723905
2020-03-26,DOGE-USD,42952,29927,,,230191001.82635605
2020-03-27,DOGE-USD,75564,33620,,,222637074.8228728
2020-03-28,DOGE-USD,46912,31865,,,222870329.42701155
2020-03-29,DOGE-USD,45688,31123,,,215046892.89633825
2020-03-30,DOGE-USD,54292,31943,,,225810725.478214
2020-03-31,DOGE-USD,80776,32907,,,228129056.13490236
2020-04-01,DOGE-USD,49333,32714,,,231927618.194308
2020-04-02,DOGE-USD,59425,32683,,,233614390.68585128
2020-04-03,DOGE-USD,49323,37471,,,228441933.6125524
2020-04-04,DOGE-USD,57179,31793,,,231529758.19719395
2020-04-05,DOGE-USD,44268,29506,,,232164200.0067552
2020-04-06,DOGE-USD,45564,30264,,,246882514.02385375
2020-04-07,DOGE-USD,45141,31528,,,243295389.27997
2020-04-08,DOGE-USD,52486,31163,,,251768775.03026927
2020-04-09,DOGE-USD,51098,33350,,,250073636.98199505
2020-04-10,DOGE-USD,43878,31350,,,242036583.0318427
2020-04-11,DOGE-USD,45511,31701,,,242070472.7376968
2020-04-12,DOGE-USD,45825,32414,,,246302586.60849127
2020-04-13,DOGE-USD,47826,31600,,,241094216.25537425
2020-04-14,DOGE-USD,45475,31134,,,245359317.74233168
2020-04-15,DOGE-USD,44544,30608,,,235264035.40872395
2020-04-16,DOGE-USD,45480,31307,,,252365715.1376041
2020-04-17,DOGE-USD,46157,32495,,,249395975.93025824
2020-04-18,DOGE-USD,49597,35273,,,257804931.48071775
2020-04-19,DOGE-USD,49498,34332,,,254094603.98666775
2020-04-20,DOGE-USD,49667,33808,,,241885163.15303728
2020-04-21,DOGE-USD,112630,32715,,,245990424.82590017
2020-04-22,DOGE-USD,52655,38012,,,253103521.56100312
2020-04-23,DOGE-USD,52579,39487,,,257244924.05602613
2020-04-24,DOGE-USD,48981,34334,,,256807613.0130648
2020-04-25,DOGE-USD,54209,35771,,,264388085.14692608
2020-04-26,DOGE-USD,57194,36712,,,301032501.2869414
2020-04-27,DOGE-USD,52835,35040,,,294596917.86975616
2020-04-28,DOGE-USD,45732,31424,,,285358565.9290305
2020-04-29,DOGE-USD,49356,34607,,,312499805.6082814
2020-04-30,DOGE-USD,55324,32056,,,303851653.7067422
2020-05-01,DOGE-USD,46103,32081,,,312055123.7413742
2020-05-02,DOGE-USD,45387,31469,,,314431350.6538796
2020-05-03,DOGE-USD,48176,32134,,,315440138.07340467
2020-05-04,DOGE-USD,48278,33146,,,301251250.5713479
2020-05-05,DOGE-USD,44088,29057,,,307900955.5646024
2020-05-06,DOGE-USD,47959,34147,,,315174482.93892235
2020-05-07,DOGE-USD,61071,43974,,,329487303.48922265
2020-05-08,DOGE-USD,46422,31744,,,325897489.8091305
2020-05-09,DOGE-USD,141032,32328,,,327240990.9703449
2020-05-10,DOGE-USD,53015,32394,,,306656268.05774206
2020-05-11,DOGE-USD,55266,31215,,,299413013.7511513
2020-05-12,DOGE-USD,46188,31990,,,302726740.4735563
2020-05-13,DOGE-USD,45605,32580,,,319124840.9691565
2020-05-14,DOGE-USD,63384,31348,,,321941129.1882256
2020-05-15,DOGE-USD,47238,31721,,,308915067.2656113
2020-05-16,DOGE-USD,46555,35855,,,307547855.04812914
2020-05-17,DOGE-USD,62025,34234,,,317226687.214663
2020-05-18,DOGE-USD,48913,33841,,,320377534.12994885
2020-05-19,DOGE-USD,47668,34152,,,320802574.489676
2020-05-20,DOGE-USD,48740,34037,,,314837630.81165093
2020-05-21,DOGE-USD,46205,30209,,,312641066.5501968
2020-05-22,DOGE-USD,46654,30845,,,314261670.0511456
2020-05-23,DOGE-USD,45190,32411,,,316147311.39227533
2020-05-24,DOGE-USD,45457,31702,,,304515655.22594047
2020-05-25,DOGE-USD,52447,35918,,,316660204.49683666
2020-05-26,DOGE-USD,95734,37342,,,313245900.54391474
2020-05-27,DOGE-USD,48597,34865,,,315267344.68734425
2020-05-28,DOGE-USD,47979,34904,,,315966055.25845367
2020-05-29,DOGE-USD,51005,38709,,,311614069.54504484
2020-05-30,DOGE-USD,48876,37398,,,324771826.8843903
2020-05-31,DOGE-USD,48047,37039,,,318119481.7331169
2020-06-01,DOGE-USD,83354,38829,,,331762737.80804646
2020-06-02,DOGE-USD,48375,38528,,,316053805.2418696
2020-06-03,DOGE-USD,49503,38676,,,316261296.7125016
2020-06-04,DOGE-USD,64651,40256,,,324484587.54495335
2020-06-05,DOGE-USD,51903,41369,,,317223731.0108528
2020-06-06,DOGE-USD,49505,41546,,,319643191.78097546
2020-06-07,DOGE-USD,56435,44167,,,322377441.2407356
2020-06-08,DOGE-USD,51088,43075,,,320534806.85375625
2020-06-09,DOGE-USD,80712,43345,,,324484786.3184929
2020-06-10,DOGE-USD,51676,42611,,,326338720.94875586
2020-06-11,DOGE-USD,62888,44003,,,305136087.91524464
2020-06-12,DOGE-USD,54907,45732,,,313110509.76134366
2020-06-13,DOGE-USD,65035,46970,,,313458698.24031246
2020-06-14,DOGE-USD,53812,47042,,,308177862.6205181
2020-06-15,DOGE-USD,63407,53041,,,313622962.96453756
2020-06-16,DOGE-USD,61035,52639,,,315691119.6611214
2020-06-17,DOGE-USD,60516,48068,,,311264730.1371248
2020-06-18,DOGE-USD,58338,46079,,,311130068.1560888
2020-06-19,DOGE-USD,56379,48608,,,305947943.24641764
2020-06-20,DOGE-USD,99074,44835,,,310477798.5914089
2020-06-21,DOGE-USD,51021,39807,,,306621972.82213026
2020-06-22,DOGE-USD,53473,41812,,,310296613.8610124
2020-06-23,DOGE-USD,54289,43565,,,307767364.7046742
2020-06-24,DOGE-USD,76915,43916,,,304957537.6044788
2020-06-25,DOGE-USD,59860,46090,,,301864068.2052956
2020-06-26,DOGE-USD,57845,45507,,,290248596.5022612
2020-06-27,DOGE-USD,54538,44498,,,287375536.4033395
2020-06-28,DOGE-USD,57405,49857,,,286821009.9250681
2020-06-29,DOGE-USD,63462,51273,,,292588450.13009256
2020-06-30,DOGE-USD,103553,50286,,,289994980.6392739
2020-07-01,DOGE-USD,56826,47309,,,295414260.890548
2020-07-02,DOGE-USD,61309,48266,,,290323773.60900533
2020-07-03,DOGE-USD,61418,47823,,,290928400.27786607
2020-07-04,DOGE-USD,93354,49184,,,290376194.9120979
2020-07-05,DOGE-USD,57874,45897,,,291227691.857039
2020-07-06,DOGE-USD,64386,47315,,,326529392.2624928
2020-07-07,DOGE-USD,72920,50116,,,385238015.6593882
2020-07-08,DOGE-USD,126064,65089,,,590789709.0101273
2020-07-09,DOGE-USD,74289,51240,,,545599508.2028694
2020-07-10,DOGE-USD,67731,46304,,,443195234.9757197
2020-07-11,DOGE-USD,70657,44545,,,479096406.63939327
2020-07-12,DOGE-USD,76790,46501,,,456375751.567106
2020-07-13,DOGE-USD,109411,50158,,,393282196.2405264
2020-07-14,DOGE-USD,395181,49330,,,412599142.22128904
2020-07-15,DOGE-USD,124104,48341,,,387146754.2124585
2020-07-16,DOGE-USD,74739,49788,,,372422300.71741813
2020-07-17,DOGE-USD,78019,48093,,,382589760.71075296
2020-07-18,DOGE-USD,73562,52712,,,438084425.36519855
2020-07-19,DOGE-USD,70079,47658,,,423080338.5150536
2020-07-20,DOGE-USD,67629,45808,,,407629304.3123693
2020-07-21,DOGE-USD,109403,46745,,,415363375.71763414
2020-07-22,DOGE-USD,69324,47005,,,411874715.0442244
2020-07-23,DOGE-USD,87651,50904,,,417334125.21183056
2020-07-24,DOGE-USD,68377,50076,,,402252627.81493056
2020-07-25,DOGE-USD,67193,49744,,,410643543.353486
2020-07-26,DOGE-USD,87233,52205,,,404736765.0828754
2020-07-27,DOGE-USD,68792,51601,,,397047522.2897828
2020-07-28,DOGE-USD,67438,49759,,,406216651.9582256
2020-07-29,DOGE-USD,69319,49986,,,400761557.1484279
2020-07-30,DOGE-USD,92002,51102,,,405644167.83920074
2020-07-31,DOGE-USD,64343,48492,,,405499954.8900924
2020-08-01,DOGE-USD,65455,46600,,,467671885.77923167
2020-08-02,DOGE-USD,59109,42058,,,421870377.0588207
2020-08-03,DOGE-USD,89946,48723,,,428957154.2093692
2020-08-04,DOGE-USD,63130,47634,,,444367857.2584494
2020-08-05,DOGE-USD,72112,52920,,,441933486.393319
2020-08-06,DOGE-USD,70949,53398,,,449074544.899732
2020-08-07,DOGE-USD,73958,53451,,,440736907.09194946
2020-08-08,DOGE-USD,72916,56907,,,434538399.4454557
2020-08-09,DOGE-USD,67853,52425,,,428844702.9554816
2020-08-10,DOGE-USD,134024,55576,,,440263804.6110575
2020-08-11,DOGE-USD,72704,55087,,,421816377.7232129
2020-08-12,DOGE-USD,71544,55106,,,432852438.68470055
2020-08-13,DOGE-USD,71644,56710,,,435374789.27719855
2020-08-14,DOGE-USD,67820,55988,,,452892990.2512089
2020-08-15,DOGE-USD,69731,57480,,,444921479.41110414
2020-08-16,DOGE-USD,71874,58400,,,442711830.1610125
2020-08-17,DOGE-USD,74019,61679,,,454649446.9650605
2020-08-18,DOGE-USD,68258,55209,,,443604578.0923565
2020-08-19,DOGE-USD,66041,53976,,,435097145.5937903
2020-08-20,DOGE-USD,71350,57463,,,435945317.96103257
2020-08-21,DOGE-USD,69746,55524,,,424483287.6796496
2020-08-22,DOGE-USD,174621,59399,,,433727667.740758
2020-08-23,DOGE-USD,74062,59576,,,433708411.2489112
2020-08-24,DOGE-USD,72368,57490,,,427601388.16028553
2020-08-25,DOGE-USD,62802,51827,,,415924352.7831196
2020-08-26,DOGE-USD,64305,52766,,,413937963.0274868
2020-08-27,DOGE-USD,67354,55880,,,405383658.24191934
2020-08-28,DOGE-USD,68244,51865,,,413652473.0596687
2020-08-29,DOGE-USD,64132,51265,,,413492640.6067124
2020-08-30,DOGE-USD,59923,46725,,,418666319.844084
2020-08-31,DOGE-USD,141924,52445,,,405809271.71241647
2020-09-01,DOGE-USD,68311,53716,,,417056977.0539575
2020-09-02,DOGE-USD,66094,51855,,,393808311.79342353
2020-09-03,DOGE-USD,97373,54771,,,354248283.1749072
2020-09-04,DOGE-USD,68124,54895,,,364047215.4323286
2020-09-05,DOGE-USD,62994,52039,,,349554708.9163778
2020-09-06,DOGE-USD,66057,52644,,,353298523.15213954
2020-09-07,DOGE-USD,65280,52683,,,361556498.8344596
2020-09-08,DOGE-USD,62972,50052,,,350984616.5508157
2020-09-09,DOGE-USD,65991,54421,,,353351412.9418337
2020-09-10,DOGE-USD,64767,51623,,,358935333.3788869
2020-09-11,DOGE-USD,62605,49289,,,350510737.8746889
2020-09-12,DOGE-USD,132241,52770,,,351107987.7577372
2020-09-13,DOGE-USD,60955,42637,,,347027484.96004546
2020-09-14,DOGE-USD,61952,44362,,,355528585.0683235
2020-09-15,DOGE-USD,82779,43487,,,358762692.51535624
2020-09-16,DOGE-USD,95049,39826,,,354478879.9217544
2020-09-17,DOGE-USD,64780,46189,,,353682085.6786833
2020-09-18,DOGE-USD,62115,39681,,,352268047.04315954
2020-09-19,DOGE-USD,57050,36844,,,353231734.5744786
2020-09-20,DOGE-USD,59945,37493,,,350376356.9211085
2020-09-21,DOGE-USD,59910,40373,,,333578270.325019
2020-09-22,DOGE-USD,65548,42927,,,334623643.5170529
2020-09-23,DOGE-USD,66977,45765,,,318777742.75318587
2020-09-24,DOGE-USD,143500,57002,,,330104532.9867204
2020-09-25,DOGE-USD,72425,50301,,,344583194.4219057
2020-09-26,DOGE-USD,60726,40339,,,342902855.4952445
2020-09-27,DOGE-USD,66065,39636,,,342975217.9084218
2020-09-28,DOGE-USD,64052,39447,,,333131460.38328725
2020-09-29,DOGE-USD,66958,41727,,,337232976.5316732
2020-09-30,DOGE-USD,59893,36028,,,333305201.1314884
2020-10-01,DOGE-USD,65177,43536,,,330928225.0613362
2020-10-02,DOGE-USD,125274,41210,,,327541025.29209965
2020-10-03,DOGE-USD,66835,38090,,,328424062.78705376
2020-10-04,DOGE-USD,59665,37100,,,333066182.193352
2020-10-05,DOGE-USD,64153,39850,,,331237491.5440871
2020-10-06,DOGE-USD,69756,39185,,,327660927.15869886
2020-10-07,DOGE-USD,58268,37154,,,327811214.8296468
2020-10-08,DOGE-USD,57402,37271,,,330183831.4411728
2020-10-09,DOGE-USD,57343,35581,,,337542486.02348864
2020-10-10,DOGE-USD,61131,37942,,,336969364.4147204
2020-10-11,DOGE-USD,62699,39011,,,338749547.4626049
2020-10-12,DOGE-USD,63838,40825,,,339501315.2515086
2020-10-13,DOGE-USD,64427,39767,,,336166757.4142937
2020-10-14,DOGE-USD,121575,39721,,,336395920.1259138
2020-10-15,DOGE-USD,60354,36953,,,328937482.0889772
2020-10-16,DOGE-USD,59433,37475,,,330304945.48826253
2020-10-17,DOGE-USD,62381,38291,,,326853011.7463026
2020-10-18,DOGE-USD,61509,37438,,,327670615.11717784
2020-10-19,DOGE-USD,118435,42394,,,331519753.3124277
2020-10-20,DOGE-USD,65015,40065,,,327555885.1785285
2020-10-21,DOGE-USD,62036,39818,,,333212994.37008923
2020-10-22,DOGE-USD,60118,37668,,,336668025.38413197
2020-10-23,DOGE-USD,61317,38168,,,336697973.5278581
2020-10-24,DOGE-USD,60622,39840,,,335894496.600719
2020-10-25,DOGE-USD,110698,39283,,,337804274.79570955
2020-10-26,DOGE-USD,72389,46552,,,338925213.3338153
2020-10-27,DOGE-USD,61875,39355,,,338895144.8396811
2020-10-28,DOGE-USD,63985,40927,,,328254324.5438644
2020-10-29,DOGE-USD,98318,42268,,,327900264.3391764
2020-10-30,DOGE-USD,65130,40326,,,330268537.84340286
2020-10-31,DOGE-USD,64329,40464,,,324304045.4807403
2020-11-01,DOGE-USD,63777,39140,,,324192750.3061539
2020-11-02,DOGE-USD,66874,40442,,,319117584.9271679
2020-11-03,DOGE-USD,121684,44150,,,320221735.5795292
2020-11-04,DOGE-USD,69930,38839,,,324658179.4658134
2020-11-05,DOGE-USD,89180,36820,,,337778572.96122134
2020-11-06,DOGE-USD,77288,37108,,,349848224.4251156
2020-11-07,DOGE-USD,73306,36082,,,339559420.1817104
2020-11-08,DOGE-USD,65005,35794,,,344236393.3766401
2020-11-09,DOGE-USD,79264,38249,,,340060098.02384335
2020-11-10,DOGE-USD,78900,38743,,,353549294.5884492
2020-11-11,DOGE-USD,127904,40181,,,351015746.5538124
2020-11-12,DOGE-USD,74728,36829,,,355632651.52624774
2020-11-13,DOGE-USD,68340,37373,,,360941215.2299323
2020-11-14,DOGE-USD,59473,35874,,,353362099.2968461
2020-11-15,DOGE-USD,133889,38504,,,352767507.77016586
2020-11-16,DOGE-USD,78637,39976,,,370758751.364549
2020-11-17,DOGE-USD,78720,39161,,,371769880.7919299
2020-11-18,DOGE-USD,74084,37074,,,370891014.96951085
2020-11-19,DOGE-USD,111911,40777,,,372001874.4118948
2020-11-20,DOGE-USD,79124,39428,,,382668122.33514017
2020-11-21,DOGE-USD,81142,42719,,,447500623.8090931
2020-11-22,DOGE-USD,106982,36673,,,429531066.2230136
2020-11-23,DOGE-USD,77722,39509,,,451922053.96912426
2020-11-24,DOGE-USD,83340,42004,,,523729570.0932957
2020-11-25,DOGE-USD,75994,39647,,,468786016.64175695
2020-11-26,DOGE-USD,82557,41294,,,415190176.3347937
2020-11-27,DOGE-USD,146940,39533,,,417161093.1299479
2020-11-28,DOGE-USD,72642,37887,,,433289547.40340513
2020-11-29,DOGE-USD,71559,38822,,,435999198.3744669
2020-11-30,DOGE-USD,76242,39405,,,454054755.5141224
2020-12-01,DOGE-USD,77285,39238,,,422402088.25289327
2020-12-02,DOGE-USD,76959,39339,,,429975325.2669184
2020-12-03,DOGE-USD,68321,38019,,,436895611.5330564
2020-12-04,DOGE-USD,127396,40112,,,420759792.551717
2020-12-05,DOGE-USD,58657,35625,,,432091393.2018682
2020-12-06,DOGE-USD,57910,34504,,,431382047.51466006
2020-12-07,DOGE-USD,90322,39258,,,426805486.1329991
2020-12-08,DOGE-USD,77755,38788,,,403785742.17860025
2020-12-09,DOGE-USD,116196,38452,,,403709613.30368495
2020-12-10,DOGE-USD,62585,37558,,,396131294.5936397
2020-12-11,DOGE-USD,79185,37125,,,392822913.3942277
2020-12-12,DOGE-USD,69535,37887,,,403052818.09189045
2020-12-13,DOGE-USD,70914,37965,,,416977647.1284585
2020-12-14,DOGE-USD,75503,40552,,,412137728.2256372
2020-12-15,DOGE-USD,76404,41136,,,409219637.8365738
2020-12-16,DOGE-USD,76603,41235,,,438676492.5288652
2020-12-17,DOGE-USD,155503,45703,,,477477722.0520844
2020-12-18,DOGE-USD,74469,39374,,,488230159.0184823
2020-12-19,DOGE-USD,62907,37491,,,501535443.3561776
2020-12-20,DOGE-USD,68771,41695,,,593464840.7305187
2020-12-21,DOGE-USD,139920,43747,,,617190735.6822361
2020-12-22,DOGE-USD,77054,38037,,,574277443.3469514
2020-12-23,DOGE-USD,73837,36636,,,490607092.4456602
2020-12-24,DOGE-USD,73180,38541,,,581418091.5009127
2020-12-25,DOGE-USD,70513,38198,,,583862241.0070959
2020-12-26,DOGE-USD,70373,38934,,,578276825.5259734
2020-12-27,DOGE-USD,70475,36821,,,586366575.1535082
2020-12-28,DOGE-USD,78170,39366,,,579630054.3081667
2020-12-29,DOGE-USD,76655,38180,,,574270822.2294842
2020-12-30,DOGE-USD,155318,40217,,,596123111.6376584
2020-12-31,DOGE-USD,67777,34963,,,604305286.3706334
2021-01-01,DOGE-USD,67451,34595,,,710350229.2962285
2021-01-02,DOGE-USD,112109,57582,,,1344301701.2066965
2021-01-03,DOGE-USD,93892,45008,,,1278625894.4635656
2021-01-04,DOGE-USD,87332,39268,,,1239954696.086751
2021-01-05,DOGE-USD,118879,33127,,,1258680727.189976
2021-01-06,DOGE-USD,68099,31141,,,1329320311.723312
2021-01-07,DOGE-USD,75727,32604,,,1231217208.3109584
2021-01-08,DOGE-USD,63081,29951,,,1276420685.786837
2021-01-09,DOGE-USD,60405,31095,,,1316906505.9405928
2021-01-10,DOGE-USD,63373,29614,,,1254885495.6440008
2021-01-11,DOGE-USD,61373,31669,,,1108181381.5913448
2021-01-12,DOGE-USD,65649,29236,,,1022272774.800498
2021-01-13,DOGE-USD,63674,29926,,,1097145443.9920197
2021-01-14,DOGE-USD,131847,32764,,,1201923670.9962509
2021-01-15,DOGE-USD,57910,28008,,,1194097448.6361015
2021-01-16,DOGE-USD,54554,26756,,,1182936987.7389655
2021-01-17,DOGE-USD,53920,26497,,,1167315373.799926
2021-01-18,DOGE-USD,60720,26705,,,1176749510.0709577
2021-01-19,DOGE-USD,63233,31596,,,1167776125.1611412
2021-01-20,DOGE-USD,66033,29854,,,1165160713.8484235
2021-01-21,DOGE-USD,56880,26966,,,1051254087.9716992
2021-01-22,DOGE-USD,131797,29509,,,1087193040.24945
2021-01-23,DOGE-USD,57833,28193,,,1093254035.6471796
2021-01-24,DOGE-USD,56096,26743,,,1128060250.461033
2021-01-25,DOGE-USD,57220,27319,,,1069914518.2691916
2021-01-26,DOGE-USD,66295,26415,,,1063425748.7316293
2021-01-27,DOGE-USD,58353,28047,,,957371336.4431344
2021-01-28,DOGE-USD,175355,67166,,,3910264447.6057754
2021-01-29,DOGE-USD,296547,119197,,,6226794561.357895
2021-01-30,DOGE-USD,123662,55462,,,3725954143.1835823
2021-01-31,DOGE-USD,139043,47657,,,4881787622.39986
2021-02-01,DOGE-USD,102865,44665,,,4444815520.259132
2021-02-02,DOGE-USD,109795,36539,,,4051566578.3962574
2021-02-03,DOGE-USD,71422,32956,,,4702148364.132177
2021-02-04,DOGE-USD,124106,58221,,,6842366027.933969
2021-02-05,DOGE-USD,82787,38179,,,5996186773.183527
2021-02-06,DOGE-USD,83607,36689,,,7359250983.715798
2021-02-07,DOGE-USD,169070,60832,,,10288670729.698158
2021-02-08,DOGE-USD,131448,59781,,,10116927113.564835
2021-02-09,DOGE-USD,109489,48833,,,8918735779.589275
2021-02-10,DOGE-USD,89312,40831,,,9327133140.158989
2021-02-11,DOGE-USD,107055,38180,,,8925113387.123264
2021-02-12,DOGE-USD,86838,37435,,,8935275636.445278
2021-02-13,DOGE-USD,95520,33829,,,8539108723.351642
2021-02-14,DOGE-USD,79058,36175,,,7863513096.268931
2021-02-15,DOGE-USD,79711,33424,,,7330224675.859413
2021-02-16,DOGE-USD,68885,30364,,,6839419267.996377
2021-02-17,DOGE-USD,73323,32923,,,6265241330.5819845
2021-02-18,DOGE-USD,117002,34121,,,7701551096.736307
2021-02-19,DOGE-USD,77377,31607,,,7037623492.193638
2021-02-20,DOGE-USD,80591,34144,,,6961395688.918509
2021-02-21,DOGE-USD,70573,31843,,,7247623913.702837
2021-02-22,DOGE-USD,70634,31119,,,6843358609.05493
2021-02-23,DOGE-USD,63400,29439,,,6070881368.250081
2021-02-24,DOGE-USD,108532,33488,,,7220563605.589143
2021-02-25,DOGE-USD,70280,31169,,,6508603390.060381
2021-02-26,DOGE-USD,67560,31759,,,6474563736.624049
2021-02-27,DOGE-USD,69956,31852,,,6411300838.222857
2021-02-28,DOGE-USD,73777,33251,,,6240694605.670112
2021-03-01,DOGE-USD,70257,36782,,,6500307798.644808
2021-03-02,DOGE-USD,75824,41484,,,6474069767.957992
2021-03-03,DOGE-USD,89340,46755,,,6531070746.919231
2021-03-04,DOGE-USD,133676,52428,,,6480959671.333725
2021-03-05,DOGE-USD,84792,56784,,,6369961406.806225
2021-03-06,DOGE-USD,90897,64315,,,6578539730.851782
2021-03-07,DOGE-USD,101475,72359,,,6663130586.067719
2021-03-08,DOGE-USD,123421,89574,,,7843067591.212606
2021-03-09,DOGE-USD,113528,83394,,,7472849835.383934
2021-03-10,DOGE-USD,96127,56539,,,7211815712.314682
2021-03-11,DOGE-USD,71056,32179,,,7189982481.926493
2021-03-12,DOGE-USD,127473,28157,,,7124775473.299919
2021-03-13,DOGE-USD,69028,28950,,,7777942768.322179
2021-03-14,DOGE-USD,71188,31081,,,7628702163.291185
2021-03-15,DOGE-USD,68877,29274,,,7380817636.537576
2021-03-16,DOGE-USD,63089,29281,,,7523413969.828861
2021-03-17,DOGE-USD,98712,38325,,,7455381554.428941
2021-03-18,DOGE-USD,74238,36208,,,7409552217.297595
2021-03-19,DOGE-USD,70822,35079,,,7518852684.08809
2021-03-20,DOGE-USD,108916,35059,,,7598351056.303615
2021-03-21,DOGE-USD,71236,35182,,,7409559528.25188
2021-03-22,DOGE-USD,78963,38260,,,7125364948.552904
2021-03-23,DOGE-USD,164193,42129,,,6912796407.204066
2021-03-24,DOGE-USD,81378,41204,,,6656887859.745748
2021-03-25,DOGE-USD,75903,40502,,,6627129682.263739
2021-03-26,DOGE-USD,97269,43298,,,6941355346.585689
2021-03-27,DOGE-USD,81530,46549,,,7020040626.466902
2021-03-28,DOGE-USD,84587,46033,,,6904540981.563014
2021-03-29,DOGE-USD,85426,46835,,,6963914293.212965
2021-03-30,DOGE-USD,97256,46079,,,6968291923.274703
2021-03-31,DOGE-USD,88060,47930,,,6903293142.107968
2021-04-01,DOGE-USD,104117,52020,,,7903909376.237024
2021-04-02,DOGE-USD,138113,50138,,,7454734450.520291
2021-04-03,DOGE-USD,95602,52470,,,7232888403.720577
2021-04-04,DOGE-USD,86362,44403,,,7395030207.437466
2021-04-05,DOGE-USD,84322,42741,,,7675076135.6187935
2021-04-06,DOGE-USD,92902,38413,,,8248013485.08084
2021-04-07,DOGE-USD,70510,33759,,,7661074750.708195
2021-04-08,DOGE-USD,65566,32366,,,7937607762.817501
2021-04-09,DOGE-USD,79308,31556,,,7918934340.785349
2021-04-10,DOGE-USD,73538,38884,,,8211311092.037229
2021-04-11,DOGE-USD,101638,53030,,,9647639402.519773
2021-04-12,DOGE-USD,113428,50983,,,9148536230.375423
2021-04-13,DOGE-USD,116794,60296,,,12010586761.522083
2021-04-14,DOGE-USD,207589,81830,,,15745409311.372517
2021-04-15,DOGE-USD,146544,56106,,,22940324185.97876
2021-04-16,DOGE-USD,297089,139656,,,48462102817.75148
2021-04-17,DOGE-USD,165172,73108,,,37488732322.88319
2021-04-18,DOGE-USD,127082,57433,,,41612975696.37445
2021-04-19,DOGE-USD,206527,70856,,,52333433778.70666
2021-04-20,DOGE-USD,174692,68798,,,42802102908.93133
2021-04-21,DOGE-USD,103341,44814,,,39824562026.01424
2021-04-22,DOGE-USD,136410,42650,,,33999975092.538303
2021-04-23,DOGE-USD,103505,39847,,,31829621017.288807
2021-04-24,DOGE-USD,94221,34410,,,35103505040.835846
2021-04-25,DOGE-USD,72135,30170,,,32781029149.204887
2021-04-26,DOGE-USD,72423,30352,,,35045585469.48445
2021-04-27,DOGE-USD,72179,30705,,,35207822252.7645
2021-04-28,DOGE-USD,91367,37843,,,41729064570.06888
2021-04-29,DOGE-USD,75848,30647,,,39631654715.27957
2021-04-30,DOGE-USD,81957,32689,,,43733441326.042046
2021-05-01,DOGE-USD,89143,39108,,,50650071603.13216
2021-05-02,DOGE-USD,117965,37451,,,48975023697.86477
2021-05-03,DOGE-USD,104236,41583,,,57167541644.04113
2021-05-04,DOGE-USD,185189,77916,,,70939372681.6678
2021-05-05,DOGE-USD,206333,86705,,,84726849862.03758
2021-05-06,DOGE-USD,210472,60629,,,75491474568.04382
2021-05-07,DOGE-USD,160338,58370,,,88662843135.2515
2021-05-08,DOGE-USD,191123,76441,,,82693852889.13036
2021-05-09,DOGE-USD,242547,82109,,,74249424965.11722
2021-05-10,DOGE-USD,148855,56397,,,58051355210.618645
2021-05-11,DOGE-USD,130749,47653,,,64190572892.89957
2021-05-12,DOGE-USD,114333,43359,,,55237419571.54
2021-05-13,DOGE-USD,121842,44333,,,62923521499.982635
2021-05-14,DOGE-USD,129910,50430,,,73128750930.30836
2021-05-15,DOGE-USD,97374,36764,,,65884632250.69266
2021-05-16,DOGE-USD,93419,33904,,,66521233685.70932
2021-05-17,DOGE-USD,90488,34003,,,63110773775.48776
2021-05-18,DOGE-USD,81920,32539,,,61728447919.52975
2021-05-19,DOGE-USD,101407,39802,,,44374206454.66284
2021-05-20,DOGE-USD,84964,32284,,,51909967262.30389
2021-05-21,DOGE-USD,76437,28616,,,46205521049.729965
2021-05-22,DOGE-USD,65218,24898,,,44704500554.30679
2021-05-23,DOGE-USD,112065,28227,,,39953422886.74043
2021-05-24,DOGE-USD,69632,26669,,,47248955983.20736
2021-05-25,DOGE-USD,66745,25642,,,44867351626.25215
2021-05-26,DOGE-USD,64900,25735,,,45695857342.49665
2021-05-27,DOGE-USD,59364,23003,,,43126945452.38497
2021-05-28,DOGE-USD,57748,22621,,,40204914784.74239
2021-05-29,DOGE-USD,55307,21426,,,39269752908.61648
2021-05-30,DOGE-USD,72229,20159,,,39268560320.26199
2021-05-31,DOGE-USD,56913,21011,,,42348992616.587074
2021-06-01,DOGE-USD,58725,23385,,,48521407342.64509
2021-06-02,DOGE-USD,81793,34433,,,55308117456.11543
2021-06-03,DOGE-USD,74476,29618,,,51483369327.54944
2021-06-04,DOGE-USD,82845,34749,,,49005154752.81192
2021-06-05,DOGE-USD,67945,28476,,,48171770275.999695
2021-06-06,DOGE-USD,61180,25439,,,48172564488.428246
2021-06-07,DOGE-USD,63970,26962,,,43266937694.48568
2021-06-08,DOGE-USD,62773,26486,,,42641290647.8442
2021-06-09,DOGE-USD,60558,25696,,,44663820784.853546
2021-06-10,DOGE-USD,57113,24092,,,42560756637.44737
2021-06-11,DOGE-USD,54986,24070,,,41237785589.93477
2021-06-12,DOGE-USD,52340,22680,,,40672047219.556335
2021-06-13,DOGE-USD,52144,21825,,,41979559559.44794
2021-06-14,DOGE-USD,56912,25062,,,42533220682.153564
2021-06-15,DOGE-USD,56488,24741,,,41656524130.14364
2021-06-16,DOGE-USD,56837,24524,,,39904375301.23978
2021-06-17,DOGE-USD,52898,23035,,,39739166159.06514
2021-06-18,DOGE-USD,54126,23727,,,38004082767.17104
2021-06-19,DOGE-USD,50698,22384,,,37336319823.68062
2021-06-20,DOGE-USD,54839,23071,,,36478956513.15817
2021-06-21,DOGE-USD,64955,29563,,,23291669718.43432
2021-06-22,DOGE-USD,67504,29739,,,24547491971.263565
2021-06-23,DOGE-USD,58681,26515,,,30525449361.647915
2021-06-24,DOGE-USD,55356,25345,,,34264088076.616005
2021-06-25,DOGE-USD,125710,28045,,,31241524769.99056
2021-06-26,DOGE-USD,49967,22690,,,31335416024.293385
2021-06-27,DOGE-USD,54897,23074,,,33608673726.10676
2021-06-28,DOGE-USD,59259,25199,,,33342322597.63281
2021-06-29,DOGE-USD,58970,26881,,,34284719339.36432
2021-06-30,DOGE-USD,53156,23917,,,32988336955.061092
2021-07-01,DOGE-USD,54102,24635,,,31867811677.69699
2021-07-02,DOGE-USD,49633,21892,,,31855299641.807323
2021-07-03,DOGE-USD,47625,19309,,,31954087153.024223
2021-07-04,DOGE-USD,50319,19913,,,32109924540.120247
2021-07-05,DOGE-USD,103412,19698,,,30330638847.325047
2021-07-06,DOGE-USD,87075,20015,,,30480239609.992744
2021-07-07,DOGE-USD,52384,20216,,,29169721068.87621
2021-07-08,DOGE-USD,50281,20439,,,26996960857.19171
2021-07-09,DOGE-USD,48505,20037,,,28643235884.93253
2021-07-10,DOGE-USD,47781,19537,,,27975749257.48032
2021-07-11,DOGE-USD,60827,17903,,,28131639785.734818
2021-07-12,DOGE-USD,50694,18134,,,27194360776.728928
2021-07-13,DOGE-USD,46915,17758,,,26022225470.301235
2021-07-14,DOGE-USD,47894,18493,,,25647944942.535706
2021-07-15,DOGE-USD,49805,18984,,,24100255372.297092
2021-07-16,DOGE-USD,49564,19457,,,22468460090.264355
2021-07-17,DOGE-USD,50064,19691,,,24211835506.01125
2021-07-18,DOGE-USD,51478,17358,,,23726103284.71416
2021-07-19,DOGE-USD,47585,17961,,,22725856320.098373
2021-07-20,DOGE-USD,48626,19345,,,22227083078.628872
2021-07-21,DOGE-USD,51059,20993,,,24729540642.619038
2021-07-22,DOGE-USD,47398,18797,,,24956860688.754944
2021-07-23,DOGE-USD,46720,18040,,,25311538325.236298
2021-07-24,DOGE-USD,46694,18649,,,25679058925.437984
2021-07-25,DOGE-USD,46503,17310,,,25737112327.428967
2021-07-26,DOGE-USD,55773,23298,,,26739230737.38356
2021-07-27,DOGE-USD,47405,18414,,,26682733919.155106
2021-07-28,DOGE-USD,48951,19464,,,26805162857.093697
2021-07-29,DOGE-USD,47516,18234,,,26754841926.00408
2021-07-30,DOGE-USD,57185,20832,,,27073014038.26418
2021-07-31,DOGE-USD,51923,19405,,,27261190640.95665
2021-08-01,DOGE-USD,52052,19177,,,26690508772.201305
2021-08-02,DOGE-USD,51842,18578,,,26626632621.765568
2021-08-03,DOGE-USD,50695,18020,,,25654064840.346703
2021-08-04,DOGE-USD,49368,18546,,,26332174808.875423
2021-08-05,DOGE-USD,50567,18536,,,26298098628.684868
2021-08-06,DOGE-USD,52389,19730,,,26808617000.56814
2021-08-07,DOGE-USD,61276,24431,,,33582188284.67249
2021-08-08,DOGE-USD,63176,24940,,,31567241538.28788
2021-08-09,DOGE-USD,58667,23483,,,33475495858.505177
2021-08-10,DOGE-USD,55902,21848,,,33493373652.264015
2021-08-11,DOGE-USD,65639,25352,,,34763296559.47323
2021-08-12,DOGE-USD,58943,22756,,,34524331900.34595
2021-08-13,DOGE-USD,57365,22324,,,37320342737.31536
2021-08-14,DOGE-USD,59340,24094,,,38369651921.14336
2021-08-15,DOGE-USD,66329,26145,,,44388468211.96724
2021-08-16,DOGE-USD,70944,28290,,,41829773069.19767
2021-08-17,DOGE-USD,62090,24490,,,39252312235.91907
2021-08-18,DOGE-USD,59534,23254,,,40150674538.4519
2021-08-19,DOGE-USD,56120,21577,,,41303463608.89249
2021-08-20,DOGE-USD,64308,24279,,,42735557096.39199
2021-08-21,DOGE-USD,58413,22066,,,41595618209.78658
2021-08-22,DOGE-USD,58116,21205,,,41222490293.95084
2021-08-23,DOGE-USD,221658,25674,,,41624480323.17418
2021-08-24,DOGE-USD,60460,22986,,,38070968178.320694
2021-08-25,DOGE-USD,59074,21760,,,38290828426.875755
2021-08-26,DOGE-USD,55584,20824,,,35671015014.107056
2021-08-27,DOGE-USD,55094,21465,,,38459365771.316734
2021-08-28,DOGE-USD,56058,20591,,,37318086199.941025
2021-08-29,DOGE-USD,54371,18983,,,36888367954.90541
2021-08-30,DOGE-USD,56230,20438,,,35585694612.44765
2021-08-31,DOGE-USD,58742,19944,,,36421989372.95125
2021-09-01,DOGE-USD,55462,20133,,,38378675616.92471
2021-09-02,DOGE-USD,59744,22753,,,38831122348.705
2021-09-03,DOGE-USD,64192,22453,,,38638424121.10403
2021-09-04,DOGE-USD,54681,20000,,,39212580351.483444
2021-09-05,DOGE-USD,55483,19782,,,41091218347.150185
2021-09-06,DOGE-USD,59130,21481,,,40439682746.35122
2021-09-07,DOGE-USD,60894,23391,,,33305505644.60949
2021-09-08,DOGE-USD,58170,19868,,,33645927431.450817
2021-09-09,DOGE-USD,53309,19765,,,33095736566.19253
2021-09-10,DOGE-USD,64664,18308,,,31353359508.591866
2021-09-11,DOGE-USD,48396,17046,,,31491638666.19877
2021-09-12,DOGE-USD,50766,17075,,,33016488971.248154
2021-09-13,DOGE-USD,50274,16963,,,30960727920.76195
2021-09-14,DOGE-USD,48808,15978,,,31482296989.995766
2021-09-15,DOGE-USD,57892,18192,,,32408509077.789387
2021-09-16,DOGE-USD,51772,17644,,,31627303812.66812
2021-09-17,DOGE-USD,51773,18616,,,31437849082.269707
2021-09-18,DOGE-USD,48411,16304,,,31651723692.840427
2021-09-19,DOGE-USD,48834,15474,,,30540677702.992325
2021-09-20,DOGE-USD,52127,17685,,,27214053719.6073
2021-09-21,DOGE-USD,50486,16735,,,26234453122.285675
2021-09-22,DOGE-USD,48599,16441,,,29412779360.236313
2021-09-23,DOGE-USD,49621,16765,,,29486962990.497177
2021-09-24,DOGE-USD,50910,18023,,,27467418754.303223
2021-09-25,DOGE-USD,47850,15976,,,27402205336.641357
2021-09-26,DOGE-USD,51008,17370,,,26830690794.539127
2021-09-27,DOGE-USD,52076,17611,,,26347225562.743187
2021-09-28,DOGE-USD,51734,16886,,,25918329192.197845
2021-09-29,DOGE-USD,49404,16310,,,26003238722.04935
2021-09-30,DOGE-USD,50654,16802,,,26767593726.348656
2021-10-01,DOGE-USD,54001,19533,,,29168458914.971333
2021-10-02,DOGE-USD,53794,20237,,,28833338550.64848
2021-10-03,DOGE-USD,51564,17622,,,29114228349.4176
2021-10-04,DOGE-USD,55736,20214,,,31948713449.307877
2021-10-05,DOGE-USD,64291,25293,,,33144758794.085835
2021-10-06,DOGE-USD,64565,26319,,,33165746916.21551
2021-10-07,DOGE-USD,65350,27008,,,31870072736.325207
2021-10-08,DOGE-USD,59436,22536,,,31984366179.168682
2021-10-09,DOGE-USD,57985,22336,,,32461337554.01194
2021-10-10,DOGE-USD,59699,21090,,,30204557625.63255
2021-10-11,DOGE-USD,61990,22925,,,30297417939.953087
2021-10-12,DOGE-USD,58802,22371,,,29690951979.298374
2021-10-13,DOGE-USD,58224,22234,,,30552060331.598713
2021-10-14,DOGE-USD,62887,24088,,,30599162721.215942
2021-10-15,DOGE-USD,64012,26067,,,30813376912.13004
2021-10-16,DOGE-USD,62303,24947,,,31308305701.593327
2021-10-17,DOGE-USD,60804,22873,,,31249920272.879784
2021-10-18,DOGE-USD,70873,29532,,,32473063184.484444
2021-10-19,DOGE-USD,65055,25241,,,32316228955.886745
2021-10-20,DOGE-USD,65855,27109,,,33535689050.97859
2021-10-21,DOGE-USD,64345,25265,,,32018701508.54912
2021-10-22,DOGE-USD,60626,24418,,,32289757399.369347
2021-10-23,DOGE-USD,61838,23111,,,32893346985.309967
2021-10-24,DOGE-USD,73866,29029,,,36287669316.374855
2021-10-25,DOGE-USD,75868,28923,,,34792829512.47696
2021-10-26,DOGE-USD,77438,30603,,,33701997768.02667
2021-10-27,DOGE-USD,85630,35985,,,31398975555.784225
2021-10-28,DOGE-USD,121856,54654,,,39487459841.36607
2021-10-29,DOGE-USD,89335,39470,,,37899738419.86537
2021-10-30,DOGE-USD,85686,36642,,,35168706662.50442
2021-10-31,DOGE-USD,79094,31813,,,37050410660.691895
2021-11-01,DOGE-USD,79212,31590,,,35832547858.48967
2021-11-02,DOGE-USD,80616,33034,,,36007930431.15767
2021-11-03,DOGE-USD,79410,32223,,,35467053879.92059
2021-11-04,DOGE-USD,76454,30196,,,34646241264.75723
2021-11-05,DOGE-USD,73676,28996,,,34364885241.17064
2021-11-06,DOGE-USD,68504,26106,,,34528240376.96224
2021-11-07,DOGE-USD,69758,26412,,,35096168220.886925
2021-11-08,DOGE-USD,79166,31031,,,37177385873.79547
2021-11-09,DOGE-USD,77050,30768,,,36166807811.60309
2021-11-10,DOGE-USD,135607,51925,,,33528457879.122646
2021-11-11,DOGE-USD,64904,26645,,,34472703023.35545
2021-11-12,DOGE-USD,76781,25400,,,34149487808.62501
2021-11-13,DOGE-USD,59674,24048,,,34489343909.0194
2021-11-14,DOGE-USD,60330,23450,,,34605893303.37634
2021-11-15,DOGE-USD,62262,24708,,,33949172080.70251
2021-11-16,DOGE-USD,62841,24628,,,31466200054.938507
2021-11-17,DOGE-USD,101048,23459,,,31292749335.278687
2021-11-18,DOGE-USD,59242,22731,,,29228177917.44763
2021-11-19,DOGE-USD,58891,21480,,,30768363935.624325
2021-11-20,DOGE-USD,57189,21829,,,30867866688.202106
2021-11-21,DOGE-USD,57128,21904,,,30055888979.770424
2021-11-22,DOGE-USD,61431,24934,,,29041241937.712383
2021-11-23,DOGE-USD,65943,25752,,,29925939761.103107
2021-11-24,DOGE-USD,70435,26883,,,28732274298.57332
2021-11-25,DOGE-USD,67821,25823,,,29313234611.018032
2021-11-26,DOGE-USD,64369,24528,,,26743272461.527317
2021-11-27,DOGE-USD,60637,23119,,,27015404216.450985
2021-11-28,DOGE-USD,61923,20016,,,27353323888.144577
2021-11-29,DOGE-USD,62115,23474,,,28480418192.860046
2021-11-30,DOGE-USD,61663,24436,,,28502168352.183525
2021-12-01,DOGE-USD,63622,25417,,,27636839604.167065
2021-12-02,DOGE-USD,67691,24495,,,27699519200.96864
2021-12-03,DOGE-USD,59867,23693,,,26497921989.381504
2021-12-04,DOGE-USD,63991,27034,,,24063346187.94269
2021-12-05,DOGE-USD,58580,21870,,,22633314932.81024
2021-12-06,DOGE-USD,59580,22346,,,23558632243.842003
2021-12-07,DOGE-USD,60221,23066,,,23373945420.111298
2021-12-08,DOGE-USD,58815,22376,,,23670374243.000397
2021-12-09,DOGE-USD,58901,23319,,,22626065766.98026
2021-12-10,DOGE-USD,59515,24314,,,21913756676.473488
2021-12-11,DOGE-USD,58668,22646,,,22333035291.494408
2021-12-12,DOGE-USD,60342,21752,,,22513049968.152184
2021-12-13,DOGE-USD,64932,24258,,,20916916197.458904
2021-12-14,DOGE-USD,85950,35529,,,25128341077.512646
2021-12-15,DOGE-USD,64668,26320,,,23924803151.58241
2021-12-16,DOGE-USD,59077,21506,,,23012002655.15381
2021-12-17,DOGE-USD,58842,20839,,,22424727299.506817
2021-12-18,DOGE-USD,57899,21300,,,22816744896.23995
2021-12-19,DOGE-USD,58708,20304,,,22528523545.138832
2021-12-20,DOGE-USD,57337,19736,,,22157122899.56804
2021-12-21,DOGE-USD,55868,19171,,,22657195171.643
2021-12-22,DOGE-USD,60085,20418,,,22941638712.442886
2021-12-23,DOGE-USD,58343,20770,,,24277700696.88925
2021-12-24,DOGE-USD,61412,22970,,,24726373300.619263
2021-12-25,DOGE-USD,56726,20035,,,25361275603.18456
2021-12-26,DOGE-USD,61347,20673,,,25224353014.73492
2021-12-27,DOGE-USD,64738,22116,,,24964963298.67963
2021-12-28,DOGE-USD,62281,21544,,,23128175296.470417
2021-12-29,DOGE-USD,61791,23661,,,22260772859.70389
2021-12-30,DOGE-USD,62987,23972,,,22716255324.42788
2021-12-31,DOGE-USD,64901,23872,,,22617839522.00414
2022-01-01,DOGE-USD,57353,21392,,,22913848224.352306
2022-01-02,DOGE-USD,65129,25464,,,23141588948.45676
2022-01-03,DOGE-USD,65804,26928,,,22555058387.555115
2022-01-04,DOGE-USD,73019,29325,,,22353586623.95896
2022-01-05,DOGE-USD,67995,29322,,,21122583043.353867
2022-01-06,DOGE-USD,65435,28349,,,21257898043.08136
2022-01-07,DOGE-USD,69472,31091,,,20533814115.88955
2022-01-08,DOGE-USD,70404,30397,,,20076002268.90903
2022-01-09,DOGE-USD,63804,24014,,,19984898172.17724
2022-01-10,DOGE-USD,112171,32644,,,18984764923.442997
2022-01-11,DOGE-USD,70707,34535,,,20361627646.180767
2022-01-12,DOGE-USD,67533,28145,,,21404555760.552464
2022-01-13,DOGE-USD,77137,37354,,,22950291740.027126
2022-01-14,DOGE-USD,91457,43127,,,24404552044.426403
2022-01-15,DOGE-USD,74515,35469,,,24560792225.425568
2022-01-16,DOGE-USD,74627,31974,,,23561667850.89433
2022-01-17,DOGE-USD,112006,37017,,,22643498665.02568
2022-01-18,DOGE-USD,78868,34055,,,21967662794.593773
2022-01-19,DOGE-USD,97424,35413,,,21604974661.616398
2022-01-20,DOGE-USD,80937,39608,,,20684980436.804703
2022-01-21,DOGE-USD,79992,42599,,,18965415030.689926
2022-01-22,DOGE-USD,74722,36388,,,17604261005.71707
2022-01-23,DOGE-USD,76546,35472,,,18817887654.877785
2022-01-24,DOGE-USD,73022,30366,,,18269498580.304295
2022-01-25,DOGE-USD,78867,35460,,,19084056283.0332
2022-01-26,DOGE-USD,68746,34819,,,19105892581.200085
2022-01-27,DOGE-USD,63120,33174,,,18729861315.310905
2022-01-28,DOGE-USD,76528,33029,,,18835151469.193825
2022-01-29,DOGE-USD,78800,33632,,,18994638591.782425
2022-01-30,DOGE-USD,75166,31217,,,18569955013.039635
2022-01-31,DOGE-USD,73785,30593,,,18843827326.673374
2022-02-01,DOGE-USD,87335,44406,,,18993232950.23972
2022-02-02,DOGE-USD,76445,32294,,,18266273716.122265
2022-02-03,DOGE-USD,80343,35992,,,18277480129.6916
2022-02-04,DOGE-USD,79531,32705,,,19526433551.408615
2022-02-05,DOGE-USD,74123,29361,,,19595610526.650097
2022-02-06,DOGE-USD,73468,27628,,,20465342224.314495
2022-02-07,DOGE-USD,73178,28024,,,22086222633.043625
2022-02-08,DOGE-USD,83857,30201,,,21119130107.18457
2022-02-09,DOGE-USD,71333,26479,,,21215420565.58357
2022-02-10,DOGE-USD,143842,26941,,,20252141890.61633
2022-02-11,DOGE-USD,77681,27541,,,19270613021.6158
2022-02-12,DOGE-USD,83923,27109,,,19180995125.72329
2022-02-13,DOGE-USD,80012,29431,,,19897823967.73285
2022-02-14,DOGE-USD,83941,30052,,,19456517303.181026
2022-02-15,DOGE-USD,82200,31313,,,20207914238.223038
2022-02-16,DOGE-USD,87550,32919,,,19907802282.656193
2022-02-17,DOGE-USD,83134,31189,,,18508528610.58684
2022-02-18,DOGE-USD,73564,28521,,,18493677510.46185
2022-02-19,DOGE-USD,84059,31295,,,18780071507.42432
2022-02-20,DOGE-USD,79566,28405,,,18285934343.23831
2022-02-21,DOGE-USD,80905,30246,,,17182963610.24906
2022-02-22,DOGE-USD,81549,30897,,,17504511516.122772
2022-02-23,DOGE-USD,81013,29530,,,17041060003.405851
2022-02-24,DOGE-USD,81209,31957,,,16446859341.20192
2022-02-25,DOGE-USD,78049,29201,,,17021875056.991806
2022-02-26,DOGE-USD,74911,27163,,,16979497645.613815
2022-02-27,DOGE-USD,72521,25554,,,16374057462.626633
2022-02-28,DOGE-USD,74959,26664,,,17744827237.949642
2022-03-01,DOGE-USD,77932,29712,,,18012231832.998226
2022-03-02,DOGE-USD,79232,29400,,,17761523215.021214
2022-03-03,DOGE-USD,77798,29905,,,17302501946.1007
2022-03-04,DOGE-USD,79147,31179,,,16329280122.5244
2022-03-05,DOGE-USD,71828,26556,,,16672382845.791744
2022-03-06,DOGE-USD,70257,23476,,,16093525624.652124
2022-03-07,DOGE-USD,67551,23264,,,15642330471.45323
2022-03-08,DOGE-USD,66763,23130,,,15601398410.539013
2022-03-09,DOGE-USD,86652,25997,,,16217141242.957
2022-03-10,DOGE-USD,752860,35546,,,15610938702.913712
2022-03-11,DOGE-USD,56848,18374,,,15449201344.158876
2022-03-12,DOGE-USD,57603,19751,,,15375912910.166897
2022-03-13,DOGE-USD,58392,17386,,,14885907706.747206
2022-03-14,DOGE-USD,130521,21592,,,15220487980.064531
2022-03-15,DOGE-USD,77680,19836,,,15059509427.571154
2022-03-16,DOGE-USD,62143,21069,,,15591437609.883224
2022-03-17,DOGE-USD,68688,29609,,,15557959501.094873
2022-03-18,DOGE-USD,64744,24951,,,15938302626.727503
2022-03-19,DOGE-USD,67736,26701,,,16531389067.931955
2022-03-20,DOGE-USD,61150,19478,,,15944273084.847733
2022-03-21,DOGE-USD,59848,19484,,,15936381051.29028
2022-03-22,DOGE-USD,63243,23384,,,16380661729.308905
2022-03-23,DOGE-USD,59503,19929,,,17324134420.360214
2022-03-24,DOGE-USD,62745,23002,,,18244110620.01769
2022-03-25,DOGE-USD,65102,20710,,,17503926836.421665
2022-03-26,DOGE-USD,59263,18834,,,18185464036.25713
2022-03-27,DOGE-USD,63567,20537,,,19297888090.671265
2022-03-28,DOGE-USD,65916,23186,,,19293305970.130543
2022-03-29,DOGE-USD,72817,22988,,,19313865290.215664
2022-03-30,DOGE-USD,61527,21658,,,19194103412.475945
2022-03-31,DOGE-USD,63154,21661,,,18462681421.8428
2022-04-01,DOGE-USD,60689,22437,,,18904542900.40996
2022-04-02,DOGE-USD,58692,20217,,,18658557166.97536
2022-04-03,DOGE-USD,60360,20293,,,19581090723.282383
2022-04-04,DOGE-USD,68377,22795,,,19931159306.89943
2022-04-05,DOGE-USD,69822,28589,,,23019795532.704227
2022-04-06,DOGE-USD,68193,26217,,,19253208842.72693
2022-04-07,DOGE-USD,62432,20598,,,19553056378.11916
2022-04-08,DOGE-USD,60978,21638,,,19011352504.37614
2022-04-09,DOGE-USD,56850,18724,,,19288154666.122128
2022-04-10,DOGE-USD,62108,20822,,,20067936697.632175
2022-04-11,DOGE-USD,63437,21309,,,18031589694.751785
2022-04-12,DOGE-USD,59018,20842,,,18472563407.585003
2022-04-13,DOGE-USD,60266,23111,,,18763735123.87725
2022-04-14,DOGE-USD,58496,20818,,,19300449193.158577
2022-04-15,DOGE-USD,60033,22657,,,19569656196.137577
2022-04-16,DOGE-USD,55265,19696,,,19290346326.676384
2022-04-17,DOGE-USD,57412,19301,,,18691479723.86661
2022-04-18,DOGE-USD,58920,20165,,,18775337524.507713
2022-04-19,DOGE-USD,59678,20037,,,19119039175.87399
2022-04-20,DOGE-USD,62003,21801,,,18891768691.462425
2022-04-21,DOGE-USD,85588,21759,,,18262653974.715473
2022-04-22,DOGE-USD,78137,20543,,,18281807672.112206
2022-04-23,DOGE-USD,68148,21791,,,18010691096.14692
2022-04-24,DOGE-USD,68645,23366,,,17704569846.993023
2022-04-25,DOGE-USD,79549,30902,,,21071850207.54552
2022-04-26,DOGE-USD,73891,29920,,,18488708796.349243
2022-04-27,DOGE-USD,63942,24304,,,18712281252.227905
2022-04-28,DOGE-USD,61175,20978,,,18413098337.134796
2022-04-29,DOGE-USD,65722,22918,,,18098505159.39838
2022-04-30,DOGE-USD,57830,21639,,,17041901780.847656
2022-05-01,DOGE-USD,60606,21622,,,17812861830.83589
2022-05-02,DOGE-USD,60346,20152,,,17569862373.49741
2022-05-03,DOGE-USD,57433,20047,,,17338662397.622272
2022-05-04,DOGE-USD,58977,21020,,,18190009173.902485
2022-05-05,DOGE-USD,63453,22361,,,17222849817.613834
2022-05-06,DOGE-USD,57787,20231,,,17205382163.244125
2022-05-07,DOGE-USD,55783,19740,,,17110953687.247608
2022-05-08,DOGE-USD,59077,20025,,,16685009144.44466
2022-05-09,DOGE-USD,62561,31159,,,14199607054.76853
2022-05-10,DOGE-USD,64541,23959,,,14561478490.94002
2022-05-11,DOGE-USD,68524,27471,,,11291280768.401
2022-05-12,DOGE-USD,72276,30426,,,11086014713.072336
2022-05-13,DOGE-USD,70677,28033,,,11841789343.090532
2022-05-14,DOGE-USD,66364,25843,,,12034241378.467144
2022-05-15,DOGE-USD,61124,21290,,,12403782365.936424
2022-05-16,DOGE-USD,59569,20617,,,11775287192.113989
2022-05-17,DOGE-USD,58798,20732,,,12133759111.090693
2022-05-18,DOGE-USD,57290,20332,,,11260678675.230583
2022-05-19,DOGE-USD,60062,20183,,,11651109469.895317
2022-05-20,DOGE-USD,55229,20126,,,11298185574.199734
2022-05-21,DOGE-USD,52721,18537,,,11341063882.328972
2022-05-22,DOGE-USD,54992,19037,,,11566658774.319008
2022-05-23,DOGE-USD,55539,19565,,,11180472419.019426
2022-05-24,DOGE-USD,56557,21437,,,11236225658.482311
2022-05-25,DOGE-USD,54055,20034,,,11165848144.630035
2022-05-26,DOGE-USD,57201,20813,,,10548767235.693556
2022-05-27,DOGE-USD,59093,24198,,,10938302985.205036
2022-05-28,DOGE-USD,54453,20230,,,11009147037.283161
2022-05-29,DOGE-USD,58345,18589,,,11122536906.353662
2022-05-30,DOGE-USD,57216,20521,,,11831273412.63989
2022-05-31,DOGE-USD,57717,21069,,,11589631938.09938
2022-06-01,DOGE-USD,58244,22382,,,10913966311.505575
2022-06-02,DOGE-USD,55966,20239,,,11151121779.065332
2022-06-03,DOGE-USD,53628,19883,,,10801105768.433348
2022-06-04,DOGE-USD,52747,19226,,,10988792253.094452
2022-06-05,DOGE-USD,55827,19743,,,10942909039.589544
2022-06-06,DOGE-USD,58780,21291,,,11091357312.040606
2022-06-07,DOGE-USD,59176,21191,,,10844352026.37635
2022-06-08,DOGE-USD,59301,22246,,,10714393475.99892
2022-06-09,DOGE-USD,61050,24273,,,10678344809.700396
2022-06-10,DOGE-USD,60784,23631,,,10151157418.598495
2022-06-11,DOGE-USD,60921,24090,,,9400881607.324371
2022-06-12,DOGE-USD,64595,24717,,,8685991406.948158
2022-06-13,DOGE-USD,71351,28573,,,7214727635.075816
2022-06-14,DOGE-USD,66410,28684,,,7423424945.252318
2022-06-15,DOGE-USD,64548,27913,,,8325090112.255736
2022-06-16,DOGE-USD,62156,26989,,,7379036693.253723
2022-06-17,DOGE-USD,59561,26894,,,7693417958.663968
2022-06-18,DOGE-USD,62779,30201,,,7142532113.736616
2022-06-19,DOGE-USD,65477,30288,,,8107543434.926917
2022-06-20,DOGE-USD,69519,33309,,,8096947777.947646
2022-06-21,DOGE-USD,67598,28738,,,8850613002.494404
2022-06-22,DOGE-USD,62563,28983,,,8327585770.415295
2022-06-23,DOGE-USD,63480,30306,,,8651322208.501217
2022-06-24,DOGE-USD,64307,28132,,,9087413353.037933
2022-06-25,DOGE-USD,64493,27957,,,9236337213.18462
2022-06-26,DOGE-USD,64772,29153,,,9919346898.89512
2022-06-27,DOGE-USD,70593,28656,,,9753890159.456951
2022-06-28,DOGE-USD,63173,28555,,,8885815247.627
2022-06-29,DOGE-USD,63319,27679,,,9356130207.373192
2022-06-30,DOGE-USD,63687,27585,,,8743517802.197845
2022-07-01,DOGE-USD,63707,28023,,,8960656916.474125
2022-07-02,DOGE-USD,61625,27804,,,9002502206.496851
2022-07-03,DOGE-USD,58477,24991,,,9054016314.95616
2022-07-04,DOGE-USD,61530,26834,,,9371213833.937906
2022-07-05,DOGE-USD,66952,30903,,,9070391987.614546
2022-07-06,DOGE-USD,67435,32749,,,9279112865.673306
2022-07-07,DOGE-USD,66682,32264,,,9546457065.855442
2022-07-08,DOGE-USD,66607,33709,,,9408518352.824707
2022-07-09,DOGE-USD,67957,31464,,,9385461915.805172
2022-07-10,DOGE-USD,61529,29524,,,9085275626.673277
2022-07-11,DOGE-USD,65344,32098,,,8332440247.229874
2022-07-12,DOGE-USD,67002,41573,,,8127196800.63095
2022-07-13,DOGE-USD,68390,47378,,,8358260873.930182
2022-07-14,DOGE-USD,74261,64521,,,8443588528.53542
2022-07-15,DOGE-USD,77313,68242,,,8530329585.978011
2022-07-16,DOGE-USD,75162,68002,,,8697846547.430122
2022-07-17,DOGE-USD,76555,74896,,,8589259876.39769
2022-07-18,DOGE-USD,80574,72902,,,9113274179.561188
2022-07-19,DOGE-USD,85760,77714,,,9337141630.648323
2022-07-20,DOGE-USD,94795,87044,,,9503376573.5578
2022-07-21,DOGE-USD,84855,83844,,,9469372264.84382
2022-07-22,DOGE-USD,84933,83262,,,9130454134.333506
2022-07-23,DOGE-USD,87728,75955,,,9219292871.343987
2022-07-24,DOGE-USD,91790,62597,,,9174298554.408035
2022-07-25,DOGE-USD,93766,66763,,,8531662542.542339
2022-07-26,DOGE-USD,91920,60894,,,8438452920.06349
2022-07-27,DOGE-USD,97980,65858,,,9041031445.179907
2022-07-28,DOGE-USD,105667,71994,,,9351020210.20908
2022-07-29,DOGE-USD,92687,69460,,,9421048973.146349
2022-07-30,DOGE-USD,76889,58188,,,9397014009.998932
2022-07-31,DOGE-USD,73893,56154,,,9242853050.721598
2022-08-01,DOGE-USD,75751,51578,,,9295402468.413069
2022-08-02,DOGE-USD,83441,41062,,,9070945031.043604
2022-08-03,DOGE-USD,70481,41514,,,8953896553.015068
2022-08-04,DOGE-USD,71223,48270,,,9128824525.365654
2022-08-05,DOGE-USD,89032,59435,,,9448467006.35544
2022-08-06,DOGE-USD,68080,56220,,,9309833251.478151
2022-08-07,DOGE-USD,67083,46570,,,9337359119.945065
2022-08-08,DOGE-USD,69005,51298,,,9502083639.064943
2022-08-09,DOGE-USD,67470,62238,,,9376018252.815132
2022-08-10,DOGE-USD,77390,51581,,,9648810126.263304
2022-08-11,DOGE-USD,83279,51401,,,9601989166.088497
2022-08-12,DOGE-USD,66670,47176,,,9814742651.704035
2022-08-13,DOGE-USD,65159,45830,,,9888394034.37842
2022-08-14,DOGE-USD,65694,46472,,,11097369615.010084
2022-08-15,DOGE-USD,69272,47792,,,10377535707.512362
2022-08-16,DOGE-USD,116772,51180,,,11798047607.160955
2022-08-17,DOGE-USD,72218,42185,,,10884231085.415106
2022-08-18,DOGE-USD,71243,45380,,,10186193399.960844
2022-08-19,DOGE-USD,72729,45596,,,9222843979.659857
2022-08-20,DOGE-USD,69624,46225,,,9419275926.935722
2022-08-21,DOGE-USD,66838,40216,,,9429859536.454628
2022-08-22,DOGE-USD,67232,45754,,,9251940321.269247
2022-08-23,DOGE-USD,59757,37501,,,9342760639.102167
2022-08-24,DOGE-USD,57577,35895,,,9223779519.905031
2022-08-25,DOGE-USD,59536,35166,,,9371726831.396109
2022-08-26,DOGE-USD,59845,36353,,,8606534959.746243
2022-08-27,DOGE-USD,55914,31421,,,8632933709.31899
2022-08-28,DOGE-USD,55072,29315,,,8433640737.90692
2022-08-29,DOGE-USD,54032,23664,,,8665362808.988577
2022-08-30,DOGE-USD,57392,25084,,,8373995118.182248
2022-08-31,DOGE-USD,54485,25054,,,8310640986.541606
2022-09-01,DOGE-USD,53644,29614,,,8458957167.142855
2022-09-02,DOGE-USD,57809,30805,,,8359467417.243038
2022-09-03,DOGE-USD,51042,27021,,,8508749468.345483
2022-09-04,DOGE-USD,49646,21538,,,8579308134.904825
2022-09-05,DOGE-USD,51003,23457,,,8525120161.144734
2022-09-06,DOGE-USD,68681,32316,,,8029056941.38657
2022-09-07,DOGE-USD,79474,31271,,,8321286588.208883
2022-09-08,DOGE-USD,58637,27376,,,8287933943.574657
2022-09-09,DOGE-USD,59065,27485,,,8688811936.665089
2022-09-10,DOGE-USD,60446,24644,,,8829241667.171272
2022-09-11,DOGE-USD,56435,25833,,,8653788783.140194
2022-09-12,DOGE-USD,55683,25206,,,8692217365.277588
2022-09-13,DOGE-USD,53450,25364,,,8112626363.350466
2022-09-14,DOGE-USD,52954,24357,,,8323123913.109648
2022-09-15,DOGE-USD,53254,24994,,,8002862220.902894
2022-09-16,DOGE-USD,53672,26768,,,8217916626.698167
2022-09-17,DOGE-USD,51013,23784,,,8461973593.228962
2022-09-18,DOGE-USD,53947,24023,,,7830512598.762758
2022-09-19,DOGE-USD,57674,27356,,,7987684632.003195
2022-09-20,DOGE-USD,62318,29566,,,7949983278.00599
2022-09-21,DOGE-USD,60227,29431,,,7789348716.563953
2022-09-22,DOGE-USD,53153,24463,,,8115531991.659773
2022-09-23,DOGE-USD,52284,25266,,,8641700090.544294
2022-09-24,DOGE-USD,59903,25346,,,8613967136.229996
2022-09-25,DOGE-USD,51649,23835,,,8325346136.901635
2022-09-26,DOGE-USD,51644,23783,,,8310330773.291459
2022-09-27,DOGE-USD,52932,25105,,,8257313088.73295
2022-09-28,DOGE-USD,49551,24088,,,8267325430.803086
2022-09-29,DOGE-USD,58265,24294,,,8268066435.229198
2022-09-30,DOGE-USD,51729,25030,,,8419015617.554253
2022-10-01,DOGE-USD,49372,23801,,,8263531045.69624
2022-10-02,DOGE-USD,53466,25644,,,8069498142.311358
2022-10-03,DOGE-USD,49433,23471,,,8234569036.945639
2022-10-04,DOGE-USD,51935,28927,,,9005290143.07135
2022-10-05,DOGE-USD,70841,28819,,,8810959772.314327
2022-10-06,DOGE-USD,52045,28834,,,8652887774.622782
2022-10-07,DOGE-USD,49669,29886,,,8504757227.267444
2022-10-08,DOGE-USD,48721,29829,,,8406144717.4463825
2022-10-09,DOGE-USD,49844,30468,,,8468955858.743267
2022-10-10,DOGE-USD,54537,27044,,,8131158459.643882
2022-10-11,DOGE-USD,59847,29249,,,8212925396.03208
2022-10-12,DOGE-USD,51805,30859,,,8167283116.860601
2022-10-13,DOGE-USD,52704,30037,,,8137583191.350263
2022-10-14,DOGE-USD,53586,28680,,,7997915300.194074
2022-10-15,DOGE-USD,50028,24966,,,8003415749.1605215
2022-10-16,DOGE-USD,50451,24802,,,8048310118.819109
2022-10-17,DOGE-USD,55109,26886,,,8186120409.773824
2022-10-18,DOGE-USD,50500,26294,,,8169571277.325363
2022-10-19,DOGE-USD,51170,26813,,,8013732846.510971
2022-10-20,DOGE-USD,49292,26158,,,8118168646.522752
2022-10-21,DOGE-USD,54281,25820,,,8108196468.002987
2022-10-22,DOGE-USD,49699,26340,,,8150286201.769935
2022-10-23,DOGE-USD,49829,23917,,,8234410871.829908
2022-10-24,DOGE-USD,52931,24758,,,8114940273.114067
2022-10-25,DOGE-USD,61143,28226,,,8571356359.448708
2022-10-26,DOGE-USD,57750,28031,,,9896458503.169888
2022-10-27,DOGE-USD,60250,32202,,,10544900637.116184
2022-10-28,DOGE-USD,75729,31503,,,11545945811.558517
2022-10-29,DOGE-USD,90697,47803,,,16339669220.686531
2022-10-30,DOGE-USD,71473,38678,,,15990773403.702658
2022-10-31,DOGE-USD,65019,35102,,,17305202235.160835
2022-11-01,DOGE-USD,73083,37844,,,19473758108.013184
2022-11-02,DOGE-USD,75515,28429,,,17482322806.051453
2022-11-03,DOGE-USD,89967,26020,,,16722155478.254751
2022-11-04,DOGE-USD,104628,28139,,,17243926743.40558
2022-11-05,DOGE-USD,63123,33312,,,17005344492.02324
2022-11-06,DOGE-USD,56436,25535,,,15654386234.762392
2022-11-07,DOGE-USD,56295,24140,,,15139676906.479126
2022-11-08,DOGE-USD,58545,26510,,,12021329016.010809
2022-11-09,DOGE-USD,57651,26118,,,10072722055.005552
2022-11-10,DOGE-USD,59295,26480,,,12228160737.505072
2022-11-11,DOGE-USD,58984,27172,,,11519655011.795416
2022-11-12,DOGE-USD,69212,26557,,,12042969935.88042
2022-11-13,DOGE-USD,64454,26533,,,11541079329.261358
2022-11-14,DOGE-USD,65980,32306,,,11772323098.40242
2022-11-15,DOGE-USD,54344,24031,,,11875445523.462912
2022-11-16,DOGE-USD,54420,23909,,,11700476781.387615
2022-11-17,DOGE-USD,54128,21915,,,11571085164.114573
2022-11-18,DOGE-USD,52127,21434,,,11564782594.454819
2022-11-19,DOGE-USD,51523,20201,,,11562899973.067469
2022-11-20,DOGE-USD,51400,21515,,,10555644935.473072
2022-11-21,DOGE-USD,51687,21515,,,10225093182.48828
2022-11-22,DOGE-USD,70549,21840,,,10742403092.29516
2022-11-23,DOGE-USD,51213,21935,,,11207508202.74986
2022-11-24,DOGE-USD,49433,20076,,,11155528863.73994
2022-11-25,DOGE-USD,55221,22826,,,12262171470.961868
2022-11-26,DOGE-USD,52232,22104,,,12189205306.519476
2022-11-27,DOGE-USD,84143,24440,,,13659320827.377785
2022-11-28,DOGE-USD,52270,21972,,,13027891343.230171
2022-11-29,DOGE-USD,55061,24857,,,13965822913.784737
2022-11-30,DOGE-USD,58221,24170,,,14719890119.626476
2022-12-01,DOGE-USD,53620,23168,,,13910227503.319105
2022-12-02,DOGE-USD,52519,22411,,,13982724415.465963
2022-12-03,DOGE-USD,49824,21370,,,13690729972.14014
2022-12-04,DOGE-USD,49012,20108,,,14299921905.58095
2022-12-05,DOGE-USD,51814,21224,,,13896304007.33671
2022-12-06,DOGE-USD,56237,20150,,,13734366103.994616
2022-12-07,DOGE-USD,47595,19396,,,13141432677.784592
2022-12-08,DOGE-USD,49964,19671,,,13530567869.22428
2022-12-09,DOGE-USD,50733,20522,,,13268461843.82246
2022-12-10,DOGE-USD,45801,18471,,,13225454494.362068
2022-12-11,DOGE-USD,46872,17923,,,12722479837.821404
2022-12-12,DOGE-USD,52130,23967,,,12374450207.81182
2022-12-13,DOGE-USD,56141,21442,,,12495863078.598194
2022-12-14,DOGE-USD,51930,20343,,,12143385375.526634
2022-12-15,DOGE-USD,54325,20190,,,11610551197.506018
2022-12-16,DOGE-USD,56595,21198,,,10368902000.051567
2022-12-17,DOGE-USD,53444,20771,,,10878525037.698568
2022-12-18,DOGE-USD,50823,18705,,,10841175236.82494
2022-12-19,DOGE-USD,56590,21412,,,9799324731.681583
2022-12-20,DOGE-USD,59246,21329,,,10293167279.034798
2022-12-21,DOGE-USD,53289,21606,,,10097323086.67946
2022-12-22,DOGE-USD,54351,22559,,,10585673096.123753
2022-12-23,DOGE-USD,52486,22050,,,10592807781.731792
2022-12-24,DOGE-USD,48804,19349,,,10668529143.502035
2022-12-25,DOGE-USD,48629,18892,,,10422279204.187784
2022-12-26,DOGE-USD,51877,21162,,,10369950773.555365
2022-12-27,DOGE-USD,55792,21150,,,10120646706.488913
2022-12-28,DOGE-USD,75007,22263,,,9664136032.843971
2022-12-29,DOGE-USD,63625,21055,,,9750663123.78391
2022-12-30,DOGE-USD,56038,21821,,,9390670380.677008
2022-12-31,DOGE-USD,52490,20737,,,9652637932.942144
2023-01-01,DOGE-USD,49367,19038,,,9636788324.781956
2023-01-02,DOGE-USD,49147,19869,,,9831514229.632313
2023-01-03,DOGE-USD,57528,20767,,,9685622109.907318
2023-01-04,DOGE-USD,50680,20444,,,10028809276.041433
2023-01-05,DOGE-USD,50397,20714,,,9839914651.290318
2023-01-06,DOGE-USD,50562,21205,,,9972707298.180738
2023-01-07,DOGE-USD,51851,20829,,,9931665603.194317
2023-01-08,DOGE-USD,53814,19993,,,10103597694.357264
2023-01-09,DOGE-USD,54153,22462,,,10410251525.668264
2023-01-10,DOGE-USD,52118,20825,,,10672800438.104277
2023-01-11,DOGE-USD,51588,21101,,,10726104074.174152
2023-01-12,DOGE-USD,54412,22284,,,11047607133.970058
2023-01-13,DOGE-USD,52491,21280,,,11619392086.940668
2023-01-14,DOGE-USD,56847,24508,,,12036693465.730455
2023-01-15,DOGE-USD,52964,20947,,,11869470630.022367
2023-01-16,DOGE-USD,55529,20294,,,11522060599.821524
2023-01-17,DOGE-USD,51023,19647,,,11449820905.199787
2023-01-18,DOGE-USD,54170,23240,,,11081624374.602123
2023-01-19,DOGE-USD,57640,21633,,,11239177818.582644
2023-01-20,DOGE-USD,54119,23925,,,11909232753.283005
2023-01-21,DOGE-USD,55716,24295,,,11717151305.697613
2023-01-22,DOGE-USD,51448,22187,,,12161170994.054176
2023-01-23,DOGE-USD,51208,21407,,,12214099619.001852
2023-01-24,DOGE-USD,48320,20263,,,11577495165.328547
2023-01-25,DOGE-USD,46381,18934,,,11932100056.34292
2023-01-26,DOGE-USD,48790,19619,,,11891544575.79632
2023-01-27,DOGE-USD,50644,19855,,,12008465035.447365
2023-01-28,DOGE-USD,48866,19109,,,12080425777.34512
2023-01-29,DOGE-USD,50841,19420,,,12435771388.068687
2023-01-30,DOGE-USD,91091,18663,,,12120714575.476225
2023-01-31,DOGE-USD,86849,21975,,,13213087248.596745
2023-02-01,DOGE-USD,68714,21885,,,12995031026.691305
2023-02-02,DOGE-USD,52213,22714,,,12567149725.805475
2023-02-03,DOGE-USD,64940,34900,,,12831733239.918882
2023-02-04,DOGE-USD,53397,26679,,,13266195437.661055
2023-02-05,DOGE-USD,52543,20438,,,12718797738.642735
2023-02-06,DOGE-USD,50831,21833,,,12339528750.42016
2023-02-07,DOGE-USD,51686,23072,,,12783090233.422688
2023-02-08,DOGE-USD,56659,22761,,,12449825702.815453
2023-02-09,DOGE-USD,54790,24476,,,11244745718.886793
2023-02-10,DOGE-USD,52451,24190,,,11184316750.386057
2023-02-11,DOGE-USD,52755,22897,,,11370732625.507048
2023-02-12,DOGE-USD,52012,22422,,,11334064534.24417
2023-02-13,DOGE-USD,57334,25613,,,11351139598.9905
2023-02-14,DOGE-USD,59043,23017,,,11547786057.060987
2023-02-15,DOGE-USD,54451,25425,,,12319738073.376392
2023-02-16,DOGE-USD,55000,25236,,,11762366688.664553
2023-02-17,DOGE-USD,51468,23051,,,12125493575.6419
2023-02-18,DOGE-USD,51723,22158,,,12306705454.441868
2023-02-19,DOGE-USD,52753,21152,,,12036417766.240011
2023-02-20,DOGE-USD,51743,21391,,,12172873872.837044
2023-02-21,DOGE-USD,51374,21535,,,11794965847.3856
2023-02-22,DOGE-USD,50209,21030,,,11809979568.345867
2023-02-23,DOGE-USD,49955,20448,,,11631757523.600903
2023-02-24,DOGE-USD,51389,39752,,,11181180873.32568
2023-02-25,DOGE-USD,51508,37712,,,11152418813.88146
2023-02-26,DOGE-USD,50610,25309,,,11360880215.283064
2023-02-27,DOGE-USD,52817,24638,,,11242678263.22894
2023-02-28,DOGE-USD,57650,31422,,,11168860452.9904
2023-03-01,DOGE-USD,52550,30692,,,11331280443.115713
2023-03-02,DOGE-USD,51572,31826,,,11133390074.903496
2023-03-03,DOGE-USD,61508,48592,,,10626159548.880724
2023-03-04,DOGE-USD,60592,58557,,,10295035828.09821
2023-03-05,DOGE-USD,55056,34785,,,10335835768.104437
2023-03-06,DOGE-USD,61415,37174,,,10357453401.783356
2023-03-07,DOGE-USD,69942,66479,,,10228391707.791027
2023-03-08,DOGE-USD,73613,60643,,,9859189865.72421
2023-03-09,DOGE-USD,66635,54196,,,9114601559.324072
2023-03-10,DOGE-USD,56779,37437,,,9139716395.469736
2023-03-11,DOGE-USD,54509,24181,,,9201519224.988195
2023-03-12,DOGE-USD,52891,21371,,,9817072764.71666
2023-03-13,DOGE-USD,55723,40614,,,10109764008.939907
2023-03-14,DOGE-USD,57970,23057,,,10362024893.106066
2023-03-15,DOGE-USD,50399,22164,,,9669032039.858269
2023-03-16,DOGE-USD,50441,20397,,,10038296271.682838
2023-03-17,DOGE-USD,54510,24690,,,10616868074.329077
2023-03-18,DOGE-USD,50899,21246,,,10147144577.828287
2023-03-19,DOGE-USD,51846,20712,,,10423924247.558807
2023-03-20,DOGE-USD,56330,20791,,,9930682546.45266
2023-03-21,DOGE-USD,50914,20370,,,10649672863.668442
2023-03-22,DOGE-USD,50128,19896,,,10265379082.51899
2023-03-23,DOGE-USD,55342,24303,,,10745956702.190413
2023-03-24,DOGE-USD,57959,24529,,,10353861098.255945
2023-03-25,DOGE-USD,51244,19693,,,10263289090.580908
2023-03-26,DOGE-USD,50998,19572,,,10335441036.588873
2023-03-27,DOGE-USD,59886,25709,,,10096277282.644676
2023-03-28,DOGE-USD,59556,28745,,,10243986857.646317
2023-03-29,DOGE-USD,61842,28519,,,10509997153.907804
2023-03-30,DOGE-USD,61578,28477,,,10291727897.590096
2023-03-31,DOGE-USD,68263,33045,,,10722596597.392036
2023-04-01,DOGE-USD,64520,31233,,,11377619596.734003
2023-04-02,DOGE-USD,61714,28424,,,10972928105.660065
2023-04-03,DOGE-USD,94876,35581,,,13280988890.330322
2023-04-04,DOGE-USD,111105,29547,,,13184626423.44482
2023-04-05,DOGE-USD,68960,25260,,,12931813258.381777
2023-04-06,DOGE-USD,71576,23571,,,11866577725.072315
2023-04-07,DOGE-USD,88389,24534,,,11446589870.740261
2023-04-08,DOGE-USD,60905,21595,,,11305295455.200504
2023-04-09,DOGE-USD,58827,18335,,,11568411870.713896
2023-04-10,DOGE-USD,62420,21621,,,11808206742.436565
2023-04-11,DOGE-USD,103660,25488,,,11678880560.406729
2023-04-12,DOGE-USD,106779,24187,,,11593965588.504288
2023-04-13,DOGE-USD,103518,24399,,,12142847370.059628
2023-04-14,DOGE-USD,77162,27660,,,12321684487.345297
2023-04-15,DOGE-USD,63752,23779,,,12373448243.97218
2023-04-16,DOGE-USD,59969,22945,,,12573044988.20188
2023-04-17,DOGE-USD,59568,21391,,,12709309491.748749
2023-04-18,DOGE-USD,63943,21422,,,13060304484.098576
2023-04-19,DOGE-USD,77324,24180,,,12147902901.653172
2023-04-20,DOGE-USD,66375,21461,,,11635947071.100447
2023-04-21,DOGE-USD,53471,18992,,,10907441240.988546
2023-04-22,DOGE-USD,46943,18646,,,11175311627.472843
2023-04-23,DOGE-USD,46611,18322,,,10965074082.866817
2023-04-24,DOGE-USD,52468,20871,,,10958945764.282816
2023-04-25,DOGE-USD,46989,18919,,,11107254165.886982
2023-04-26,DOGE-USD,48016,19114,,,10922794852.873535
2023-04-27,DOGE-USD,46515,18342,,,11151460636.543308
2023-04-28,DOGE-USD,47023,18916,,,11177435464.65024
2023-04-29,DOGE-USD,45290,17970,,,11342442388.386156
2023-04-30,DOGE-USD,47515,17097,,,11111498139.547253
2023-05-01,DOGE-USD,47886,17889,,,10965719806.128044
2023-05-02,DOGE-USD,45997,23754,,,10969588546.241154
2023-05-03,DOGE-USD,46459,19227,,,11100829096.61413
2023-05-04,DOGE-USD,45788,18974,,,10911988111.773205
2023-05-05,DOGE-USD,47995,20227,,,11186623594.05094
2023-05-06,DOGE-USD,48572,18729,,,10698670683.188728
2023-05-07,DOGE-USD,45506,17323,,,10728135071.276636
2023-05-08,DOGE-USD,47313,19096,,,10104747549.828485
2023-05-09,DOGE-USD,51848,39683,,,10193605183.00492
2023-05-10,DOGE-USD,56080,48547,,,10200908079.667652
2023-05-11,DOGE-USD,56792,456491,,,10027872989.888659
2023-05-12,DOGE-USD,63363,397440,,,10085535441.85812
2023-05-13,DOGE-USD,71395,628209,,,10008154135.229267
2023-05-14,DOGE-USD,66072,497566,,,10031268478.885252
2023-05-15,DOGE-USD,51305,88453,,,10048045362.927715
2023-05-16,DOGE-USD,59836,719894,,,10131197039.284994
2023-05-17,DOGE-USD,75835,1126378,,,10445538485.754711
2023-05-18,DOGE-USD,65920,972239,,,10257467391.099611
2023-05-19,DOGE-USD,56289,867845,,,10254908171.674637
2023-05-20,DOGE-USD,54739,1205537,,,10267464589.226612
2023-05-21,DOGE-USD,54365,854029,,,10065284818.010193
2023-05-22,DOGE-USD,53033,1351094,,,10177760215.282581
2023-05-23,DOGE-USD,60550,1428078,,,10159236365.662354
2023-05-24,DOGE-USD,57355,1075730,,,9867864252.82784
2023-05-25,DOGE-USD,57039,1143443,,,9885834272.351753
2023-05-26,DOGE-USD,61843,1168878,,,9902498492.68068
2023-05-27,DOGE-USD,54885,2077710,,,10162130050.705015
2023-05-28,DOGE-USD,54692,2021492,,,10277399536.54672
2023-05-29,DOGE-USD,56659,1947610,,,10216443703.170807
2023-05-30,DOGE-USD,57622,1941501,,,10101480796.616508
2023-05-31,DOGE-USD,58086,1907732,,,9998870495.949732
2023-06-01,DOGE-USD,67012,2029868,,,9981764730.9336
2023-06-02,DOGE-USD,60476,2013356,,,10131037963.887173
2023-06-03,DOGE-USD,118891,2008133,,,10146866784.323357
2023-06-04,DOGE-USD,78359,1860122,,,10137209550.736658
2023-06-05,DOGE-USD,99268,1956099,,,9302677727.327087
2023-06-06,DOGE-USD,103040,1999776,,,9834115546.00924
2023-06-07,DOGE-USD,77917,1995573,,,9395542006.648912
2023-06-08,DOGE-USD,87709,1995229,,,9492691564.844622
2023-06-09,DOGE-USD,104452,2018223,,,9704863779.427671
2023-06-10,DOGE-USD,67717,2093247,,,8646968119.887304
2023-06-11,DOGE-USD,74842,2098637,,,8593063245.767838
2023-06-12,DOGE-USD,75780,2133070,,,8590933110.396248
2023-06-13,DOGE-USD,81332,2178042,,,8613315193.652426
2023-06-14,DOGE-USD,79135,1816286,,,8436166944.647157
2023-06-15,DOGE-USD,90666,1365871,,,8590707333.238785
2023-06-16,DOGE-USD,68340,1082332,,,8681719266.533083
2023-06-17,DOGE-USD,51743,494248,,,8693609355.637228
2023-06-18,DOGE-USD,57080,833080,,,8678904128.370617
2023-06-19,DOGE-USD,48035,675068,,,8715233922.98909
2023-06-20,DOGE-USD,46814,328165,,,8810513277.996462
2023-06-21,DOGE-USD,53470,294697,,,9201161782.153332
2023-06-22,DOGE-USD,131009,550800,,,9188474010.42782
2023-06-23,DOGE-USD,74136,383035,,,9530952601.614656
2023-06-24,DOGE-USD,51875,306698,,,9333721408.881441
2023-06-25,DOGE-USD,57084,201898,,,9336406439.732431
2023-06-26,DOGE-USD,48300,120957,,,9049920206.892195
2023-06-27,DOGE-USD,48209,104707,,,9162204312.979809
2023-06-28,DOGE-USD,122726,156363,,,8762775012.79711
2023-06-29,DOGE-USD,46520,91478,,,8880079251.84454
2023-06-30,DOGE-USD,64201,113851,,,9301505241.77332
2023-07-01,DOGE-USD,57435,106608,,,9583134255.76698
2023-07-02,DOGE-USD,55626,99607,,,9520482337.847895
2023-07-03,DOGE-USD,80272,70106,,,9560701617.566631
2023-07-04,DOGE-USD,57319,97066,,,9672417047.153557
2023-07-05,DOGE-USD,49404,110015,,,9391764944.917397
2023-07-06,DOGE-USD,45827,85323,,,9127776563.419615
2023-07-07,DOGE-USD,47245,74137,,,9163408488.244095
2023-07-08,DOGE-USD,48846,51811,,,9209675464.808765
2023-07-09,DOGE-USD,43521,35986,,,9161040350.813969
2023-07-10,DOGE-USD,47291,70966,,,9137480697.692883
2023-07-11,DOGE-USD,45658,52764,,,9148713506.785528
2023-07-12,DOGE-USD,46546,38948,,,9093229479.053545
2023-07-13,DOGE-USD,52234,71191,,,9863782974.64557
2023-07-14,DOGE-USD,61285,123095,,,9590550617.132479
2023-07-15,DOGE-USD,48942,116182,,,10080716301.202509
2023-07-16,DOGE-USD,46087,105250,,,9749933255.389568
2023-07-17,DOGE-USD,52082,72632,,,9803346837.645452
2023-07-18,DOGE-USD,46411,52111,,,9614418431.452
2023-07-19,DOGE-USD,49416,49194,,,9839980142.093306
2023-07-20,DOGE-USD,63927,166491,,,9888671057.474152
2023-07-21,DOGE-USD,68280,222287,,,10285055239.432673
2023-07-22,DOGE-USD,53525,327587,,,9858735149.174463
2023-07-23,DOGE-USD,47276,410714,,,10080922216.607985
2023-07-24,DOGE-USD,77977,474202,,,10431775446.959381
2023-07-25,DOGE-USD,69826,441698,,,11446663585.408873
2023-07-26,DOGE-USD,51254,522815,,,10941286842.868149
2023-07-27,DOGE-USD,66060,744490,,,10883811811.366035
2023-07-28,DOGE-USD,51454,752827,,,10858191136.060863
2023-07-29,DOGE-USD,51474,630674,,,11270090266.507164
2023-07-30,DOGE-USD,55338,738471,,,10954778365.21576
2023-07-31,DOGE-USD,49062,657964,,,10926060030.728077
2023-08-01,DOGE-USD,55250,516792,,,10928240127.674446
2023-08-02,DOGE-USD,52493,498696,,,10411904772.13755
2023-08-03,DOGE-USD,47353,493108,,,10349212667.107544
2023-08-04,DOGE-USD,49385,423374,,,10309123345.429789
2023-08-05,DOGE-USD,45319,193208,,,10624660295.341469
2023-08-06,DOGE-USD,45058,91355,,,10422743247.565958
2023-08-07,DOGE-USD,47370,233727,,,10302733572.642853
2023-08-08,DOGE-USD,47289,262358,,,10535321864.327791
2023-08-09,DOGE-USD,50776,304677,,,10584091843.755535
2023-08-10,DOGE-USD,48024,513241,,,10643934574.860268
2023-08-11,DOGE-USD,44392,571590,,,10635031900.177195
2023-08-12,DOGE-USD,45586,227940,,,10783909465.822828
2023-08-13,DOGE-USD,41752,310772,,,10504332799.965664
2023-08-14,DOGE-USD,43945,526344,,,10510817727.565653
2023-08-15,DOGE-USD,45696,531154,,,9954381204.323593
2023-08-16,DOGE-USD,49360,577515,,,9439612098.299908
2023-08-17,DOGE-USD,77889,441107,,,8623633026.40034
2023-08-18,DOGE-USD,51142,69266,,,8885738220.88341
2023-08-19,DOGE-USD,79048,77799,,,8966225809.583027
2023-08-20,DOGE-USD,43170,196387,,,8972298329.892637
2023-08-21,DOGE-USD,44299,143111,,,8797177534.220566
2023-08-22,DOGE-USD,44764,254635,,,8798929040.042467
2023-08-23,DOGE-USD,44886,27880,,,8969616251.2578
2023-08-24,DOGE-USD,44988,30355,,,8865218031.158243
2023-08-25,DOGE-USD,43089,105979,,,8872380554.482769
2023-08-26,DOGE-USD,40861,26110,,,8844536417.569452
2023-08-27,DOGE-USD,39203,20327,,,8886871839.094835
2023-08-28,DOGE-USD,43186,22295,,,8933013845.806244
2023-08-29,DOGE-USD,49627,34795,,,9337609091.748451
2023-08-30,DOGE-USD,47132,36426,,,9271091828.271101
2023-08-31,DOGE-USD,54244,65078,,,8982529332.562622
2023-09-01,DOGE-USD,51477,53868,,,8982993209.482271
2023-09-02,DOGE-USD,42780,45569,,,8939347449.463573
2023-09-03,DOGE-USD,44779,35820,,,8894563337.1505
2023-09-04,DOGE-USD,43661,28126,,,8891948995.119078
2023-09-05,DOGE-USD,44111,85758,,,9014873501.996431
2023-09-06,DOGE-USD,43687,116327,,,8958274059.786417
2023-09-07,DOGE-USD,43928,32806,,,8956053539.397915
2023-09-08,DOGE-USD,42317,50364,,,8969908766.99656
2023-09-09,DOGE-USD,42651,56108,,,8933598033.979034
2023-09-10,DOGE-USD,41029,65054,,,8644358101.919329
2023-09-11,DOGE-USD,42672,47150,,,8512478806.456254
2023-09-12,DOGE-USD,47235,84006,,,8589173584.094115
2023-09-13,DOGE-USD,42002,58481,,,8636628468.863289
2023-09-14,DOGE-USD,41178,52493,,,8757251393.908922
2023-09-15,DOGE-USD,43838,40972,,,8827408443.69903
2023-09-16,DOGE-USD,40902,31323,,,8759268436.867836
2023-09-17,DOGE-USD,41091,39296,,,8665707944.457405
2023-09-18,DOGE-USD,42933,30322,,,8743359602.009466
2023-09-19,DOGE-USD,44392,37971,,,8844517353.972223
2023-09-20,DOGE-USD,48628,71073,,,8833830758.846558
2023-09-21,DOGE-USD,46549,50571,,,8655358894.933773
2023-09-22,DOGE-USD,44317,80292,,,8681954408.467138
2023-09-23,DOGE-USD,42712,40155,,,8676541246.030878
2023-09-24,DOGE-USD,41632,31266,,,8574495329.413411
2023-09-25,DOGE-USD,41669,26995,,,8595046390.445347
2023-09-26,DOGE-USD,52328,47636,,,8542056836.511392
2023-09-27,DOGE-USD,46908,40894,,,8534169662.599533
2023-09-28,DOGE-USD,50896,42256,,,8680016394.762112
2023-09-29,DOGE-USD,48661,43516,,,8785222160.014982
2023-09-30,DOGE-USD,43874,44053,,,8774177702.949749
2023-10-01,DOGE-USD,45375,51842,,,8926499269.65349
2023-10-02,DOGE-USD,47583,33342,,,8763708133.420229
2023-10-03,DOGE-USD,46469,31341,,,8671368780.933683
2023-10-04,DOGE-USD,46258,32594,,,8690914944.97968
2023-10-05,DOGE-USD,45493,36084,,,8610316623.088736
2023-10-06,DOGE-USD,44739,41355,,,8675817231.021475
2023-10-07,DOGE-USD,46407,36723,,,8685006350.25219
2023-10-08,DOGE-USD,44095,47068,,,8617475291.757887
2023-10-09,DOGE-USD,45090,30453,,,8298613075.375966
2023-10-10,DOGE-USD,53080,27685,,,8348412519.458339
2023-10-11,DOGE-USD,50877,35257,,,8258020758.164702
2023-10-12,DOGE-USD,43961,27644,,,8180558096.707814
2023-10-13,DOGE-USD,44772,28656,,,8250131950.163598
2023-10-14,DOGE-USD,41147,22320,,,8466589142.476722
2023-10-15,DOGE-USD,41450,32303,,,8389571219.121485
2023-10-16,DOGE-USD,44434,30095,,,8498970562.498673
2023-10-17,DOGE-USD,48943,35179,,,8360067642.494224
2023-10-18,DOGE-USD,42275,44260,,,8296649405.657004
2023-10-19,DOGE-USD,42347,31613,,,8323947527.024061
2023-10-20,DOGE-USD,46895,57895,,,8488445351.465619
2023-10-21,DOGE-USD,43522,49459,,,8656030552.427914
2023-10-22,DOGE-USD,44382,34091,,,8720690596.16858
2023-10-23,DOGE-USD,49923,32255,,,9476961133.5023
2023-10-24,DOGE-USD,55402,27974,,,9419858222.050888
2023-10-25,DOGE-USD,49362,26714,,,9684795447.737192
2023-10-26,DOGE-USD,48359,42344,,,10168644363.245588
2023-10-27,DOGE-USD,45951,27141,,,9601132155.263966
2023-10-28,DOGE-USD,42375,23078,,,9766673526.165464
2023-10-29,DOGE-USD,41975,59766,,,9833152634.845512
2023-10-30,DOGE-USD,44831,32263,,,9861225177.926191
2023-10-31,DOGE-USD,46692,26815,,,9646155133.81788
2023-11-01,DOGE-USD,48283,28577,,,9736662077.523268
2023-11-02,DOGE-USD,46291,27025,,,9614091786.208141
2023-11-03,DOGE-USD,44617,29180,,,9649561888.322227
2023-11-04,DOGE-USD,44038,33552,,,9795909538.867496
2023-11-05,DOGE-USD,46404,62862,,,10094627690.884577
2023-11-06,DOGE-USD,51383,104170,,,10780062826.047932
2023-11-07,DOGE-USD,62915,189625,,,10409029743.35033
2023-11-08,DOGE-USD,58955,306464,,,10719110203.974588
2023-11-09,DOGE-USD,59071,129510,,,10365172808.765553
2023-11-10,DOGE-USD,55575,159463,,,10680212650.795572
2023-11-11,DOGE-USD,56560,231648,,,11071144974.536268
2023-11-12,DOGE-USD,105794,262255,,,11046209792.674652
2023-11-13,DOGE-USD,61888,121424,,,10608904643.02266
2023-11-14,DOGE-USD,66599,174590,,,10291676476.681269
2023-11-15,DOGE-USD,71291,204529,,,10809074827.864573
2023-11-16,DOGE-USD,63507,128304,,,11104523093.41779
2023-11-17,DOGE-USD,60159,179260,,,12197699610.37346
2023-11-18,DOGE-USD,65670,358381,,,11387527279.15264
2023-11-19,DOGE-USD,67290,578705,,,11409641237.06388
2023-11-20,DOGE-USD,90097,488289,,,11046217665.34696
2023-11-21,DOGE-USD,69814,468797,,,10251636901.202633
2023-11-22,DOGE-USD,100824,915746,,,10744887780.75163
2023-11-23,DOGE-USD,79356,1070490,,,10816429992.57794
2023-11-24,DOGE-USD,83755,1045937,,,11105966167.086145
2023-11-25,DOGE-USD,107925,1294835,,,11203174248.071976
2023-11-26,DOGE-USD,168162,1702332,,,11139011186.701635
2023-11-27,DOGE-USD,220996,1626173,,,11159228348.157188
2023-11-28,DOGE-USD,134023,1241080,,,11464283639.30914
2023-11-29,DOGE-USD,81108,950845,,,11441402262.311403
2023-11-30,DOGE-USD,108350,895928,,,11839580643.374676
2023-12-01,DOGE-USD,137165,799595,,,11919381220.069883
2023-12-02,DOGE-USD,59982,524498,,,12259048236.31215
2023-12-03,DOGE-USD,81748,1302618,,,12173621388.62405
2023-12-04,DOGE-USD,92724,1456633,,,12996865991.266172
2023-12-05,DOGE-USD,99677,503153,,,13373544353.420834
2023-12-06,DOGE-USD,137218,544994,,,13489480484.585352
2023-12-07,DOGE-USD,108189,874029,,,13586233400.7029
2023-12-08,DOGE-USD,155705,1495218,,,14409309214.944548
2023-12-09,DOGE-USD,129491,1416510,,,14021069732.426447
2023-12-10,DOGE-USD,126349,1220165,,,14467749035.636524
2023-12-11,DOGE-USD,96587,819137,,,13392341498.363022
2023-12-12,DOGE-USD,157519,615120,,,13338471547.85443
2023-12-13,DOGE-USD,110404,736656,,,13729100669.208153
2023-12-14,DOGE-USD,182900,1076930,,,13969592856.403118
2023-12-15,DOGE-USD,147998,1080302,,,13226351744.811808
2023-12-16,DOGE-USD,193568,1289504,,,13744227483.590338
2023-12-17,DOGE-USD,199949,1300829,,,13210017033.786217
2023-12-18,DOGE-USD,182094,1270239,,,13091746033.909271
2023-12-19,DOGE-USD,275599,1305802,,,12827242483.072788
2023-12-20,DOGE-USD,152018,873240,,,12995456090.631754
2023-12-21,DOGE-USD,143822,1085974,,,13522146558.25555
2023-12-22,DOGE-USD,178839,1259491,,,13543912876.685595
2023-12-23,DOGE-USD,166260,1191184,,,13328067536.917545
2023-12-24,DOGE-USD,110114,1095944,,,13078276748.491056
2023-12-25,DOGE-USD,123919,1073410,,,13456136342.855797
2023-12-26,DOGE-USD,99574,861676,,,13003261887.079395
2023-12-27,DOGE-USD,136530,925079,,,13324799566.088013
2023-12-28,DOGE-USD,144036,959593,,,13101725789.774408
2023-12-29,DOGE-USD,64220,741234,,,12940306690.912212
2023-12-30,DOGE-USD,77432,758622,,,12839089034.86188
2023-12-31,DOGE-USD,74970,487810,,,12716020924.815811
2024-01-01,DOGE-USD,117940,593529,,,13101808015.237148
2024-01-02,DOGE-USD,95744,810135,,,12994437580.583908
2024-01-03,DOGE-USD,102435,777438,,,11668934994.468594
2024-01-04,DOGE-USD,96828,935431,,,11989837500.34444
2024-01-05,DOGE-USD,116763,1055319,,,11790338384.753197
2024-01-06,DOGE-USD,102208,1026463,,,11466293180.253736
2024-01-07,DOGE-USD,68525,330457,,,11103067303.331669
2024-01-08,DOGE-USD,55288,112409,,,11603839027.625013
2024-01-09,DOGE-USD,55916,174159,,,11283129292.015152
2024-01-10,DOGE-USD,67985,227357,,,11887668863.985256
2024-01-11,DOGE-USD,79945,175995,,,12058746834.357323
2024-01-12,DOGE-USD,70392,269506,,,11404593744.29636
2024-01-13,DOGE-USD,56575,94208,,,11546044249.596996
2024-01-14,DOGE-USD,56719,90245,,,11418803964.714354
2024-01-15,DOGE-USD,67263,105324,,,11573756117.155556
2024-01-16,DOGE-USD,63362,97824,,,11611254720.705175
2024-01-17,DOGE-USD,66010,121745,,,11463261011.724014
2024-01-18,DOGE-USD,66039,95845,,,11131075994.021862
2024-01-19,DOGE-USD,73214,127178,,,11207904934.325642
2024-01-20,DOGE-USD,65362,90936,,,12598027513.076723
2024-01-21,DOGE-USD,83704,416320,,,12161348332.774124
2024-01-22,DOGE-USD,59752,263667,,,11469403387.932583
2024-01-23,DOGE-USD,58782,451566,,,11146290875.632101
2024-01-24,DOGE-USD,81162,917022,,,11280618009.874176
2024-01-25,DOGE-USD,113674,1058856,,,11123720661.30977
2024-01-26,DOGE-USD,143971,1072030,,,11398468632.86222
2024-01-27,DOGE-USD,76388,657576,,,11445636362.32044
2024-01-28,DOGE-USD,83213,841726,,,11248482797.429193
2024-01-29,DOGE-USD,286949,955220,,,11644224663.588774
2024-01-30,DOGE-USD,212212,1034344,,,11411224325.764374
2024-01-31,DOGE-USD,241963,1329658,,,11249761297.918957
2024-02-01,DOGE-USD,217403,1891058,,,11320499449.482136
2024-02-02,DOGE-USD,564941,1799336,,,11322614593.782845
2024-02-03,DOGE-USD,372828,1580309,,,11250681347.43222
2024-02-04,DOGE-USD,374795,1752432,,,11177979918.200487
2024-02-05,DOGE-USD,253797,1660178,,,11168909946.671637
2024-02-06,DOGE-USD,321833,1724479,,,11225235727.732985
2024-02-07,DOGE-USD,317889,1933601,,,11443387006.989525
2024-02-08,DOGE-USD,318136,1851830,,,11424295529.792433
2024-02-09,DOGE-USD,262864,1893652,,,11662589414.73541
2024-02-10,DOGE-USD,233183,1783093,,,11648099951.850584
2024-02-11,DOGE-USD,184642,1583563,,,11606075516.436253
2024-02-12,DOGE-USD,101660,1309074,,,11765709821.035055
2024-02-13,DOGE-USD,144851,1691899,,,11596108952.542707
2024-02-14,DOGE-USD,91214,1231619,,,12252494340.356983
2024-02-15,DOGE-USD,91941,1127291,,,12213929656.302492
2024-02-16,DOGE-USD,84290,1376375,,,12299134976.135828
2024-02-17,DOGE-USD,91450,1530955,,,11972426233.416292
2024-02-18,DOGE-USD,154065,1612252,,,12200929859.012201
2024-02-19,DOGE-USD,230806,1564131,,,12831465499.472109
2024-02-20,DOGE-USD,165544,1493178,,,12340681894.5309
2024-02-21,DOGE-USD,190903,1601589,,,12104335146.14516
2024-02-22,DOGE-USD,171979,1708151,,,12046816540.893112
2024-02-23,DOGE-USD,187361,1705256,,,12072401156.202148
2024-02-24,DOGE-USD,190643,1819066,,,12334159536.84323
2024-02-25,DOGE-USD,173244,1830109,,,12336473353.90674
2024-02-26,DOGE-USD,184865,1851609,,,12828676887.427326
2024-02-27,DOGE-USD,230698,1730645,,,14080389146.487242
2024-02-28,DOGE-USD,174769,1661581,,,16745639490.976912
2024-02-29,DOGE-USD,195655,1755964,,,16938987215.618813
2024-03-01,DOGE-USD,179439,1872583,,,20096034861.52215
2024-03-02,DOGE-USD,155171,1132321,,,20469076313.90185
2024-03-03,DOGE-USD,172808,1783166,,,22082238584.325897
2024-03-04,DOGE-USD,197617,1979819,,,26137064467.884056
2024-03-05,DOGE-USD,208938,2033990,,,22070736630.3056
2024-03-06,DOGE-USD,209110,2102443,,,22702985316.772083
2024-03-07,DOGE-USD,213072,1908616,,,22508502170.9132
2024-03-08,DOGE-USD,152127,1754706,,,23704469969.569794
2024-03-09,DOGE-USD,148178,1605562,,,25718927514.904926
2024-03-10,DOGE-USD,153745,1798583,,,24249752854.79463
2024-03-11,DOGE-USD,149424,1534028,,,25963891053.91811
2024-03-12,DOGE-USD,141378,1376057,,,24068945387.8564
2024-03-13,DOGE-USD,132305,1097385,,,24272257924.610535
2024-03-14,DOGE-USD,112898,996824,,,25459961647.908207
2024-03-15,DOGE-USD,89666,808989,,,23385811642.52721
2024-03-16,DOGE-USD,106772,891838,,,20329643004.22915
2024-03-17,DOGE-USD,108707,896271,,,22077638625.930225
2024-03-18,DOGE-USD,83026,675118,,,20710853772.256447
2024-03-19,DOGE-USD,79296,300784,,,18429736075.322285
2024-03-20,DOGE-USD,60875,304857,,,21743245771.962612
2024-03-21,DOGE-USD,58936,243742,,,22252389600.18736
2024-03-22,DOGE-USD,58980,349909,,,21844808720.12901
2024-03-23,DOGE-USD,59853,273719,,,23419139095.295753
2024-03-24,DOGE-USD,62832,323142,,,25377687155.26708
2024-03-25,DOGE-USD,68122,328432,,,25223532841.925953
2024-03-26,DOGE-USD,68402,393451,,,26176752370.086506
2024-03-27,DOGE-USD,66086,445360,,,27167044360.363277
2024-03-28,DOGE-USD,89135,653798,,,31566303632.39089
2024-03-29,DOGE-USD,73827,371922,,,30584345370.879417
2024-03-30,DOGE-USD,61350,348104,,,28694708598.235374
2024-03-31,DOGE-USD,66409,313195,,,31641611568.53597
2024-04-01,DOGE-USD,89257,357729,,,29546922810.76532
2024-04-02,DOGE-USD,73333,201537,,,26326235894.404087
2024-04-03,DOGE-USD,60004,144535,,,25288928498.700974
2024-04-04,DOGE-USD,55503,182699,,,25799783850.271652
2024-04-05,DOGE-USD,58631,235843,,,25557739963.281654
2024-04-06,DOGE-USD,55260,270559,,,26764835301.305866
2024-04-07,DOGE-USD,62100,528212,,,28647093307.054745
2024-04-08,DOGE-USD,69797,278400,,,29167834144.932007
2024-04-09,DOGE-USD,59931,272224,,,27085462167.163918
2024-04-10,DOGE-USD,56097,340410,,,28751999157.935562
2024-04-11,DOGE-USD,57587,420269,,,27888185609.287903
2024-04-12,DOGE-USD,60453,296339,,,25074200055.4143
2024-04-13,DOGE-USD,59088,332824,,,22128190257.69037
2024-04-14,DOGE-USD,55394,389326,,,23437396249.416767
2024-04-15,DOGE-USD,60353,552375,,,23253157711.82008
2024-04-16,DOGE-USD,64272,672195,,,22513797282.18666
2024-04-17,DOGE-USD,57734,714080,,,21254460901.695854
2024-04-18,DOGE-USD,66239,624296,,,21900279216.934036
2024-04-19,DOGE-USD,58343,663071,,,22284460520.603065
2024-04-20,DOGE-USD,55787,831076,,,23421675549.000347
2024-04-21,DOGE-USD,53605,667473,,,22782869441.14336
2024-04-22,DOGE-USD,56728,566259,,,23260662351.2312
2024-04-23,DOGE-USD,60928,757136,,,23015369007.48572
2024-04-24,DOGE-USD,57773,618380,,,21752439505.073956
2024-04-25,DOGE-USD,55346,617778,,,21835566601.35761
2024-04-26,DOGE-USD,54959,592766,,,21285455050.753197
2024-04-27,DOGE-USD,52942,641665,,,21281218339.332092
2024-04-28,DOGE-USD,53972,481739,,,21132404422.7026
2024-04-29,DOGE-USD,49912,292289,,,20729793073.386353
2024-04-30,DOGE-USD,54376,179939,,,19190078746.799995
2024-05-01,DOGE-USD,65762,376017,,,18713921123.208
2024-05-02,DOGE-USD,67370,430519,,,19087411146.60517
2024-05-03,DOGE-USD,57225,253895,,,21123098487.362293
2024-05-04,DOGE-USD,53895,324783,,,23084194441.061054
2024-05-05,DOGE-USD,52124,224726,,,23179070851.028828
2024-05-06,DOGE-USD,51632,210249,,,22586913641.39171
2024-05-07,DOGE-USD,64612,234601,,,21674165496.595276
2024-05-08,DOGE-USD,53092,49933,,,20608311575.71914
2024-05-09,DOGE-USD,52345,151166,,,21888139430.583897
2024-05-10,DOGE-USD,53079,430797,,,20777925906.670006
2024-05-11,DOGE-USD,47780,328458,,,20638276216.804558
2024-05-12,DOGE-USD,53278,169083,,,20366685800.34467
2024-05-13,DOGE-USD,56481,136029,,,21425724472.88527
2024-05-14,DOGE-USD,55620,291257,,,20932824916.565735
2024-05-15,DOGE-USD,51536,52966,,,22475499286.35977
2024-05-16,DOGE-USD,55290,297874,,,21600402681.548046
2024-05-17,DOGE-USD,58691,272368,,,22470032564.41489
2024-05-18,DOGE-USD,54788,340624,,,22094253697.75892
2024-05-19,DOGE-USD,54447,281329,,,21505472488.552586
2024-05-20,DOGE-USD,57339,198833,,,23795180609.193783
2024-05-21,DOGE-USD,57755,101338,,,24555169925.11691
2024-05-22,DOGE-USD,54914,67477,,,23945813093.333397
2024-05-23,DOGE-USD,49361,66342,,,23002959916.68152
2024-05-24,DOGE-USD,51188,115853,,,23637135491.462097
2024-05-25,DOGE-USD,50122,73096,,,24864977123.2108
2024-05-26,DOGE-USD,48045,31906,,,24009818497.852783
2024-05-27,DOGE-USD,52770,80592,,,24402518878.694183
2024-05-28,DOGE-USD,47807,39234,,,23861334136.24484
2024-05-29,DOGE-USD,56766,69041,,,23684788263.427784
2024-05-30,DOGE-USD,49244,29035,,,23054371651.096012
2024-05-31,DOGE-USD,52553,77014,,,22961673643.202534
2024-06-01,DOGE-USD,47111,47583,,,23150238243.334
2024-06-02,DOGE-USD,52615,39152,,,22707221036.038223
2024-06-03,DOGE-USD,53123,78496,,,22881803055.212383
2024-06-04,DOGE-USD,51072,56148,,,23331314254.605858
2024-06-05,DOGE-USD,51451,113647,,,23601897710.26093
2024-06-06,DOGE-USD,49432,107016,,,23174963546.331585
2024-06-07,DOGE-USD,50631,109604,,,21427664671.165573
2024-06-08,DOGE-USD,46121,95057,,,21099165873.020206
2024-06-09,DOGE-USD,44382,74106,,,21234812240.768448
2024-06-10,DOGE-USD,46633,94619,,,20931129687.34452
2024-06-11,DOGE-USD,50536,84602,,,19985735065.20366
2024-06-12,DOGE-USD,50259,294221,,,21111760480.45539
2024-06-13,DOGE-USD,50874,324179,,,20426223086.33195
2024-06-14,DOGE-USD,46820,89427,,,19519260094.41787
2024-06-15,DOGE-USD,47788,173022,,,19776702847.837494
2024-06-16,DOGE-USD,43924,93879,,,19818297380.917576
2024-06-17,DOGE-USD,46082,132147,,,18680431093.90152
2024-06-18,DOGE-USD,50628,206949,,,17662973346.892654
2024-06-19,DOGE-USD,47325,211642,,,17695429743.417427
2024-06-20,DOGE-USD,60821,811717,,,18013868017.726402
2024-06-21,DOGE-USD,47189,168718,,,17958591798.977234
2024-06-22,DOGE-USD,46031,379449,,,17933657893.867355
2024-06-23,DOGE-USD,42878,196061,,,17711332210.396473
2024-06-24,DOGE-USD,46094,258079,,,17216347985.951477
2024-06-25,DOGE-USD,44422,138459,,,18233488839.82828
2024-06-26,DOGE-USD,44727,46201,,,17778836113.57242
2024-06-27,DOGE-USD,52413,337107,,,18381852853.18775
2024-06-28,DOGE-USD,44682,163011,,,17799980685.83175
2024-06-29,DOGE-USD,46006,123066,,,17632066506.67093
2024-06-30,DOGE-USD,50330,352274,,,18038069590.86613
2024-07-01,DOGE-USD,54224,824030,,,17885803317.952705
2024-07-02,DOGE-USD,49644,531394,,,18111307558.241295
2024-07-03,DOGE-USD,47131,394545,,,17159690030.632236
2024-07-04,DOGE-USD,43854,89338,,,15281889740.865784
2024-07-05,DOGE-USD,53224,153156,,,15340474056.023603
2024-07-06,DOGE-USD,44736,203662,,,16454818584.670769
2024-07-07,DOGE-USD,44349,204171,,,15157512566.76218
2024-07-08,DOGE-USD,44350,53860,,,15610616905.13327
2024-07-09,DOGE-USD,41362,51118,,,15583200605.016066
2024-07-10,DOGE-USD,42794,196419,,,15650120943.854824
2024-07-11,DOGE-USD,41412,48387,,,15454916045.28632
2024-07-12,DOGE-USD,45337,61381,,,15599611210.701817
2024-07-13,DOGE-USD,39907,54806,,,16302155617.810171
2024-07-14,DOGE-USD,42008,51723,,,16813082395.78734
2024-07-15,DOGE-USD,42029,46109,,,18127560764.83042
2024-07-16,DOGE-USD,43086,39733,,,18123575857.018826
2024-07-17,DOGE-USD,42846,47124,,,17709067113.78396
2024-07-18,DOGE-USD,42213,45147,,,17363584102.07805
2024-07-19,DOGE-USD,43851,51204,,,18236019279.6362
2024-07-20,DOGE-USD,40400,62542,,,19507256009.11389
2024-07-21,DOGE-USD,45444,47656,,,20356078409.575607
2024-07-22,DOGE-USD,43902,44136,,,20021804907.103527
2024-07-23,DOGE-USD,40649,65253,,,18924398122.749035
2024-07-24,DOGE-USD,44177,117335,,,18548167296.63374
2024-07-25,DOGE-USD,42762,36705,,,18172983625.109146
2024-07-26,DOGE-USD,42327,94055,,,19530547666.17844
2024-07-27,DOGE-USD,42811,194956,,,19175682076.374184
2024-07-28,DOGE-USD,42961,197062,,,18850790870.196903
2024-07-29,DOGE-USD,44393,98138,,,18684411672.0814
2024-07-30,DOGE-USD,41848,134341,,,18241758165.512363
2024-07-31,DOGE-USD,45865,282941,,,17740314053.014385
2024-08-01,DOGE-USD,46602,112098,,,17304730767.633385
2024-08-02,DOGE-USD,45498,64594,,,16190035499.664549
2024-08-03,DOGE-USD,41634,59222,,,15716069558.240953
2024-08-04,DOGE-USD,40291,75573,,,15126850306.63747
2024-08-05,DOGE-USD,51094,88683,,,13805622587.568476
2024-08-06,DOGE-USD,44626,100600,,,14008945008.57336
2024-08-07,DOGE-USD,46241,198703,,,13916617860.082548
2024-08-08,DOGE-USD,46711,191139,,,15576808085.9407
2024-08-09,DOGE-USD,42635,89986,,,15075145374.15674
2024-08-10,DOGE-USD,40992,104701,,,15289716239.532572
2024-08-11,DOGE-USD,42244,84553,,,14639716105.51418
2024-08-12,DOGE-USD,42497,39417,,,15702119663.806929
2024-08-13,DOGE-USD,46232,59607,,,15482297499.256245
2024-08-14,DOGE-USD,41430,43690,,,14939139414.764109
2024-08-15,DOGE-USD,41831,42875,,,14598658223.055767
2024-08-16,DOGE-USD,55294,79955,,,14607997627.890598
2024-08-17,DOGE-USD,43711,71732,,,14954503810.271215
2024-08-18,DOGE-USD,41789,78023,,,14636206235.397923
2024-08-19,DOGE-USD,40192,57050,,,14724328633.664335
2024-08-20,DOGE-USD,41579,99683,,,15026451866.779491
2024-08-21,DOGE-USD,40278,27061,,,15453655285.608967
2024-08-22,DOGE-USD,41816,125354,,,15341036221.33696
2024-08-23,DOGE-USD,42159,256953,,,16483688480.826384
2024-08-24,DOGE-USD,43560,260736,,,16365769467.625723
2024-08-25,DOGE-USD,43790,141837,,,16049371222.813284
2024-08-26,DOGE-USD,45948,107838,,,15356199941.846088
2024-08-27,DOGE-USD,46392,101263,,,14426803182.239313
2024-08-28,DOGE-USD,43436,68481,,,14520837852.193323
2024-08-29,DOGE-USD,46035,79699,,,14620469133.2134
2024-08-30,DOGE-USD,51129,54988,,,14815723458.068527
2024-08-31,DOGE-USD,41185,42431,,,14762830072.4519
2024-09-01,DOGE-USD,46014,59963,,,13903144365.700924
2024-09-02,DOGE-USD,43750,68818,,,14452261828.958069
2024-09-03,DOGE-USD,42413,121971,,,14137181115.380707
2024-09-04,DOGE-USD,44145,87032,,,14309116764.762472
2024-09-05,DOGE-USD,41656,64325,,,14343688902.02761
2024-09-06,DOGE-USD,48503,59204,,,13463555067.004858
2024-09-07,DOGE-USD,41474,73189,,,13864713808.468338
2024-09-08,DOGE-USD,41933,106881,,,14016379741.868042
2024-09-09,DOGE-USD,45165,152872,,,15153243823.986225
2024-09-10,DOGE-USD,44093,142926,,,14997173099.592028
2024-09-11,DOGE-USD,39496,181727,,,14794617329.368616
2024-09-12,DOGE-USD,45260,179041,,,15007821355.244154
2024-09-13,DOGE-USD,50457,460004,,,15594198052.296907
2024-09-14,DOGE-USD,50001,455736,,,15393129609.267977
2024-09-15,DOGE-USD,44598,347737,,,15017569827.922512
2024-09-16,DOGE-USD,42945,182977,,,14548531661.506752
2024-09-17,DOGE-USD,54405,231908,,,14743480773.004429
2024-09-18,DOGE-USD,42887,144843,,,15063420857.596048
2024-09-19,DOGE-USD,45873,108042,,,15359885518.890285
2024-09-20,DOGE-USD,45661,232035,,,15390542903.825544
2024-09-21,DOGE-USD,43035,189890,,,16069825104.806587
2024-09-22,DOGE-USD,42049,90011,,,15523949553.23212
2024-09-23,DOGE-USD,42212,75003,,,15793870017.207434
2024-09-24,DOGE-USD,45241,55639,,,16028100403.80694
2024-09-25,DOGE-USD,43521,79454,,,15838363769.213009
2024-09-26,DOGE-USD,55057,151809,,,17226177307.37092
2024-09-27,DOGE-USD,53937,71752,,,18092449043.28217
2024-09-28,DOGE-USD,50124,114338,,,18755493409.12668
2024-09-29,DOGE-USD,51531,224819,,,18248919200.18565
2024-09-30,DOGE-USD,57848,502958,,,16710582025.702513
2024-10-01,DOGE-USD,81689,569493,,,15631638340.867195
2024-10-02,DOGE-USD,54305,257789,,,15334372843.374315
2024-10-03,DOGE-USD,44678,100923,,,15367060434.1813
2024-10-04,DOGE-USD,42292,65182,,,15948318993.923603
2024-10-05,DOGE-USD,40555,53078,,,16008219044.205605
2024-10-06,DOGE-USD,42484,66701,,,16303939435.182331
2024-10-07,DOGE-USD,51412,552618,,,15991891141.336494
2024-10-08,DOGE-USD,47397,123156,,,15636679725.180733
2024-10-09,DOGE-USD,47350,70078,,,15776403037.923216
2024-10-10,DOGE-USD,133884,171785,,,15503517469.77199
2024-10-11,DOGE-USD,59086,61632,,,16217276200.428867
2024-10-12,DOGE-USD,48374,48371,,,16298278148.698088
2024-10-13,DOGE-USD,53771,49507,,,16280118001.000929
2024-10-14,DOGE-USD,46968,61654,,,17083956797.818888
2024-10-15,DOGE-USD,46389,76724,,,17111844613.189108
2024-10-16,DOGE-USD,50045,64804,,,18436079195.17463
2024-10-17,DOGE-USD,46828,83222,,,18888785465.684887
2024-10-18,DOGE-USD,55303,252669,,,20127764918.922153
2024-10-19,DOGE-USD,48586,99694,,,21186510668.610893
2024-10-20,DOGE-USD,47665,189303,,,20834932916.013226
2024-10-21,DOGE-USD,57555,130251,,,21055402134.034313
2024-10-22,DOGE-USD,45959,87092,,,20467809277.164536
2024-10-23,DOGE-USD,46208,100229,,,20444425580.062572
2024-10-24,DOGE-USD,50443,110428,,,20827374653.356293
2024-10-25,DOGE-USD,46137,183162,,,19095927131.021
2024-10-26,DOGE-USD,44550,337680,,,20129534763.942726
2024-10-27,DOGE-USD,46059,365063,,,21176846015.950768
2024-10-28,DOGE-USD,85989,902705,,,23607976534.21541
2024-10-29,DOGE-USD,94008,965690,,,25737127099.073956
2024-10-30,DOGE-USD,74368,962643,,,24722042372.332397
2024-10-31,DOGE-USD,67769,900878,,,23707047656.56876
2024-11-01,DOGE-USD,64742,860889,,,23325679932.942165
2024-11-02,DOGE-USD,65830,657562,,,23246360688.591003
2024-11-03,DOGE-USD,71942,774581,,,22207577814.264004
2024-11-04,DOGE-USD,81578,859417,,,23122745584.07285
2024-11-05,DOGE-USD,74048,866710,,,25066685023.208088
2024-11-06,DOGE-USD,95395,668185,,,28894743872.496407
2024-11-07,DOGE-USD,70206,672530,,,28281326357.459587
2024-11-08,DOGE-USD,70915,650023,,,29659632765.95884
2024-11-09,DOGE-USD,59469,677018,,,32042740688.35152
2024-11-10,DOGE-USD,99780,765787,,,40530415728.216576
2024-11-11,DOGE-USD,115169,855400,,,50551250708.36192
2024-11-12,DOGE-USD,154980,712460,,,56511031803.30113
2024-11-13,DOGE-USD,133528,925541,,,58633166354.99022
2024-11-14,DOGE-USD,106945,1117425,,,52968745811.42646
2024-11-15,DOGE-USD,86729,1095174,,,55721973315.62997
2024-11-16,DOGE-USD,870961,1293585,,,53341916108.493515
2024-11-17,DOGE-USD,939956,1452731,,,53593008472.74999
2024-11-18,DOGE-USD,358419,1171408,,,54513407338.76287
2024-11-19,DOGE-USD,1110906,1178237,,,57327347666.89253
2024-11-20,DOGE-USD,1186905,1279688,,,55654487568.12615
2024-11-21,DOGE-USD,1582572,1407835,,,56877284335.53017
2024-11-22,DOGE-USD,1649440,1439652,,,60446144192.43964
2024-11-23,DOGE-USD,1477757,1462624,,,63304642847.8643
2024-11-24,DOGE-USD,613503,898547,,,63314538184.09005
2024-11-25,DOGE-USD,83375,115079,,,57839693633.891136
2024-11-26,DOGE-USD,81860,66447,,,56523861639.71095
2024-11-27,DOGE-USD,82746,131906,,,59083021556.75286
2024-11-28,DOGE-USD,122848,297423,,,59165694620.45646
2024-11-29,DOGE-USD,108464,121680,,,62569029661.277695
2024-11-30,DOGE-USD,92386,112158,,,62085044285.59802
2024-12-01,DOGE-USD,77673,85729,,,65063726795.12984
2024-12-02,DOGE-USD,162824,287250,,,62339784908.23416
2024-12-03,DOGE-USD,239634,339446,,,60128662832.28131
2024-12-04,DOGE-USD,89442,230563,,,62817388805.05435
2024-12-05,DOGE-USD,95764,226545,,,63042592789.337585
2024-12-06,DOGE-USD,127517,253389,,,64075664444.88066
2024-12-07,DOGE-USD,127601,236578,,,66894357883.966896
2024-12-08,DOGE-USD,132254,302227,,,68473235555.81878
2024-12-09,DOGE-USD,117908,261089,,,60968781651.02074
2024-12-10,DOGE-USD,87840,113672,,,58032697621.34465
2024-12-11,DOGE-USD,76549,84636,,,61147763292.77399
2024-12-12,DOGE-USD,75610,111777,,,59749416215.96396
2024-12-13,DOGE-USD,81434,144717,,,59927703632.04473
2024-12-14,DOGE-USD,70943,74542,,,58606254044.41356
2024-12-15,DOGE-USD,71697,82130,,,59913600197.462845
2024-12-16,DOGE-USD,77219,168449,,,59152831933.67525
2024-12-17,DOGE-USD,75339,87808,,,57993688304.71161
2024-12-18,DOGE-USD,79600,135114,,,52798117236.7915
2024-12-19,DOGE-USD,75720,62504,,,46566310583.8793
2024-12-20,DOGE-USD,83264,46226,,,46811375611.5538
2024-12-21,DOGE-USD,120666,91756,,,47192243543.1681
2024-12-22,DOGE-USD,68065,35728,,,46012264405.654655
2024-12-23,DOGE-USD,78898,38035,,,47743629402.67736
2024-12-24,DOGE-USD,70867,35910,,,49640332928.24396
2024-12-25,DOGE-USD,68461,37314,,,49240658280.09389
2024-12-26,DOGE-USD,79813,54933,,,45921221033.11485
2024-12-27,DOGE-USD,78549,39119,,,45802188629.41173
2024-12-28,DOGE-USD,68956,33160,,,47729301607.20778
2024-12-29,DOGE-USD,70757,34588,,,46266116406.699585
2024-12-30,DOGE-USD,75900,38639,,,46133144847.58124
2024-12-31,DOGE-USD,79190,38375,,,46524982140.420265
2020-01-01,ETH-USD,231794,466526,,,14179620092.767393
2020-01-02,ETH-USD,220624,505639,,,13828388490.167164
2020-01-03,ETH-USD,255934,581641,,,14601654728.57378
2020-01-04,ETH-USD,240546,559074,,,14630731356.00661
2020-01-05,ETH-USD,229160,524664,,,14734260130.10799
2020-01-06,ETH-USD,274755,626525,,,15719385892.405428
2020-01-07,ETH-USD,276248,646478,,,15640564381.287214
2020-01-08,ETH-USD,283219,653831,,,15383007551.432592
2020-01-09,ETH-USD,282797,621399,,,15013734414.706257
2020-01-10,ETH-USD,329508,605095,,,15705453489.292524
2020-01-11,ETH-USD,281332,549612,,,15604367250.221785
2020-01-12,ETH-USD,231191,523951,,,15890489273.65794
2020-01-13,ETH-USD,260729,565389,,,15724539631.084574
2020-01-14,ETH-USD,311555,671748,,,18145716456.78076
2020-01-15,ETH-USD,321562,698399,,,18126744829.567413
2020-01-16,ETH-USD,305282,693649,,,17932157511.732624
2020-01-17,ETH-USD,294423,676556,,,18697635815.30458
2020-01-18,ETH-USD,289993,628211,,,19141735600.579765
2020-01-19,ETH-USD,268612,615368,,,18238394007.82493
2020-01-20,ETH-USD,257251,599266,,,18255488041.10313
2020-01-21,ETH-USD,287163,558962,,,18503243947.087048
2020-01-22,ETH-USD,271578,513767,,,18327614940.09993
2020-01-23,ETH-USD,257068,552533,,,17740382342.288216
2020-01-24,ETH-USD,209083,497135,,,17752547988.532677
2020-01-25,ETH-USD,208109,435515,,,17565862413.048676
2020-01-26,ETH-USD,194392,428839,,,18294489564.767445
2020-01-27,ETH-USD,238028,476541,,,18600541811.186176
2020-01-28,ETH-USD,230718,526284,,,19187626398.41891
2020-01-29,ETH-USD,230599,551529,,,19124399288.890095
2020-01-30,ETH-USD,242946,566052,,,20175746449.484154
2020-01-31,ETH-USD,234054,583358,,,19730021909.85703
2020-02-01,ETH-USD,231516,545761,,,20104716996.24208
2020-02-02,ETH-USD,234423,530094,,,20636907529.14335
2020-02-03,ETH-USD,276784,621191,,,20742848491.302387
2020-02-04,ETH-USD,233452,524476,,,20628773379.01513
2020-02-05,ETH-USD,273508,610780,,,22477575741.625282
2020-02-06,ETH-USD,285946,606505,,,23326944443.524506
2020-02-07,ETH-USD,284491,626252,,,24427403242.339603
2020-02-08,ETH-USD,345426,661649,,,24552143773.297558
2020-02-09,ETH-USD,302335,628631,,,25047843469.981987
2020-02-10,ETH-USD,316498,668760,,,24576508891.60491
2020-02-11,ETH-USD,317953,709280,,,26061071165.197838
2020-02-12,ETH-USD,393036,798162,,,29244885010.20703
2020-02-13,ETH-USD,373243,764763,,,29390078107.759808
2020-02-14,ETH-USD,322936,771827,,,31246702917.382538
2020-02-15,ETH-USD,343022,699151,,,29078546533.67497
2020-02-16,ETH-USD,336916,661490,,,28653671392.276054
2020-02-17,ETH-USD,332194,695366,,,29258562974.67958
2020-02-18,ETH-USD,343606,733983,,,31123321279.546146
2020-02-19,ETH-USD,332251,695837,,,28658741206.7448
2020-02-20,ETH-USD,316659,689600,,,28393811401.650593
2020-02-21,ETH-USD,322730,670542,,,29196379780.25976
2020-02-22,ETH-USD,314161,605859,,,28744732199.395187
2020-02-23,ETH-USD,310961,606290,,,30199786831.50188
2020-02-24,ETH-USD,319585,687702,,,29037843709.679016
2020-02-25,ETH-USD,307754,670257,,,27302449384.51156
2020-02-26,ETH-USD,368261,704929,,,24797542423.395813
2020-02-27,ETH-USD,366741,714482,,,24876694797.23129
2020-02-28,ETH-USD,386851,688694,,,25129789100.14603
2020-02-29,ETH-USD,293696,620465,,,24190816862.736404
2020-03-01,ETH-USD,321061,628500,,,24031269874.71296
2020-03-02,ETH-USD,331709,681477,,,25416268973.97955
2020-03-03,ETH-USD,334835,661419,,,24659542481.006813
2020-03-04,ETH-USD,313112,663966,,,24648595462.27335
2020-03-05,ETH-USD,320575,720114,,,25053847968.827595
2020-03-06,ETH-USD,331490,676799,,,26873626775.295128
2020-03-07,ETH-USD,289779,630992,,,26187209697.394268
2020-03-08,ETH-USD,326707,662565,,,22307571242.412064
2020-03-09,ETH-USD,382701,784085,,,22022599885.449703
2020-03-10,ETH-USD,326143,760588,,,22102362849.455322
2020-03-11,ETH-USD,348052,713065,,,21377073264.562374
2020-03-12,ETH-USD,408227,760781,,,12143917957.32524
2020-03-13,ETH-USD,398976,847947,,,14834953541.2623
2020-03-14,ETH-USD,460071,681830,,,13440544621.385303
2020-03-15,ETH-USD,437327,657653,,,13626823852.18846
2020-03-16,ETH-USD,472866,784094,,,12152205580.219328
2020-03-17,ETH-USD,444516,763100,,,12972529568.537884
2020-03-18,ETH-USD,434102,768437,,,12963115619.260393
2020-03-19,ETH-USD,464746,864017,,,15132153196.177143
2020-03-20,ETH-USD,497117,822158,,,14492205427.995089
2020-03-21,ETH-USD,536497,857503,,,14601932583.723627
2020-03-22,ETH-USD,378553,746195,,,13493983692.643108
2020-03-23,ETH-USD,425569,801238,,,14944830431.968407
2020-03-24,ETH-USD,387085,791900,,,15368322349.051311
2020-03-25,ETH-USD,380010,765389,,,15004282174.555592
2020-03-26,ETH-USD,410784,772649,,,15283190455.12891
2020-03-27,ETH-USD,393140,748776,,,14741811153.46212
2020-03-28,ETH-USD,375565,667726,,,14450937018.933996
2020-03-29,ETH-USD,317430,607984,,,13807576535.211773
2020-03-30,ETH-USD,343106,724004,,,14661311186.60574
2020-03-31,ETH-USD,353106,731749,,,14729956063.918934
2020-04-01,ETH-USD,332003,683007,,,14990731879.195835
2020-04-02,ETH-USD,339805,720554,,,15577136434.209616
2020-04-03,ETH-USD,326579,722688,,,15642576937.08485
2020-04-04,ETH-USD,324063,625952,,,15932500517.37965
2020-04-05,ETH-USD,309080,614001,,,15783917713.794403
2020-04-06,ETH-USD,388114,771300,,,18726897716.95484
2020-04-07,ETH-USD,365110,783472,,,18133769083.249733
2020-04-08,ETH-USD,418777,830223,,,19138519729.723568
2020-04-09,ETH-USD,382622,727502,,,18808287211.1698
2020-04-10,ETH-USD,375908,745643,,,17404051136.51764
2020-04-11,ETH-USD,387083,680523,,,17503514314.254234
2020-04-12,ETH-USD,365161,678530,,,17750727980.30329
2020-04-13,ETH-USD,379831,744306,,,17371602605.4023
2020-04-14,ETH-USD,384356,813972,,,17573510966.651707
2020-04-15,ETH-USD,365728,792152,,,16906396014.25808
2020-04-16,ETH-USD,366904,790334,,,19121580177.10892
2020-04-17,ETH-USD,383745,785639,,,19042305466.55036
2020-04-18,ETH-USD,407052,783111,,,20800266031.23806
2020-04-19,ETH-USD,376420,741675,,,20042136926.75024
2020-04-20,ETH-USD,385538,828885,,,18914582017.707367
2020-04-21,ETH-USD,370990,812963,,,18969498940.65626
2020-04-22,ETH-USD,368604,790519,,,20199023449.970802
2020-04-23,ETH-USD,411521,826397,,,20540584547.352047
2020-04-24,ETH-USD,390131,846807,,,20761718894.213684
2020-04-25,ETH-USD,385113,792299,,,21446374558.995598
2020-04-26,ETH-USD,397095,801949,,,21811751086.7178
2020-04-27,ETH-USD,390226,841193,,,21759449585.14317
2020-04-28,ETH-USD,403593,838453,,,21861836532.28113
2020-04-29,ETH-USD,426288,897881,,,23848478278.67052
2020-04-30,ETH-USD,416722,899459,,,22910234921.280575
2020-05-01,ETH-USD,403318,827138,,,23558639806.923473
2020-05-02,ETH-USD,397884,765990,,,23718858206.87904
2020-05-03,ETH-USD,400536,789689,,,23273846688.819386
2020-05-04,ETH-USD,362240,774035,,,22930096291.00035
2020-05-05,ETH-USD,365620,785518,,,22702822334.845985
2020-05-06,ETH-USD,383615,833506,,,22467386684.71912
2020-05-07,ETH-USD,400810,877129,,,23606747651.087746
2020-05-08,ETH-USD,406408,887756,,,23545623499.531296
2020-05-09,ETH-USD,411314,894382,,,23366876239.73545
2020-05-10,ETH-USD,413692,879153,,,20793867006.477623
2020-05-11,ETH-USD,413435,887554,,,20593814372.683823
2020-05-12,ETH-USD,376965,880678,,,21051379335.268085
2020-05-13,ETH-USD,365096,856962,,,22176401180.506126
2020-05-14,ETH-USD,363123,820300,,,22577916785.992706
2020-05-15,ETH-USD,377160,888691,,,21647546818.092182
2020-05-16,ETH-USD,374266,875030,,,22282398179.71225
2020-05-17,ETH-USD,374952,808464,,,22979026769.82925
2020-05-18,ETH-USD,380741,857645,,,23833700453.199657
2020-05-19,ETH-USD,398308,848038,,,23733631010.964664
2020-05-20,ETH-USD,385038,855377,,,23290759062.77665
2020-05-21,ETH-USD,399018,867704,,,22084862175.414524
2020-05-22,ETH-USD,412238,916282,,,22992079534.793877
2020-05-23,ETH-USD,402293,868425,,,22977451317.36099
2020-05-24,ETH-USD,366123,825755,,,22477139536.03457
2020-05-25,ETH-USD,383360,875607,,,22692687074.577934
2020-05-26,ETH-USD,398558,916975,,,22314236110.47335
2020-05-27,ETH-USD,374181,896217,,,23054442573.739304
2020-05-28,ETH-USD,405005,907265,,,24377420748.07392
2020-05-29,ETH-USD,446558,949269,,,24536687659.563843
2020-05-30,ETH-USD,419608,881950,,,27072481305.85333
2020-05-31,ETH-USD,410575,850103,,,25727611146.412975
2020-06-01,ETH-USD,417798,929874,,,27690866057.44388
2020-06-02,ETH-USD,458079,980902,,,26371655363.982544
2020-06-03,ETH-USD,417615,898364,,,27125980068.894104
2020-06-04,ETH-USD,463567,930407,,,27097433830.209576
2020-06-05,ETH-USD,561563,901995,,,26729853920.715485
2020-06-06,ETH-USD,452815,946196,,,26922981130.210777
2020-06-07,ETH-USD,395012,943786,,,27189398546.255077
2020-06-08,ETH-USD,439530,966206,,,27368926535.451946
2020-06-09,ETH-USD,435346,923075,,,27189553095.85052
2020-06-10,ETH-USD,401804,939890,,,27568884901.47907
2020-06-11,ETH-USD,409119,925331,,,25702177728.215214
2020-06-12,ETH-USD,447397,889318,,,26402014078.51056
2020-06-13,ETH-USD,442706,833267,,,26508567845.762653
2020-06-14,ETH-USD,411251,785017,,,25848929526.937183
2020-06-15,ETH-USD,441200,912281,,,25747471930.102787
2020-06-16,ETH-USD,428801,904928,,,26189299288.675434
2020-06-17,ETH-USD,395656,879736,,,26031090456.442287
2020-06-18,ETH-USD,469137,913845,,,25771716738.818497
2020-06-19,ETH-USD,456847,945942,,,25490449737.95731
2020-06-20,ETH-USD,495418,941415,,,25509347515.66007
2020-06-21,ETH-USD,469431,987058,,,25363050533.111645
2020-06-22,ETH-USD,446833,1092083,,,27109581716.750183
2020-06-23,ETH-USD,488474,1119442,,,27079509865.171055
2020-06-24,ETH-USD,485009,1070862,,,26180061369.118805
2020-06-25,ETH-USD,497757,1041742,,,25915394279.94472
2020-06-26,ETH-USD,503140,1017505,,,25614425361.386284
2020-06-27,ETH-USD,488249,1017138,,,24614343963.77607
2020-06-28,ETH-USD,512464,997731,,,25034993920.44724
2020-06-29,ETH-USD,544440,1056189,,,25437055978.84172
2020-06-30,ETH-USD,511173,1111318,,,25183841813.709934
2020-07-01,ETH-USD,503129,1044438,,,25792038110.110703
2020-07-02,ETH-USD,541706,1039119,,,25299190857.40116
2020-07-03,ETH-USD,505502,1022098,,,25123416136.05985
2020-07-04,ETH-USD,529832,946287,,,25546997596.95716
2020-07-05,ETH-USD,563037,880075,,,25416258980.710518
2020-07-06,ETH-USD,520949,1020012,,,26927972853.36435
2020-07-07,ETH-USD,547398,1064506,,,26689447482.56308
2020-07-08,ETH-USD,514234,1092210,,,27567241571.1469
2020-07-09,ETH-USD,510551,1070343,,,26990662346.436623
2020-07-10,ETH-USD,504988,1034806,,,26924876120.168304
2020-07-11,ETH-USD,568635,982930,,,26735288582.569897
2020-07-12,ETH-USD,566647,997960,,,26962311536.63741
2020-07-13,ETH-USD,528474,1151834,,,26743992425.653606
2020-07-14,ETH-USD,519047,1098661,,,26893914229.04456
2020-07-15,ETH-USD,520020,1111360,,,26644882052.350346
2020-07-16,ETH-USD,446665,1068620,,,26107970752.128174
2020-07-17,ETH-USD,474068,1078101,,,26032399059.771187
2020-07-18,ETH-USD,446411,1071509,,,26378254394.846996
2020-07-19,ETH-USD,461740,1082448,,,26767061818.921368
2020-07-20,ETH-USD,477316,1143700,,,26435139785.618675
2020-07-21,ETH-USD,439255,1120095,,,27432666168.368713
2020-07-22,ETH-USD,469922,1138040,,,29555758887.696392
2020-07-23,ETH-USD,490259,1147143,,,30792866273.720684
2020-07-24,ETH-USD,487179,1146282,,,31320722610.566647
2020-07-25,ETH-USD,509434,1175506,,,34177582482.03387
2020-07-26,ETH-USD,518269,1137893,,,34812771346.532646
2020-07-27,ETH-USD,550501,1261456,,,36181952861.89258
2020-07-28,ETH-USD,595098,1222353,,,35602169877.13608
2020-07-29,ETH-USD,522641,1163851,,,35607672741.755
2020-07-30,ETH-USD,520204,1164479,,,37620638891.912415
2020-07-31,ETH-USD,549742,1218838,,,38769324646.44138
2020-08-01,ETH-USD,561652,1171566,,,43366955915.68128
2020-08-02,ETH-USD,624503,1125886,,,41691372173.2452
2020-08-03,ETH-USD,574214,1176793,,,43187296587.70037
2020-08-04,ETH-USD,593325,1164208,,,43772364123.66641
2020-08-05,ETH-USD,609752,1182699,,,44891355573.783356
2020-08-06,ETH-USD,580876,1215885,,,44156591358.494415
2020-08-07,ETH-USD,528137,1249695,,,42630189303.433235
2020-08-08,ETH-USD,531429,1182406,,,43983933679.79014
2020-08-09,ETH-USD,492442,1229151,,,43633107486.70879
2020-08-10,ETH-USD,498832,1289980,,,44336365679.60971
2020-08-11,ETH-USD,471926,1254244,,,42514230903.73248
2020-08-12,ETH-USD,438789,1229214,,,43427532505.38049
2020-08-13,ETH-USD,485347,1209139,,,47649376741.71351
2020-08-14,ETH-USD,519261,1201546,,,49144669695.507324
2020-08-15,ETH-USD,599255,1107833,,,48537169375.48736
2020-08-16,ETH-USD,548520,1152369,,,48580086006.437325
2020-08-17,ETH-USD,525698,1181976,,,48574926932.84639
2020-08-18,ETH-USD,465761,1229256,,,47515172268.72815
2020-08-19,ETH-USD,474096,1216891,,,45672533761.56989
2020-08-20,ETH-USD,465935,1182994,,,46731165712.84255
2020-08-21,ETH-USD,491572,1256752,,,43478608746.690445
2020-08-22,ETH-USD,553364,1102479,,,44457618324.740654
2020-08-23,ETH-USD,580967,1122524,,,44017778355.39701
2020-08-24,ETH-USD,488056,1162182,,,45915066246.16836
2020-08-25,ETH-USD,507718,1138199,,,43091225867.22749
2020-08-26,ETH-USD,514309,1166218,,,43404201326.91915
2020-08-27,ETH-USD,536809,1136576,,,42960602783.62168
2020-08-28,ETH-USD,508615,1131912,,,44391895465.6506
2020-08-29,ETH-USD,452427,1130992,,,44996121010.33788
2020-08-30,ETH-USD,388718,1142415,,,48129499622.5268
2020-08-31,ETH-USD,410572,1235856,,,49022839168.051285
2020-09-01,ETH-USD,432937,1245701,,,54049626232.947586
2020-09-02,ETH-USD,403519,1181212,,,49610772982.301346
2020-09-03,ETH-USD,408643,1149636,,,43131280398.8616
2020-09-04,ETH-USD,473841,1141207,,,43488229604.48574
2020-09-05,ETH-USD,401502,1040906,,,37278944501.74332
2020-09-06,ETH-USD,542253,1026667,,,39736730665.164696
2020-09-07,ETH-USD,469447,1051480,,,39694172820.955574
2020-09-08,ETH-USD,519031,1026700,,,37888484829.27637
2020-09-09,ETH-USD,405626,1052603,,,39619068728.766014
2020-09-10,ETH-USD,364825,1120964,,,41348916471.333374
2020-09-11,ETH-USD,355438,1074413,,,42095259300.93512
2020-09-12,ETH-USD,402902,1034584,,,43479345004.14432
2020-09-13,ETH-USD,417497,1042047,,,41168100878.04465
2020-09-14,ETH-USD,384069,1079688,,,42317036024.73273
2020-09-15,ETH-USD,407614,1089837,,,40986000227.876686
2020-09-16,ETH-USD,390534,1035013,,,41146947103.163666
2020-09-17,ETH-USD,498388,1406016,,,43869451052.194885
2020-09-18,ETH-USD,478504,1244808,,,43065296801.33962
2020-09-19,ETH-USD,480127,1090001,,,43406819674.85391
2020-09-20,ETH-USD,464897,1095309,,,41830036917.45872
2020-09-21,ETH-USD,484834,1133662,,,38594926759.75053
2020-09-22,ETH-USD,430354,1081497,,,38717574918.72729
2020-09-23,ETH-USD,453652,1084100,,,36139108531.71362
2020-09-24,ETH-USD,486348,1087537,,,39362832187.22951
2020-09-25,ETH-USD,453864,1034790,,,39657310393.418755
2020-09-26,ETH-USD,489912,984559,,,39987598879.06345
2020-09-27,ETH-USD,487071,966479,,,40163831868.403694
2020-09-28,ETH-USD,432792,1080187,,,40093894095.62001
2020-09-29,ETH-USD,426935,1088234,,,40577084095.88679
2020-09-30,ETH-USD,411868,1079040,,,40612933220.808495
2020-10-01,ETH-USD,445018,1018741,,,39758391695.70112
2020-10-02,ETH-USD,457319,1002138,,,39022839809.19753
2020-10-03,ETH-USD,469269,956528,,,39123566090.84261
2020-10-04,ETH-USD,471250,985452,,,39770015476.68895
2020-10-05,ETH-USD,405915,1027690,,,39870969678.65809
2020-10-06,ETH-USD,421913,1083502,,,38398034415.80732
2020-10-07,ETH-USD,426978,1035384,,,38521806016.49599
2020-10-08,ETH-USD,428704,1019446,,,39584167809.24169
2020-10-09,ETH-USD,461741,1049571,,,41364317572.62778
2020-10-10,ETH-USD,471663,1036351,,,41937985052.232445
2020-10-11,ETH-USD,565035,1004701,,,42266442521.06648
2020-10-12,ETH-USD,495534,1092162,,,43799633633.75232
2020-10-13,ETH-USD,505669,1127396,,,43112673009.423515
2020-10-14,ETH-USD,497061,1093927,,,42811014987.70333
2020-10-15,ETH-USD,620270,1249576,,,42666305749.000175
2020-10-16,ETH-USD,647940,1161135,,,41405061866.40551
2020-10-17,ETH-USD,653170,1051772,,,41638209280.28478
2020-10-18,ETH-USD,621057,995711,,,42728924786.6002
2020-10-19,ETH-USD,489485,1128930,,,42908426781.3694
2020-10-20,ETH-USD,483042,1105678,,,41712644603.669914
2020-10-21,ETH-USD,497821,1159354,,,44390199440.910286
2020-10-22,ETH-USD,518298,1189043,,,46879969296.35542
2020-10-23,ETH-USD,516755,1132837,,,46308986137.45921
2020-10-24,ETH-USD,602310,1012156,,,46645974148.02079
2020-10-25,ETH-USD,585011,965206,,,46026201771.384094
2020-10-26,ETH-USD,489903,1086139,,,44590776701.90412
2020-10-27,ETH-USD,515413,1078466,,,45731920476.25424
2020-10-28,ETH-USD,484504,1139608,,,44023369567.53552
2020-10-29,ETH-USD,436247,1107849,,,43789226262.31334
2020-10-30,ETH-USD,486439,1111013,,,43433013309.68129
2020-10-31,ETH-USD,521508,1089587,,,43776670002.693985
2020-11-01,ETH-USD,523516,1050753,,,44800351864.458885
2020-11-02,ETH-USD,488898,1156870,,,43477115712.44632
2020-11-03,ETH-USD,506039,1119359,,,44014721133.111885
2020-11-04,ETH-USD,624330,1137324,,,45520820968.66388
2020-11-05,ETH-USD,501094,1128431,,,47248734782.82374
2020-11-06,ETH-USD,572052,1171971,,,51724971109.45109
2020-11-07,ETH-USD,543961,1131722,,,49501206896.10001
2020-11-08,ETH-USD,606394,1016465,,,51615811182.773415
2020-11-09,ETH-USD,544077,1147695,,,50394519196.058
2020-11-10,ETH-USD,490166,1157455,,,51188864451.3444
2020-11-11,ETH-USD,644638,1096582,,,52636636662.819855
2020-11-12,ETH-USD,587186,1099253,,,52489887339.97212
2020-11-13,ETH-USD,521392,1156377,,,54050512182.31899
2020-11-14,ETH-USD,570887,1067063,,,52466731076.4776
2020-11-15,ETH-USD,502933,1037428,,,50974919025.302414
2020-11-16,ETH-USD,496246,1105512,,,52445588185.84203
2020-11-17,ETH-USD,516399,1173012,,,54771213441.08368
2020-11-18,ETH-USD,498949,1120798,,,54414177251.19375
2020-11-19,ETH-USD,497408,1122748,,,53474003939.27502
2020-11-20,ETH-USD,528075,1162871,,,57840602350.043
2020-11-21,ETH-USD,576466,1172183,,,62137690708.8558
2020-11-22,ETH-USD,555649,1148006,,,64163519384.31839
2020-11-23,ETH-USD,555903,1213632,,,68949701372.15712
2020-11-24,ETH-USD,543359,1240072,,,68658132503.91695
2020-11-25,ETH-USD,544008,1205924,,,64540440796.87949
2020-11-26,ETH-USD,550015,1173330,,,58885598655.96443
2020-11-27,ETH-USD,557982,1102889,,,58738522860.17094
2020-11-28,ETH-USD,688339,992335,,,61448304280.81785
2020-11-29,ETH-USD,738443,993930,,,65324166330.1412
2020-11-30,ETH-USD,526155,1183915,,,69718300657.21928
2020-12-01,ETH-USD,557804,1172361,,,66860458402.59685
2020-12-02,ETH-USD,463102,1071389,,,68081982009.991806
2020-12-03,ETH-USD,497766,1114178,,,70208101091.71751
2020-12-04,ETH-USD,490688,1134337,,,65057203221.15456
2020-12-05,ETH-USD,561873,1055722,,,67650868919.85701
2020-12-06,ETH-USD,503912,1034515,,,68492966173.33441
2020-12-07,ETH-USD,502915,1102501,,,67315325127.37643
2020-12-08,ETH-USD,496764,1149816,,,63057485830.72916
2020-12-09,ETH-USD,495314,1150822,,,65328842805.09629
2020-12-10,ETH-USD,461398,1092429,,,63770626337.24359
2020-12-11,ETH-USD,482121,1122160,,,62075253269.82548
2020-12-12,ETH-USD,508542,1092064,,,64707582848.02643
2020-12-13,ETH-USD,567529,1142703,,,67217061002.46306
2020-12-14,ETH-USD,540147,1241593,,,66764001253.8542
2020-12-15,ETH-USD,525004,1215285,,,67060289919.86837
2020-12-16,ETH-USD,568398,1261767,,,72443632867.37183
2020-12-17,ETH-USD,630990,1342281,,,73202278217.36337
2020-12-18,ETH-USD,553060,1193950,,,74261608941.2649
2020-12-19,ETH-USD,545505,1162872,,,75148279638.89566
2020-12-20,ETH-USD,486929,1074305,,,72748159623.0637
2020-12-21,ETH-USD,485930,1146949,,,69792927337.55864
2020-12-22,ETH-USD,478231,1147101,,,72266212960.41544
2020-12-23,ETH-USD,535033,1254308,,,67070683523.01931
2020-12-24,ETH-USD,524269,1142743,,,69744266303.68777
2020-12-25,ETH-USD,474892,1140417,,,71342636142.16556
2020-12-26,ETH-USD,464884,1139562,,,72487828164.10576
2020-12-27,ETH-USD,507618,1177372,,,78502781448.86993
2020-12-28,ETH-USD,544394,1256783,,,83306403100.18701
2020-12-29,ETH-USD,519248,1206703,,,83478230313.89484
2020-12-30,ETH-USD,521593,1227653,,,85686789710.82678
2020-12-31,ETH-USD,488772,1163876,,,84307592980.45122
2021-01-01,ETH-USD,510102,1136712,,,83392527577.60791
2021-01-02,ETH-USD,514898,1170839,,,88467283101.45692
2021-01-03,ETH-USD,583017,1234419,,,113022171397.96152
2021-01-04,ETH-USD,622704,1275169,,,117596170885.09988
2021-01-05,ETH-USD,590568,1258441,,,125742960421.83228
2021-01-06,ETH-USD,615398,1280434,,,136922869199.13203
2021-01-07,ETH-USD,657941,1298568,,,139321539857.9189
2021-01-08,ETH-USD,625530,1288953,,,139300816746.43192
2021-01-09,ETH-USD,611578,1231759,,,146979958226.2945
2021-01-10,ETH-USD,616426,1210603,,,144538541298.19492
2021-01-11,ETH-USD,639489,1280285,,,123705180159.74075
2021-01-12,ETH-USD,560454,1165508,,,118686042564.31136
2021-01-13,ETH-USD,544430,1126532,,,128880200418.3336
2021-01-14,ETH-USD,569396,1184604,,,138574331450.75235
2021-01-15,ETH-USD,585279,1227187,,,133451671351.64732
2021-01-16,ETH-USD,574480,1193339,,,140768055176.6807
2021-01-17,ETH-USD,548826,1133096,,,141990281349.43542
2021-01-18,ETH-USD,556478,1217953,,,143163465450.51593
2021-01-19,ETH-USD,601609,1252236,,,158495706458.95572
2021-01-20,ETH-USD,565813,1213930,,,156426920284.49405
2021-01-21,ETH-USD,540818,1178190,,,129553109550.88303
2021-01-22,ETH-USD,532997,1182794,,,141314431408.77155
2021-01-23,ETH-USD,513612,1140666,,,141033354246.51135
2021-01-24,ETH-USD,514921,1117744,,,158724870354.96936
2021-01-25,ETH-USD,545219,1207263,,,151692919224.5062
2021-01-26,ETH-USD,561115,1194595,,,155859496260.0438
2021-01-27,ETH-USD,502563,1140980,,,142611355859.2653
2021-01-28,ETH-USD,554633,1190834,,,153599979312.1924
2021-01-29,ETH-USD,629039,1293963,,,158385543266.2682
2021-01-30,ETH-USD,602900,1218241,,,157999493481.5328
2021-01-31,ETH-USD,571051,1244924,,,150859483437.80832
2021-02-01,ETH-USD,577466,1300451,,,156903551687.74548
2021-02-02,ETH-USD,606119,1302891,,,174587545206.45605
2021-02-03,ETH-USD,631088,1314906,,,190115116680.58093
2021-02-04,ETH-USD,636306,1309863,,,184281491645.1748
2021-02-05,ETH-USD,608628,1316904,,,197147391264.52365
2021-02-06,ETH-USD,631037,1227828,,,192957815798.47928
2021-02-07,ETH-USD,617267,1230638,,,185226378182.62643
2021-02-08,ETH-USD,628031,1275739,,,199865012211.00156
2021-02-09,ETH-USD,602871,1327544,,,203018236061.66705
2021-02-10,ETH-USD,615259,1320357,,,200449828250.74097
2021-02-11,ETH-USD,612148,1270521,,,204760269802.63745
2021-02-12,ETH-USD,594587,1290300,,,211767007287.84372
2021-02-13,ETH-USD,563729,1252364,,,208691337249.8214
2021-02-14,ETH-USD,555363,1206665,,,207817376822.734
2021-02-15,ETH-USD,570429,1210500,,,205085473631.30057
2021-02-16,ETH-USD,569472,1217916,,,204317874330.4668
2021-02-17,ETH-USD,583486,1258503,,,211759190997.1492
2021-02-18,ETH-USD,601009,1298425,,,221790387317.9811
2021-02-19,ETH-USD,628240,1323618,,,225102701693.4766
2021-02-20,ETH-USD,643509,1337507,,,219594687146.4184
2021-02-21,ETH-USD,604276,1233518,,,222042492338.9616
2021-02-22,ETH-USD,621855,1312178,,,203389892374.4104
2021-02-23,ETH-USD,627533,1302882,,,179508700934.97287
2021-02-24,ETH-USD,623762,1285208,,,185678047442.98767
2021-02-25,ETH-USD,617443,1232758,,,171330441592.1106
2021-02-26,ETH-USD,605208,1236241,,,165703892104.9274
2021-02-27,ETH-USD,566704,1202432,,,167072208668.00745
2021-02-28,ETH-USD,581313,1179859,,,163800981512.8203
2021-03-01,ETH-USD,579329,1185925,,,179664587381.82205
2021-03-02,ETH-USD,595816,1240182,,,171255085933.43988
2021-03-03,ETH-USD,559291,1235048,,,182104024499.242
2021-03-04,ETH-USD,598760,1234903,,,176832941731.48395
2021-03-05,ETH-USD,523337,1208640,,,176029141469.01932
2021-03-06,ETH-USD,540483,1160519,,,190886424481.5056
2021-03-07,ETH-USD,499682,1180104,,,197733228967.94928
2021-03-08,ETH-USD,533767,1216417,,,210062199817.27927
2021-03-09,ETH-USD,574925,1275347,,,214218817196.6424
2021-03-10,ETH-USD,582840,1256065,,,207502588302.76328
2021-03-11,ETH-USD,623452,1284767,,,210323158993.04172
2021-03-12,ETH-USD,592345,1325679,,,203534962497.01135
2021-03-13,ETH-USD,591290,1293352,,,221827734371.98212
2021-03-14,ETH-USD,586583,1277890,,,215747658136.0233
2021-03-15,ETH-USD,592457,1321388,,,206881134242.69308
2021-03-16,ETH-USD,587910,1308992,,,206912348624.15817
2021-03-17,ETH-USD,568873,1272298,,,209461979346.26627
2021-03-18,ETH-USD,593538,1299760,,,205201027897.62503
2021-03-19,ETH-USD,594704,1291231,,,208535831644.56815
2021-03-20,ETH-USD,578798,1262309,,,208835099586.78943
2021-03-21,ETH-USD,586232,1206064,,,205632497854.8996
2021-03-22,ETH-USD,569908,1307460,,,194640513772.7654
2021-03-23,ETH-USD,600963,1298959,,,192663932774.56396
2021-03-24,ETH-USD,598324,1309468,,,182905748148.4972
2021-03-25,ETH-USD,631922,1349663,,,183164846643.80432
2021-03-26,ETH-USD,583328,1265836,,,195493459310.304
2021-03-27,ETH-USD,585374,1230764,,,198106342507.31107
2021-03-28,ETH-USD,572639,1211918,,,194330488098.80048
2021-03-29,ETH-USD,576265,1269901,,,208884494339.3977
2021-03-30,ETH-USD,575014,1300973,,,212339971941.2913
2021-03-31,ETH-USD,604979,1354603,,,221134428982.1195
2021-04-01,ETH-USD,650310,1368006,,,227433887911.43073
2021-04-02,ETH-USD,658068,1358619,,,246250783766.1148
2021-04-03,ETH-USD,599989,1293333,,,233711682648.3249
2021-04-04,ETH-USD,598828,1197875,,,239771287366.7548
2021-04-05,ETH-USD,615639,1296946,,,242355891780.9951
2021-04-06,ETH-USD,618992,1335799,,,244391805183.87085
2021-04-07,ETH-USD,613189,1312638,,,229238587439.5982
2021-04-08,ETH-USD,623896,1284449,,,240023894711.67648
2021-04-09,ETH-USD,604996,1300882,,,238610252683.24216
2021-04-10,ETH-USD,686486,1315016,,,246047990498.58255
2021-04-11,ETH-USD,648055,1256904,,,247717304501.33264
2021-04-12,ETH-USD,647933,1347983,,,247569923868.10352
2021-04-13,ETH-USD,639677,1350467,,,265517905596.9076
2021-04-14,ETH-USD,660253,1386341,,,280852111298.9362
2021-04-15,ETH-USD,603417,1197340,,,291206073188.7431
2021-04-16,ETH-USD,679755,1426977,,,280696668526.2164
2021-04-17,ETH-USD,690474,1453000,,,270767114997.47928
2021-04-18,ETH-USD,671586,1396766,,,259391685368.7708
2021-04-19,ETH-USD,714304,1476842,,,250767422737.01404
2021-04-20,ETH-USD,765456,1555560,,,269288971632.49823
2021-04-21,ETH-USD,769062,1565355,,,273427535736.55576
2021-04-22,ETH-USD,765288,1577266,,,279905680451.0357
2021-04-23,ETH-USD,752703,1537100,,,272700345641.17
2021-04-24,ETH-USD,896809,1389103,,,258787233934.05957
2021-04-25,ETH-USD,901912,1389350,,,266223290830.88727
2021-04-26,ETH-USD,746504,1448466,,,292354997614.4536
2021-04-27,ETH-USD,763976,1448293,,,306314914674.97174
2021-04-28,ETH-USD,733612,1517604,,,317221220058.33405
2021-04-29,ETH-USD,732181,1530717,,,319608177770.0839
2021-04-30,ETH-USD,718365,1441230,,,320780430149.63416
2021-05-01,ETH-USD,805199,1427568,,,341553299412.55615
2021-05-02,ETH-USD,769733,1417458,,,341961340071.9461
2021-05-03,ETH-USD,770331,1488804,,,397393607999.9643
2021-05-04,ETH-USD,783366,1536119,,,379398576174.061
2021-05-05,ETH-USD,787176,1518877,,,408531934419.14014
2021-05-06,ETH-USD,771567,1532197,,,405641461471.4884
2021-05-07,ETH-USD,753950,1527890,,,403615942703.01294
2021-05-08,ETH-USD,843893,1710882,,,450508612743.56635
2021-05-09,ETH-USD,890714,1716600,,,453962679013.81714
2021-05-10,ETH-USD,853625,1716489,,,458448519293.4828
2021-05-11,ETH-USD,864612,1716051,,,481868354039.0688
2021-05-12,ETH-USD,838261,1624077,,,461022908425.01294
2021-05-13,ETH-USD,878850,1588560,,,427638705839.8692
2021-05-14,ETH-USD,805756,1531689,,,474037688752.9072
2021-05-15,ETH-USD,768274,1472680,,,426056388086.0336
2021-05-16,ETH-USD,745202,1425115,,,413722726911.7529
2021-05-17,ETH-USD,726563,1446627,,,380608795495.6198
2021-05-18,ETH-USD,687605,1425053,,,390893107166.1184
2021-05-19,ETH-USD,793162,1461174,,,294315407960.5034
2021-05-20,ETH-USD,764072,1459146,,,322465830669.5401
2021-05-21,ETH-USD,697499,1367394,,,280253633151.00726
2021-05-22,ETH-USD,686947,1283663,,,269473781561.8469
2021-05-23,ETH-USD,751221,1264253,,,244512106465.5417
2021-05-24,ETH-USD,693847,1312739,,,305001169847.08673
2021-05-25,ETH-USD,652514,1289446,,,313217954899.5232
2021-05-26,ETH-USD,685336,1326432,,,333253006663.9831
2021-05-27,ETH-USD,720290,1291385,,,318699807057.73645
2021-05-28,ETH-USD,644047,1305078,,,280650177206.9773
2021-05-29,ETH-USD,794192,1293425,,,265990903596.2277
2021-05-30,ETH-USD,734624,1280282,,,277978165597.68933
2021-05-31,ETH-USD,733140,1297889,,,313756612486.78125
2021-06-01,ETH-USD,677920,1274354,,,305307516839.51117
2021-06-02,ETH-USD,648077,1314178,,,315456282852.2753
2021-06-03,ETH-USD,683741,1337711,,,332407619081.8725
2021-06-04,ETH-USD,711636,1301803,,,312757374481.50543
2021-06-05,ETH-USD,826004,1176676,,,302990056642.4116
2021-06-06,ETH-USD,801579,1134526,,,314791964111.42474
2021-06-07,ETH-USD,655320,1225549,,,302505824025.3855
2021-06-08,ETH-USD,614894,1221063,,,293106829361.7027
2021-06-09,ETH-USD,626011,1194275,,,303217707297.0373
2021-06-10,ETH-USD,653958,1188556,,,288794342352.6786
2021-06-11,ETH-USD,612641,1183286,,,272959286750.81235
2021-06-12,ETH-USD,689502,1131777,,,277161699942.19836
2021-06-13,ETH-USD,668513,1124736,,,291610564458.4109
2021-06-14,ETH-USD,632306,1188556,,,300077164363.5303
2021-06-15,ETH-USD,624917,1224101,,,297284436547.3074
2021-06-16,ETH-USD,587775,1201109,,,274988669633.8022
2021-06-17,ETH-USD,584095,1218956,,,275883697418.4274
2021-06-18,ETH-USD,575623,1170182,,,259163370250.25247
2021-06-19,ETH-USD,577194,1050189,,,253390754860.92688
2021-06-20,ETH-USD,640273,1057288,,,261335606239.5412
2021-06-21,ETH-USD,642471,1209567,,,221478198093.15665
2021-06-22,ETH-USD,664525,1297644,,,217686296797.1608
2021-06-23,ETH-USD,627659,1201974,,,228727785443.85547
2021-06-24,ETH-USD,655167,1207012,,,231618827240.60464
2021-06-25,ETH-USD,630078,1227331,,,211962715229.16257
2021-06-26,ETH-USD,681695,1150460,,,210138253215.55353
2021-06-27,ETH-USD,707381,1104703,,,229122056912.11487
2021-06-28,ETH-USD,819820,1404100,,,242536413262.36008
2021-06-29,ETH-USD,675964,1264320,,,253148736651.3454
2021-06-30,ETH-USD,624034,1212214,,,265113480439.28055
2021-07-01,ETH-USD,614828,1211710,,,246742819216.41714
2021-07-02,ETH-USD,629288,1181574,,,250909823734.99927
2021-07-03,ETH-USD,654247,1122543,,,258632841276.4638
2021-07-04,ETH-USD,653685,1105343,,,271507121938.9128
2021-07-05,ETH-USD,618615,1147895,,,259015725479.84265
2021-07-06,ETH-USD,582960,1355421,,,270662641523.6385
2021-07-07,ETH-USD,588423,1290979,,,270576226190.3131
2021-07-08,ETH-USD,588538,1262627,,,247467522266.4052
2021-07-09,ETH-USD,593720,1223691,,,251568607064.88016
2021-07-10,ETH-USD,544549,1139265,,,247311563995.4488
2021-07-11,ETH-USD,578124,1101766,,,250044331347.50507
2021-07-12,ETH-USD,551183,1191465,,,237553540113.68024
2021-07-13,ETH-USD,564378,1183412,,,226668781430.43225
2021-07-14,ETH-USD,588607,1223130,,,232868067134.8004
2021-07-15,ETH-USD,602431,1259972,,,223596325948.16748
2021-07-16,ETH-USD,568019,1199018,,,219559408476.26547
2021-07-17,ETH-USD,546153,1164624,,,221791231542.43527
2021-07-18,ETH-USD,533205,1168843,,,221318343722.37848
2021-07-19,ETH-USD,581805,1195218,,,213103316946.52087
2021-07-20,ETH-USD,586375,1192750,,,208816452231.7488
2021-07-21,ETH-USD,600059,1195171,,,232256221737.06393
2021-07-22,ETH-USD,590183,1202844,,,236429941777.5117
2021-07-23,ETH-USD,612742,1203397,,,247199327175.88943
2021-07-24,ETH-USD,627527,1225509,,,255026165930.39587
2021-07-25,ETH-USD,566614,1128848,,,256006429055.66943
2021-07-26,ETH-USD,651897,1260619,,,262324968301.82965
2021-07-27,ETH-USD,731645,1318124,,,267632857072.80356
2021-07-28,ETH-USD,691120,1300283,,,268930143892.36816
2021-07-29,ETH-USD,628698,1259128,,,279199513887.51984
2021-07-30,ETH-USD,625795,1242337,,,287061940958.28516
2021-07-31,ETH-USD,615234,1212322,,,297997364391.88495
2021-08-01,ETH-USD,609619,1190618,,,300301563867.2737
2021-08-02,ETH-USD,647157,1269470,,,306817250236.93365
2021-08-03,ETH-USD,597708,1219663,,,294420747945.8123
2021-08-04,ETH-USD,605814,1223841,,,319652053694.4101
2021-08-05,ETH-USD,527820,1159663,,,331120625715.1732
2021-08-06,ETH-USD,528548,1212021,,,338474970296.6237
2021-08-07,ETH-USD,515004,1198433,,,368434278847.32654
2021-08-08,ETH-USD,528091,1184278,,,354865825056.6812
2021-08-09,ETH-USD,515125,1218594,,,370245331176.7728
2021-08-10,ETH-USD,521466,1212289,,,368335120580.3573
2021-08-11,ETH-USD,524067,1234409,,,371510944633.9413
2021-08-12,ETH-USD,527452,1195283,,,356239367015.8738
2021-08-13,ETH-USD,522902,1197050,,,388919007596.465
2021-08-14,ETH-USD,500097,1159942,,,383381125747.9592
2021-08-15,ETH-USD,490025,1125295,,,388309546924.69434
2021-08-16,ETH-USD,542706,1253968,,,370401146304.3434
2021-08-17,ETH-USD,530631,1252163,,,354338959205.5842
2021-08-18,ETH-USD,513849,1201544,,,356805254344.38525
2021-08-19,ETH-USD,563048,1255453,,,372403736729.01825
2021-08-20,ETH-USD,562206,1260054,,,384671481681.8197
2021-08-21,ETH-USD,529226,1186758,,,379602959059.7695
2021-08-22,ETH-USD,512238,1183893,,,380953369343.33887
2021-08-23,ETH-USD,538781,1245624,,,389990873411.18896
2021-08-24,ETH-USD,521033,1247051,,,373696458363.92505
2021-08-25,ETH-USD,499356,1184780,,,379009871177.87854
2021-08-26,ETH-USD,498865,1175063,,,366339411040.35297
2021-08-27,ETH-USD,484937,1119072,,,383891365383.6621
2021-08-28,ETH-USD,507968,1131721,,,380703752659.5512
2021-08-29,ETH-USD,492972,1147150,,,379343810431.9653
2021-08-30,ETH-USD,518590,1198993,,,380232814778.89703
2021-08-31,ETH-USD,552051,1206314,,,402975688992.0458
2021-09-01,ETH-USD,557664,1225104,,,445479541762.75415
2021-09-02,ETH-USD,567054,1261258,,,445272051510.75635
2021-09-03,ETH-USD,512273,1198777,,,460151781118.15735
2021-09-04,ETH-USD,520028,1189085,,,456367947251.0358
2021-09-05,ETH-USD,497385,1136467,,,464418124113.2662
2021-09-06,ETH-USD,526971,1206493,,,461406568140.7464
2021-09-07,ETH-USD,558574,1308071,,,403159442272.45953
2021-09-08,ETH-USD,525184,1178449,,,411960561237.0325
2021-09-09,ETH-USD,531348,1219850,,,403167458486.4416
2021-09-10,ETH-USD,570843,1244706,,,376328908274.8247
2021-09-11,ETH-USD,627702,1249438,,,382821083929.1449
2021-09-12,ETH-USD,571552,1211328,,,401470193959.9133
2021-09-13,ETH-USD,631800,1267491,,,386439694705.22833
2021-09-14,ETH-USD,582576,1231240,,,401753721388.1735
2021-09-15,ETH-USD,573831,1207590,,,421918727315.4844
2021-09-16,ETH-USD,548933,1224358,,,419201908930.6449
2021-09-17,ETH-USD,524419,1187578,,,399112720700.79144
2021-09-18,ETH-USD,536378,1143196,,,402495415107.4491
2021-09-19,ETH-USD,516797,1128226,,,390184716258.94293
2021-09-20,ETH-USD,495259,1174559,,,348527562054.2668
2021-09-21,ETH-USD,524490,1193295,,,322742214113.2495
2021-09-22,ETH-USD,534705,1174030,,,360130466630.74414
2021-09-23,ETH-USD,534321,1193053,,,370002950823.09985
2021-09-24,ETH-USD,506369,1152685,,,344759967802.2557
2021-09-25,ETH-USD,520155,1121078,,,344783940231.3216
2021-09-26,ETH-USD,473719,1088537,,,358460273448.986
2021-09-27,ETH-USD,502882,1133903,,,347181513945.8816
2021-09-28,ETH-USD,495482,1108122,,,331101835637.4896
2021-09-29,ETH-USD,507212,1135869,,,334377106685.7493
2021-09-30,ETH-USD,499026,1116157,,,353001301547.0518
2021-10-01,ETH-USD,571554,1207263,,,388060659780.019
2021-10-02,ETH-USD,520147,1117899,,,399195912517.3
2021-10-03,ETH-USD,522882,1130224,,,402353509667.626
2021-10-04,ETH-USD,495268,1121513,,,398982093097.1545
2021-10-05,ETH-USD,562663,1235674,,,414144010641.5226
2021-10-06,ETH-USD,663597,1337833,,,422150905895.4837
2021-10-07,ETH-USD,629637,1344295,,,422260065138.7263
2021-10-08,ETH-USD,600443,1287034,,,418952311061.67664
2021-10-09,ETH-USD,585763,1191856,,,421187829031.2356
2021-10-10,ETH-USD,537497,1137901,,,403815267127.6764
2021-10-11,ETH-USD,538818,1183486,,,414135490610.63525
2021-10-12,ETH-USD,546484,1203566,,,410827628722.87695
2021-10-13,ETH-USD,531985,1189854,,,423357216826.854
2021-10-14,ETH-USD,554283,1227097,,,445606262000.336
2021-10-15,ETH-USD,556421,1302993,,,454463309684.7605
2021-10-16,ETH-USD,583223,1181031,,,451554383318.24347
2021-10-17,ETH-USD,551918,1144184,,,451540875443.9622
2021-10-18,ETH-USD,571994,1197673,,,440931286400.8823
2021-10-19,ETH-USD,590941,1243503,,,456143788747.09064
2021-10-20,ETH-USD,617867,1259885,,,488939146850.01294
2021-10-21,ETH-USD,614826,1277275,,,478578939504.999
2021-10-22,ETH-USD,599968,1256044,,,468055052564.5768
2021-10-23,ETH-USD,613428,1235169,,,489758679809.54016
2021-10-24,ETH-USD,597172,1261312,,,480020502230.8012
2021-10-25,ETH-USD,601353,1299495,,,496273211182.5224
2021-10-26,ETH-USD,611277,1344772,,,486421987242.11835
2021-10-27,ETH-USD,619064,1370504,,,464869510529.9601
2021-10-28,ETH-USD,692894,1510502,,,503855939943.7048
2021-10-29,ETH-USD,711169,1456333,,,519680026113.75055
2021-10-30,ETH-USD,659889,1379095,,,507688617243.75433
2021-10-31,ETH-USD,627757,1304184,,,505647872219.575
2021-11-01,ETH-USD,659285,1341733,,,509397160059.51434
2021-11-02,ETH-USD,676772,1395656,,,540079413508.7344
2021-11-03,ETH-USD,698045,1417221,,,541549139416.1844
2021-11-04,ETH-USD,667719,1352186,,,534108570501.3231
2021-11-05,ETH-USD,653772,1339661,,,527207543315.6946
2021-11-06,ETH-USD,626349,1255921,,,531318817815.2857
2021-11-07,ETH-USD,635934,1276998,,,542845482844.76886
2021-11-08,ETH-USD,652985,1329018,,,566636453619.9932
2021-11-09,ETH-USD,615663,1334145,,,557743978685.1968
2021-11-10,ETH-USD,667073,1390746,,,544110883749.7438
2021-11-11,ETH-USD,648381,1347643,,,556807418899.1359
2021-11-12,ETH-USD,643077,1345131,,,549159537640.1035
2021-11-13,ETH-USD,645914,1300464,,,547073425617.2922
2021-11-14,ETH-USD,643453,1275744,,,542921206398.5056
2021-11-15,ETH-USD,606035,1289636,,,538201149416.2986
2021-11-16,ETH-USD,609878,1310153,,,498718135439.8968
2021-11-17,ETH-USD,695411,1353219,,,502435550608.6768
2021-11-18,ETH-USD,591158,1284250,,,469470683314.2488
2021-11-19,ETH-USD,609854,1255788,,,505483705761.818
2021-11-20,ETH-USD,557039,1160128,,,519860205007.2675
2021-11-21,ETH-USD,607663,1260939,,,507741036264.7453
2021-11-22,ETH-USD,546020,1221508,,,482617786844.5856
2021-11-23,ETH-USD,580960,1264994,,,512242820326.5907
2021-11-24,ETH-USD,603666,1342491,,,502102050396.5277
2021-11-25,ETH-USD,593203,1301578,,,533228809424.6405
2021-11-26,ETH-USD,600396,1297524,,,477399630500.5501
2021-11-27,ETH-USD,550277,1213284,,,481532317986.06934
2021-11-28,ETH-USD,527846,1135653,,,505605120970.0283
2021-11-29,ETH-USD,600952,1247688,,,524158910322.3718
2021-11-30,ETH-USD,626326,1280926,,,547338074200.4776
2021-12-01,ETH-USD,580963,1221643,,,540216421714.22534
2021-12-02,ETH-USD,608129,1265286,,,533520501887.4818
2021-12-03,ETH-USD,565386,1211488,,,498824234177.6621
2021-12-04,ETH-USD,552442,1235697,,,482902175008.86224
2021-12-05,ETH-USD,827716,1386491,,,493863538704.08093
2021-12-06,ETH-USD,590752,1244773,,,511723151723.6043
2021-12-07,ETH-USD,596211,1224771,,,507249757130.0473
2021-12-08,ETH-USD,646033,1296307,,,521843913831.6398
2021-12-09,ETH-USD,607679,1251338,,,490045796730.3035
2021-12-10,ETH-USD,615402,1237735,,,463470599459.3465
2021-12-11,ETH-USD,580529,1199384,,,480946755166.4603
2021-12-12,ETH-USD,597666,1181898,,,488223764661.86633
2021-12-13,ETH-USD,610119,1242978,,,446644413674.59216
2021-12-14,ETH-USD,617851,1214900,,,454065472773.9266
2021-12-15,ETH-USD,607023,1258462,,,473534633238.7436
2021-12-16,ETH-USD,601543,1155456,,,468580265672.29205
2021-12-17,ETH-USD,615023,1270355,,,458227001743.94574
2021-12-18,ETH-USD,567903,1159873,,,467749283349.1126
2021-12-19,ETH-USD,565355,1137581,,,464449835222.0165
2021-12-20,ETH-USD,591470,1201239,,,464734021753.41925
2021-12-21,ETH-USD,597365,1203638,,,475305966952.4622
2021-12-22,ETH-USD,628066,1233315,,,470112757261.5281
2021-12-23,ETH-USD,593940,1245242,,,483963725505.1692
2021-12-24,ETH-USD,629177,1298329,,,477310212229.8957
2021-12-25,ETH-USD,609518,1299519,,,483805725306.05896
2021-12-26,ETH-USD,592616,1206942,,,480356471354.03485
2021-12-27,ETH-USD,621784,1252037,,,477323854844.0604
2021-12-28,ETH-USD,595032,1241032,,,449223038035.5124
2021-12-29,ETH-USD,564074,1252468,,,429472726157.11554
2021-12-30,ETH-USD,602454,1255688,,,437679314133.7394
2021-12-31,ETH-USD,578540,1214585,,,435213696992.3496
2022-01-01,ETH-USD,581310,1180989,,,443989998321.9019
2022-01-02,ETH-USD,551998,1158900,,,452429174354.97
2022-01-03,ETH-USD,591354,1209173,,,444548274117.2104
2022-01-04,ETH-USD,601544,1221316,,,448242980435.2165
2022-01-05,ETH-USD,632107,1249628,,,418628856566.12415
2022-01-06,ETH-USD,607697,1212495,,,402991368628.69794
2022-01-07,ETH-USD,589283,1188490,,,376653407264.55255
2022-01-08,ETH-USD,596125,1183873,,,365184816978.98346
2022-01-09,ETH-USD,534489,1108322,,,372503346874.9416
2022-01-10,ETH-USD,524870,1233195,,,363636631911.7309
2022-01-11,ETH-USD,591386,1277649,,,382767642994.3016
2022-01-12,ETH-USD,634922,1283346,,,398215028021.8861
2022-01-13,ETH-USD,658808,1282921,,,384072341193.07086
2022-01-14,ETH-USD,593126,1218460,,,390634066567.61475
2022-01-15,ETH-USD,616538,1174849,,,393681658307.69354
2022-01-16,ETH-USD,591290,1162954,,,396274948183.30286
2022-01-17,ETH-USD,592963,1198719,,,379137977560.9488
2022-01-18,ETH-USD,584159,1169526,,,373799460225.11066
2022-01-19,ETH-USD,606823,1223143,,,366681698411.0703
2022-01-20,ETH-USD,591925,1190018,,,355642436480.8016
2022-01-21,ETH-USD,567601,1189898,,,302877590300.80896
2022-01-22,ETH-USD,566830,1204920,,,283486903274.0112
2022-01-23,ETH-USD,541674,1077884,,,299160671633.61053
2022-01-24,ETH-USD,550404,1147109,,,288023313314.2561
2022-01-25,ETH-USD,571545,1177640,,,290303674073.46466
2022-01-26,ETH-USD,559574,1146116,,,291339250006.67035
2022-01-27,ETH-USD,537711,1133684,,,284907333431.5477
2022-01-28,ETH-USD,563345,1137559,,,300610130478.91785
2022-01-29,ETH-USD,564639,1147157,,,306248581536.96246
2022-01-30,ETH-USD,581901,1183850,,,308311140628.4357
2022-01-31,ETH-USD,603862,1177345,,,317263513418.3904
2022-02-01,ETH-USD,596580,1173199,,,330176676062.7516
2022-02-02,ETH-USD,582512,1152665,,,317315297598.9672
2022-02-03,ETH-USD,564022,1111215,,,315436571253.7528
2022-02-04,ETH-USD,600857,1168994,,,350800802013.3118
2022-02-05,ETH-USD,664334,1235023,,,356456006867.45746
2022-02-06,ETH-USD,631736,1173884,,,360233186220.1321
2022-02-07,ETH-USD,607608,1163338,,,371588320600.71216
2022-02-08,ETH-USD,610323,1180780,,,369395588835.68976
2022-02-09,ETH-USD,618614,1205889,,,383014056559.1854
2022-02-10,ETH-USD,623464,1205676,,,363993338559.66187
2022-02-11,ETH-USD,628135,1183966,,,345527783403.0372
2022-02-12,ETH-USD,593930,1114648,,,343988805356.2671
2022-02-13,ETH-USD,609734,1115296,,,340455424967.8945
2022-02-14,ETH-USD,616653,1147522,,,347054493303.65027
2022-02-15,ETH-USD,603711,1192633,,,375327152577.64575
2022-02-16,ETH-USD,574473,1194693,,,371245915304.3328
2022-02-17,ETH-USD,571833,1141997,,,341415846101.2936
2022-02-18,ETH-USD,532857,1252754,,,329224725190.61945
2022-02-19,ETH-USD,560677,1150162,,,326042636607.5945
2022-02-20,ETH-USD,573519,1343869,,,311735818583.9793
2022-02-21,ETH-USD,539817,1134349,,,304951719979.8673
2022-02-22,ETH-USD,550464,1129213,,,311752643766.78955
2022-02-23,ETH-USD,579757,1147632,,,306517062695.28534
2022-02-24,ETH-USD,581027,1181182,,,306802531124.2691
2022-02-25,ETH-USD,596415,1137898,,,329837514553.4212
2022-02-26,ETH-USD,623437,1167802,,,328577626564.4855
2022-02-27,ETH-USD,582203,1125065,,,309300957603.47736
2022-02-28,ETH-USD,559824,1108112,,,344814046314.0025
2022-03-01,ETH-USD,591290,1161564,,,351357844750.8877
2022-03-02,ETH-USD,615639,1191369,,,349626702102.9695
2022-03-03,ETH-USD,603657,1167187,,,335728574596.01715
2022-03-04,ETH-USD,606641,1167450,,,309824449515.40344
2022-03-05,ETH-USD,570463,1077981,,,315188765576.95807
2022-03-06,ETH-USD,588892,1123245,,,302789734330.08545
2022-03-07,ETH-USD,604545,1174568,,,296082482789.92474
2022-03-08,ETH-USD,662168,1195626,,,305200035242.8161
2022-03-09,ETH-USD,636798,1178322,,,322897535771.1622
2022-03-10,ETH-USD,705372,1229591,,,309245862617.8305
2022-03-11,ETH-USD,587448,1119334,,,303498430789.2502
2022-03-12,ETH-USD,603452,1120627,,,305376733564.21375
2022-03-13,ETH-USD,554862,1041827,,,298100690308.7325
2022-03-14,ETH-USD,565713,1097913,,,306766217630.95056
2022-03-15,ETH-USD,637927,1190207,,,310571002686.1724
2022-03-16,ETH-USD,688363,1236011,,,328099370472.1783
2022-03-17,ETH-USD,576394,1174532,,,333713383471.5035
2022-03-18,ETH-USD,708137,1265944,,,349128735196.0857
2022-03-19,ETH-USD,602552,1127607,,,349511144135.40106
2022-03-20,ETH-USD,589913,1119066,,,339234082068.7267
2022-03-21,ETH-USD,622971,1162829,,,343594964687.7506
2022-03-22,ETH-USD,662271,1220571,,,352913580784.1796
2022-03-23,ETH-USD,615398,1164437,,,358223561121.5272
2022-03-24,ETH-USD,591502,1151969,,,368802603334.44495
2022-03-25,ETH-USD,587955,1146814,,,368169842378.86664
2022-03-26,ETH-USD,598766,1123878,,,373091951039.56714
2022-03-27,ETH-USD,589698,1122675,,,390100025024.9491
2022-03-28,ETH-USD,600048,1218023,,,396975439106.2752
2022-03-29,ETH-USD,606799,1199899,,,403203633895.1166
2022-03-30,ETH-USD,578060,1152200,,,402096496205.33246
2022-03-31,ETH-USD,588465,1167121,,,389403908128.80927
2022-04-01,ETH-USD,565447,1159493,,,408981510383.854
2022-04-02,ETH-USD,540619,1094668,,,409662033840.1547
2022-04-03,ETH-USD,533294,1060779,,,417953425564.6764
2022-04-04,ETH-USD,522069,1105170,,,418444843138.9184
2022-04-05,ETH-USD,542184,1087129,,,406585274506.4114
2022-04-06,ETH-USD,553413,1127174,,,377932184918.2474
2022-04-07,ETH-USD,545393,1127793,,,384429653074.0854
2022-04-08,ETH-USD,539721,1104419,,,378237318251.115
2022-04-09,ETH-USD,568479,1085399,,,386847010329.398
2022-04-10,ETH-USD,564604,1104239,,,382155324406.553
2022-04-11,ETH-USD,547339,1113264,,,354538550563.24097
2022-04-12,ETH-USD,531996,1112524,,,359636917000.0669
2022-04-13,ETH-USD,511890,1067983,,,370428780620.2366
2022-04-14,ETH-USD,553038,1117285,,,358730552672.0143
2022-04-15,ETH-USD,550349,1110994,,,361087716353.2374
2022-04-16,ETH-USD,548320,1059286,,,364252922997.1885
2022-04-17,ETH-USD,528863,1043251,,,356077322435.2663
2022-04-18,ETH-USD,555385,1103439,,,363447371337.4933
2022-04-19,ETH-USD,651247,1214496,,,368964491507.1429
2022-04-20,ETH-USD,655981,1241534,,,365918718328.66376
2022-04-21,ETH-USD,544777,1119925,,,354744896017.5175
2022-04-22,ETH-USD,572976,1144822,,,352354534609.0748
2022-04-23,ETH-USD,540859,1051478,,,349711925196.07965
2022-04-24,ETH-USD,559200,1071778,,,347696717281.1342
2022-04-25,ETH-USD,559293,1149227,,,358195536319.566
2022-04-26,ETH-USD,564643,1125250,,,333153917601.94507
2022-04-27,ETH-USD,572913,1161504,,,343347605118.89703
2022-04-28,ETH-USD,567858,1155514,,,348998096029.4837
2022-04-29,ETH-USD,556135,1168081,,,334935607139.40985
2022-04-30,ETH-USD,555823,1211671,,,324746931478.47095
2022-05-01,ETH-USD,516314,1154787,,,336406685697.2194
2022-05-02,ETH-USD,508839,1112065,,,340288368000.28955
2022-05-03,ETH-USD,508627,1077506,,,330728437975.5447
2022-05-04,ETH-USD,557482,1102254,,,349292320625.9672
2022-05-05,ETH-USD,593851,1187804,,,326704972289.3031
2022-05-06,ETH-USD,557019,1116562,,,320887324275.6534
2022-05-07,ETH-USD,536753,1051489,,,313667956321.8131
2022-05-08,ETH-USD,560544,1087198,,,299792674682.8692
2022-05-09,ETH-USD,558479,1158340,,,268677456167.59583
2022-05-10,ETH-USD,576970,1202934,,,278811607113.6309
2022-05-11,ETH-USD,520754,1210708,,,246132822826.8101
2022-05-12,ETH-USD,658062,1327755,,,233056064229.88257
2022-05-13,ETH-USD,695591,1342405,,,239926429792.72504
2022-05-14,ETH-USD,567897,1139785,,,244358110681.88028
2022-05-15,ETH-USD,549377,1089441,,,254605611336.89404
2022-05-16,ETH-USD,573392,1124352,,,240782478744.97412
2022-05-17,ETH-USD,546736,1135718,,,249171264983.47723
2022-05-18,ETH-USD,605317,1177913,,,228732451401.7555
2022-05-19,ETH-USD,538886,1093367,,,240111883742.04
2022-05-20,ETH-USD,525097,1112811,,,233664177857.4518
2022-05-21,ETH-USD,539737,1094539,,,235087706728.65784
2022-05-22,ETH-USD,512640,1055644,,,243544487687.68713
2022-05-23,ETH-USD,516478,1085863,,,234760623478.52893
2022-05-24,ETH-USD,529361,1100715,,,235639767483.4436
2022-05-25,ETH-USD,508394,1094639,,,231673797114.3004
2022-05-26,ETH-USD,474789,1071180,,,215410440618.982
2022-05-27,ETH-USD,494939,1093469,,,205133028068.0864
2022-05-28,ETH-USD,540979,1069802,,,213781585780.34515
2022-05-29,ETH-USD,525079,1065407,,,215878221063.95007
2022-05-30,ETH-USD,467010,1070320,,,238005746884.4788
2022-05-31,ETH-USD,535077,1149142,,,232162439561.54108
2022-06-01,ETH-USD,497974,1091283,,,217911356816.95145
2022-06-02,ETH-USD,469844,1092776,,,218852059958.12488
2022-06-03,ETH-USD,471612,1067485,,,211468640976.9911
2022-06-04,ETH-USD,452819,1029121,,,214551456101.67188
2022-06-05,ETH-USD,449159,1007109,,,215360134664.82568
2022-06-06,ETH-USD,480143,1044319,,,221503743956.82687
2022-06-07,ETH-USD,471285,1050984,,,216212872782.23093
2022-06-08,ETH-USD,445135,1042749,,,214072989487.4596
2022-06-09,ETH-USD,468652,1022462,,,213213980470.0848
2022-06-10,ETH-USD,502689,1079448,,,198354858171.60715
2022-06-11,ETH-USD,504859,1031618,,,182502839943.4822
2022-06-12,ETH-USD,479435,1021635,,,172958147267.76874
2022-06-13,ETH-USD,495554,1109435,,,142272301481.38916
2022-06-14,ETH-USD,502774,1086757,,,143879882245.3824
2022-06-15,ETH-USD,485344,1097000,,,146632659914.14587
2022-06-16,ETH-USD,512976,1100312,,,126774665475.14133
2022-06-17,ETH-USD,520393,1110579,,,129765222193.73332
2022-06-18,ETH-USD,486081,1058336,,,118526879127.75124
2022-06-19,ETH-USD,471524,1018674,,,134248636330.19833
2022-06-20,ETH-USD,481392,1042748,,,134024779381.54967
2022-06-21,ETH-USD,456202,1012862,,,134324606737.52296
2022-06-22,ETH-USD,458693,988683,,,125699394063.5976
2022-06-23,ETH-USD,439159,967965,,,136728701297.64632
2022-06-24,ETH-USD,469974,1019472,,,147391348537.05792
2022-06-25,ETH-USD,411050,939290,,,148424330810.9764
2022-06-26,ETH-USD,392526,919721,,,143867796717.28784
2022-06-27,ETH-USD,452419,994102,,,142765306254.53815
2022-06-28,ETH-USD,433686,976577,,,136551020228.45496
2022-06-29,ETH-USD,434797,1005566,,,130947450082.26038
2022-06-30,ETH-USD,444774,1054433,,,124470292276.90501
2022-07-01,ETH-USD,528527,1178620,,,127418877795.21445
2022-07-02,ETH-USD,557002,1189382,,,127483081266.18633
2022-07-03,ETH-USD,501278,1157052,,,128356565298.48178
2022-07-04,ETH-USD,498451,1151999,,,137512022703.22256
2022-07-05,ETH-USD,495235,1182504,,,135660485617.4398
2022-07-06,ETH-USD,506042,1161432,,,142307041503.48993
2022-07-07,ETH-USD,523021,1194330,,,148112273535.59677
2022-07-08,ETH-USD,512454,1192819,,,147270320526.353
2022-07-09,ETH-USD,525366,1170747,,,145558350241.27036
2022-07-10,ETH-USD,530270,1148902,,,139614274575.63583
2022-07-11,ETH-USD,475953,1146369,,,131198075351.26144
2022-07-12,ETH-USD,490073,1135896,,,124484017584.70811
2022-07-13,ETH-USD,518760,1174882,,,132827254155.98424
2022-07-14,ETH-USD,546310,1189567,,,142518327590.7423
2022-07-15,ETH-USD,577324,1217596,,,147879682097.7739
2022-07-16,ETH-USD,619314,1241502,,,161918623629.26
2022-07-17,ETH-USD,581176,1245545,,,161064574677.4536
2022-07-18,ETH-USD,537891,1213565,,,187808748087.1792
2022-07-19,ETH-USD,519793,1175526,,,185093931535.0373
2022-07-20,ETH-USD,528020,1191452,,,182417245766.5711
2022-07-21,ETH-USD,545645,1204397,,,189065071843.00375
2022-07-22,ETH-USD,576567,1201699,,,184065340046.18463
2022-07-23,ETH-USD,530546,1144468,,,185747592315.89224
2022-07-24,ETH-USD,524671,1122303,,,192105061194.78732
2022-07-25,ETH-USD,640296,1275861,,,175153444595.5511
2022-07-26,ETH-USD,1093869,1679068,,,171520131808.52103
2022-07-27,ETH-USD,567464,1197448,,,195646672740.56784
2022-07-28,ETH-USD,535301,1158611,,,206728334040.97647
2022-07-29,ETH-USD,562772,1192330,,,209325264848.49823
2022-07-30,ETH-USD,573180,1179749,,,202974325871.41376
2022-07-31,ETH-USD,559164,1158621,,,201774947426.4712
2022-08-01,ETH-USD,698752,1342202,,,196179491468.24493
2022-08-02,ETH-USD,571530,1206185,,,196767524929.17
2022-08-03,ETH-USD,613693,1250888,,,193872172911.6389
2022-08-04,ETH-USD,877419,1459603,,,192782107419.84912
2022-08-05,ETH-USD,587625,1207188,,,207043670478.03632
2022-08-06,ETH-USD,589391,1148225,,,203457064442.02808
2022-08-07,ETH-USD,582020,1166932,,,203715229635.36835
2022-08-08,ETH-USD,541581,1167115,,,213169557187.73392
2022-08-09,ETH-USD,522334,1125139,,,204542126071.34286
2022-08-10,ETH-USD,533069,1160380,,,222191305589.1659
2022-08-11,ETH-USD,503734,1098707,,,225490723876.63287
2022-08-12,ETH-USD,534168,1130848,,,234721455296.87537
2022-08-13,ETH-USD,532368,1106236,,,237926481879.23315
2022-08-14,ETH-USD,512568,1102367,,,232561677400.71896
2022-08-15,ETH-USD,494818,1104408,,,228431918104.7831
2022-08-16,ETH-USD,525862,1086312,,,225439479445.8902
2022-08-17,ETH-USD,537548,1099261,,,220249850127.20853
2022-08-18,ETH-USD,538528,1117868,,,222196921632.60596
2022-08-19,ETH-USD,502429,1093309,,,194179472810.3458
2022-08-20,ETH-USD,497772,1096088,,,189392798346.82584
2022-08-21,ETH-USD,528550,1077250,,,194896881364.62033
2022-08-22,ETH-USD,484055,1059940,,,193296199404.77536
2022-08-23,ETH-USD,485443,1075718,,,200044244003.22583
2022-08-24,ETH-USD,496825,1043820,,,199449318439.71335
2022-08-25,ETH-USD,514001,1074563,,,203843028065.26248
2022-08-26,ETH-USD,488293,1057768,,,181461735526.59296
2022-08-27,ETH-USD,500365,1047949,,,179564520630.93924
2022-08-28,ETH-USD,482671,1025044,,,173336690866.07443
2022-08-29,ETH-USD,476802,1083202,,,186513532979.28015
2022-08-30,ETH-USD,466380,1051964,,,184043556699.6716
2022-08-31,ETH-USD,467317,1035135,,,186727617679.97653
2022-09-01,ETH-USD,491474,1085160,,,190914035650.32587
2022-09-02,ETH-USD,516909,1083220,,,189761729149.20084
2022-09-03,ETH-USD,528322,1035586,,,187190919958.4884
2022-09-04,ETH-USD,592327,1113119,,,189737797183.5269
2022-09-05,ETH-USD,529155,1091350,,,194217865302.09525
2022-09-06,ETH-USD,506982,1076929,,,188535687884.32388
2022-09-07,ETH-USD,481829,1068296,,,196768076174.15488
2022-09-08,ETH-USD,508057,1078689,,,196870497557.24033
2022-09-09,ETH-USD,519562,1093966,,,206883792767.0538
2022-09-10,ETH-USD,496883,998158,,,214404057985.83344
2022-09-11,ETH-USD,491233,1024482,,,211861995969.49997
2022-09-12,ETH-USD,485852,1068969,,,206138661151.41727
2022-09-13,ETH-USD,523705,1093205,,,189683892316.5941
2022-09-14,ETH-USD,573357,1109172,,,196901330102.32983
2022-09-15,ETH-USD,646709,1265640,,,177478031051.3124
2022-09-16,ETH-USD,666896,1311849,,,172357791977.3262
2022-09-17,ETH-USD,698249,1322077,,,177096645487.42633
2022-09-18,ETH-USD,512039,1156893,,,161247314540.04193
2022-09-19,ETH-USD,489805,1138210,,,166260110891.84457
2022-09-20,ETH-USD,491038,1149031,,,159507376939.81207
2022-09-21,ETH-USD,484980,1100130,,,150555415228.40012
2022-09-22,ETH-USD,483507,1118297,,,160142960681.55167
2022-09-23,ETH-USD,499931,1119895,,,160419533319.24136
2022-09-24,ETH-USD,522080,1109206,,,158739975305.5344
2022-09-25,ETH-USD,479298,1107217,,,156034243695.67407
2022-09-26,ETH-USD,493645,1141218,,,160836639504.1505
2022-09-27,ETH-USD,555088,1214294,,,160370957246.70398
2022-09-28,ETH-USD,472581,1109706,,,161409226528.00845
2022-09-29,ETH-USD,490188,1129558,,,160747318026.76724
2022-09-30,ETH-USD,484535,1225886,,,159956012382.0073
2022-10-01,ETH-USD,485677,1158038,,,158046210965.68835
2022-10-02,ETH-USD,490309,1163876,,,153868849720.1706
2022-10-03,ETH-USD,454753,1307142,,,159637497866.25577
2022-10-04,ETH-USD,478071,1185269,,,164270420163.70605
2022-10-05,ETH-USD,494940,1169356,,,163030726093.85748
2022-10-06,ETH-USD,554370,1202667,,,162886285103.13303
2022-10-07,ETH-USD,543473,1180358,,,160619639646.9276
2022-10-08,ETH-USD,580345,1180084,,,158560294754.82013
2022-10-09,ETH-USD,585311,1068531,,,159218549540.04053
2022-10-10,ETH-USD,596926,1123390,,,155734374063.36224
2022-10-11,ETH-USD,575645,1130309,,,154105075988.12045
2022-10-12,ETH-USD,557899,1074204,,,156044142691.16357
2022-10-13,ETH-USD,533764,1124129,,,155267995652.29407
2022-10-14,ETH-USD,547755,1071895,,,156367235446.19815
2022-10-15,ETH-USD,590641,1037870,,,153676326468.0705
2022-10-16,ETH-USD,495690,980678,,,157366417408.86447
2022-10-17,ETH-USD,478307,1073063,,,160591134989.64197
2022-10-18,ETH-USD,442717,1062562,,,158050545482.52524
2022-10-19,ETH-USD,462799,1088602,,,154838957780.593
2022-10-20,ETH-USD,503252,1155589,,,154504742482.41708
2022-10-21,ETH-USD,489561,1116822,,,156668406866.37732
2022-10-22,ETH-USD,503130,959417,,,158407486649.7441
2022-10-23,ETH-USD,481224,1009771,,,164380433878.0249
2022-10-24,ETH-USD,503643,1039240,,,162053015544.21237
2022-10-25,ETH-USD,477854,1048003,,,176122197681.00943
2022-10-26,ETH-USD,501034,1104723,,,189375934908.9104
2022-10-27,ETH-USD,518491,1111785,,,182569258990.95447
2022-10-28,ETH-USD,461379,1059633,,,187533084412.49283
2022-10-29,ETH-USD,469781,1038800,,,195118077874.3088
2022-10-30,ETH-USD,483185,1033475,,,191577832787.47375
2022-10-31,ETH-USD,476136,1063248,,,189370916640.20215
2022-11-01,ETH-USD,497231,1071986,,,190462397276.42697
2022-11-02,ETH-USD,498423,1015945,,,183149199322.63937
2022-11-03,ETH-USD,511457,1093977,,,184380445920.03815
2022-11-04,ETH-USD,490402,1014135,,,198237008690.3109
2022-11-05,ETH-USD,527978,952067,,,196138698918.0601
2022-11-06,ETH-USD,482454,962845,,,189826866254.16013
2022-11-07,ETH-USD,500251,1106711,,,188921442897.9904
2022-11-08,ETH-USD,478828,1132048,,,160521827828.10617
2022-11-09,ETH-USD,510134,1219648,,,131728579554.4824
2022-11-10,ETH-USD,494968,1184632,,,156379964505.91693
2022-11-11,ETH-USD,508830,1118967,,,154371389527.9132
2022-11-12,ETH-USD,544637,1033438,,,150889054645.8352
2022-11-13,ETH-USD,535954,1133442,,,147050025301.2513
2022-11-14,ETH-USD,549655,1192824,,,149529703828.9566
2022-11-15,ETH-USD,565783,1136911,,,150592840389.7884
2022-11-16,ETH-USD,560372,1083796,,,146404244321.79037
2022-11-17,ETH-USD,566821,1103401,,,144588044483.70236
2022-11-18,ETH-USD,562812,1008485,,,145764195685.7786
2022-11-19,ETH-USD,535697,911890,,,146864792964.89893
2022-11-20,ETH-USD,511794,927233,,,137348810056.5136
2022-11-21,ETH-USD,501171,963954,,,133492534855.2681
2022-11-22,ETH-USD,491439,962924,,,136762648084.0072
2022-11-23,ETH-USD,527114,972566,,,142595414821.49954
2022-11-24,ETH-USD,617123,990202,,,144948545776.6288
2022-11-25,ETH-USD,622610,999123,,,144512436238.45483
2022-11-26,ETH-USD,597731,934988,,,145207140248.84036
2022-11-27,ETH-USD,582750,881336,,,144249485277.48773
2022-11-28,ETH-USD,613370,1087721,,,140881278838.8176
2022-11-29,ETH-USD,573661,1047387,,,146686803345.39725
2022-11-30,ETH-USD,525544,1026508,,,156444791465.81738
2022-12-01,ETH-USD,512900,984139,,,153754220436.7671
2022-12-02,ETH-USD,574442,1032952,,,155823065222.87088
2022-12-03,ETH-USD,595930,963761,,,149563656576.97745
2022-12-04,ETH-USD,631536,962172,,,154277160079.7796
2022-12-05,ETH-USD,541940,1008205,,,151685785494.03207
2022-12-06,ETH-USD,543715,1049066,,,153090877542.4927
2022-12-07,ETH-USD,517420,972121,,,148555152907.67883
2022-12-08,ETH-USD,528926,923887,,,154470856902.57565
2022-12-09,ETH-USD,1505651,1932711,,,152248268252.305
2022-12-10,ETH-USD,733794,1103199,,,152677859894.72507
2022-12-11,ETH-USD,723882,1068092,,,152231868108.20074
2022-12-12,ETH-USD,671702,1182001,,,153643299851.46863
2022-12-13,ETH-USD,554771,1151038,,,159141672924.3717
2022-12-14,ETH-USD,562476,1095120,,,157664918842.08383
2022-12-15,ETH-USD,538073,1080176,,,152359311421.02515
2022-12-16,ETH-USD,559966,1153272,,,140357231411.2079
2022-12-17,ETH-USD,537857,1040618,,,143073670397.44867
2022-12-18,ETH-USD,517630,916817,,,143112266650.2884
2022-12-19,ETH-USD,515433,994746,,,140669961099.47217
2022-12-20,ETH-USD,464890,992470,,,146775184341.36545
2022-12-21,ETH-USD,543410,1029079,,,146123164773.72745
2022-12-22,ETH-USD,522781,989565,,,146662095033.10406
2022-12-23,ETH-USD,522082,1044772,,,147026684681.7293
2022-12-24,ETH-USD,598443,911507,,,147113300786.86923
2022-12-25,ETH-USD,570853,836424,,,146776808441.97678
2022-12-26,ETH-USD,530742,937653,,,147572403933.0898
2022-12-27,ETH-USD,505048,1025274,,,146029584309.57288
2022-12-28,ETH-USD,507677,977389,,,143201142187.14627
2022-12-29,ETH-USD,505412,945627,,,144745504353.9091
2022-12-30,ETH-USD,528156,944771,,,144463686134.88348
2022-12-31,ETH-USD,519100,865806,,,144071759610.4498
2023-01-01,ETH-USD,522460,742785,,,144635534176.36087
2023-01-02,ETH-USD,473406,920276,,,146423295549.03033
2023-01-03,ETH-USD,472981,948116,,,146349341009.2418
2023-01-04,ETH-USD,507141,1046389,,,151374560808.80115
2023-01-05,ETH-USD,626236,1142818,,,150678079502.56467
2023-01-06,ETH-USD,501852,1028132,,,152980209341.53333
2023-01-07,ETH-USD,577380,957607,,,152287577991.347
2023-01-08,ETH-USD,784959,1184114,,,154834843478.67236
2023-01-09,ETH-USD,553880,1093675,,,159170800152.4889
2023-01-10,ETH-USD,520294,1061055,,,160982298017.48215
2023-01-11,ETH-USD,508868,1083178,,,166388176463.8716
2023-01-12,ETH-USD,515485,1085563,,,170802435108.30176
2023-01-13,ETH-USD,508590,1076328,,,174747167488.54327
2023-01-14,ETH-USD,541020,1107804,,,187003107980.06763
2023-01-15,ETH-USD,534997,1000777,,,187091767585.56708
2023-01-16,ETH-USD,518753,1057284,,,190180220044.84912
2023-01-17,ETH-USD,489795,1018353,,,189243812500.60272
2023-01-18,ETH-USD,548397,1118225,,,183190700145.29648
2023-01-19,ETH-USD,502409,1007125,,,186847518595.57727
2023-01-20,ETH-USD,522810,1024504,,,199832810113.94968
2023-01-21,ETH-USD,544098,994076,,,196223567559.4762
2023-01-22,ETH-USD,538685,889814,,,196240874022.45435
2023-01-23,ETH-USD,504730,947725,,,196200710929.0373
2023-01-24,ETH-USD,487133,1032293,,,187257990737.7249
2023-01-25,ETH-USD,495479,1020705,,,193764339634.66672
2023-01-26,ETH-USD,498585,1048864,,,193065121886.63696
2023-01-27,ETH-USD,545774,1100192,,,192592581216.95367
2023-01-28,ETH-USD,516329,964429,,,189238580818.8375
2023-01-29,ETH-USD,511731,998228,,,198410913779.34244
2023-01-30,ETH-USD,516109,1074566,,,188731993435.50787
2023-01-31,ETH-USD,519408,1086364,,,191000455950.1343
2023-02-01,ETH-USD,516810,1064236,,,197878282904.48337
2023-02-02,ETH-USD,501303,1104114,,,198411029308.84253
2023-02-03,ETH-USD,457501,1072608,,,200731055289.71536
2023-02-04,ETH-USD,500595,1064597,,,201385893390.00644
2023-02-05,ETH-USD,537665,1069625,,,196573733122.00424
2023-02-06,ETH-USD,503555,1077149,,,194542326912.55453
2023-02-07,ETH-USD,477571,1142836,,,201583543708.047
2023-02-08,ETH-USD,483612,1121215,,,198870465994.68152
2023-02-09,ETH-USD,475694,1082467,,,186261072070.65182
2023-02-10,ETH-USD,497617,1071635,,,182478878134.89795
2023-02-11,ETH-USD,509167,961493,,,185603684832.60593
2023-02-12,ETH-USD,494505,953020,,,182421319275.8323
2023-02-13,ETH-USD,492362,1054742,,,181510258162.88248
2023-02-14,ETH-USD,537767,1141796,,,187674794282.76428
2023-02-15,ETH-USD,478642,1160879,,,201579180130.9525
2023-02-16,ETH-USD,477690,1138195,,,198087170822.25897
2023-02-17,ETH-USD,471665,1066755,,,204367936526.31567
2023-02-18,ETH-USD,456014,972865,,,203750564961.84805
2023-02-19,ETH-USD,451883,1002399,,,202817955576.06287
2023-02-20,ETH-USD,466024,1059640,,,204945561619.02087
2023-02-21,ETH-USD,482474,1084290,,,199425540811.74323
2023-02-22,ETH-USD,478581,1080839,,,197837484557.214
2023-02-23,ETH-USD,513684,1093537,,,198731777045.41995
2023-02-24,ETH-USD,551238,1095771,,,193778190103.63513
2023-02-25,ETH-USD,569007,995229,,,192043075573.1748
2023-02-26,ETH-USD,566024,982721,,,197666090417.6484
2023-02-27,ETH-USD,524438,1034112,,,196828629198.0312
2023-02-28,ETH-USD,480872,1044634,,,193578342136.6192
2023-03-01,ETH-USD,478680,1081357,,,200208064313.60696
2023-03-02,ETH-USD,514379,1088950,,,198537243456.10547
2023-03-03,ETH-USD,487088,1092189,,,189054958974.782
2023-03-04,ETH-USD,462695,971157,,,188658092486.73752
2023-03-05,ETH-USD,432041,940858,,,188385300743.31204
2023-03-06,ETH-USD,460020,1037182,,,188853195198.278
2023-03-07,ETH-USD,444134,1035152,,,187946252643.70688
2023-03-08,ETH-USD,449531,1011772,,,184835465408.17496
2023-03-09,ETH-USD,460423,1037747,,,173079347246.83615
2023-03-10,ETH-USD,464631,1065950,,,172773752590.0483
2023-03-11,ETH-USD,412067,1031282,,,177954530955.63647
2023-03-12,ETH-USD,481016,974883,,,191114704252.18408
2023-03-13,ETH-USD,584948,1173725,,,202121054849.7573
2023-03-14,ETH-USD,510874,1105574,,,205612921102.0204
2023-03-15,ETH-USD,494979,1076742,,,199412254388.8767
2023-03-16,ETH-USD,467209,1042763,,,202040223238.1152
2023-03-17,ETH-USD,504502,1068367,,,215742537095.5164
2023-03-18,ETH-USD,504683,1023641,,,212531663643.51776
2023-03-19,ETH-USD,491964,992358,,,217034967814.9556
2023-03-20,ETH-USD,524591,1123422,,,209280166576.37723
2023-03-21,ETH-USD,512051,1081542,,,217436527921.22287
2023-03-22,ETH-USD,515905,1073049,,,209386995425.58527
2023-03-23,ETH-USD,518217,1077305,,,219139655128.3379
2023-03-24,ETH-USD,491152,1084231,,,210934603026.43796
2023-03-25,ETH-USD,500188,1052415,,,209891076598.91913
2023-03-26,ETH-USD,484571,1011463,,,214234691791.5515
2023-03-27,ETH-USD,497906,1100122,,,206565105599.9817
2023-03-28,ETH-USD,543283,1149677,,,213796356482.17984
2023-03-29,ETH-USD,583946,1165012,,,216182370570.1352
2023-03-30,ETH-USD,558559,1187924,,,215823973061.25333
2023-03-31,ETH-USD,547486,1150727,,,219701303525.28183
2023-04-01,ETH-USD,500064,1020143,,,219509559004.97415
2023-04-02,ETH-USD,508193,981226,,,216177406933.90988
2023-04-03,ETH-USD,499715,1052294,,,218154253837.05768
2023-04-04,ETH-USD,511592,1068725,,,225018121847.33423
2023-04-05,ETH-USD,517726,1123693,,,230185945121.89304
2023-04-06,ETH-USD,488852,1036898,,,225481749663.00015
2023-04-07,ETH-USD,537161,1043552,,,224788448707.7445
2023-04-08,ETH-USD,510447,924776,,,223030222709.4766
2023-04-09,ETH-USD,518856,956899,,,224159691911.4554
2023-04-10,ETH-USD,548020,1016480,,,230298895987.47327
2023-04-11,ETH-USD,545041,1084502,,,227840913673.7407
2023-04-12,ETH-USD,526191,1021632,,,231459758120.00284
2023-04-13,ETH-USD,576453,1094764,,,242186229717.2689
2023-04-14,ETH-USD,597355,1166392,,,253187814740.4552
2023-04-15,ETH-USD,653705,1056292,,,252253779311.78696
2023-04-16,ETH-USD,559661,854249,,,255248199146.17807
2023-04-17,ETH-USD,457397,1011979,,,250092417761.34344
2023-04-18,ETH-USD,442615,1070108,,,253102962302.76996
2023-04-19,ETH-USD,414942,1085066,,,233176872098.81775
2023-04-20,ETH-USD,428139,1073576,,,233976888241.12833
2023-04-21,ETH-USD,488479,1009840,,,222724217796.26416
2023-04-22,ETH-USD,485507,862010,,,225847086616.82568
2023-04-23,ETH-USD,461961,867666,,,224308503703.0432
2023-04-24,ETH-USD,461974,940804,,,221901259454.5624
2023-04-25,ETH-USD,496299,976311,,,224930155379.3849
2023-04-26,ETH-USD,496218,978121,,,224786252846.51303
2023-04-27,ETH-USD,511244,939262,,,229895931294.32553
2023-04-28,ETH-USD,490402,987649,,,228034148797.65564
2023-04-29,ETH-USD,514443,887098,,,229465042811.35
2023-04-30,ETH-USD,447064,974972,,,227016335265.85257
2023-05-01,ETH-USD,402269,1102060,,,220532041357.25485
2023-05-02,ETH-USD,433988,1127805,,,225399757046.16147
2023-05-03,ETH-USD,452868,1117146,,,229335064621.5764
2023-05-04,ETH-USD,450578,1110210,,,225946703232.19012
2023-05-05,ETH-USD,484923,1208548,,,240191570355.48447
2023-05-06,ETH-USD,409974,1145565,,,228701205587.22748
2023-05-07,ETH-USD,418073,1101487,,,228678322627.42422
2023-05-08,ETH-USD,443089,1145960,,,222639135290.25717
2023-05-09,ETH-USD,454485,1126707,,,222380813666.2703
2023-05-10,ETH-USD,427186,1086375,,,221673226318.57184
2023-05-11,ETH-USD,410160,1099638,,,216019054240.37292
2023-05-12,ETH-USD,462843,1070884,,,217486264559.28372
2023-05-13,ETH-USD,502560,994500,,,216485437794.933
2023-05-14,ETH-USD,517668,992354,,,216520217840.604
2023-05-15,ETH-USD,479793,1091921,,,218846603659.68863
2023-05-16,ETH-USD,438043,1072600,,,219437771917.4551
2023-05-17,ETH-USD,444193,1043585,,,219178923373.99463
2023-05-18,ETH-USD,462762,1054402,,,216961020863.50812
2023-05-19,ETH-USD,452814,1073998,,,218081196173.2672
2023-05-20,ETH-USD,567922,1049772,,,218819026995.8809
2023-05-21,ETH-USD,505370,1014742,,,217271746152.6438
2023-05-22,ETH-USD,440862,1075234,,,218676261430.21008
2023-05-23,ETH-USD,443649,1113165,,,223042212294.4228
2023-05-24,ETH-USD,457564,1054823,,,216612530091.67017
2023-05-25,ETH-USD,457571,1062757,,,217306180550.77856
2023-05-26,ETH-USD,455922,1059510,,,219985152657.12
2023-05-27,ETH-USD,484034,982620,,,220168790721.71988
2023-05-28,ETH-USD,425747,968996,,,229849137198.9388
2023-05-29,ETH-USD,452819,1082245,,,227869845714.73953
2023-05-30,ETH-USD,495825,1190789,,,228582717591.42255
2023-05-31,ETH-USD,485068,1098149,,,225224717650.35773
2023-06-01,ETH-USD,441316,1071180,,,223889913017.2416
2023-06-02,ETH-USD,519377,1102996,,,229308247736.63727
2023-06-03,ETH-USD,520912,1003794,,,227496100926.48004
2023-06-04,ETH-USD,499026,962454,,,227545330604.3444
2023-06-05,ETH-USD,553237,1151611,,,217974645394.80423
2023-06-06,ETH-USD,521356,1095144,,,226439455252.73752
2023-06-07,ETH-USD,534812,1071257,,,220274555389.54214
2023-06-08,ETH-USD,506910,1008582,,,222118399931.13507
2023-06-09,ETH-USD,568104,1046976,,,221058122734.61087
2023-06-10,ETH-USD,645859,1204433,,,210773730172.63528
2023-06-11,ETH-USD,722848,1106073,,,210645679899.25504
2023-06-12,ETH-USD,527637,975959,,,209517882772.38156
2023-06-13,ETH-USD,532081,952433,,,208853423983.95657
2023-06-14,ETH-USD,526308,1023424,,,198419247550.608
2023-06-15,ETH-USD,556918,1110065,,,200065118017.43155
2023-06-16,ETH-USD,570083,1146585,,,206410853327.06427
2023-06-17,ETH-USD,559942,984217,,,207728512253.7632
2023-06-18,ETH-USD,597861,1001818,,,206832440052.9236
2023-06-19,ETH-USD,572877,1046350,,,208619800559.38205
2023-06-20,ETH-USD,501731,1072045,,,215211025530.48657
2023-06-21,ETH-USD,521987,1091714,,,227777401856.2841
2023-06-22,ETH-USD,499018,1052333,,,225378886179.9064
2023-06-23,ETH-USD,538476,1054976,,,227449041504.4228
2023-06-24,ETH-USD,560995,1004563,,,225589631241.08957
2023-06-25,ETH-USD,558073,934895,,,228439884141.67773
2023-06-26,ETH-USD,542329,996984,,,223362583222.23785
2023-06-27,ETH-USD,498328,1067370,,,227135520462.6652
2023-06-28,ETH-USD,502634,1094481,,,220007896539.77493
2023-06-29,ETH-USD,446169,1064346,,,222831902731.0857
2023-06-30,ETH-USD,492936,1129184,,,232622677095.31757
2023-07-01,ETH-USD,496384,1015838,,,231242385064.5171
2023-07-02,ETH-USD,495119,925771,,,232741811436.1607
2023-07-03,ETH-USD,493543,1061564,,,234978806594.91257
2023-07-04,ETH-USD,468826,931944,,,233074157580.20325
2023-07-05,ETH-USD,330408,760586,,,229913487956.26297
2023-07-06,ETH-USD,357008,914280,,,222963240943.95593
2023-07-07,ETH-USD,410247,1038341,,,224758619691.29245
2023-07-08,ETH-USD,441020,1014086,,,224124904986.48044
2023-07-09,ETH-USD,444382,954379,,,223954124896.514
2023-07-10,ETH-USD,505778,1057858,,,226082572900.82047
2023-07-11,ETH-USD,493934,1091428,,,225845007119.83392
2023-07-12,ETH-USD,444909,1041317,,,225028701237.5081
2023-07-13,ETH-USD,461538,1121269,,,240707817829.38803
2023-07-14,ETH-USD,512709,1110332,,,232665531317.1389
2023-07-15,ETH-USD,495888,950700,,,232135247799.63913
2023-07-16,ETH-USD,460558,946750,,,231393974002.21155
2023-07-17,ETH-USD,432935,1036419,,,229919511362.26263
2023-07-18,ETH-USD,495815,1175963,,,228127495082.68542
2023-07-19,ETH-USD,466872,1093783,,,227178590307.35773
2023-07-20,ETH-USD,431813,1049510,,,227473088233.31607
2023-07-21,ETH-USD,462143,1110882,,,227487360984.049
2023-07-22,ETH-USD,432180,1004374,,,223781389161.15216
2023-07-23,ETH-USD,424115,977305,,,226990024193.74527
2023-07-24,ETH-USD,420593,1036300,,,222413222989.67465
2023-07-25,ETH-USD,389259,990249,,,223328577435.86365
2023-07-26,ETH-USD,428906,1029348,,,224964126031.26056
2023-07-27,ETH-USD,414078,998420,,,223504041413.11627
2023-07-28,ETH-USD,423058,1014601,,,225421043603.6854
2023-07-29,ETH-USD,443989,991161,,,226140545788.4908
2023-07-30,ETH-USD,449643,981157,,,223796689527.53195
2023-07-31,ETH-USD,532895,1048101,,,223156114812.3512
2023-08-01,ETH-USD,430764,1068108,,,224454495736.9229
2023-08-02,ETH-USD,439016,1042149,,,221003950761.20663
2023-08-03,ETH-USD,463901,1049539,,,220717455957.0204
2023-08-04,ETH-USD,483717,1075359,,,219558297308.6776
2023-08-05,ETH-USD,456526,1124372,,,220653875630.67236
2023-08-06,ETH-USD,470221,987506,,,219640473195.12836
2023-08-07,ETH-USD,434031,1047336,,,219510411361.94904
2023-08-08,ETH-USD,426439,1098689,,,223216765513.99805
2023-08-09,ETH-USD,479009,1076595,,,223050876575.03653
2023-08-10,ETH-USD,435345,1037733,,,222517266863.16888
2023-08-11,ETH-USD,462207,1050203,,,221999945950.4104
2023-08-12,ETH-USD,456717,972839,,,222244055147.18747
2023-08-13,ETH-USD,472123,920802,,,221085140671.868
2023-08-14,ETH-USD,452925,1009971,,,221672256501.92627
2023-08-15,ETH-USD,450149,1056395,,,219661088203.63315
2023-08-16,ETH-USD,419867,1076026,,,217233014584.67575
2023-08-17,ETH-USD,442604,1065879,,,203038445474.3102
2023-08-18,ETH-USD,466951,1081417,,,199642075197.11533
2023-08-19,ETH-USD,523589,1041484,,,200629823980.3228
2023-08-20,ETH-USD,468619,943440,,,202397927330.03745
2023-08-21,ETH-USD,426008,1010718,,,200440934733.1008
2023-08-22,ETH-USD,412243,1040834,,,196183260267.4045
2023-08-23,ETH-USD,425302,1045220,,,201833969278.93896
2023-08-24,ETH-USD,431316,1055235,,,199158644817.6945
2023-08-25,ETH-USD,420800,1025742,,,198716859248.17233
2023-08-26,ETH-USD,495985,990794,,,197871805108.23734
2023-08-27,ETH-USD,500556,907110,,,199174568417.68716
2023-08-28,ETH-USD,392699,995843,,,198699864913.79327
2023-08-29,ETH-USD,412991,1019692,,,207610901616.7568
2023-08-30,ETH-USD,465457,1027316,,,204976313567.9596
2023-08-31,ETH-USD,454064,1010128,,,197839193427.6484
2023-09-01,ETH-USD,496632,1006635,,,195805173737.25815
2023-09-02,ETH-USD,580665,1024172,,,196784032517.21048
2023-09-03,ETH-USD,590095,1038128,,,196627029264.7671
2023-09-04,ETH-USD,415077,952440,,,195648441580.9122
2023-09-05,ETH-USD,453263,994049,,,196287511882.092
2023-09-06,ETH-USD,472724,1058940,,,196248521706.68457
2023-09-07,ETH-USD,454333,1017089,,,197894159962.4426
2023-09-08,ETH-USD,455177,1014297,,,196729323799.032
2023-09-09,ETH-USD,472142,929400,,,196525701533.39087
2023-09-10,ETH-USD,480768,866548,,,194452705420.8659
2023-09-11,ETH-USD,506669,1021616,,,186270491674.28464
2023-09-12,ETH-USD,580314,1092958,,,191639415690.83713
2023-09-13,ETH-USD,1146469,1627860,,,193288058297.27283
2023-09-14,ETH-USD,496984,1071590,,,195669470003.65356
2023-09-15,ETH-USD,451903,1002709,,,197641881164.86777
2023-09-16,ETH-USD,472439,922374,,,196537335311.30225
2023-09-17,ETH-USD,479039,879624,,,194839363621.79993
2023-09-18,ETH-USD,452238,979571,,,196892190195.89505
2023-09-19,ETH-USD,453301,1002911,,,197595054599.7692
2023-09-20,ETH-USD,462906,1012663,,,195093891420.6436
2023-09-21,ETH-USD,607789,1131119,,,190527878989.11093
2023-09-22,ETH-USD,485197,974991,,,191604397582.13837
2023-09-23,ETH-USD,529009,863503,,,191523484156.38928
2023-09-24,ETH-USD,509942,883746,,,190119910487.46167
2023-09-25,ETH-USD,463901,990751,,,190880225813.88766
2023-09-26,ETH-USD,461614,1041222,,,191420619777.40475
2023-09-27,ETH-USD,480193,1056862,,,191955491423.873
2023-09-28,ETH-USD,482888,1030538,,,198741273785.69464
2023-09-29,ETH-USD,488093,1024678,,,200506542881.6789
2023-09-30,ETH-USD,472166,977771,,,200939047048.93503
2023-10-01,ETH-USD,474950,922694,,,208205738286.41815
2023-10-02,ETH-USD,440326,1016845,,,199987427210.07104
2023-10-03,ETH-USD,452017,1002455,,,199232909522.88464
2023-10-04,ETH-USD,470040,983598,,,198281236469.4382
2023-10-05,ETH-USD,482454,955796,,,193959491197.4659
2023-10-06,ETH-USD,496999,993544,,,197895767703.93903
2023-10-07,ETH-USD,516225,996807,,,196626137809.6751
2023-10-08,ETH-USD,478609,924403,,,196369560847.4066
2023-10-09,ETH-USD,459613,993579,,,189946117818.44528
2023-10-10,ETH-USD,454990,1005950,,,188598423655.27484
2023-10-11,ETH-USD,486645,1005828,,,188238045386.17737
2023-10-12,ETH-USD,478310,1004069,,,184967904211.9864
2023-10-13,ETH-USD,477264,1007291,,,186432435719.51645
2023-10-14,ETH-USD,499942,898577,,,187084692502.79288
2023-10-15,ETH-USD,509670,921231,,,187163539843.90665
2023-10-16,ETH-USD,445496,1027904,,,192540809584.78708
2023-10-17,ETH-USD,469524,1002389,,,188249629388.69485
2023-10-18,ETH-USD,443137,1010682,,,188024935495.8889
2023-10-19,ETH-USD,438038,997931,,,188390109296.98367
2023-10-20,ETH-USD,469116,1087921,,,193099485845.7049
2023-10-21,ETH-USD,467937,987400,,,195889538097.25388
2023-10-22,ETH-USD,466832,980622,,,200014370740.0251
2023-10-23,ETH-USD,443611,1063574,,,212045300673.242
2023-10-24,ETH-USD,462901,1098323,,,214637684002.69644
2023-10-25,ETH-USD,452980,1081158,,,214837299092.8946
2023-10-26,ETH-USD,446883,1091779,,,217040660414.36273
2023-10-27,ETH-USD,431981,1034649,,,214182913255.1461
2023-10-28,ETH-USD,430136,991315,,,213626773392.6663
2023-10-29,ETH-USD,442265,1071556,,,216215228566.22873
2023-10-30,ETH-USD,451831,1094713,,,217618310857.9813
2023-10-31,ETH-USD,443637,1089606,,,218117786556.80875
2023-11-01,ETH-USD,448247,1101380,,,222030361844.8621
2023-11-02,ETH-USD,430684,1045341,,,216393666196.29428
2023-11-03,ETH-USD,449646,1104674,,,220409740045.07367
2023-11-04,ETH-USD,424516,1013882,,,223648007470.49445
2023-11-05,ETH-USD,412472,1034459,,,228101025215.8672
2023-11-06,ETH-USD,425120,1101645,,,228377819924.6528
2023-11-07,ETH-USD,452904,1055975,,,226852300965.668
2023-11-08,ETH-USD,435097,1066274,,,227628332105.04184
2023-11-09,ETH-USD,465799,1125199,,,254460314800.6124
2023-11-10,ETH-USD,503810,1146191,,,250239215675.34256
2023-11-11,ETH-USD,477097,1107685,,,246098573286.51083
2023-11-12,ETH-USD,445257,1061494,,,245931430048.2509
2023-11-13,ETH-USD,404394,1088278,,,248041374424.5866
2023-11-14,ETH-USD,411867,1050000,,,238406304665.33743
2023-11-15,ETH-USD,432358,1075386,,,247282473649.76608
2023-11-16,ETH-USD,447363,1093005,,,235658458179.938
2023-11-17,ETH-USD,442407,1084679,,,235562574722.24765
2023-11-18,ETH-USD,435562,1134614,,,235988486694.27432
2023-11-19,ETH-USD,445712,983460,,,241687427766.12207
2023-11-20,ETH-USD,478802,1151945,,,243425936075.75076
2023-11-21,ETH-USD,454803,1129495,,,233951871053.24167
2023-11-22,ETH-USD,468822,1142003,,,248243755106.72443
2023-11-23,ETH-USD,472550,1123339,,,248100001870.9367
2023-11-24,ETH-USD,459777,1068410,,,250031678627.02356
2023-11-25,ETH-USD,447357,985612,,,250661184415.77808
2023-11-26,ETH-USD,445942,989613,,,248356345002.92224
2023-11-27,ETH-USD,427313,1077314,,,243768743788.73303
2023-11-28,ETH-USD,435397,1155016,,,246470053307.87244
2023-11-29,ETH-USD,435185,1151825,,,243954373407.3826
2023-11-30,ETH-USD,444493,1119717,,,246618749073.38272
2023-12-01,ETH-USD,455498,1119260,,,250829909221.05933
2023-12-02,ETH-USD,448231,1210135,,,260282765586.54865
2023-12-03,ETH-USD,484971,1030989,,,263743672937.45312
2023-12-04,ETH-USD,501479,1158630,,,269084023727.36087
2023-12-05,ETH-USD,478540,1197166,,,275506595270.64545
2023-12-06,ETH-USD,470269,1126986,,,268298419851.9532
2023-12-07,ETH-USD,514384,1159526,,,283052087495.11487
2023-12-08,ETH-USD,512163,1182465,,,283636040794.5392
2023-12-09,ETH-USD,514381,1120555,,,281548755375.92944
2023-12-10,ETH-USD,530417,1129096,,,282638879627.46204
2023-12-11,ETH-USD,477448,1087662,,,267105263406.4986
2023-12-12,ETH-USD,460872,1076667,,,264620982863.85928
2023-12-13,ETH-USD,436280,1081514,,,271782996002.96616
2023-12-14,ETH-USD,472896,1157276,,,278832103880.7036
2023-12-15,ETH-USD,460372,1162222,,,267032304913.82004
2023-12-16,ETH-USD,422688,1056961,,,267414141169.10107
2023-12-17,ETH-USD,473059,1081782,,,264449372810.90555
2023-12-18,ETH-USD,469668,1137970,,,266343025922.6493
2023-12-19,ETH-USD,494272,1153138,,,261549539421.9816
2023-12-20,ETH-USD,548565,1246531,,,263923558093.5524
2023-12-21,ETH-USD,567353,1242003,,,268946081401.91785
2023-12-22,ETH-USD,559864,1205712,,,279589971631.7469
2023-12-23,ETH-USD,520957,1121929,,,277753859978.12036
2023-12-24,ETH-USD,527103,1140411,,,272609588572.65408
2023-12-25,ETH-USD,522614,1102694,,,273335490769.7156
2023-12-26,ETH-USD,513646,1116447,,,267950445079.74304
2023-12-27,ETH-USD,505094,1137685,,,285871524727.5289
2023-12-28,ETH-USD,543618,1185508,,,282608964784.6786
2023-12-29,ETH-USD,480676,1110469,,,275939133740.6993
2023-12-30,ETH-USD,514594,1090893,,,275676714946.2193
2023-12-31,ETH-USD,503085,1061956,,,273914618990.41263
2024-01-01,ETH-USD,562773,1101465,,,282133427486.7092
2024-01-02,ETH-USD,512753,1128657,,,283359366280.1601
2024-01-03,ETH-USD,477192,1092220,,,265293790915.38193
2024-01-04,ETH-USD,475972,1116573,,,273086305344.0916
2024-01-05,ETH-USD,489211,1069252,,,272541767132.76257
2024-01-06,ETH-USD,483964,994947,,,269092350636.286
2024-01-07,ETH-USD,523419,1049831,,,266630923706.5044
2024-01-08,ETH-USD,508589,1073535,,,280311865330.14355
2024-01-09,ETH-USD,512092,1078832,,,281196631712.77386
2024-01-10,ETH-USD,624690,1247106,,,311381248197.2948
2024-01-11,ETH-USD,596971,1209246,,,314726093675.1405
2024-01-12,ETH-USD,579744,1209875,,,302760352950.6545
2024-01-13,ETH-USD,495542,1212202,,,310078136113.07623
2024-01-14,ETH-USD,403225,1961144,,,297947123167.01917
2024-01-15,ETH-USD,522570,1154132,,,301989720118.87885
2024-01-16,ETH-USD,460330,1269778,,,311342907184.1429
2024-01-17,ETH-USD,452249,1181029,,,303399684626.2461
2024-01-18,ETH-USD,499927,1204406,,,296451109518.5997
2024-01-19,ETH-USD,526104,1173934,,,299252917420.53406
2024-01-20,ETH-USD,538236,1062400,,,296812121980.3945
2024-01-21,ETH-USD,546924,1119258,,,294994205694.8564
2024-01-22,ETH-USD,516458,1076456,,,277883337589.31256
2024-01-23,ETH-USD,525689,1083406,,,269085896661.34576
2024-01-24,ETH-USD,498167,1080129,,,268446522806.09372
2024-01-25,ETH-USD,544086,1173661,,,266576971912.11264
2024-01-26,ETH-USD,548880,1172353,,,272440807967.29376
2024-01-27,ETH-USD,604147,1147736,,,272413026523.31415
2024-01-28,ETH-USD,569471,1128110,,,271028865337.021
2024-01-29,ETH-USD,555438,1115710,,,278222075744.9288
2024-01-30,ETH-USD,542307,1190513,,,282234361424.04767
2024-01-31,ETH-USD,515245,1137621,,,274526642060.58865
2024-02-01,ETH-USD,496021,1127338,,,276445467080.7744
2024-02-02,ETH-USD,508866,1108172,,,277170806876.5261
2024-02-03,ETH-USD,495027,1054604,,,275808350629.1824
2024-02-04,ETH-USD,543243,1049649,,,274931718349.56335
2024-02-05,ETH-USD,549186,1120237,,,276043369834.7498
2024-02-06,ETH-USD,495537,1080846,,,285347504304.1385
2024-02-07,ETH-USD,489939,1143018,,,291407572330.25616
2024-02-08,ETH-USD,456068,1052168,,,291061290860.5217
2024-02-09,ETH-USD,470607,1075272,,,299329979260.55786
2024-02-10,ETH-USD,472368,1010940,,,300496508640.79877
2024-02-11,ETH-USD,507304,1027275,,,300969179572.92676
2024-02-12,ETH-USD,505729,984284,,,319034809846.93195
2024-02-13,ETH-USD,522147,1102512,,,317056189146.52496
2024-02-14,ETH-USD,550218,1130386,,,333999821754.63165
2024-02-15,ETH-USD,534338,1153897,,,339527152869.9586
2024-02-16,ETH-USD,545912,1179007,,,336797511655.58655
2024-02-17,ETH-USD,535786,1078511,,,334867852776.84424
2024-02-18,ETH-USD,504340,1093072,,,345753391043.1903
2024-02-19,ETH-USD,537690,1146697,,,354316704848.2192
2024-02-20,ETH-USD,535843,1149756,,,362195802464.8157
2024-02-21,ETH-USD,494220,1100360,,,356289925059.19507
2024-02-22,ETH-USD,480307,1082822,,,357178747700.27185
2024-02-23,ETH-USD,525471,1159988,,,351251792800.3474
2024-02-24,ETH-USD,542711,1101339,,,359292541323.70953
2024-02-25,ETH-USD,563938,1102202,,,373901389054.7964
2024-02-26,ETH-USD,566336,1187460,,,381602696978.15137
2024-02-27,ETH-USD,571866,1219667,,,389821991485.6635
2024-02-28,ETH-USD,583458,1227000,,,405699438502.2144
2024-02-29,ETH-USD,568518,1236458,,,402515295030.96954
2024-03-01,ETH-USD,567634,1205380,,,413070896780.6687
2024-03-02,ETH-USD,569559,1210225,,,410917409695.5157
2024-03-03,ETH-USD,591186,1182830,,,418373036856.6305
2024-03-04,ETH-USD,588463,1267200,,,436161092897.6109
2024-03-05,ETH-USD,582912,1303724,,,426791266257.23566
2024-03-06,ETH-USD,548248,1218992,,,458939871618.8594
2024-03-07,ETH-USD,574568,1228816,,,464677599356.7701
2024-03-08,ETH-USD,561713,1212254,,,467872395755.07965
2024-03-09,ETH-USD,553560,1160185,,,470114946488.1761
2024-03-10,ETH-USD,539361,1157440,,,465068887749.35565
2024-03-11,ETH-USD,595781,1245874,,,489142422840.4447
2024-03-12,ETH-USD,578377,1232719,,,476900334294.7112
2024-03-13,ETH-USD,603003,1277221,,,480908185956.49365
2024-03-14,ETH-USD,612536,1300877,,,466280907046.3074
2024-03-15,ETH-USD,675933,1312102,,,448743632254.6925
2024-03-16,ETH-USD,670469,1275332,,,422628470884.0994
2024-03-17,ETH-USD,664906,1204019,,,436914677347.14233
2024-03-18,ETH-USD,659801,1281387,,,423880484898.4879
2024-03-19,ETH-USD,650497,1377677,,,380151343242.56384
2024-03-20,ETH-USD,692050,1370939,,,422563427536.4576
2024-03-21,ETH-USD,690508,1331198,,,419014699224.6883
2024-03-22,ETH-USD,696307,1323924,,,398278418620.5121
2024-03-23,ETH-USD,700773,1297609,,,402826224098.83325
2024-03-24,ETH-USD,679695,1230758,,,414906995990.66846
2024-03-25,ETH-USD,660352,1279190,,,431793897935.0968
2024-03-26,ETH-USD,608189,1315082,,,431468093653.6476
2024-03-27,ETH-USD,573286,1272273,,,420064182413.07715
2024-03-28,ETH-USD,596032,1287078,,,428203988053.25446
2024-03-29,ETH-USD,642512,1304561,,,422216663301.2888
2024-03-30,ETH-USD,650692,1239605,,,421001603763.6652
2024-03-31,ETH-USD,653977,1245309,,,437637607654.5576
2024-04-01,ETH-USD,611993,1245715,,,421518400640.9793
2024-04-02,ETH-USD,546109,1239577,,,394198014695.4116
2024-04-03,ETH-USD,537711,1211600,,,398308647929.8092
2024-04-04,ETH-USD,569904,1234719,,,399572072652.4788
2024-04-05,ETH-USD,599968,1242174,,,399078541470.1697
2024-04-06,ETH-USD,628725,1201522,,,404429950925.5345
2024-04-07,ETH-USD,622065,1177838,,,413954386217.284
2024-04-08,ETH-USD,598540,1221235,,,444293084869.32416
2024-04-09,ETH-USD,565994,1226401,,,420164384263.2175
2024-04-10,ETH-USD,590235,1207941,,,425217575814.1802
2024-04-11,ETH-USD,582348,1213672,,,420750811051.75946
2024-04-12,ETH-USD,633107,1322052,,,388428557773.26245
2024-04-13,ETH-USD,576579,1162426,,,363861021415.1023
2024-04-14,ETH-USD,578258,1133064,,,379290245495.98035
2024-04-15,ETH-USD,600397,1187906,,,372597525247.19354
2024-04-16,ETH-USD,623665,1178451,,,370845872685.86017
2024-04-17,ETH-USD,620637,1245968,,,358407794282.978
2024-04-18,ETH-USD,609816,1235484,,,368371393128.8903
2024-04-19,ETH-USD,580759,1182165,,,366954029574.24335
2024-04-20,ETH-USD,635686,1152540,,,378914210958.9692
2024-04-21,ETH-USD,606734,1133785,,,377974604229.94794
2024-04-22,ETH-USD,565977,1178253,,,384960384027.46893
2024-04-23,ETH-USD,558590,1199365,,,386402185570.29224
2024-04-24,ETH-USD,539490,1171434,,,376228123879.4441
2024-04-25,ETH-USD,565454,1186539,,,379269960296.0585
2024-04-26,ETH-USD,615496,1177416,,,375855424827.6707
2024-04-27,ETH-USD,622222,1103918,,,390659207165.8136
2024-04-28,ETH-USD,631340,1140939,,,391842597626.8832
2024-04-29,ETH-USD,634789,1224677,,,386753524919.1743
2024-04-30,ETH-USD,615440,1262466,,,361775569243.8784
2024-05-01,ETH-USD,589497,1206626,,,356726195602.6768
2024-05-02,ETH-USD,631566,1223696,,,358917057221.0322
2024-05-03,ETH-USD,626688,1194608,,,373196143883.5149
2024-05-04,ETH-USD,647201,1163073,,,374336891693.3599
2024-05-05,ETH-USD,634400,1145911,,,376981046697.4079
2024-05-06,ETH-USD,605873,1190232,,,368423882518.27655
2024-05-07,ETH-USD,605694,1231931,,,362079795679.0039
2024-05-08,ETH-USD,588088,1159221,,,356770689460.95996
2024-05-09,ETH-USD,579657,1126649,,,364472369946.59753
2024-05-10,ETH-USD,611791,1154535,,,349629483363.76556
2024-05-11,ETH-USD,595395,1113685,,,349690007700.89264
2024-05-12,ETH-USD,617082,1055429,,,352003901545.8455
2024-05-13,ETH-USD,575636,1163122,,,354167408644.9484
2024-05-14,ETH-USD,583373,1182521,,,346070984481.23694
2024-05-15,ETH-USD,613829,1197067,,,363830966552.9596
2024-05-16,ETH-USD,604917,1218766,,,353324561848.84485
2024-05-17,ETH-USD,569230,1112590,,,371486331178.9644
2024-05-18,ETH-USD,641401,1082308,,,375108822274.84827
2024-05-19,ETH-USD,579016,1022057,,,368816741820.6226
2024-05-20,ETH-USD,546790,1124081,,,439907646002.6881
2024-05-21,ETH-USD,560062,1198696,,,456126094381.7448
2024-05-22,ETH-USD,552922,1188672,,,449413617718.1221
2024-05-23,ETH-USD,519468,1156304,,,452538666485.0124
2024-05-24,ETH-USD,553536,1164101,,,447869134955.31824
2024-05-25,ETH-USD,598267,1157033,,,450284938731.4552
2024-05-26,ETH-USD,533284,1139013,,,459478056408.91113
2024-05-27,ETH-USD,498242,1159616,,,467072767784.0712
2024-05-28,ETH-USD,461484,1105315,,,461937527003.6465
2024-05-29,ETH-USD,520099,1172771,,,452931893656.4989
2024-05-30,ETH-USD,495167,1149944,,,450249699917.0199
2024-05-31,ETH-USD,505517,1175396,,,451203485747.2596
2024-06-01,ETH-USD,490287,1119675,,,458164117547.7568
2024-06-02,ETH-USD,476034,1076974,,,454319407953.3998
2024-06-03,ETH-USD,474371,1152786,,,452663028946.5335
2024-06-04,ETH-USD,516994,1164380,,,458039955478.5173
2024-06-05,ETH-USD,483558,1178477,,,464187491775.9396
2024-06-06,ETH-USD,475215,1154720,,,458004828021.4691
2024-06-07,ETH-USD,510663,1184232,,,442155533054.29376
2024-06-08,ETH-USD,540011,1156305,,,442174089685.6215
2024-06-09,ETH-USD,540061,1142399,,,445259002298.5613
2024-06-10,ETH-USD,511530,1180168,,,440522177604.3931
2024-06-11,ETH-USD,504409,1177067,,,420283177735.6964
2024-06-12,ETH-USD,532832,1224208,,,427867901336.1545
2024-06-13,ETH-USD,535451,1230853,,,416969718407.8417
2024-06-14,ETH-USD,532661,1184071,,,418156652882.03424
2024-06-15,ETH-USD,574241,1137118,,,428721299337.08954
2024-06-16,ETH-USD,588379,1123092,,,434969448760.20264
2024-06-17,ETH-USD,520331,1143178,,,421737502289.85925
2024-06-18,ETH-USD,490549,1147395,,,417913151349.3612
2024-06-19,ETH-USD,511058,1127592,,,427521731914.37714
2024-06-20,ETH-USD,504589,1150083,,,422130592195.4088
2024-06-21,ETH-USD,663885,1263722,,,422814275905.84454
2024-06-22,ETH-USD,808983,1316624,,,420166839186.0901
2024-06-23,ETH-USD,588860,1095704,,,411012084269.7799
2024-06-24,ETH-USD,562076,1158931,,,402331050309.6946
2024-06-25,ETH-USD,597376,1193832,,,407749479274.09955
2024-06-26,ETH-USD,633829,1248199,,,404902380073.452
2024-06-27,ETH-USD,538256,1173697,,,413903975260.2951
2024-06-28,ETH-USD,561733,1175815,,,405371148774.94336
2024-06-29,ETH-USD,656977,1142572,,,405471140680.0986
2024-06-30,ETH-USD,580898,1122964,,,413216154556.00806
2024-07-01,ETH-USD,547334,1155552,,,413192586128.4048
2024-07-02,ETH-USD,539489,1135937,,,410837991835.3708
2024-07-03,ETH-USD,498539,1151881,,,395999802973.48645
2024-07-04,ETH-USD,572314,1241195,,,370287628113.0997
2024-07-05,ETH-USD,569838,1237133,,,358938533149.40094
2024-07-06,ETH-USD,613236,1137910,,,368764270834.07086
2024-07-07,ETH-USD,567737,1028463,,,352537910982.17975
2024-07-08,ETH-USD,542605,1137702,,,363073291737.08496
2024-07-09,ETH-USD,540111,1151773,,,368334006224.79834
2024-07-10,ETH-USD,527292,1175636,,,372784136927.5169
2024-07-11,ETH-USD,548429,1191567,,,372271460544.9565
2024-07-12,ETH-USD,609220,1187556,,,376310638133.1629
2024-07-13,ETH-USD,610493,1144551,,,382506762321.85455
2024-07-14,ETH-USD,497263,1083062,,,391507735299.6585
2024-07-15,ETH-USD,505297,1156258,,,419321807455.40344
2024-07-16,ETH-USD,517949,1199035,,,414366986650.648
2024-07-17,ETH-USD,463312,1187616,,,408045422254.2497
2024-07-18,ETH-USD,476042,1182695,,,412501147202.1565
2024-07-19,ETH-USD,510183,1143619,,,421689382751.8767
2024-07-20,ETH-USD,571318,1106348,,,423268912049.97534
2024-07-21,ETH-USD,533075,1110007,,,424467907087.11774
2024-07-22,ETH-USD,497445,1151384,,,413829175436.46155
2024-07-23,ETH-USD,520567,1153608,,,418740518223.13
2024-07-24,ETH-USD,531361,1134655,,,400591335012.1584
2024-07-25,ETH-USD,504084,1125280,,,381600624988.4637
2024-07-26,ETH-USD,540778,1138693,,,394258867942.0465
2024-07-27,ETH-USD,494615,1073935,,,391301038823.5371
2024-07-28,ETH-USD,536213,1041777,,,393282639767.9759
2024-07-29,ETH-USD,512372,1093737,,,399598754284.12085
2024-07-30,ETH-USD,503262,1167025,,,393957363297.6566
2024-07-31,ETH-USD,488443,1166240,,,388620837000.78546
2024-08-01,ETH-USD,435221,1125933,,,385201842134.8623
2024-08-02,ETH-USD,454772,1087561,,,358959439474.1413
2024-08-03,ETH-USD,546458,1087774,,,349318922552.1244
2024-08-04,ETH-USD,566158,1043193,,,324513685553.4667
2024-08-05,ETH-USD,449721,1133164,,,292736211216.7566
2024-08-06,ETH-USD,502856,1130468,,,295671092390.3347
2024-08-07,ETH-USD,484440,1123175,,,282167773982.83136
2024-08-08,ETH-USD,451579,1097066,,,323107370461.5184
2024-08-09,ETH-USD,482592,1100553,,,311841508207.4857
2024-08-10,ETH-USD,576076,1051563,,,313522194925.6644
2024-08-11,ETH-USD,500704,985147,,,307770132274.1938
2024-08-12,ETH-USD,422856,1060624,,,328203972885.00903
2024-08-13,ETH-USD,474971,1088875,,,325041062370.70465
2024-08-14,ETH-USD,646570,1278666,,,320750225027.4541
2024-08-15,ETH-USD,603353,1252405,,,309567186768.5115
2024-08-16,ETH-USD,541263,1111995,,,312068346098.84955
2024-08-17,ETH-USD,565404,1003438,,,314202244706.5862
2024-08-18,ETH-USD,519567,1029131,,,315725181970.07935
2024-08-19,ETH-USD,461113,1042805,,,316593478589.2941
2024-08-20,ETH-USD,463357,1070613,,,310114926714.1484
2024-08-21,ETH-USD,488674,1084041,,,316170790110.0504
2024-08-22,ETH-USD,506943,1093186,,,315564643953.7959
2024-08-23,ETH-USD,510832,1125193,,,332751686029.2792
2024-08-24,ETH-USD,556174,1088203,,,332270007563.224
2024-08-25,ETH-USD,495871,973412,,,331812475171.8516
2024-08-26,ETH-USD,538097,1114163,,,323181574471.2665
2024-08-27,ETH-USD,531187,1132797,,,296118474824.2554
2024-08-28,ETH-USD,496801,1149274,,,304319633711.4737
2024-08-29,ETH-USD,534339,1153728,,,304049253762.82007
2024-08-30,ETH-USD,525769,1133892,,,304010215004.2873
2024-08-31,ETH-USD,539031,1012648,,,302404962628.9931
2024-09-01,ETH-USD,548611,1011212,,,291888730978.41626
2024-09-02,ETH-USD,488354,1086384,,,305449971682.2064
2024-09-03,ETH-USD,488483,1129081,,,293567769986.86053
2024-09-04,ETH-USD,458154,1108873,,,295152108259.7269
2024-09-05,ETH-USD,463343,1121084,,,284837870532.2597
2024-09-06,ETH-USD,489148,1124382,,,267203613611.2012
2024-09-07,ETH-USD,505206,1115728,,,273117974171.01453
2024-09-08,ETH-USD,559292,1085480,,,276779516155.09094
2024-09-09,ETH-USD,486100,1158357,,,284242156425.72394
2024-09-10,ETH-USD,497278,1166560,,,287553193101.97217
2024-09-11,ETH-USD,549027,1170510,,,281877527115.5231
2024-09-12,ETH-USD,487221,1168620,,,284292384180.27655
2024-09-13,ETH-USD,499824,1158069,,,293978531237.75934
2024-09-14,ETH-USD,525764,1095765,,,290905084608.5816
2024-09-15,ETH-USD,541610,1086732,,,279129181412.0127
2024-09-16,ETH-USD,435137,1101816,,,276233121779.67773
2024-09-17,ETH-USD,464540,1144470,,,281276774462.6376
2024-09-18,ETH-USD,420578,1132760,,,283896012352.4696
2024-09-19,ETH-USD,416530,1178603,,,297094101910.98175
2024-09-20,ETH-USD,422622,1156825,,,307483300282.57947
2024-09-21,ETH-USD,416815,1082726,,,313505708721.1024
2024-09-22,ETH-USD,436396,1063818,,,310664830437.2192
2024-09-23,ETH-USD,418609,1135378,,,318710888119.03357
2024-09-24,ETH-USD,446356,1144263,,,319618885344.8603
2024-09-25,ETH-USD,440864,1151716,,,309907024636.3572
2024-09-26,ETH-USD,448101,1151158,,,316518278860.16187
2024-09-27,ETH-USD,508839,1202550,,,324764834411.3466
2024-09-28,ETH-USD,534530,1113743,,,321941093577.7301
2024-09-29,ETH-USD,497779,1116620,,,319731539277.40314
2024-09-30,ETH-USD,509251,1195210,,,312507752368.3626
2024-10-01,ETH-USD,552048,1266656,,,294884112787.54395
2024-10-02,ETH-USD,496823,1156600,,,285047578229.9768
2024-10-03,ETH-USD,521417,1161490,,,282816296178.15625
2024-10-04,ETH-USD,471079,1139613,,,290720008630.0188
2024-10-05,ETH-USD,438550,1099244,,,290627796115.9307
2024-10-06,ETH-USD,423173,1069768,,,293543027384.27985
2024-10-07,ETH-USD,441087,1154423,,,292108827728.6864
2024-10-08,ETH-USD,434713,1156248,,,293676090545.9238
2024-10-09,ETH-USD,482632,1182083,,,284959407727.0504
2024-10-10,ETH-USD,454242,1154738,,,286761992454.95807
2024-10-11,ETH-USD,485939,1227069,,,293453002360.952
2024-10-12,ETH-USD,497572,1159085,,,298337352024.39526
2024-10-13,ETH-USD,457774,1060369,,,296763578519.60724
2024-10-14,ETH-USD,498392,1173591,,,316723416119.08167
2024-10-15,ETH-USD,516385,1212877,,,313065171034.6308
2024-10-16,ETH-USD,491597,1156834,,,314448361978.7216
2024-10-17,ETH-USD,543592,1247886,,,313397275781.6164
2024-10-18,ETH-USD,573519,1330449,,,317996852908.5302
2024-10-19,ETH-USD,599089,1250641,,,318994159518.0482
2024-10-20,ETH-USD,533726,1177600,,,330606073081.3672
2024-10-21,ETH-USD,538679,1185104,,,321125083058.70917
2024-10-22,ETH-USD,536229,1181372,,,315826703067.41315
2024-10-23,ETH-USD,509138,1137763,,,303598048935.06506
2024-10-24,ETH-USD,502403,1132267,,,304861088396.8319
2024-10-25,ETH-USD,502861,1143624,,,290787456359.99664
2024-10-26,ETH-USD,505976,1098532,,,298662865481.7372
2024-10-27,ETH-USD,431241,965098,,,302029158631.4021
2024-10-28,ETH-USD,458684,1053714,,,308979261142.2668
2024-10-29,ETH-USD,523376,1173025,,,317294896754.4211
2024-10-30,ETH-USD,443016,1106479,,,320386378855.9679
2024-10-31,ETH-USD,485178,1085336,,,303162417730.1748
2024-11-01,ETH-USD,481430,1101047,,,302529813604.33514
2024-11-02,ETH-USD,490886,1073738,,,299690521991.276
2024-11-03,ETH-USD,502616,1114734,,,295568420811.89246
2024-11-04,ETH-USD,464007,1121115,,,288598001643.8693
2024-11-05,ETH-USD,475308,1105923,,,292492486815.86835
2024-11-06,ETH-USD,479645,1195439,,,327897815326.4345
2024-11-07,ETH-USD,513491,1223300,,,348237840807.7831
2024-11-08,ETH-USD,525242,1228931,,,356476942981.42303
2024-11-09,ETH-USD,500755,1154408,,,378124013838.337
2024-11-10,ETH-USD,524956,1211713,,,383852713613.0474
2024-11-11,ETH-USD,561074,1276334,,,405854148949.8291
2024-11-12,ETH-USD,545638,1288787,,,391991047220.5879
2024-11-13,ETH-USD,527943,1270183,,,384249676096.5301
2024-11-14,ETH-USD,548302,1284085,,,368052105425.6652
2024-11-15,ETH-USD,569301,1244665,,,372997067016.5456
2024-11-16,ETH-USD,578354,1241006,,,377447692617.369
2024-11-17,ETH-USD,569177,1204729,,,369721912999.73846
2024-11-18,ETH-USD,532913,1229167,,,384019481513.0885
2024-11-19,ETH-USD,545199,1222473,,,374738660843.9252
2024-11-20,ETH-USD,562785,1243428,,,370122608291.947
2024-11-21,ETH-USD,573282,1266953,,,405278021400.7592
2024-11-22,ETH-USD,608783,1301173,,,400470836802.45776
2024-11-23,ETH-USD,595219,1277757,,,409145330054.09735
2024-11-24,ETH-USD,564490,1207132,,,405117163298.96954
2024-11-25,ETH-USD,584087,1292463,,,413072700314.51807
2024-11-26,ETH-USD,561936,1265769,,,400379210555.13184
2024-11-27,ETH-USD,598038,1275842,,,441904667909.9972
2024-11-28,ETH-USD,616324,1256719,,,431672033883.0947
2024-11-29,ETH-USD,589287,1279446,,,433049458432.7085
2024-11-30,ETH-USD,551474,1232587,,,447217174034.19434
2024-12-01,ETH-USD,579646,1228535,,,447568370464.17694
2024-12-02,ETH-USD,592286,1341788,,,438053517371.3857
2024-12-03,ETH-USD,583738,1349338,,,436466212365.0526
2024-12-04,ETH-USD,598566,1339995,,,463052919644.99744
2024-12-05,ETH-USD,609650,1344520,,,457034528335.8656
2024-12-06,ETH-USD,603641,1330997,,,483385937275.64087
2024-12-07,ETH-USD,614603,1243988,,,482514557816.418
2024-12-08,ETH-USD,593007,1224361,,,481973081589.4537
2024-12-09,ETH-USD,569276,1329408,,,447348069106.66315
2024-12-10,ETH-USD,610919,1379827,,,437492479767.7199
2024-12-11,ETH-USD,595689,1297795,,,462124687406.1028
2024-12-12,ETH-USD,632555,1350929,,,466967569634.08954
2024-12-13,ETH-USD,625658,1280204,,,470393467949.4728
2024-12-14,ETH-USD,595321,1238981,,,465961343138.5415
2024-12-15,ETH-USD,572588,1199954,,,475491607016.499
2024-12-16,ETH-USD,584730,1288678,,,481217094886.3859
2024-12-17,ETH-USD,633135,1319728,,,467074887893.40814
2024-12-18,ETH-USD,586437,1288421,,,438024679134.84814
2024-12-19,ETH-USD,593388,1281658,,,413132323994.2394
2024-12-20,ETH-USD,617940,1327871,,,418150864664.7876
2024-12-21,ETH-USD,636495,1257560,,,400969520706.1277
2024-12-22,ETH-USD,661932,1254501,,,394894186314.8426
2024-12-23,ETH-USD,644736,1306194,,,412263743127.97894
2024-12-24,ETH-USD,681144,1263508,,,420971791008.40106
2024-12-25,ETH-USD,647401,1206212,,,420498466993.79016
2024-12-26,ETH-USD,575672,1208665,,,400566123859.3728
2024-12-27,ETH-USD,597038,1240371,,,400194315735.0154
2024-12-28,ETH-USD,559493,1193108,,,409236197679.3016
2024-12-29,ETH-USD,563774,1199862,,,403199812594.48224
2024-12-30,ETH-USD,568891,1240007,,,404234637885.7718
2024-12-31,ETH-USD,550052,1248109,,,401467403901.5209
2020-01-01,XRP-USD,2928,966483,,,19210688798.24296
2020-01-02,XRP-USD,3914,946340,,,18685601035.1218
2020-01-03,XRP-USD,3935,906016,,,19282611942.145737
2020-01-04,XRP-USD,3372,1066546,,,19259264389.960743
2020-01-05,XRP-USD,4023,1677839,,,19416969923.96215
2020-01-06,XRP-USD,10851,2718592,,,22157754000.199463
2020-01-07,XRP-USD,10272,2996525,,,21381905923.17064
2020-01-08,XRP-USD,8978,1439675,,,20766126759.09143
2020-01-09,XRP-USD,9438,1656530,,,20327345581.494625
2020-01-10,XRP-USD,9530,1129579,,,21135499943.477535
2020-01-11,XRP-USD,3489,836659,,,21190497636.100857
2020-01-12,XRP-USD,4283,822417,,,21461832829.108524
2020-01-13,XRP-USD,3491,822022,,,21154274296.235237
2020-01-14,XRP-USD,5149,938725,,,23552374530.44852
2020-01-15,XRP-USD,5020,962556,,,23285430205.170425
2020-01-16,XRP-USD,4074,863197,,,22861909788.59305
2020-01-17,XRP-USD,4573,930524,,,23914981348.109337
2020-01-18,XRP-USD,39140,1065129,,,24375689674.507145
2020-01-19,XRP-USD,14765,1008329,,,23532186938.267223
2020-01-20,XRP-USD,3859,892857,,,23329407964.66736
2020-01-21,XRP-USD,3849,879979,,,23715810764.46516
2020-01-22,XRP-USD,3660,853354,,,23570262093.730167
2020-01-23,XRP-USD,3575,915869,,,22497311653.80545
2020-01-24,XRP-USD,3597,880160,,,22157843816.735935
2020-01-25,XRP-USD,2945,849540,,,21985354880.482647
2020-01-26,XRP-USD,3126,835171,,,22998887217.083527
2020-01-27,XRP-USD,3772,864650,,,23071298857.91749
2020-01-28,XRP-USD,4069,930312,,,23839549296.739017
2020-01-29,XRP-USD,4338,768230,,,23586954178.355804
2020-01-30,XRP-USD,4328,885929,,,24395964474.32913
2020-01-31,XRP-USD,4291,926993,,,23900020171.70728
2020-02-01,XRP-USD,21166,875421,,,24119840475.33731
2020-02-02,XRP-USD,26509,930276,,,25121306429.58157
2020-02-03,XRP-USD,27922,1011197,,,25370888109.818546
2020-02-04,XRP-USD,99954,1037430,,,26513802187.480465
2020-02-05,XRP-USD,5908,1001700,,,27852318040.095303
2020-02-06,XRP-USD,43017,941620,,,28293195834.529503
2020-02-07,XRP-USD,153344,967219,,,27943016722.280518
2020-02-08,XRP-USD,4429,777436,,,27812417791.4362
2020-02-09,XRP-USD,4785,811667,,,28293656421.107475
2020-02-10,XRP-USD,4702,852163,,,27398884679.907803
2020-02-11,XRP-USD,4865,881425,,,28202089099.75704
2020-02-12,XRP-USD,6366,866249,,,30597719006.714806
2020-02-13,XRP-USD,7787,923846,,,32737547706.410706
2020-02-14,XRP-USD,35381,867720,,,33630974221.71631
2020-02-15,XRP-USD,156514,999414,,,30830282295.625072
2020-02-16,XRP-USD,5167,890594,,,29447002066.209454
2020-02-17,XRP-USD,5109,929793,,,28660785919.01009
2020-02-18,XRP-USD,60756,927370,,,29936066444.519848
2020-02-19,XRP-USD,232064,1043313,,,27751518473.638687
2020-02-20,XRP-USD,6389,885116,,,27208746817.490894
2020-02-21,XRP-USD,5970,828082,,,27537854944.355164
2020-02-22,XRP-USD,3860,823616,,,27505344494.141617
2020-02-23,XRP-USD,4795,867145,,,28371175769.64113
2020-02-24,XRP-USD,4457,887244,,,26910645832.426723
2020-02-25,XRP-USD,4714,857715,,,25355162441.58295
2020-02-26,XRP-USD,5533,966706,,,23098154050.101566
2020-02-27,XRP-USD,4869,969216,,,23747305381.097874
2020-02-28,XRP-USD,4317,924968,,,23762989771.732384
2020-02-29,XRP-USD,3821,853022,,,23111697517.814224
2020-03-01,XRP-USD,3625,876212,,,22770108370.81
2020-03-02,XRP-USD,4259,836673,,,23920692751.050774
2020-03-03,XRP-USD,4401,853071,,,23443272499.344105
2020-03-04,XRP-USD,4273,829501,,,23448115132.203323
2020-03-05,XRP-USD,4347,844264,,,23893336530.812355
2020-03-06,XRP-USD,5814,846112,,,24427004285.74122
2020-03-07,XRP-USD,6734,901199,,,23684884796.999004
2020-03-08,XRP-USD,7025,969029,,,20596188759.00154
2020-03-09,XRP-USD,8693,971171,,,20849132833.00979
2020-03-10,XRP-USD,4681,884190,,,21167607377.150997
2020-03-11,XRP-USD,4253,906483,,,20805352435.26396
2020-03-12,XRP-USD,8671,1248005,,,13989690518.78606
2020-03-13,XRP-USD,8468,1931360,,,16082751908.459297
2020-03-14,XRP-USD,5500,855538,,,14508571979.488567
2020-03-15,XRP-USD,5314,1005696,,,15293240412.902546
2020-03-16,XRP-USD,6795,1089757,,,14031701116.881392
2020-03-17,XRP-USD,6104,931780,,,14936569717.227669
2020-03-18,XRP-USD,6616,925181,,,14701737277.201166
2020-03-19,XRP-USD,7679,1026660,,,16577261866.754633
2020-03-20,XRP-USD,6779,1100629,,,15578055826.7121
2020-03-21,XRP-USD,5186,1008525,,,15805513344.195309
2020-03-22,XRP-USD,5297,1000423,,,14799870180.321436
2020-03-23,XRP-USD,5673,988269,,,15885652481.51848
2020-03-24,XRP-USD,6060,941419,,,16313415137.592484
2020-03-25,XRP-USD,5328,889117,,,16167790959.220833
2020-03-26,XRP-USD,5488,959859,,,17667212289.329
2020-03-27,XRP-USD,6374,1005602,,,17798825733.89615
2020-03-28,XRP-USD,4999,933819,,,17562402949.259953
2020-03-29,XRP-USD,4775,954085,,,16347635884.622736
2020-03-30,XRP-USD,6026,901864,,,17195521765.899082
2020-03-31,XRP-USD,6360,899087,,,17463581673.735954
2020-04-01,XRP-USD,5312,933797,,,17543686391.61317
2020-04-02,XRP-USD,6040,928220,,,17815299865.515427
2020-04-03,XRP-USD,5383,883075,,,17941436249.771008
2020-04-04,XRP-USD,4642,888736,,,18131900490.51248
2020-04-05,XRP-USD,4430,880811,,,17936932686.798283
2020-04-06,XRP-USD,5958,961497,,,19693824356.989532
2020-04-07,XRP-USD,5878,1030360,,,19260877575.432274
2020-04-08,XRP-USD,5289,994842,,,20217468035.572968
2020-04-09,XRP-USD,5345,959588,,,19889524417.932285
2020-04-10,XRP-USD,5211,1028186,,,18762984835.26354
2020-04-11,XRP-USD,4111,1021885,,,18789388992.83732
2020-04-12,XRP-USD,4186,1001683,,,19084907801.063816
2020-04-13,XRP-USD,4696,1045902,,,18838162209.63876
2020-04-14,XRP-USD,4850,968328,,,18629471408.58755
2020-04-15,XRP-USD,5078,993281,,,18074365637.31652
2020-04-16,XRP-USD,5330,1005273,,,19117003264.28207
2020-04-17,XRP-USD,5046,975305,,,19029499773.192448
2020-04-18,XRP-USD,4920,934079,,,19551166736.046597
2020-04-19,XRP-USD,4641,929407,,,19029790581.78477
2020-04-20,XRP-USD,5554,950744,,,18190987545.072006
2020-04-21,XRP-USD,5151,902512,,,18397328258.365547
2020-04-22,XRP-USD,5196,964012,,,18828101073.477016
2020-04-23,XRP-USD,5869,986506,,,19256964534.94294
2020-04-24,XRP-USD,5527,991738,,,19314701608.071457
2020-04-25,XRP-USD,5300,1000573,,,19408300866.52537
2020-04-26,XRP-USD,5333,988561,,,19701400552.79437
2020-04-27,XRP-USD,6004,993677,,,19751300337.250328
2020-04-28,XRP-USD,7055,994634,,,21601434839.53137
2020-04-29,XRP-USD,8856,1042078,,,22652518250.044407
2020-04-30,XRP-USD,8835,1092922,,,21210336192.70749
2020-05-01,XRP-USD,115658,915398,,,21813440082.329487
2020-05-02,XRP-USD,80323,1023094,,,22364739866.749016
2020-05-03,XRP-USD,5627,921467,,,21958562044.79929
2020-05-04,XRP-USD,6177,970282,,,21813165449.86062
2020-05-05,XRP-USD,5993,962772,,,21639885412.689217
2020-05-06,XRP-USD,6705,943083,,,21504748541.819614
2020-05-07,XRP-USD,7169,961479,,,21881708993.0862
2020-05-08,XRP-USD,7317,916584,,,21931046669.312695
2020-05-09,XRP-USD,6269,1100614,,,21711382261.75781
2020-05-10,XRP-USD,7396,1147287,,,19707655319.469616
2020-05-11,XRP-USD,7312,1040179,,,19256783412.218937
2020-05-12,XRP-USD,6683,1039791,,,19723705975.973568
2020-05-13,XRP-USD,6925,997922,,,20213015057.886185
2020-05-14,XRP-USD,7603,1004812,,,20415092114.287575
2020-05-15,XRP-USD,7230,986488,,,19827675112.32226
2020-05-16,XRP-USD,6088,920467,,,19994006563.726887
2020-05-17,XRP-USD,6441,907598,,,20133326781.746685
2020-05-18,XRP-USD,6851,927034,,,20504837833.441902
2020-05-19,XRP-USD,6586,922535,,,20472186917.803253
2020-05-20,XRP-USD,7106,886763,,,20163845864.463512
2020-05-21,XRP-USD,6912,896365,,,19443489228.33948
2020-05-22,XRP-USD,7052,890696,,,20014728411.37969
2020-05-23,XRP-USD,6296,851412,,,19904541123.787235
2020-05-24,XRP-USD,6043,848278,,,19413502827.643597
2020-05-25,XRP-USD,8896,837758,,,19626546577.84541
2020-05-26,XRP-USD,7206,807625,,,19369772262.422794
2020-05-27,XRP-USD,6983,872258,,,19739970369.11936
2020-05-28,XRP-USD,6827,851543,,,20036868485.95973
2020-05-29,XRP-USD,5759,858967,,,19746416367.815033
2020-05-30,XRP-USD,5137,888856,,,20687907945.60244
2020-05-31,XRP-USD,6295,920846,,,20214473586.746227
2020-06-01,XRP-USD,7301,918536,,,21140306076.892445
2020-06-02,XRP-USD,8146,926183,,,20249785942.421795
2020-06-03,XRP-USD,7075,851754,,,20379839443.505905
2020-06-04,XRP-USD,7316,849954,,,20454076761.35548
2020-06-05,XRP-USD,6964,897598,,,20299844399.60848
2020-06-06,XRP-USD,6794,903754,,,20369620260.266327
2020-06-07,XRP-USD,6288,939853,,,20312658848.1994
2020-06-08,XRP-USD,6937,896156,,,20389653387.223663
2020-06-09,XRP-USD,7523,947364,,,20163659745.11501
2020-06-10,XRP-USD,7367,927453,,,20270319249.875153
2020-06-11,XRP-USD,8016,919418,,,18835237277.020847
2020-06-12,XRP-USD,6930,883405,,,19273171025.156384
2020-06-13,XRP-USD,6101,834617,,,19235390560.08981
2020-06-14,XRP-USD,6104,887832,,,19037292521.172424
2020-06-15,XRP-USD,7471,945924,,,19271136030.73438
2020-06-16,XRP-USD,6587,944982,,,19217530325.773212
2020-06-17,XRP-USD,6191,967788,,,19308420316.58584
2020-06-18,XRP-USD,6573,886288,,,18997695181.920467
2020-06-19,XRP-USD,7949,935582,,,18692452110.378414
2020-06-20,XRP-USD,5531,942938,,,18797260763.17894
2020-06-21,XRP-USD,6189,877787,,,18573383419.576157
2020-06-22,XRP-USD,8111,895860,,,18972341426.708626
2020-06-23,XRP-USD,7290,825897,,,18871945014.87262
2020-06-24,XRP-USD,7502,812545,,,18354418105.501175
2020-06-25,XRP-USD,5450,791299,,,18153566998.86011
2020-06-26,XRP-USD,5519,806205,,,18272652809.706146
2020-06-27,XRP-USD,5274,806706,,,17528855650.043983
2020-06-28,XRP-USD,5064,790909,,,17679481051.27904
2020-06-29,XRP-USD,5355,799609,,,17735885202.471535
2020-06-30,XRP-USD,5656,763751,,,17524605884.206364
2020-07-01,XRP-USD,5971,767518,,,17673625408.182228
2020-07-02,XRP-USD,5604,814712,,,17498263547.97283
2020-07-03,XRP-USD,5657,802766,,,17614700910.851665
2020-07-04,XRP-USD,5392,802269,,,17796733753.40439
2020-07-05,XRP-USD,5092,812849,,,17692725493.387165
2020-07-06,XRP-USD,6408,794970,,,18848003106.25961
2020-07-07,XRP-USD,6029,800445,,,18489853777.40415
2020-07-08,XRP-USD,8022,937324,,,20440816016.21667
2020-07-09,XRP-USD,7246,958448,,,20218017737.37732
2020-07-10,XRP-USD,6015,883117,,,19889555667.457363
2020-07-11,XRP-USD,5467,905293,,,20128734244.165703
2020-07-12,XRP-USD,5256,890796,,,20064631986.773804
2020-07-13,XRP-USD,6476,912523,,,19853279144.34671
2020-07-14,XRP-USD,6124,890350,,,19919804392.92592
2020-07-15,XRP-USD,6340,850444,,,19716115179.472546
2020-07-16,XRP-USD,6408,866758,,,19389781680.521896
2020-07-17,XRP-USD,6123,948795,,,19450194530.660553
2020-07-18,XRP-USD,5772,892252,,,19994206776.007328
2020-07-19,XRP-USD,5652,888460,,,19975585145.02776
2020-07-20,XRP-USD,5990,934620,,,19471732520.75357
2020-07-21,XRP-USD,6432,944898,,,19915814360.748226
2020-07-22,XRP-USD,6192,916039,,,20398153446.94796
2020-07-23,XRP-USD,7567,915728,,,20804265280.077244
2020-07-24,XRP-USD,6756,865162,,,20444536234.094757
2020-07-25,XRP-USD,6820,909126,,,21463578440.397305
2020-07-26,XRP-USD,7508,888982,,,21550801584.489414
2020-07-27,XRP-USD,8226,961835,,,22495725086.79753
2020-07-28,XRP-USD,8528,874023,,,23121147956.51492
2020-07-29,XRP-USD,9816,915727,,,24348141812.11352
2020-07-30,XRP-USD,8813,880570,,,24547182269.362038
2020-07-31,XRP-USD,8879,907727,,,25941926587.081432
2020-08-01,XRP-USD,12220,982726,,,29183378777.020767
2020-08-02,XRP-USD,11985,1174145,,,28761378462.640953
2020-08-03,XRP-USD,11842,1321620,,,30924572045.388206
2020-08-04,XRP-USD,10488,1266460,,,30088210783.055237
2020-08-05,XRP-USD,9287,1259290,,,30280994490.3296
2020-08-06,XRP-USD,9440,1210623,,,30318411105.779816
2020-08-07,XRP-USD,9424,1306844,,,29487201899.9334
2020-08-08,XRP-USD,8186,1249758,,,29385110971.83957
2020-08-09,XRP-USD,8387,1278731,,,28796678063.261696
2020-08-10,XRP-USD,9103,1275115,,,29450017758.523384
2020-08-11,XRP-USD,8878,1345418,,,28344033762.287323
2020-08-12,XRP-USD,8748,1296149,,,28220103860.08012
2020-08-13,XRP-USD,9501,1287485,,,29391016503.468285
2020-08-14,XRP-USD,10059,1314142,,,30020295819.921646
2020-08-15,XRP-USD,7815,1294226,,,29959198614.787563
2020-08-16,XRP-USD,7658,1270863,,,30204819116.7349
2020-08-17,XRP-USD,9775,1299354,,,31665524013.500584
2020-08-18,XRP-USD,9163,1273785,,,30295114466.35108
2020-08-19,XRP-USD,8789,1254795,,,29009708873.562653
2020-08-20,XRP-USD,8397,1305472,,,29215662263.10805
2020-08-21,XRP-USD,9005,1273156,,,27927112653.082626
2020-08-22,XRP-USD,8631,1334514,,,28546533439.415253
2020-08-23,XRP-USD,8624,1283294,,,28567299309.027924
2020-08-24,XRP-USD,9587,1255223,,,28917955393.266247
2020-08-25,XRP-USD,9580,958125,,,27759316047.80069
2020-08-26,XRP-USD,8688,1282839,,,27685169544.85331
2020-08-27,XRP-USD,8998,1305602,,,26394379550.342297
2020-08-28,XRP-USD,10755,1170438,,,27166314324.341175
2020-08-29,XRP-USD,8724,1308679,,,27452764864.923332
2020-08-30,XRP-USD,9676,1248458,,,28257894855.134964
2020-08-31,XRP-USD,10127,1255187,,,28223960542.799625
2020-09-01,XRP-USD,13243,1266872,,,29662433848.191902
2020-09-02,XRP-USD,9338,1155609,,,27652723380.93969
2020-09-03,XRP-USD,9025,1158623,,,24784495888.277847
2020-09-04,XRP-USD,9179,1334935,,,25459561776.649506
2020-09-05,XRP-USD,8052,1443342,,,23578274375.33661
2020-09-06,XRP-USD,7247,1338969,,,24008540779.11844
2020-09-07,XRP-USD,7425,1331243,,,24196764131.07805
2020-09-08,XRP-USD,6925,1307482,,,23598063899.08347
2020-09-09,XRP-USD,7044,1084436,,,23897435486.380116
2020-09-10,XRP-USD,7289,1008312,,,24291086567.111694
2020-09-11,XRP-USD,6660,985473,,,24299415300.10246
2020-09-12,XRP-USD,6181,962128,,,24747996771.388737
2020-09-13,XRP-USD,5933,977495,,,24183714860.91104
2020-09-14,XRP-USD,6453,991115,,,24553700773.485287
2020-09-15,XRP-USD,6589,991448,,,24289036563.90385
2020-09-16,XRP-USD,6701,1001351,,,24733063381.802837
2020-09-17,XRP-USD,6933,1019487,,,25238928107.85804
2020-09-18,XRP-USD,7194,968611,,,24962507213.062386
2020-09-19,XRP-USD,6523,966249,,,25126846959.93834
2020-09-20,XRP-USD,5725,956220,,,24610911014.42204
2020-09-21,XRP-USD,6893,977144,,,23188216588.131947
2020-09-22,XRP-USD,6390,966235,,,23263456688.621777
2020-09-23,XRP-USD,6562,883652,,,22134594242.084377
2020-09-24,XRP-USD,7069,951755,,,23291554455.48803
2020-09-25,XRP-USD,6973,976506,,,24169626611.647137
2020-09-26,XRP-USD,6473,984349,,,24166583385.97207
2020-09-27,XRP-USD,5793,900592,,,24216625111.740448
2020-09-28,XRP-USD,6543,942336,,,24207169212.042965
2020-09-29,XRP-USD,6399,954659,,,24297713814.106125
2020-09-30,XRP-USD,6583,946437,,,24157640682.554333
2020-10-01,XRP-USD,6984,926901,,,23795718825.004967
2020-10-02,XRP-USD,6891,985341,,,23389567513.476368
2020-10-03,XRP-USD,5794,969149,,,23306757002.56002
2020-10-04,XRP-USD,6083,977335,,,24804196640.995544
2020-10-05,XRP-USD,7297,989433,,,24991117536.8653
2020-10-06,XRP-USD,6909,915395,,,24526609133.97076
2020-10-07,XRP-USD,5974,920361,,,24825439247.07927
2020-10-08,XRP-USD,5746,897421,,,25130724284.12132
2020-10-09,XRP-USD,5953,759558,,,25328494791.441383
2020-10-10,XRP-USD,5770,820182,,,25425296588.442436
2020-10-11,XRP-USD,5474,858706,,,25526351254.27709
2020-10-12,XRP-USD,6338,869063,,,25574272812.909492
2020-10-13,XRP-USD,6078,861681,,,25628247097.41738
2020-10-14,XRP-USD,6009,885892,,,24922680962.904224
2020-10-15,XRP-USD,6083,902172,,,24573668624.37703
2020-10-16,XRP-USD,6445,816598,,,24029617993.00799
2020-10-17,XRP-USD,6151,784599,,,24073282754.998425
2020-10-18,XRP-USD,5730,731971,,,24201105568.82088
2020-10-19,XRP-USD,6824,814038,,,24613286113.076485
2020-10-20,XRP-USD,6450,898636,,,24373609473.25639
2020-10-21,XRP-USD,7177,862704,,,25158375588.193623
2020-10-22,XRP-USD,7509,877153,,,25720847137.643147
2020-10-23,XRP-USD,6517,865697,,,25496184150.83786
2020-10-24,XRP-USD,5554,857686,,,25610259230.888073
2020-10-25,XRP-USD,5840,856216,,,25314985895.693527
2020-10-26,XRP-USD,6761,861345,,,24880023998.70789
2020-10-27,XRP-USD,6791,862843,,,25250041271.263683
2020-10-28,XRP-USD,6721,879624,,,24625778691.99607
2020-10-29,XRP-USD,6544,841173,,,24265138600.895092
2020-10-30,XRP-USD,7282,870851,,,23941697430.471745
2020-10-31,XRP-USD,6550,875593,,,23989192952.37521
2020-11-01,XRP-USD,5888,843807,,,23987350988.64016
2020-11-02,XRP-USD,7162,859011,,,23544838449.760487
2020-11-03,XRP-USD,7319,906552,,,23974365885.661465
2020-11-04,XRP-USD,6301,887968,,,23773105110.473873
2020-11-05,XRP-USD,7480,927125,,,24584627532.46588
2020-11-06,XRP-USD,8397,903297,,,25916413165.73108
2020-11-07,XRP-USD,7256,949128,,,24961362389.563725
2020-11-08,XRP-USD,6043,862349,,,25404018757.113495
2020-11-09,XRP-USD,7178,815230,,,25067537779.72693
2020-11-10,XRP-USD,7359,920699,,,25471160378.275543
2020-11-11,XRP-USD,7294,897466,,,25598778389.169647
2020-11-12,XRP-USD,7008,837428,,,25486653502.27236
2020-11-13,XRP-USD,7998,915229,,,26472877250.315216
2020-11-14,XRP-USD,7710,927737,,,26869900245.156563
2020-11-15,XRP-USD,7459,904102,,,26983872482.316463
2020-11-16,XRP-USD,9238,898058,,,28790512636.82656
2020-11-17,XRP-USD,12394,898491,,,30258798990.163376
2020-11-18,XRP-USD,10559,886636,,,29419126356.65348
2020-11-19,XRP-USD,9867,890695,,,30226536224.273087
2020-11-20,XRP-USD,11709,847388,,,32826538092.110703
2020-11-21,XRP-USD,24420,1010274,,,46203060999.050995
2020-11-22,XRP-USD,22663,1234201,,,44754717506.216675
2020-11-23,XRP-USD,28192,981985,,,60910067437.94057
2020-11-24,XRP-USD,41758,1532629,,,69977109755.47606
2020-11-25,XRP-USD,26740,1501352,,,63325706499.66648
2020-11-26,XRP-USD,23610,1869508,,,53035727059.21617
2020-11-27,XRP-USD,16501,1282566,,,55667356402.01035
2020-11-28,XRP-USD,17758,1273015,,,62871301820.34971
2020-11-29,XRP-USD,15977,1222255,,,60610909040.84349
2020-11-30,XRP-USD,19979,1242611,,,66733576412.57889
2020-12-01,XRP-USD,20312,1243533,,,61288853775.59275
2020-12-02,XRP-USD,17357,1139350,,,63193412772.5248
2020-12-03,XRP-USD,18716,1103969,,,63099589430.42248
2020-12-04,XRP-USD,18875,1186576,,,55780363088.10506
2020-12-05,XRP-USD,16978,1157642,,,58171602110.01107
2020-12-06,XRP-USD,19429,1196311,,,62093890043.43279
2020-12-07,XRP-USD,20717,1119946,,,60831326327.950096
2020-12-08,XRP-USD,21675,1216680,,,55948595073.1824
2020-12-09,XRP-USD,26260,1286851,,,58420074739.65518
2020-12-10,XRP-USD,32338,1222107,,,57599799430.393936
2020-12-11,XRP-USD,46157,1185400,,,55215006719.70486
2020-12-12,XRP-USD,28397,1164024,,,50761420052.63961
2020-12-13,XRP-USD,17365,1046855,,,51067035683.93674
2020-12-14,XRP-USD,15068,1012574,,,49920266890.46343
2020-12-15,XRP-USD,14440,1079999,,,46878426074.82207
2020-12-16,XRP-USD,17420,1276585,,,55599878950.556046
2020-12-17,XRP-USD,20972,1380533,,,57690571305.60072
2020-12-18,XRP-USD,14361,1200841,,,58128493129.0427
2020-12-19,XRP-USD,12825,1123389,,,57989014815.8157
2020-12-20,XRP-USD,11531,1199747,,,55775110254.92067
2020-12-21,XRP-USD,12985,1256496,,,51956939017.743614
2020-12-22,XRP-USD,22902,1452094,,,44731537596.12562
2020-12-23,XRP-USD,41864,2279984,,,26558877093.60656
2020-12-24,XRP-USD,27674,2132710,,,34947598768.77544
2020-12-25,XRP-USD,19661,2039008,,,31277103230.85916
2020-12-26,XRP-USD,16528,1572752,,,29450398161.41656
2020-12-27,XRP-USD,16369,1512048,,,28556987330.99017
2020-12-28,XRP-USD,18573,1499919,,,24402264788.277573
2020-12-29,XRP-USD,40164,2241030,,,21819512040.600227
2020-12-30,XRP-USD,22693,1886340,,,21144297382.11489
2020-12-31,XRP-USD,19463,1492645,,,22099775690.5006
2021-01-01,XRP-USD,18157,1478057,,,23675729069.38705
2021-01-02,XRP-USD,19416,1445938,,,22084168423.463203
2021-01-03,XRP-USD,21818,1423465,,,22697316038.74482
2021-01-04,XRP-USD,22116,1593846,,,23588380834.28515
2021-01-05,XRP-USD,23621,1472627,,,22597986474.285976
2021-01-06,XRP-USD,25769,1738031,,,25083869167.26596
2021-01-07,XRP-USD,33070,2216167,,,31939884521.652767
2021-01-08,XRP-USD,24403,1811176,,,31905866853.920067
2021-01-09,XRP-USD,20019,1436249,,,32800786480.322285
2021-01-10,XRP-USD,20850,1711137,,,31539130512.84523
2021-01-11,XRP-USD,20265,2009167,,,28745623029.228928
2021-01-12,XRP-USD,18307,1508550,,,29022593391.082687
2021-01-13,XRP-USD,19193,1375221,,,30575122241.87292
2021-01-14,XRP-USD,20539,1363531,,,29533893094.828
2021-01-15,XRP-USD,14639,1335018,,,27873171481.052208
2021-01-16,XRP-USD,13728,1343449,,,28013667273.98276
2021-01-17,XRP-USD,13205,1305952,,,27831711728.323452
2021-01-18,XRP-USD,15922,1296644,,,28481205367.806538
2021-01-19,XRP-USD,19904,1438706,,,29611079706.572273
2021-01-20,XRP-USD,13492,1294610,,,29472241194.301197
2021-01-21,XRP-USD,11228,1434122,,,26935040265.124012
2021-01-22,XRP-USD,10476,1498625,,,27248264756.555836
2021-01-23,XRP-USD,9467,1288457,,,27124790376.153454
2021-01-24,XRP-USD,9538,1233761,,,27359122798.98958
2021-01-25,XRP-USD,10383,1268592,,,26850827783.82742
2021-01-26,XRP-USD,9543,1223389,,,26895523225.153843
2021-01-27,XRP-USD,9554,1233321,,,25119942346.42337
2021-01-28,XRP-USD,11511,1328700,,,26682891975.38259
2021-01-29,XRP-USD,16383,1747412,,,28312450758.22876
2021-01-30,XRP-USD,34810,2082925,,,43236813622.06996
2021-01-31,XRP-USD,43912,1967170,,,49293009481.972336
2021-02-01,XRP-USD,66711,2656556,,,37849942880.38037
2021-02-02,XRP-USD,22241,1658134,,,37288832877.69226
2021-02-03,XRP-USD,17527,1319823,,,39753898465.847046
2021-02-04,XRP-USD,19483,1506655,,,45288013581.86108
2021-02-05,XRP-USD,17437,1372858,,,44984085630.95369
2021-02-06,XRP-USD,15692,1277329,,,44353600600.53409
2021-02-07,XRP-USD,16070,1360827,,,42139560143.15585
2021-02-08,XRP-USD,17257,1331103,,,45047828139.02983
2021-02-09,XRP-USD,19490,1266808,,,47279953438.52776
2021-02-10,XRP-USD,20386,1503817,,,50823886675.5269
2021-02-11,XRP-USD,19007,1238319,,,52630515108.26445
2021-02-12,XRP-USD,22548,1389561,,,61060166384.84692
2021-02-13,XRP-USD,22538,1470161,,,63310460522.99255
2021-02-14,XRP-USD,18625,1372485,,,59629745307.55086
2021-02-15,XRP-USD,18150,1451339,,,55398151522.46559
2021-02-16,XRP-USD,17661,1289361,,,52040994771.39547
2021-02-17,XRP-USD,16496,1214188,,,53857074534.74848
2021-02-18,XRP-USD,16372,1101637,,,53265217458.028755
2021-02-19,XRP-USD,16835,1145721,,,56687322467.35344
2021-02-20,XRP-USD,19355,1201504,,,51163840679.03483
2021-02-21,XRP-USD,18570,1114042,,,54682604266.990585
2021-02-22,XRP-USD,23763,1590066,,,56790385825.710686
2021-02-23,XRP-USD,19230,1773502,,,47078903822.22248
2021-02-24,XRP-USD,15356,1287184,,,46931437711.7042
2021-02-25,XRP-USD,13112,1193173,,,44023045145.19288
2021-02-26,XRP-USD,13055,1277707,,,42721455996.71578
2021-02-27,XRP-USD,12575,1193617,,,43539186128.13308
2021-02-28,XRP-USD,11999,1265216,,,41756956751.43014
2021-03-01,XRP-USD,12716,1182739,,,44680970440.427895
2021-03-02,XRP-USD,12291,1172779,,,43535389207.10322
2021-03-03,XRP-USD,13487,1153982,,,45112425429.64525
2021-03-04,XRP-USD,14226,1187599,,,47617913051.5185
2021-03-05,XRP-USD,12201,1144732,,,45599572817.32041
2021-03-06,XRP-USD,10606,1090312,,,46306003474.62384
2021-03-07,XRP-USD,11015,1081416,,,46512394621.31021
2021-03-08,XRP-USD,12550,1076792,,,47438722603.49458
2021-03-09,XRP-USD,13955,1117143,,,48373173956.7555
2021-03-10,XRP-USD,12584,1102338,,,46297048857.73272
2021-03-11,XRP-USD,12319,1119496,,,45264190380.52288
2021-03-12,XRP-USD,12333,1123236,,,43911760489.83756
2021-03-13,XRP-USD,12944,1163172,,,46004228492.86037
2021-03-14,XRP-USD,12273,1138309,,,44435435716.66958
2021-03-15,XRP-USD,12484,1149329,,,43795969367.17033
2021-03-16,XRP-USD,14281,1239851,,,46075415742.13812
2021-03-17,XRP-USD,12938,1094683,,,46973645615.769035
2021-03-18,XRP-USD,12434,945429,,,46991433176.102585
2021-03-19,XRP-USD,11492,1000485,,,46770830723.6071
2021-03-20,XRP-USD,14603,1224288,,,52622573573.97996
2021-03-21,XRP-USD,12961,1114496,,,51948785689.94407
2021-03-22,XRP-USD,17603,1178040,,,55091425910.7621
2021-03-23,XRP-USD,14819,1074013,,,55338946499.708046
2021-03-24,XRP-USD,13331,1062848,,,48404170289.72252
2021-03-25,XRP-USD,12485,1118643,,,51192289912.97227
2021-03-26,XRP-USD,12248,1088081,,,56440121209.201965
2021-03-27,XRP-USD,10910,1038839,,,55007892878.32064
2021-03-28,XRP-USD,10611,1017870,,,54700670338.403114
2021-03-29,XRP-USD,11255,1019670,,,56511040273.058205
2021-03-30,XRP-USD,12518,1034163,,,56290729668.50893
2021-03-31,XRP-USD,12854,1071540,,,56972839552.90032
2021-04-01,XRP-USD,13247,1126674,,,56941722945.58587
2021-04-02,XRP-USD,13387,1143998,,,60363810365.37388
2021-04-03,XRP-USD,15479,1124774,,,58225670590.93692
2021-04-04,XRP-USD,12708,1082330,,,62939503250.486626
2021-04-05,XRP-USD,31958,1473080,,,89870570344.62088
2021-04-06,XRP-USD,39352,1691132,,,107934487826.09988
2021-04-07,XRP-USD,25369,1527902,,,93088901627.62318
2021-04-08,XRP-USD,20044,1148588,,,105072742168.12672
2021-04-09,XRP-USD,20702,1145414,,,102601195100.75504
2021-04-10,XRP-USD,35174,1337710,,,136632123385.72449
2021-04-11,XRP-USD,36008,1353726,,,135079554665.17722
2021-04-12,XRP-USD,28145,1218731,,,145255067035.4514
2021-04-13,XRP-USD,50500,1392213,,,177931034589.9203
2021-04-14,XRP-USD,44573,1424663,,,183211725641.74203
2021-04-15,XRP-USD,32433,1248435,,,176008493607.23883
2021-04-16,XRP-USD,37075,1408274,,,157656214845.55936
2021-04-17,XRP-USD,27078,1309209,,,155363305703.34036
2021-04-18,XRP-USD,31989,1495300,,,141864805174.9242
2021-04-19,XRP-USD,30326,1335734,,,131886754639.28111
2021-04-20,XRP-USD,33825,1361763,,,138330859367.0103
2021-04-21,XRP-USD,29352,1263263,,,130260893670.19775
2021-04-22,XRP-USD,26072,1318747,,,117179197937.6312
2021-04-23,XRP-USD,29494,1441023,,,115492093856.7078
2021-04-24,XRP-USD,21184,1160347,,,106078402007.58672
2021-04-25,XRP-USD,21219,1120385,,,103420283441.69376
2021-04-26,XRP-USD,24709,1213276,,,134546459982.55928
2021-04-27,XRP-USD,23932,1151979,,,140358034000.17877
2021-04-28,XRP-USD,20679,1107210,,,136099650416.4282
2021-04-29,XRP-USD,19564,1051496,,,139474739005.2169
2021-04-30,XRP-USD,26488,1086283,,,158968041048.57153
2021-05-01,XRP-USD,21280,1044542,,,165323176837.01505
2021-05-02,XRP-USD,19464,1003859,,,155855218068.37183
2021-05-03,XRP-USD,23543,1030504,,,155926630157.18045
2021-05-04,XRP-USD,25741,1209616,,,140242331271.5252
2021-05-05,XRP-USD,27339,1197017,,,160774805043.66058
2021-05-06,XRP-USD,29299,1199487,,,160946660281.62308
2021-05-07,XRP-USD,25587,1154976,,,157806681742.53418
2021-05-08,XRP-USD,24216,1064119,,,156850580854.42545
2021-05-09,XRP-USD,24296,1099656,,,153436725711.86145
2021-05-10,XRP-USD,31481,1202109,,,139873300583.80893
2021-05-11,XRP-USD,26957,1167342,,,146917462110.07727
2021-05-12,XRP-USD,25596,1208664,,,131185875862.45377
2021-05-13,XRP-USD,29345,1298134,,,134308246357.46004
2021-05-14,XRP-USD,24920,1140408,,,140501195475.30084
2021-05-15,XRP-USD,22293,1188868,,,148935446829.92053
2021-05-16,XRP-USD,23091,1196270,,,144690031353.6914
2021-05-17,XRP-USD,24692,1236905,,,149152036577.72177
2021-05-18,XRP-USD,23798,1082359,,,158222482062.3996
2021-05-19,XRP-USD,28672,1195431,,,111130802896.70451
2021-05-20,XRP-USD,26048,1080972,,,117965853128.28752
2021-05-21,XRP-USD,23253,1001378,,,99759266425.14813
2021-05-22,XRP-USD,20924,968624,,,91488344341.12512
2021-05-23,XRP-USD,25097,1070922,,,79517155487.65045
2021-05-24,XRP-USD,22135,1054793,,,96720235467.73245
2021-05-25,XRP-USD,18521,1018585,,,97079790057.50125
2021-05-26,XRP-USD,17265,917291,,,102946404788.25082
2021-05-27,XRP-USD,15393,863800,,,97149630232.30728
2021-05-28,XRP-USD,15326,920142,,,89182793148.96819
2021-05-29,XRP-USD,12862,898631,,,83256618051.28723
2021-05-30,XRP-USD,12369,842271,,,90433942583.33693
2021-05-31,XRP-USD,15141,877952,,,103806241129.5442
2021-06-01,XRP-USD,15019,858436,,,100987627498.78613
2021-06-02,XRP-USD,14912,761979,,,102445330830.54584
2021-06-03,XRP-USD,14614,741613,,,104684009390.45592
2021-06-04,XRP-USD,14039,795002,,,96949205908.00323
2021-06-05,XRP-USD,11897,805446,,,91926207931.55766
2021-06-06,XRP-USD,11676,723727,,,93854461118.2195
2021-06-07,XRP-USD,13913,798676,,,86167197117.95908
2021-06-08,XRP-USD,17648,831305,,,87563765087.96425
2021-06-09,XRP-USD,16732,799842,,,90644944589.82303
2021-06-10,XRP-USD,16007,770317,,,87377564027.71335
2021-06-11,XRP-USD,14250,770571,,,84526215225.63495
2021-06-12,XRP-USD,11701,761132,,,83520374212.43578
2021-06-13,XRP-USD,10390,746195,,,88223327569.94162
2021-06-14,XRP-USD,12262,733088,,,89045512880.41472
2021-06-15,XRP-USD,11976,737950,,,86947968999.13866
2021-06-16,XRP-USD,11141,715628,,,83070317253.26978
2021-06-17,XRP-USD,11561,723499,,,83988729991.54652
2021-06-18,XRP-USD,11016,745177,,,79532403824.73
2021-06-19,XRP-USD,9415,802655,,,76134381387.34238
2021-06-20,XRP-USD,10968,855541,,,77513624909.62672
2021-06-21,XRP-USD,13836,893613,,,61446417807.263435
2021-06-22,XRP-USD,18143,1058257,,,54853694849.128815
2021-06-23,XRP-USD,13074,946467,,,63615142126.09255
2021-06-24,XRP-USD,11410,822889,,,67155187466.79556
2021-06-25,XRP-USD,10220,889990,,,61547243535.253006
2021-06-26,XRP-USD,9885,855789,,,60985738854.41428
2021-06-27,XRP-USD,12663,817671,,,64666269206.82056
2021-06-28,XRP-USD,13854,791860,,,64280878771.33501
2021-06-29,XRP-USD,14443,852406,,,70408971312.36664
2021-06-30,XRP-USD,11729,849882,,,69850688489.0296
2021-07-01,XRP-USD,11287,828616,,,66106640811.27968
2021-07-02,XRP-USD,10947,789019,,,65292797479.565155
2021-07-03,XRP-USD,10342,780627,,,67042804918.31041
2021-07-04,XRP-USD,11178,791383,,,69628446016.79439
2021-07-05,XRP-USD,11408,804749,,,65874591475.42732
2021-07-06,XRP-USD,12119,761226,,,66315025747.27903
2021-07-07,XRP-USD,12575,881556,,,65317908744.912415
2021-07-08,XRP-USD,12421,1012714,,,62231181105.8863
2021-07-09,XRP-USD,12601,888221,,,63908822512.88819
2021-07-10,XRP-USD,11062,790658,,,62565015162.554245
2021-07-11,XRP-USD,10532,766018,,,63596112969.96132
2021-07-12,XRP-USD,11298,806991,,,62992837346.385025
2021-07-13,XRP-USD,11354,786635,,,61958896820.31386
2021-07-14,XRP-USD,11603,855361,,,61837925285.35223
2021-07-15,XRP-USD,11404,834461,,,59762409759.11393
2021-07-16,XRP-USD,11470,834418,,,59048433257.31256
2021-07-17,XRP-USD,10198,808119,,,58285159489.642334
2021-07-18,XRP-USD,9335,800591,,,58575056143.833046
2021-07-19,XRP-USD,11403,843265,,,56020388385.70914
2021-07-20,XRP-USD,14584,823841,,,52873473914.44935
2021-07-21,XRP-USD,12289,740735,,,56920560038.67281
2021-07-22,XRP-USD,11257,809387,,,59191927925.66288
2021-07-23,XRP-USD,11459,794671,,,60646620096.625465
2021-07-24,XRP-USD,9639,823535,,,60832197135.59138
2021-07-25,XRP-USD,9373,789948,,,60585401328.33686
2021-07-26,XRP-USD,13226,865034,,,62570187290.33302
2021-07-27,XRP-USD,10584,776680,,,64223275478.791695
2021-07-28,XRP-USD,14722,924268,,,71613190200.41165
2021-07-29,XRP-USD,12688,726671,,,75153908752.02321
2021-07-30,XRP-USD,15156,819755,,,75126226841.93062
2021-07-31,XRP-USD,12615,781143,,,75187298603.90851
2021-08-01,XRP-USD,12836,808082,,,72690801997.45543
2021-08-02,XRP-USD,12528,817522,,,74165880667.58076
2021-08-03,XRP-USD,12399,754128,,,71513795916.93141
2021-08-04,XRP-USD,11675,703790,,,73170095614.18187
2021-08-05,XRP-USD,10936,746606,,,73546417615.4451
2021-08-06,XRP-USD,11477,712571,,,74574376962.0763
2021-08-07,XRP-USD,13376,773704,,,81511835660.89392
2021-08-08,XRP-USD,12585,782510,,,78532856380.22572
2021-08-09,XRP-USD,12317,768000,,,81627418555.15646
2021-08-10,XRP-USD,12791,750621,,,85126512926.75926
2021-08-11,XRP-USD,19621,949949,,,100788923944.95932
2021-08-12,XRP-USD,16251,1093344,,,96041431266.98431
2021-08-13,XRP-USD,15393,1064201,,,108675330529.40253
2021-08-14,XRP-USD,21146,1181555,,,128771783491.72528
2021-08-15,XRP-USD,20278,1114468,,,128671787382.73172
2021-08-16,XRP-USD,18444,1062101,,,119063448007.7867
2021-08-17,XRP-USD,15983,1105559,,,110420392627.66347
2021-08-18,XRP-USD,14927,1056263,,,115958191190.9428
2021-08-19,XRP-USD,15560,1081927,,,122315559130.95616
2021-08-20,XRP-USD,25182,1066088,,,125885325366.88298
2021-08-21,XRP-USD,24126,1060544,,,122417374056.51276
2021-08-22,XRP-USD,21288,1058742,,,122739229215.01337
2021-08-23,XRP-USD,22425,1076566,,,124924178851.74232
2021-08-24,XRP-USD,23710,1095199,,,115113180012.12051
2021-08-25,XRP-USD,21774,1082986,,,116942811287.1916
2021-08-26,XRP-USD,22028,1112301,,,109290365216.91261
2021-08-27,XRP-USD,23436,1115439,,,117783997349.86668
2021-08-28,XRP-USD,22502,1063154,,,114473348123.23978
2021-08-29,XRP-USD,25858,1085511,,,114602467049.53
2021-08-30,XRP-USD,22761,1059094,,,110732459361.33574
2021-08-31,XRP-USD,22178,1122290,,,118551002569.45738
2021-09-01,XRP-USD,25043,1102694,,,122895092776.00919
2021-09-02,XRP-USD,26654,1142851,,,125862106759.04262
2021-09-03,XRP-USD,25414,1151625,,,128683648926.84612
2021-09-04,XRP-USD,24804,1126600,,,125124823293.98172
2021-09-05,XRP-USD,34194,1171004,,,130163826335.81596
2021-09-06,XRP-USD,36485,1241197,,,138654358839.42325
2021-09-07,XRP-USD,30424,1307178,,,112778708610.04236
2021-09-08,XRP-USD,30048,1264426,,,110711844291.2448
2021-09-09,XRP-USD,32840,1193098,,,109176753009.4834
2021-09-10,XRP-USD,29518,1214216,,,105189372237.51688
2021-09-11,XRP-USD,21927,1142051,,,107412568496.46606
2021-09-12,XRP-USD,29860,1144429,,,111921445583.2425
2021-09-13,XRP-USD,36962,1195015,,,106574529206.91016
2021-09-14,XRP-USD,30199,1151463,,,109301589629.12514
2021-09-15,XRP-USD,38745,1187043,,,111914129522.13434
2021-09-16,XRP-USD,38447,1178325,,,108966909272.77896
2021-09-17,XRP-USD,32711,1128990,,,106283452637.19936
2021-09-18,XRP-USD,30860,1148716,,,107437107386.39523
2021-09-19,XRP-USD,33394,1160514,,,104692851410.81448
2021-09-20,XRP-USD,49247,1324931,,,91781244049.94733
2021-09-21,XRP-USD,38678,1308309,,,87030513546.10861
2021-09-22,XRP-USD,34414,1215583,,,99912561430.2609
2021-09-23,XRP-USD,35289,1194013,,,99802307165.0938
2021-09-24,XRP-USD,37126,1226090,,,94395408362.82712
2021-09-25,XRP-USD,39446,1139822,,,94165924495.70464
2021-09-26,XRP-USD,35933,1134117,,,94129266177.51569
2021-09-27,XRP-USD,35223,1125600,,,92788046398.10295
2021-09-28,XRP-USD,38655,1137788,,,89821791292.5803
2021-09-29,XRP-USD,46573,1246986,,,92491974159.35434
2021-09-30,XRP-USD,50103,1320182,,,95129121416.12212
2021-10-01,XRP-USD,55222,1320018,,,103970620069.83156
2021-10-02,XRP-USD,53887,1195166,,,104125573936.86629
2021-10-03,XRP-USD,59562,1230257,,,105463395908.5238
2021-10-04,XRP-USD,54981,1212502,,,104735788846.8205
2021-10-05,XRP-USD,64261,1240401,,,108026785417.81406
2021-10-06,XRP-USD,85657,1291634,,,108010942340.17502
2021-10-07,XRP-USD,62062,1262926,,,106765218861.21458
2021-10-08,XRP-USD,55728,1162583,,,106050811702.48528
2021-10-09,XRP-USD,76960,1341899,,,116470218488.36896
2021-10-10,XRP-USD,68637,1358561,,,114149558734.7936
2021-10-11,XRP-USD,68969,1475634,,,112995267447.25574
2021-10-12,XRP-USD,65558,1441123,,,110098950192.30772
2021-10-13,XRP-USD,63014,1385537,,,112692249327.50632
2021-10-14,XRP-USD,64083,1320565,,,113239594179.32616
2021-10-15,XRP-USD,63761,1358518,,,114100634683.05705
2021-10-16,XRP-USD,81391,1380854,,,113773887731.16109
2021-10-17,XRP-USD,72315,1322427,,,109144652877.47
2021-10-18,XRP-USD,80310,1401970,,,108238459878.93639
2021-10-19,XRP-USD,77721,1435025,,,109096193810.59589
2021-10-20,XRP-USD,85845,1475461,,,114110100543.42323
2021-10-21,XRP-USD,76865,1284204,,,109136118257.82396
2021-10-22,XRP-USD,73330,1377430,,,108962474052.57
2021-10-23,XRP-USD,73838,1322824,,,109235236328.92044
2021-10-24,XRP-USD,73515,1350006,,,108208466318.95628
2021-10-25,XRP-USD,65610,1215862,,,109452126938.94781
2021-10-26,XRP-USD,71802,1329557,,,110778071110.27148
2021-10-27,XRP-USD,76513,1446649,,,100101037087.1703
2021-10-28,XRP-USD,86140,1665708,,,105835305958.365
2021-10-29,XRP-USD,99882,1798341,,,107981963961.90428
2021-10-30,XRP-USD,107858,1804982,,,107625111391.03552
2021-10-31,XRP-USD,113517,2075839,,,111453759798.47952
2021-11-01,XRP-USD,110913,1938573,,,109305461199.30035
2021-11-02,XRP-USD,122294,1962044,,,113266538700.42776
2021-11-03,XRP-USD,113728,1464852,,,120758749055.34225
2021-11-04,XRP-USD,116885,1259841,,,119881840138.8024
2021-11-05,XRP-USD,120398,1334595,,,115911499042.82304
2021-11-06,XRP-USD,129335,1909358,,,114998704063.14966
2021-11-07,XRP-USD,129013,2221167,,,121664391820.73589
2021-11-08,XRP-USD,128872,2041895,,,128503112906.97884
2021-11-09,XRP-USD,123765,2000684,,,126180053253.42587
2021-11-10,XRP-USD,123955,1916200,,,118493824658.26749
2021-11-11,XRP-USD,126705,1866117,,,121966868181.54732
2021-11-12,XRP-USD,135247,1941249,,,118933229870.20404
2021-11-13,XRP-USD,167408,1888824,,,118989203019.25058
2021-11-14,XRP-USD,170002,2093267,,,118420012108.73833
2021-11-15,XRP-USD,164788,2149149,,,117486194693.67831
2021-11-16,XRP-USD,152018,1984417,,,109464441173.62424
2021-11-17,XRP-USD,154172,2024092,,,109330180500.65984
2021-11-18,XRP-USD,158267,1889233,,,103795957587.23996
2021-11-19,XRP-USD,155261,1949682,,,108887164557.67258
2021-11-20,XRP-USD,147545,1735994,,,109642759762.31535
2021-11-21,XRP-USD,153996,1983662,,,106983704875.2816
2021-11-22,XRP-USD,157107,2004979,,,103744369398.44476
2021-11-23,XRP-USD,134821,1630527,,,106577289275.16876
2021-11-24,XRP-USD,149848,1523705,,,103164882678.2472
2021-11-25,XRP-USD,159454,1441865,,,104539207399.4359
2021-11-26,XRP-USD,163063,1447505,,,94140566729.40433
2021-11-27,XRP-USD,158279,1346714,,,94268435998.94371
2021-11-28,XRP-USD,162298,1440045,,,96649168629.96379
2021-11-29,XRP-USD,155618,1319190,,,99319620726.61523
2021-11-30,XRP-USD,159908,1492834,,,100069314950.14465
2021-12-01,XRP-USD,138313,1071059,,,99055612499.74092
2021-12-02,XRP-USD,119573,867609,,,97526129442.15633
2021-12-03,XRP-USD,123367,956497,,,92475829648.4776
2021-12-04,XRP-USD,139098,1066066,,,84552200568.58728
2021-12-05,XRP-USD,122380,923401,,,80336470711.05214
2021-12-06,XRP-USD,140342,1123398,,,82512780540.26822
2021-12-07,XRP-USD,134866,989458,,,81519923427.76447
2021-12-08,XRP-USD,138127,1184291,,,86113214898.38155
2021-12-09,XRP-USD,154929,1236019,,,87148087775.40591
2021-12-10,XRP-USD,137414,1166979,,,80836776715.61276
2021-12-11,XRP-USD,136725,1121485,,,83879740607.5963
2021-12-12,XRP-USD,133300,1248831,,,84191871943.28326
2021-12-13,XRP-USD,140193,1184254,,,78436560223.58452
2021-12-14,XRP-USD,138763,1282847,,,81111421757.55211
2021-12-15,XRP-USD,120616,1059517,,,82594119172.99501
2021-12-16,XRP-USD,123117,1044651,,,80722447263.94803
2021-12-17,XRP-USD,120793,974462,,,79950647001.69907
2021-12-18,XRP-USD,147266,1077050,,,82699030399.07222
2021-12-19,XRP-USD,155960,1123092,,,83753312875.50409
2021-12-20,XRP-USD,157212,1337313,,,87884658041.53891
2021-12-21,XRP-USD,160665,1288350,,,94884378268.09763
2021-12-22,XRP-USD,166929,1193652,,,95497869566.21112
2021-12-23,XRP-USD,188957,1752855,,,99282085321.04816
2021-12-24,XRP-USD,192669,1779343,,,90885358465.02176
2021-12-25,XRP-USD,131921,1427504,,,92658929072.30057
2021-12-26,XRP-USD,147644,1439740,,,92047887295.48253
2021-12-27,XRP-USD,124639,1398461,,,92828021350.701
2021-12-28,XRP-USD,126163,1419480,,,85636583130.32878
2021-12-29,XRP-USD,138015,1461888,,,81700998202.58443
2021-12-30,XRP-USD,132328,1386751,,,83842148497.78825
2021-12-31,XRP-USD,128343,1330057,,,83088392694.27728
2022-01-01,XRP-USD,142006,1347015,,,84772423287.01617
2022-01-02,XRP-USD,141064,1616841,,,85949716924.47644
2022-01-03,XRP-USD,141104,1572255,,,83284695411.52855
2022-01-04,XRP-USD,133549,1480842,,,82531751875.80692
2022-01-05,XRP-USD,141372,1551334,,,77230152754.92537
2022-01-06,XRP-USD,141319,1478406,,,78107334505.43584
2022-01-07,XRP-USD,137549,1456064,,,76179888827.34125
2022-01-08,XRP-USD,152602,1647056,,,74828482512.99892
2022-01-09,XRP-USD,131834,1424552,,,75378378435.07603
2022-01-10,XRP-USD,120640,1429963,,,73843665290.815
2022-01-11,XRP-USD,136768,1490540,,,77132908119.94028
2022-01-12,XRP-USD,164402,1353555,,,79942609869.46585
2022-01-13,XRP-USD,160399,1592723,,,76940328840.67694
2022-01-14,XRP-USD,150996,1513831,,,77395881407.56377
2022-01-15,XRP-USD,182666,1704574,,,78143458658.78078
2022-01-16,XRP-USD,172801,1436324,,,77962462335.05908
2022-01-17,XRP-USD,159104,1746943,,,76230922337.04057
2022-01-18,XRP-USD,181530,1866948,,,75287814132.11697
2022-01-19,XRP-USD,182076,1875506,,,74063646060.33554
2022-01-20,XRP-USD,191379,1889241,,,72128356958.48323
2022-01-21,XRP-USD,238618,2115459,,,63699012963.212845
2022-01-22,XRP-USD,232958,2145128,,,59423339922.9424
2022-01-23,XRP-USD,205216,1786827,,,62849188182.75202
2022-01-24,XRP-USD,227850,2058587,,,61218092195.02157
2022-01-25,XRP-USD,237591,1934320,,,61963841325.95971
2022-01-26,XRP-USD,243846,1538199,,,62111496818.57888
2022-01-27,XRP-USD,222759,1443067,,,60675571262.58456
2022-01-28,XRP-USD,189007,1343502,,,61148112142.60127
2022-01-29,XRP-USD,220638,1875642,,,61580998524.11119
2022-01-30,XRP-USD,191043,2014226,,,60397254032.7869
2022-01-31,XRP-USD,179952,1878526,,,61787917086.73212
2022-02-01,XRP-USD,166651,1781053,,,62928520620.27714
2022-02-02,XRP-USD,171827,1825032,,,60118807430.406784
2022-02-03,XRP-USD,190692,1877643,,,60640258247.67935
2022-02-04,XRP-USD,189541,1967596,,,65069921925.5094
2022-02-05,XRP-USD,196817,2096146,,,66826641485.19233
2022-02-06,XRP-USD,181899,1930889,,,68272290967.84061
2022-02-07,XRP-USD,186657,2013491,,,82507155525.7923
2022-02-08,XRP-USD,174063,2157125,,,87938674332.0382
2022-02-09,XRP-USD,198050,1940588,,,88007682407.37532
2022-02-10,XRP-USD,186511,1980166,,,83433218165.57663
2022-02-11,XRP-USD,175032,1927340,,,75916798894.11699
2022-02-12,XRP-USD,196786,2091923,,,81926534338.65346
2022-02-13,XRP-USD,180218,1970671,,,80915569152.52264
2022-02-14,XRP-USD,190328,1879615,,,80306560815.90077
2022-02-15,XRP-USD,189352,1997913,,,84546810990.45508
2022-02-16,XRP-USD,182351,1800080,,,84079161276.92401
2022-02-17,XRP-USD,147524,1683355,,,77016578759.59389
2022-02-18,XRP-USD,140917,1611583,,,78821606173.13295
2022-02-19,XRP-USD,174333,1767609,,,82226191585.33354
2022-02-20,XRP-USD,140876,1621345,,,78039802555.8867
2022-02-21,XRP-USD,143103,1690376,,,70709128715.09131
2022-02-22,XRP-USD,132772,1632438,,,72049606183.00002
2022-02-23,XRP-USD,128708,1537315,,,69896257697.80849
2022-02-24,XRP-USD,117552,1690431,,,69356837608.2408
2022-02-25,XRP-USD,130167,1661306,,,75848369832.99681
2022-02-26,XRP-USD,124722,1699013,,,74900071687.09592
2022-02-27,XRP-USD,120495,1527614,,,71828704323.53395
2022-02-28,XRP-USD,131492,1548650,,,78196999303.8046
2022-03-01,XRP-USD,206319,1865722,,,78545137838.90279
2022-03-02,XRP-USD,162247,1611098,,,76900835118.13469
2022-03-03,XRP-USD,117856,1467805,,,75378979726.44922
2022-03-04,XRP-USD,111491,1424933,,,71184111271.1291
2022-03-05,XRP-USD,105043,1383434,,,75422467321.5241
2022-03-06,XRP-USD,113270,1388198,,,72607236980.26799
2022-03-07,XRP-USD,94815,1338746,,,72387746217.1201
2022-03-08,XRP-USD,115994,1286994,,,72113661690.10995
2022-03-09,XRP-USD,102350,1353950,,,76600341540.82307
2022-03-10,XRP-USD,98140,1407654,,,73824408926.80035
2022-03-11,XRP-USD,124234,1379786,,,80134376353.44054
2022-03-12,XRP-USD,97318,1460036,,,78624425637.7601
2022-03-13,XRP-USD,95484,1326773,,,76022377347.36255
2022-03-14,XRP-USD,84774,1209807,,,77452606462.77582
2022-03-15,XRP-USD,93465,1245895,,,76645176057.57616
2022-03-16,XRP-USD,66831,1204877,,,79181351573.76218
2022-03-17,XRP-USD,87588,1339332,,,79355053996.63359
2022-03-18,XRP-USD,87666,1260307,,,79819742416.24661
2022-03-19,XRP-USD,86084,1348006,,,81889851873.34149
2022-03-20,XRP-USD,83053,1238309,,,80606745577.18718
2022-03-21,XRP-USD,111908,1446588,,,83653004399.8297
2022-03-22,XRP-USD,92540,1369952,,,83666975181.10759
2022-03-23,XRP-USD,104287,1391605,,,83664004229.3373
2022-03-24,XRP-USD,86331,1225382,,,84336625635.27405
2022-03-25,XRP-USD,89796,1183229,,,82460995706.94742
2022-03-26,XRP-USD,101003,1180719,,,83247043740.3182
2022-03-27,XRP-USD,129151,1335425,,,85628738159.0514
2022-03-28,XRP-USD,142248,1660307,,,87231358244.48163
2022-03-29,XRP-USD,106364,1350559,,,85719010700.73158
2022-03-30,XRP-USD,86904,1296835,,,86139307803.47618
2022-03-31,XRP-USD,88386,1361355,,,81527607637.85191
2022-04-01,XRP-USD,65259,1176833,,,82654176976.36887
2022-04-02,XRP-USD,64956,1173662,,,82649755625.94193
2022-04-03,XRP-USD,74519,1202433,,,84290508127.311
2022-04-04,XRP-USD,96152,1424331,,,82758982412.78786
2022-04-05,XRP-USD,96151,1296659,,,81881123583.76349
2022-04-06,XRP-USD,108509,1228396,,,76578587344.8987
2022-04-07,XRP-USD,85714,1247284,,,78834223663.20277
2022-04-08,XRP-USD,91760,1301721,,,75212110280.11629
2022-04-09,XRP-USD,133486,1413619,,,76105017712.2048
2022-04-10,XRP-USD,148986,1548917,,,75686344313.44324
2022-04-11,XRP-USD,145073,1606703,,,69682763816.5962
2022-04-12,XRP-USD,108875,1349240,,,71720711334.78682
2022-04-13,XRP-USD,73766,1286479,,,72388676461.39352
2022-04-14,XRP-USD,73087,1198317,,,72650104826.44885
2022-04-15,XRP-USD,81352,1481895,,,78249119494.84691
2022-04-16,XRP-USD,66321,1197430,,,78184972116.12738
2022-04-17,XRP-USD,47726,1239504,,,75317394021.90334
2022-04-18,XRP-USD,77721,1229264,,,76768883356.15692
2022-04-19,XRP-USD,71824,1159520,,,77478178700.17288
2022-04-20,XRP-USD,78619,1157957,,,75192914416.09395
2022-04-21,XRP-USD,61007,1129527,,,73040905964.05574
2022-04-22,XRP-USD,46800,1156840,,,71868301921.63167
2022-04-23,XRP-USD,54447,1162714,,,70859388518.7288
2022-04-24,XRP-USD,68871,1154536,,,69896527087.02321
2022-04-25,XRP-USD,100984,1392348,,,69512348379.89703
2022-04-26,XRP-USD,78494,1246820,,,63913134441.21425
2022-04-27,XRP-USD,92842,1260449,,,65135929633.17221
2022-04-28,XRP-USD,94433,1268617,,,64405216050.18399
2022-04-29,XRP-USD,82979,1254833,,,61087185769.99029
2022-04-30,XRP-USD,98112,1331316,,,58463001126.09141
2022-05-01,XRP-USD,71567,1386300,,,60729644793.537285
2022-05-02,XRP-USD,76310,1324366,,,61408386614.48189
2022-05-03,XRP-USD,83211,1275773,,,60366397498.68837
2022-05-04,XRP-USD,68025,1243465,,,64579023268.07127
2022-05-05,XRP-USD,71394,1342731,,,59767720351.98338
2022-05-06,XRP-USD,63192,1208538,,,60281775487.79108
2022-05-07,XRP-USD,61166,1149276,,,58166910637.96972
2022-05-08,XRP-USD,63670,1178271,,,56640574433.20143
2022-05-09,XRP-USD,74546,1357787,,,49375413132.30034
2022-05-10,XRP-USD,102191,1447904,,,51263460419.90506
2022-05-11,XRP-USD,95264,1689449,,,41066326816.78016
2022-05-12,XRP-USD,87582,1717034,,,38353510800.356606
2022-05-13,XRP-USD,56354,1408580,,,42303321185.356895
2022-05-14,XRP-USD,70921,1302061,,,42637760176.87647
2022-05-15,XRP-USD,59632,1200030,,,44553710717.49121
2022-05-16,XRP-USD,83515,1249242,,,42224147393.41254
2022-05-17,XRP-USD,110521,1283611,,,43750080482.554504
2022-05-18,XRP-USD,91011,1237207,,,40708180075.833046
2022-05-19,XRP-USD,79315,1224715,,,41890922977.22433
2022-05-20,XRP-USD,59889,1199489,,,41126321910.20747
2022-05-21,XRP-USD,63687,1160512,,,41448948275.58542
2022-05-22,XRP-USD,37332,1085925,,,42234744785.79022
2022-05-23,XRP-USD,80884,1247876,,,40425428062.95377
2022-05-24,XRP-USD,75921,1100648,,,40867266087.238335
2022-05-25,XRP-USD,49301,1144603,,,40598199698.88468
2022-05-26,XRP-USD,54652,1188225,,,39369559672.16841
2022-05-27,XRP-USD,46127,1225285,,,38131680845.59545
2022-05-28,XRP-USD,62879,1199601,,,38621532733.823906
2022-05-29,XRP-USD,57981,1157254,,,38851143619.39067
2022-05-30,XRP-USD,70027,1246732,,,41795601245.07379
2022-05-31,XRP-USD,66867,1241234,,,42295713503.41648
2022-06-01,XRP-USD,80805,1339947,,,39828407680.6673
2022-06-02,XRP-USD,43243,1164043,,,40532309753.2688
2022-06-03,XRP-USD,76772,1299267,,,38960587946.22617
2022-06-04,XRP-USD,67989,1151801,,,39168678616.21098
2022-06-05,XRP-USD,74900,1181169,,,39518438792.60651
2022-06-06,XRP-USD,69933,1265789,,,40202014585.78614
2022-06-07,XRP-USD,42519,1228917,,,40721704521.53777
2022-06-08,XRP-USD,108349,1393983,,,40105222950.690254
2022-06-09,XRP-USD,66346,1167442,,,39939269757.575516
2022-06-10,XRP-USD,64333,1462604,,,38183660341.93325
2022-06-11,XRP-USD,67147,1541533,,,35922465216.84814
2022-06-12,XRP-USD,42005,1448132,,,34566761162.534615
2022-06-13,XRP-USD,55552,1743651,,,30816593169.749275
2022-06-14,XRP-USD,91123,1811937,,,32056792605.4989
2022-06-15,XRP-USD,88590,1526684,,,34260423188.32704
2022-06-16,XRP-USD,41494,1174450,,,30997813924.04573
2022-06-17,XRP-USD,54619,1207807,,,32150648477.61016
2022-06-18,XRP-USD,62231,1343337,,,30773799238.42848
2022-06-19,XRP-USD,46930,1268842,,,32500556385.65595
2022-06-20,XRP-USD,60686,1451196,,,32268060951.000587
2022-06-21,XRP-USD,83874,1283384,,,32849127261.352848
2022-06-22,XRP-USD,67052,1263483,,,32318815244.903866
2022-06-23,XRP-USD,63130,1316233,,,33553755028.42768
2022-06-24,XRP-USD,66967,1373546,,,36884479976.39624
2022-06-25,XRP-USD,73822,1279900,,,36726402070.98744
2022-06-26,XRP-USD,221399,1496007,,,35917547540.54317
2022-06-27,XRP-USD,109083,1237536,,,35307775132.08561
2022-06-28,XRP-USD,139473,1260988,,,33736950900.95967
2022-06-29,XRP-USD,42427,1178978,,,32822498262.686768
2022-06-30,XRP-USD,68493,1283714,,,32777231026.91328
2022-07-01,XRP-USD,66108,1305472,,,31456266096.98961
2022-07-02,XRP-USD,89652,1239577,,,31537257489.831688
2022-07-03,XRP-USD,87963,1230063,,,32163514827.910053
2022-07-04,XRP-USD,142830,1297947,,,32811541442.728397
2022-07-05,XRP-USD,66369,1148305,,,32485522506.271236
2022-07-06,XRP-USD,56998,1179707,,,33223419104.55086
2022-07-07,XRP-USD,51799,1169181,,,34222485994.14766
2022-07-08,XRP-USD,55373,1213027,,,34330442698.00945
2022-07-09,XRP-USD,53407,1095028,,,34441286426.20264
2022-07-10,XRP-USD,99167,1196526,,,32484750714.997173
2022-07-11,XRP-USD,88621,1196480,,,31352583426.654186
2022-07-12,XRP-USD,77270,1266918,,,31118380459.019222
2022-07-13,XRP-USD,71182,1167602,,,32371389982.505123
2022-07-14,XRP-USD,57325,1161761,,,33218448964.51506
2022-07-15,XRP-USD,188755,1525862,,,33450283768.979584
2022-07-16,XRP-USD,215208,1461101,,,35061484670.0542
2022-07-17,XRP-USD,272298,1571557,,,34455616580.375046
2022-07-18,XRP-USD,80842,1341909,,,36452672175.85959
2022-07-19,XRP-USD,94681,1341637,,,37315289334.599205
2022-07-20,XRP-USD,200868,1335779,,,36104304801.61424
2022-07-21,XRP-USD,182010,1358762,,,36661056689.393936
2022-07-22,XRP-USD,42042,1280473,,,35834164708.30793
2022-07-23,XRP-USD,43368,1135754,,,35935498632.73105
2022-07-24,XRP-USD,56984,1130465,,,35950877223.04225
2022-07-25,XRP-USD,146254,1253483,,,34023285654.54916
2022-07-26,XRP-USD,245373,1371476,,,33670044491.821674
2022-07-27,XRP-USD,55565,1141656,,,35882414690.10722
2022-07-28,XRP-USD,163547,1342854,,,37276523908.74074
2022-07-29,XRP-USD,52202,1217608,,,37066731405.71905
2022-07-30,XRP-USD,57441,1221197,,,38691338477.5682
2022-07-31,XRP-USD,46695,1102385,,,38032082422.39653
2022-08-01,XRP-USD,66888,1126161,,,37985939917.05177
2022-08-02,XRP-USD,42430,1188660,,,37303774202.73741
2022-08-03,XRP-USD,60967,1104189,,,36899099000.21936
2022-08-04,XRP-USD,61666,1039772,,,37094390636.93125
2022-08-05,XRP-USD,191135,1177674,,,37579429164.52567
2022-08-06,XRP-USD,194336,1188140,,,37161309010.92216
2022-08-07,XRP-USD,65355,1127205,,,37197913332.61844
2022-08-08,XRP-USD,49214,1144696,,,37852030623.115524
2022-08-09,XRP-USD,50852,1043969,,,36832383274.646255
2022-08-10,XRP-USD,73423,1105314,,,38066305735.275925
2022-08-11,XRP-USD,60622,1016947,,,37981808103.87668
2022-08-12,XRP-USD,63200,964541,,,37956626578.96016
2022-08-13,XRP-USD,63512,983519,,,37766474385.958595
2022-08-14,XRP-USD,41286,1001920,,,37619251872.58929
2022-08-15,XRP-USD,40451,1040126,,,37462700566.420235
2022-08-16,XRP-USD,51906,1065131,,,37686941602.38423
2022-08-17,XRP-USD,44737,1038584,,,37959232286.87532
2022-08-18,XRP-USD,47099,1025421,,,37109514867.35274
2022-08-19,XRP-USD,138243,1223376,,,33480622875.732475
2022-08-20,XRP-USD,53683,1062312,,,33703404701.2982
2022-08-21,XRP-USD,32070,996762,,,34534135764.658585
2022-08-22,XRP-USD,33787,1007686,,,34301519089.485474
2022-08-23,XRP-USD,34227,961354,,,34697017602.94254
2022-08-24,XRP-USD,47069,995947,,,34629650385.94245
2022-08-25,XRP-USD,49350,996035,,,34877603482.86773
2022-08-26,XRP-USD,40215,1113284,,,33669115374.493286
2022-08-27,XRP-USD,35574,1015755,,,33503262199.3144
2022-08-28,XRP-USD,43657,992692,,,32473381834.232094
2022-08-29,XRP-USD,41078,1038319,,,33262989645.74691
2022-08-30,XRP-USD,58689,1010841,,,32726144334.9063
2022-08-31,XRP-USD,49581,985554,,,32718970943.28985
2022-09-01,XRP-USD,61773,1024339,,,33274659719.602085
2022-09-02,XRP-USD,48757,1011303,,,33056273013.28268
2022-09-03,XRP-USD,34135,941397,,,32926870460.90898
2022-09-04,XRP-USD,46283,953227,,,33127177884.7468
2022-09-05,XRP-USD,51567,1007305,,,33229582382.94572
2022-09-06,XRP-USD,51450,1066262,,,32195029440.923016
2022-09-07,XRP-USD,40104,1026810,,,33746883731.234207
2022-09-08,XRP-USD,68015,1084876,,,34045907152.98592
2022-09-09,XRP-USD,60823,1223387,,,35597776100.06865
2022-09-10,XRP-USD,47549,1206914,,,35814000682.05355
2022-09-11,XRP-USD,52033,1190364,,,35444977662.897255
2022-09-12,XRP-USD,45811,1184675,,,35882740922.84277
2022-09-13,XRP-USD,60191,1184571,,,33223693582.579704
2022-09-14,XRP-USD,66977,1103513,,,34180160148.671204
2022-09-15,XRP-USD,50010,1204063,,,32609936660.577965
2022-09-16,XRP-USD,58326,1211550,,,35603692779.576614
2022-09-17,XRP-USD,61604,1195620,,,37536205779.16783
2022-09-18,XRP-USD,53416,1269428,,,35993448690.8809
2022-09-19,XRP-USD,60359,1318756,,,38589669937.601906
2022-09-20,XRP-USD,46162,1267179,,,41366599048.34953
2022-09-21,XRP-USD,65145,1263833,,,39506556011.04304
2022-09-22,XRP-USD,62647,1282969,,,48384720854.67677
2022-09-23,XRP-USD,88441,1563850,,,50830498862.459854
2022-09-24,XRP-USD,65012,1224841,,,48845358964.58098
2022-09-25,XRP-USD,91460,1260707,,,49278333839.60789
2022-09-26,XRP-USD,69936,1163011,,,46749121569.60776
2022-09-27,XRP-USD,64659,1124382,,,44909823633.07781
2022-09-28,XRP-USD,52533,1128252,,,45156914585.16597
2022-09-29,XRP-USD,67474,1232582,,,48467229111.86841
2022-09-30,XRP-USD,67284,1246119,,,47937834772.626144
2022-10-01,XRP-USD,70226,1182616,,,47461721979.78456
2022-10-02,XRP-USD,71840,1182291,,,44839436667.684944
2022-10-03,XRP-USD,60146,1213081,,,46324926803.09453
2022-10-04,XRP-USD,49376,1231981,,,47988251959.4233
2022-10-05,XRP-USD,65899,1247690,,,48992896117.5449
2022-10-06,XRP-USD,81918,1275607,,,49256519858.54233
2022-10-07,XRP-USD,73615,1332992,,,51712437032.8961
2022-10-08,XRP-USD,60150,1286986,,,51645926349.24475
2022-10-09,XRP-USD,55760,1238898,,,53403502275.57336
2022-10-10,XRP-USD,60948,1276658,,,49825271073.46294
2022-10-11,XRP-USD,53702,1291415,,,48522155466.68673
2022-10-12,XRP-USD,68734,1464767,,,48766971522.393394
2022-10-13,XRP-USD,49478,1436642,,,48169981701.70369
2022-10-14,XRP-USD,61802,1382918,,,48831339731.57674
2022-10-15,XRP-USD,55261,1333600,,,48164129200.3796
2022-10-16,XRP-USD,67018,1360469,,,47693383491.90163
2022-10-17,XRP-USD,56043,1300821,,,48042206293.15248
2022-10-18,XRP-USD,52159,1332975,,,46627568372.38797
2022-10-19,XRP-USD,48701,1288984,,,45124468470.00791
2022-10-20,XRP-USD,50346,1194378,,,44660980473.684784
2022-10-21,XRP-USD,59619,1213760,,,46052055549.82522
2022-10-22,XRP-USD,51380,1125045,,,46505314821.18677
2022-10-23,XRP-USD,57176,1230038,,,46894837597.19039
2022-10-24,XRP-USD,51267,1103597,,,45377241649.80856
2022-10-25,XRP-USD,49396,1064258,,,46104865572.181496
2022-10-26,XRP-USD,52379,1069434,,,46930421294.01489
2022-10-27,XRP-USD,48172,1066950,,,46229697523.025986
2022-10-28,XRP-USD,46487,981806,,,47357024309.19141
2022-10-29,XRP-USD,52138,1049384,,,46969046428.215645
2022-10-30,XRP-USD,50398,1099933,,,45776683197.10148
2022-10-31,XRP-USD,46376,1263950,,,46425727429.8753
2022-11-01,XRP-USD,60997,1342745,,,46472945207.14983
2022-11-02,XRP-USD,74661,1310548,,,45123727240.9198
2022-11-03,XRP-USD,58544,1188385,,,45484791055.3304
2022-11-04,XRP-USD,53061,1219768,,,50344662505.7246
2022-11-05,XRP-USD,76572,1323684,,,49341774782.375694
2022-11-06,XRP-USD,61522,1262152,,,47121794771.90651
2022-11-07,XRP-USD,60683,1226231,,,46494992826.03624
2022-11-08,XRP-USD,49630,1352747,,,40621984996.44085
2022-11-09,XRP-USD,62442,1389385,,,32949181889.51928
2022-11-10,XRP-USD,70580,1259925,,,39415967985.54384
2022-11-11,XRP-USD,58410,1214454,,,38232265136.22819
2022-11-12,XRP-USD,55537,1097970,,,36262162013.07614
2022-11-13,XRP-USD,73413,1198090,,,33778835184.14704
2022-11-14,XRP-USD,67793,1275437,,,37558676662.78466
2022-11-15,XRP-USD,54691,1200588,,,38776224664.95077
2022-11-16,XRP-USD,47924,1157694,,,37575586530.06581
2022-11-17,XRP-USD,52601,1113490,,,38192877710.76558
2022-11-18,XRP-USD,51934,1117943,,,38208663274.85928
2022-11-19,XRP-USD,51245,1004093,,,38422303115.178925
2022-11-20,XRP-USD,55737,1229986,,,36065219191.73799
2022-11-21,XRP-USD,57677,1185648,,,36524322896.589745
2022-11-22,XRP-USD,59102,1102866,,,37524015038.1213
2022-11-23,XRP-USD,65327,1186610,,,38084764877.42524
2022-11-24,XRP-USD,53902,1094370,,,40096903868.08398
2022-11-25,XRP-USD,51883,1005986,,,40873428952.33856
2022-11-26,XRP-USD,46805,1068222,,,39617648599.94567
2022-11-27,XRP-USD,44615,1025430,,,39631129899.845924
2022-11-28,XRP-USD,54934,1099680,,,38962629641.87481
2022-11-29,XRP-USD,54232,1091512,,,39809957052.66893
2022-11-30,XRP-USD,64214,1138442,,,40914799160.954445
2022-12-01,XRP-USD,65791,1101028,,,39619766055.87709
2022-12-02,XRP-USD,60840,1071407,,,39538197436.69625
2022-12-03,XRP-USD,65928,1069725,,,38778333310.81008
2022-12-04,XRP-USD,78125,1067224,,,39015129090.88424
2022-12-05,XRP-USD,189182,1234843,,,38906829026.88338
2022-12-06,XRP-USD,50306,1101195,,,39165088040.46104
2022-12-07,XRP-USD,64677,1183673,,,38341113798.88077
2022-12-08,XRP-USD,45115,1176121,,,39455681869.83209
2022-12-09,XRP-USD,54145,1214195,,,38901451914.68396
2022-12-10,XRP-USD,44080,1133650,,,38632174922.283165
2022-12-11,XRP-USD,47852,1136499,,,38130906339.11863
2022-12-12,XRP-USD,44475,1287687,,,38791355936.59808
2022-12-13,XRP-USD,48301,1290067,,,39478916408.051384
2022-12-14,XRP-USD,47657,1192639,,,38617833696.95186
2022-12-15,XRP-USD,50909,1222726,,,37843745658.737885
2022-12-16,XRP-USD,44874,1153102,,,35119017817.72998
2022-12-17,XRP-USD,54647,1201842,,,35417122393.12435
2022-12-18,XRP-USD,47855,1198072,,,35094348642.1845
2022-12-19,XRP-USD,42524,1162984,,,33880847312.304043
2022-12-20,XRP-USD,47870,1119218,,,34992333062.62312
2022-12-21,XRP-USD,44023,1151383,,,34568225979.75473
2022-12-22,XRP-USD,47935,1273174,,,34957204724.11216
2022-12-23,XRP-USD,48415,1270276,,,35419114130.66412
2022-12-24,XRP-USD,43016,1261321,,,35185904380.67522
2022-12-25,XRP-USD,50917,1291376,,,34589444423.06887
2022-12-26,XRP-USD,75535,1241194,,,36573109019.76499
2022-12-27,XRP-USD,47080,1121972,,,36825444878.80044
2022-12-28,XRP-USD,44188,1130971,,,35617272498.46085
2022-12-29,XRP-USD,53217,1077724,,,34257807083.397694
2022-12-30,XRP-USD,50373,1032880,,,34481982225.57311
2022-12-31,XRP-USD,63130,1090451,,,33937091780.78668
2023-01-01,XRP-USD,61605,1121265,,,33837072510.297253
2023-01-02,XRP-USD,57743,1314268,,,34867827771.112366
2023-01-03,XRP-USD,47197,1188838,,,34377733338.76976
2023-01-04,XRP-USD,111248,1262609,,,34742622565.624596
2023-01-05,XRP-USD,169553,1361256,,,33801112192.113197
2023-01-06,XRP-USD,126010,1236689,,,34463853654.68685
2023-01-07,XRP-USD,135831,1147506,,,34363107490.290085
2023-01-08,XRP-USD,86272,1097634,,,34442874051.143074
2023-01-09,XRP-USD,55460,1165835,,,34871108262.97392
2023-01-10,XRP-USD,97513,1147428,,,35144154934.063324
2023-01-11,XRP-USD,165411,1317612,,,37280141067.661446
2023-01-12,XRP-USD,48240,1268257,,,37514055168.128395
2023-01-13,XRP-USD,59517,1177630,,,38534201811.897194
2023-01-14,XRP-USD,59191,1254044,,,39567564671.60132
2023-01-15,XRP-USD,59864,1139083,,,38485032014.74967
2023-01-16,XRP-USD,87232,1172371,,,38660300619.81479
2023-01-17,XRP-USD,162322,1181655,,,38784863357.57961
2023-01-18,XRP-USD,44456,1065662,,,37948744028.64232
2023-01-19,XRP-USD,37752,1110008,,,39342848068.78785
2023-01-20,XRP-USD,50144,1183113,,,41267507326.04887
2023-01-21,XRP-USD,66255,1351317,,,40395817410.607834
2023-01-22,XRP-USD,45395,1277311,,,40065268590.3926
2023-01-23,XRP-USD,58074,1361006,,,42489598236.94683
2023-01-24,XRP-USD,63283,1374594,,,40686882971.242165
2023-01-25,XRP-USD,47199,1323620,,,41705336332.208
2023-01-26,XRP-USD,38933,1315950,,,40992195938.9098
2023-01-27,XRP-USD,51230,1431994,,,41232388119.46832
2023-01-28,XRP-USD,62377,1421266,,,40727166353.29628
2023-01-29,XRP-USD,53501,1411764,,,41344897789.47063
2023-01-30,XRP-USD,45568,1257604,,,39397383629.91216
2023-01-31,XRP-USD,45475,1234966,,,40614508284.496
2023-02-01,XRP-USD,59459,1301363,,,41375950127.622215
2023-02-02,XRP-USD,62224,1159080,,,40973350416.09394
2023-02-03,XRP-USD,52991,1170497,,,41189557251.31356
2023-02-04,XRP-USD,60189,1195128,,,41234377826.09143
2023-02-05,XRP-USD,56224,1326686,,,39886507342.981575
2023-02-06,XRP-USD,45270,1465035,,,39247930456.518005
2023-02-07,XRP-USD,34605,1380051,,,40413093025.7491
2023-02-08,XRP-USD,53155,1439910,,,39813665387.43149
2023-02-09,XRP-USD,63438,1455025,,,38185375026.0085
2023-02-10,XRP-USD,57788,1417599,,,38200472558.904945
2023-02-11,XRP-USD,48423,1325138,,,38354166965.93341
2023-02-12,XRP-USD,54293,1411367,,,37453113326.55168
2023-02-13,XRP-USD,47849,1450365,,,37218618606.286
2023-02-14,XRP-USD,52522,1446339,,,38240510202.94184
2023-02-15,XRP-USD,59019,1497663,,,40115780137.63185
2023-02-16,XRP-USD,52295,1317521,,,38592428107.74836
2023-02-17,XRP-USD,43050,1346485,,,39544992596.6995
2023-02-18,XRP-USD,37995,1296176,,,39435461274.57388
2023-02-19,XRP-USD,37472,1339931,,,38631828486.67244
2023-02-20,XRP-USD,39328,1346655,,,39820705974.48258
2023-02-21,XRP-USD,49449,1459310,,,39141405510.95786
2023-02-22,XRP-USD,40503,1485927,,,39538808578.72034
2023-02-23,XRP-USD,46840,1380753,,,38885111114.55928
2023-02-24,XRP-USD,41874,1401410,,,37822366940.38336
2023-02-25,XRP-USD,50068,1207321,,,37737569961.772736
2023-02-26,XRP-USD,47878,1294808,,,37742428260.90877
2023-02-27,XRP-USD,47554,1294931,,,37907096797.04771
2023-02-28,XRP-USD,38543,1423865,,,37751501240.79975
2023-03-01,XRP-USD,51129,1446936,,,38374153214.24748
2023-03-02,XRP-USD,48460,1567245,,,37747588888.96324
2023-03-03,XRP-USD,41841,1329399,,,37717994800.277435
2023-03-04,XRP-USD,42200,1262539,,,37322450754.368225
2023-03-05,XRP-USD,37778,1201921,,,36661950245.97575
2023-03-06,XRP-USD,42293,1262920,,,37008516977.12745
2023-03-07,XRP-USD,35952,1283568,,,38019288421.57634
2023-03-08,XRP-USD,46504,1316620,,,38926681942.98368
2023-03-09,XRP-USD,39730,1352304,,,37190085728.4172
2023-03-10,XRP-USD,41320,1358194,,,37161746269.22199
2023-03-11,XRP-USD,53107,1330319,,,36588201013.220726
2023-03-12,XRP-USD,38345,1211385,,,37228736086.73941
2023-03-13,XRP-USD,36653,1227717,,,37330670462.55137
2023-03-14,XRP-USD,40526,1250819,,,37434860243.46997
2023-03-15,XRP-USD,36647,1175672,,,36049238816.232346
2023-03-16,XRP-USD,42774,1389646,,,36579345341.52768
2023-03-17,XRP-USD,43974,1450422,,,38021337418.69303
2023-03-18,XRP-USD,35146,1794318,,,37439455358.83917
2023-03-19,XRP-USD,883805,2356953,,,39019320981.49649
2023-03-20,XRP-USD,51246,1507849,,,37458677731.593445
2023-03-21,XRP-USD,60906,1514671,,,46738759723.33939
2023-03-22,XRP-USD,51772,1547099,,,42265235450.69239
2023-03-23,XRP-USD,53648,1504064,,,44524511453.49742
2023-03-24,XRP-USD,44992,1564970,,,42506415220.5206
2023-03-25,XRP-USD,43678,1364111,,,44362573623.11736
2023-03-26,XRP-USD,44664,1317761,,,44941846515.40362
2023-03-27,XRP-USD,47978,1439019,,,47889523794.66464
2023-03-28,XRP-USD,49809,1485412,,,51602438357.78429
2023-03-29,XRP-USD,50219,1505012,,,54441237555.75588
2023-03-30,XRP-USD,40603,1315222,,,53447575647.13394
2023-03-31,XRP-USD,39365,1313020,,,53889528984.95719
2023-04-01,XRP-USD,37376,1189160,,,50969396251.12232
2023-04-02,XRP-USD,83787,1462793,,,51868202828.47612
2023-04-03,XRP-USD,40785,1372775,,,49776865643.35704
2023-04-04,XRP-USD,32990,1231543,,,50287246692.35714
2023-04-05,XRP-USD,38374,1319152,,,50603518615.46417
2023-04-06,XRP-USD,40115,1196994,,,50342716937.43293
2023-04-07,XRP-USD,38948,1113095,,,51355697763.96452
2023-04-08,XRP-USD,34276,1145244,,,50548507410.44918
2023-04-09,XRP-USD,42811,1222792,,,50566471400.50247
2023-04-10,XRP-USD,31300,1069714,,,51855830941.5897
2023-04-11,XRP-USD,29469,1373126,,,51739233687.98608
2023-04-12,XRP-USD,32793,1163490,,,50543323112.56488
2023-04-13,XRP-USD,29161,1064883,,,51302141777.04745
2023-04-14,XRP-USD,37280,1155702,,,52376679684.58733
2023-04-15,XRP-USD,45951,1101739,,,52061826574.251
2023-04-16,XRP-USD,41495,1081715,,,52095889015.375694
2023-04-17,XRP-USD,26596,945133,,,51119651978.36167
2023-04-18,XRP-USD,30177,1000313,,,53253483323.277
2023-04-19,XRP-USD,28805,1096158,,,49068928552.54868
2023-04-20,XRP-USD,30661,1088945,,,47399197934.983765
2023-04-21,XRP-USD,27358,1183042,,,44830556025.55961
2023-04-22,XRP-USD,29634,1099310,,,47215905637.35284
2023-04-23,XRP-USD,38542,1034680,,,46419362211.587
2023-04-24,XRP-USD,29478,1040243,,,46167686634.88573
2023-04-25,XRP-USD,26702,1039785,,,47000148003.65774
2023-04-26,XRP-USD,26068,1036575,,,46152033585.84644
2023-04-27,XRP-USD,28305,974641,,,46664705459.90328
2023-04-28,XRP-USD,34044,1001365,,,47874538381.22016
2023-04-29,XRP-USD,23031,962713,,,47768046417.03889
2023-04-30,XRP-USD,40610,936626,,,47307801119.8462
2023-05-01,XRP-USD,45269,963458,,,46482742602.47795
2023-05-02,XRP-USD,29498,966685,,,46483578078.52879
2023-05-03,XRP-USD,25963,981599,,,46350885337.78396
2023-05-04,XRP-USD,26036,1034289,,,46119416344.58134
2023-05-05,XRP-USD,26273,1042122,,,46755121802.992
2023-05-06,XRP-USD,26719,1080430,,,45842659250.38543
2023-05-07,XRP-USD,38953,944120,,,45272806281.53226
2023-05-08,XRP-USD,40033,1216964,,,42804206045.59645
2023-05-09,XRP-USD,36075,1148796,,,42896130801.75127
2023-05-10,XRP-USD,25007,1013856,,,43114808926.346344
2023-05-11,XRP-USD,24677,1037874,,,42137604338.30361
2023-05-12,XRP-USD,24357,1041000,,,43063921172.466286
2023-05-13,XRP-USD,25392,974410,,,42460749919.08363
2023-05-14,XRP-USD,26840,852160,,,42560207649.26497
2023-05-15,XRP-USD,85641,1080269,,,42782950086.13569
2023-05-16,XRP-USD,27716,1253172,,,44038292449.482544
2023-05-17,XRP-USD,30042,1295635,,,44838735158.84133
2023-05-18,XRP-USD,33486,1502261,,,46025975195.10125
2023-05-19,XRP-USD,31723,1237714,,,46781618160.16878
2023-05-20,XRP-USD,32685,1199044,,,46888966996.72165
2023-05-21,XRP-USD,43353,1193473,,,45774920992.857155
2023-05-22,XRP-USD,24330,1173178,,,46161212510.34309
2023-05-23,XRP-USD,27762,1030103,,,46516302490.35787
2023-05-24,XRP-USD,26275,1223454,,,45337184568.77693
2023-05-25,XRP-USD,27022,1070623,,,45365565704.78489
2023-05-26,XRP-USD,27858,1027413,,,46851872679.82607
2023-05-27,XRP-USD,133681,1149203,,,47177050049.93432
2023-05-28,XRP-USD,525772,1639479,,,48254186836.71136
2023-05-29,XRP-USD,294359,1563617,,,49380277270.2904
2023-05-30,XRP-USD,33502,1226561,,,52178767653.48308
2023-05-31,XRP-USD,30770,1266812,,,51828027917.82276
2023-06-01,XRP-USD,33268,1236186,,,50714701716.217606
2023-06-02,XRP-USD,71360,1441052,,,52451511890.10806
2023-06-03,XRP-USD,42896,1415127,,,51896993902.54047
2023-06-04,XRP-USD,40709,1218899,,,53697442712.19743
2023-06-05,XRP-USD,39133,1091792,,,50953486899.402435
2023-06-06,XRP-USD,31703,1162708,,,53025415232.86777
2023-06-07,XRP-USD,32223,1045928,,,51936612744.72831
2023-06-08,XRP-USD,29011,1158614,,,52431168959.21444
2023-06-09,XRP-USD,30980,1157829,,,53676180256.535126
2023-06-10,XRP-USD,33944,1382793,,,50844197631.30158
2023-06-11,XRP-USD,35545,1036046,,,52038441983.38704
2023-06-12,XRP-USD,31754,1095905,,,52549420986.62605
2023-06-13,XRP-USD,34493,1067117,,,51949248718.32212
2023-06-14,XRP-USD,34142,1089623,,,47913578284.21598
2023-06-15,XRP-USD,73950,1042631,,,47927454565.306625
2023-06-16,XRP-USD,59403,997710,,,47478683930.53719
2023-06-17,XRP-USD,56659,1094630,,,47907581685.77623
2023-06-18,XRP-USD,41979,943668,,,48736197023.623795
2023-06-19,XRP-USD,29886,1027658,,,49335856576.41162
2023-06-20,XRP-USD,29384,921895,,,49241835268.646355
2023-06-21,XRP-USD,32651,1097275,,,50102786700.225006
2023-06-22,XRP-USD,31828,977398,,,49526532124.133255
2023-06-23,XRP-USD,157108,1196422,,,49602993695.45165
2023-06-24,XRP-USD,158966,993936,,,48700727043.48513
2023-06-25,XRP-USD,158966,1001813,,,48991158591.262405
2023-06-26,XRP-USD,158940,1104307,,,47883588829.613434
2023-06-27,XRP-USD,163093,1203328,,,48370965316.465614
2023-06-28,XRP-USD,157330,1269615,,,46515362336.1981
2023-06-29,XRP-USD,133359,1026675,,,47452976444.336685
2023-06-30,XRP-USD,34480,980133,,,47471547130.48891
2023-07-01,XRP-USD,31378,880901,,,47297383634.58449
2023-07-02,XRP-USD,40769,882297,,,48452965163.22986
2023-07-03,XRP-USD,29068,937165,,,48897847308.426735
2023-07-04,XRP-USD,24363,1052830,,,48839415302.05197
2023-07-05,XRP-USD,24132,929883,,,47808168417.811966
2023-07-06,XRP-USD,29272,997676,,,46471958986.81658
2023-07-07,XRP-USD,25181,987766,,,46832042048.52587
2023-07-08,XRP-USD,22541,989669,,,47024611272.627396
2023-07-09,XRP-USD,27693,887998,,,46804571135.63646
2023-07-10,XRP-USD,27060,895017,,,47723857955.60892
2023-07-11,XRP-USD,25551,851711,,,47597730828.275795
2023-07-12,XRP-USD,23288,885816,,,47095708551.15713
2023-07-13,XRP-USD,64673,1386155,,,81333436437.94057
2023-07-14,XRP-USD,65204,1403711,,,72055952911.98845
2023-07-15,XRP-USD,40466,1257090,,,71287102029.61421
2023-07-16,XRP-USD,43627,1046376,,,74798266253.24883
2023-07-17,XRP-USD,34470,1168368,,,73889922350.31204
2023-07-18,XRP-USD,31703,1173395,,,77637777411.5865
2023-07-19,XRP-USD,39345,1246170,,,82070016635.25253
2023-07-20,XRP-USD,38110,1078574,,,79435663240.25261
2023-07-21,XRP-USD,33212,1148824,,,77252555699.16328
2023-07-22,XRP-USD,32715,986960,,,73247752907.96465
2023-07-23,XRP-USD,35508,1188039,,,73771037468.81671
2023-07-24,XRP-USD,32751,1121117,,,70335813871.451
2023-07-25,XRP-USD,27537,1029034,,,71029439045.85516
2023-07-26,XRP-USD,38050,879664,,,71564279447.42639
2023-07-27,XRP-USD,27528,688585,,,71327912376.67503
2023-07-28,XRP-USD,27281,855326,,,71251935997.96443
2023-07-29,XRP-USD,33418,612171,,,71257125057.67209
2023-07-30,XRP-USD,98508,731717,,,70457951512.2944
2023-07-31,XRP-USD,122554,738028,,,69879583969.7905
2023-08-01,XRP-USD,153040,989995,,,70580767424.0514
2023-08-02,XRP-USD,170276,1268354,,,68486150202.55316
2023-08-03,XRP-USD,82784,1178862,,,66464592782.63827
2023-08-04,XRP-USD,28651,1084823,,,63563364636.92586
2023-08-05,XRP-USD,26138,1236331,,,62809674119.557686
2023-08-06,XRP-USD,70506,1019273,,,62228556352.82942
2023-08-07,XRP-USD,125142,1246386,,,62054229646.52201
2023-08-08,XRP-USD,189349,1279339,,,64159022111.378235
2023-08-09,XRP-USD,75378,1116060,,,64369496002.4236
2023-08-10,XRP-USD,141446,1252387,,,63295335050.83849
2023-08-11,XRP-USD,194994,1088342,,,63161751490.03201
2023-08-12,XRP-USD,147444,1216106,,,62686972674.813034
2023-08-13,XRP-USD,203447,1359116,,,62573798988.85173
2023-08-14,XRP-USD,25201,1301016,,,63443357817.98401
2023-08-15,XRP-USD,25340,1180081,,,60884995881.28408
2023-08-16,XRP-USD,25202,1084277,,,58792173693.61741
2023-08-17,XRP-USD,28283,1144529,,,50749140482.90313
2023-08-18,XRP-USD,31902,1357523,,,50541844258.71479
2023-08-19,XRP-USD,23350,969980,,,51971580568.84685
2023-08-20,XRP-USD,27839,956648,,,53985905516.14432
2023-08-21,XRP-USD,24795,935493,,,52449076932.68831
2023-08-22,XRP-USD,25154,927633,,,52028853081.588
2023-08-23,XRP-USD,24192,940000,,,52961834807.64563
2023-08-24,XRP-USD,31949,882473,,,51771261430.39627
2023-08-25,XRP-USD,26559,847559,,,52571718174.1009
2023-08-26,XRP-USD,31848,895250,,,52322086814.64359
2023-08-27,XRP-USD,36766,946159,,,52325292469.90545
2023-08-28,XRP-USD,24320,1175296,,,52334128794.81649
2023-08-29,XRP-USD,26485,1077395,,,53973560963.917046
2023-08-30,XRP-USD,30088,1061720,,,52797568624.89041
2023-08-31,XRP-USD,32639,1016396,,,51059652277.38554
2023-09-01,XRP-USD,31106,917274,,,49751325610.95617
2023-09-02,XRP-USD,24023,979169,,,49872261589.40851
2023-09-03,XRP-USD,32771,987222,,,50471448120.654465
2023-09-04,XRP-USD,28210,1000243,,,50791803951.51224
2023-09-05,XRP-USD,22205,1070103,,,50546224740.16122
2023-09-06,XRP-USD,22071,1083350,,,50304798032.86834
2023-09-07,XRP-USD,21509,1035228,,,50451671179.48977
2023-09-08,XRP-USD,25111,954234,,,50483291927.36216
2023-09-09,XRP-USD,23676,1038556,,,50360920170.3205
2023-09-10,XRP-USD,25619,1081491,,,49772614758.83116
2023-09-11,XRP-USD,32620,1011599,,,47377268500.057205
2023-09-12,XRP-USD,21950,970021,,,48057314226.471535
2023-09-13,XRP-USD,20865,986927,,,48380963370.24545
2023-09-14,XRP-USD,20950,1015488,,,48952081126.98778
2023-09-15,XRP-USD,21988,952501,,,50099146783.173805
2023-09-16,XRP-USD,19938,1131263,,,49935850272.76248
2023-09-17,XRP-USD,38299,975291,,,49221454314.478165
2023-09-18,XRP-USD,22455,1097079,,,50303225284.20505
2023-09-19,XRP-USD,22524,1070864,,,51361481053.68265
2023-09-20,XRP-USD,24471,1079297,,,52100284656.775536
2023-09-21,XRP-USD,23171,1130676,,,50697582895.615456
2023-09-22,XRP-USD,21923,1050446,,,51234879063.93804
2023-09-23,XRP-USD,30323,1076568,,,50731190976.77454
2023-09-24,XRP-USD,25445,1081174,,,50238142467.56565
2023-09-25,XRP-USD,21781,1253075,,,50509065544.37336
2023-09-26,XRP-USD,21472,1249383,,,50142002426.42849
2023-09-27,XRP-USD,23713,1262301,,,49916170139.97954
2023-09-28,XRP-USD,22691,1156798,,,50931279662.72672
2023-09-29,XRP-USD,24229,1246939,,,52050170260.95257
2023-09-30,XRP-USD,24605,1263721,,,51533868284.86816
2023-10-01,XRP-USD,25735,1061578,,,52410296601.189316
2023-10-02,XRP-USD,28216,1208357,,,51232175734.18538
2023-10-03,XRP-USD,21931,1127602,,,53833463575.466675
2023-10-04,XRP-USD,24952,1217780,,,53276573859.35401
2023-10-05,XRP-USD,21985,1134176,,,52349127174.55119
2023-10-06,XRP-USD,24695,1071478,,,52598412708.82087
2023-10-07,XRP-USD,23045,1033668,,,52184157120.95185
2023-10-08,XRP-USD,33992,1023987,,,51766670387.15605
2023-10-09,XRP-USD,21610,1030857,,,50276868257.31744
2023-10-10,XRP-USD,21698,1027952,,,49753895611.620094
2023-10-11,XRP-USD,21657,1198740,,,48833101092.85181
2023-10-12,XRP-USD,22871,1114973,,,48301362807.36944
2023-10-13,XRP-USD,22781,765408,,,48552141468.37612
2023-10-14,XRP-USD,20159,752547,,,48655011169.21057
2023-10-15,XRP-USD,25232,803748,,,48761931482.374245
2023-10-16,XRP-USD,22401,821173,,,49805398407.760994
2023-10-17,XRP-USD,21477,787184,,,49151149885.12504
2023-10-18,XRP-USD,37851,816212,,,48798845978.31113
2023-10-19,XRP-USD,23413,877984,,,51929228216.22827
2023-10-20,XRP-USD,25545,866737,,,51671610974.29941
2023-10-21,XRP-USD,31875,851990,,,52080397339.99654
2023-10-22,XRP-USD,30041,931742,,,52261014640.77458
2023-10-23,XRP-USD,28820,1036927,,,54596996199.71249
2023-10-24,XRP-USD,28846,967424,,,55855165643.32453
2023-10-25,XRP-USD,24539,978471,,,55455593353.66682
2023-10-26,XRP-USD,23320,1001049,,,55347937029.88916
2023-10-27,XRP-USD,23241,971579,,,54558375076.18527
2023-10-28,XRP-USD,21531,954266,,,54491943923.29721
2023-10-29,XRP-USD,26182,815745,,,55653207672.89276
2023-10-30,XRP-USD,29225,899523,,,57820372552.133
2023-10-31,XRP-USD,31886,1001232,,,59919988081.834175
2023-11-01,XRP-USD,43335,1013440,,,60913405862.18172
2023-11-02,XRP-USD,57055,1190755,,,60576569057.30536
2023-11-03,XRP-USD,30587,1156719,,,61228707581.106606
2023-11-04,XRP-USD,36241,1073103,,,61644337357.19953
2023-11-05,XRP-USD,35499,1100235,,,65786774403.438034
2023-11-06,XRP-USD,41644,1052907,,,71505550217.41034
2023-11-07,XRP-USD,28305,937426,,,68558270372.50037
2023-11-08,XRP-USD,27398,1013131,,,68807122853.94554
2023-11-09,XRP-USD,30285,1137991,,,66593292942.579605
2023-11-10,XRP-USD,28574,1044851,,,66049291475.5799
2023-11-11,XRP-USD,25264,911120,,,66161201055.02376
2023-11-12,XRP-USD,29383,948391,,,66099775423.71653
2023-11-13,XRP-USD,26261,1069056,,,66919255208.03663
2023-11-14,XRP-USD,26154,1084451,,,63059796980.681625
2023-11-15,XRP-USD,25657,1057402,,,64876381218.624886
2023-11-16,XRP-USD,25263,972498,,,61077035958.01995
2023-11-17,XRP-USD,25647,1081721,,,61341750215.773445
2023-11-18,XRP-USD,33167,900140,,,61068988819.62345
2023-11-19,XRP-USD,31642,917017,,,62747773113.36255
2023-11-20,XRP-USD,23457,1007095,,,61307140789.61215
2023-11-21,XRP-USD,28112,1048338,,,58167565339.844604
2023-11-22,XRP-USD,28654,973363,,,61179783499.67786
2023-11-23,XRP-USD,24520,1028672,,,62054246294.11057
2023-11-24,XRP-USD,24206,990243,,,62140490902.15616
2023-11-25,XRP-USD,22140,843625,,,62236851582.5505
2023-11-26,XRP-USD,27672,915885,,,61686657770.28508
2023-11-27,XRP-USD,26360,1064544,,,60338909994.28639
2023-11-28,XRP-USD,26846,1068009,,,61114517929.82949
2023-11-29,XRP-USD,25821,912779,,,60927862167.34093
2023-11-30,XRP-USD,27044,849942,,,60594392627.109314
2023-12-01,XRP-USD,28571,906723,,,61291519792.19014
2023-12-02,XRP-USD,36359,1148581,,,61983746019.76676
2023-12-03,XRP-USD,30730,1124465,,,62386359692.099335
2023-12-04,XRP-USD,37648,1429788,,,62347316019.51516
2023-12-05,XRP-USD,28201,1235898,,,62162995213.08652
2023-12-06,XRP-USD,28836,1149516,,,63895210078.55562
2023-12-07,XRP-USD,28169,1221981,,,64286516061.59499
2023-12-08,XRP-USD,30683,1386521,,,67200710443.49442
2023-12-09,XRP-USD,28425,1596161,,,66122623161.14233
2023-12-10,XRP-USD,32045,1275541,,,66108561476.39476
2023-12-11,XRP-USD,28230,1440847,,,61928886645.101456
2023-12-12,XRP-USD,26947,1452326,,,61931058878.54269
2023-12-13,XRP-USD,26378,1512929,,,62887741320.55414
2023-12-14,XRP-USD,28240,1251873,,,63224682043.88103
2023-12-15,XRP-USD,26875,1184609,,,61552035068.09149
2023-12-16,XRP-USD,35712,1187245,,,61911702873.55945
2023-12-17,XRP-USD,30555,1320609,,,60991221456.4751
2023-12-18,XRP-USD,27870,1272624,,,61219644467.124855
2023-12-19,XRP-USD,37460,1220680,,,60436724811.033035
2023-12-20,XRP-USD,30493,1166091,,,61640582246.83182
2023-12-21,XRP-USD,27210,1147416,,,62340843358.367325
2023-12-22,XRP-USD,29260,1409298,,,62500457856.46869
2023-12-23,XRP-USD,26712,1206379,,,61974508531.84
2023-12-24,XRP-USD,35764,1550537,,,61362587748.55213
2023-12-25,XRP-USD,39694,2425219,,,64606829936.32923
2023-12-26,XRP-USD,56120,4286314,,,62123706457.29408
2023-12-27,XRP-USD,43611,2106463,,,63467358638.89028
2023-12-28,XRP-USD,31566,1641313,,,63511550074.96384
2023-12-29,XRP-USD,57708,5176106,,,62195129416.58242
2023-12-30,XRP-USD,71131,6862618,,,62159748534.6435
2023-12-31,XRP-USD,72680,7226301,,,61349094586.23973
2024-01-01,XRP-USD,71152,7159985,,,62980715372.57691
2024-01-02,XRP-USD,62579,6851211,,,62648377298.46279
2024-01-03,XRP-USD,61749,6173817,,,58124768748.93226
2024-01-04,XRP-USD,54634,6113087,,,58750701914.142
2024-01-05,XRP-USD,57052,5546007,,,57579222050.9601
2024-01-06,XRP-USD,51986,5387000,,,56726528077.67182
2024-01-07,XRP-USD,53318,5644033,,,55038842980.16484
2024-01-08,XRP-USD,49409,5151027,,,57856583625.52782
2024-01-09,XRP-USD,47134,4911662,,,56721435148.91226
2024-01-10,XRP-USD,51126,4539238,,,60310394990.763535
2024-01-11,XRP-USD,46611,4622074,,,60213973006.27752
2024-01-12,XRP-USD,45638,4699490,,,57002268662.80867
2024-01-13,XRP-USD,53309,4469535,,,57493802037.63423
2024-01-14,XRP-USD,48858,4361161,,,57736572425.15707
2024-01-15,XRP-USD,44381,4180385,,,57571387934.555664
2024-01-16,XRP-USD,43380,4175616,,,57644980451.91223
2024-01-17,XRP-USD,39215,4165910,,,56780530470.42635
2024-01-18,XRP-USD,43624,4214879,,,55152651615.74497
2024-01-19,XRP-USD,44512,4326423,,,54413746500.295425
2024-01-20,XRP-USD,40329,3735570,,,55256825304.61994
2024-01-21,XRP-USD,43888,3889734,,,54689205299.53065
2024-01-22,XRP-USD,39085,3894914,,,52650029747.03841
2024-01-23,XRP-USD,41929,3848250,,,51706658181.14492
2024-01-24,XRP-USD,41577,3900393,,,51805381214.20822
2024-01-25,XRP-USD,38155,3975761,,,51362879384.88224
2024-01-26,XRP-USD,39186,4101781,,,53138607974.39486
2024-01-27,XRP-USD,47698,4033917,,,53018227916.89371
2024-01-28,XRP-USD,46088,4175640,,,52354513763.77372
2024-01-29,XRP-USD,35590,3967780,,,53528703267.81863
2024-01-30,XRP-USD,35738,4038952,,,51024985658.41805
2024-01-31,XRP-USD,43289,4254571,,,50285022210.97164
2024-02-01,XRP-USD,37325,3848104,,,50557556214.53205
2024-02-02,XRP-USD,36142,3654488,,,50962771037.01268
2024-02-03,XRP-USD,33215,3406674,,,51995887504.06671
2024-02-04,XRP-USD,37975,3147749,,,50308587367.562416
2024-02-05,XRP-USD,41265,2755027,,,50587224829.66769
2024-02-06,XRP-USD,39421,2731085,,,50535468971.10744
2024-02-07,XRP-USD,32686,2694587,,,51335260062.9112
2024-02-08,XRP-USD,31292,2694000,,,51415950813.6494
2024-02-09,XRP-USD,32745,2730650,,,52587937130.21585
2024-02-10,XRP-USD,42570,2600519,,,52404426683.5917
2024-02-11,XRP-USD,37300,2548327,,,52576985940.88922
2024-02-12,XRP-USD,35402,2571133,,,53163850284.27285
2024-02-13,XRP-USD,35801,2739111,,,52518027838.002205
2024-02-14,XRP-USD,36133,2708895,,,53871032413.89568
2024-02-15,XRP-USD,36496,2722643,,,56338144041.46266
2024-02-16,XRP-USD,38463,2668531,,,56479535626.052
2024-02-17,XRP-USD,40693,2457175,,,55007340166.98057
2024-02-18,XRP-USD,60779,2424012,,,55728914157.164185
2024-02-19,XRP-USD,37310,2197938,,,56317508432.2445
2024-02-20,XRP-USD,37117,2033033,,,56373773854.85013
2024-02-21,XRP-USD,32395,2069366,,,54846976570.339455
2024-02-22,XRP-USD,32797,1923126,,,54100703565.52885
2024-02-23,XRP-USD,42141,2092468,,,53438278383.57064
2024-02-24,XRP-USD,47565,2122281,,,54502027327.967064
2024-02-25,XRP-USD,37617,2148263,,,54258490492.32793
2024-02-26,XRP-USD,31093,2072728,,,55102439962.56354
2024-02-27,XRP-USD,33345,1871669,,,58795548465.099686
2024-02-28,XRP-USD,42275,1898644,,,57620099533.9685
2024-02-29,XRP-USD,41087,1873897,,,58772454581.04993
2024-03-01,XRP-USD,35084,1718656,,,60194851575.80512
2024-03-02,XRP-USD,36608,1890801,,,64251612945.87827
2024-03-03,XRP-USD,35697,1580924,,,62694628255.04746
2024-03-04,XRP-USD,40502,1697652,,,64970247822.0435
2024-03-05,XRP-USD,39666,1674829,,,59328545051.04973
2024-03-06,XRP-USD,33687,1589566,,,61283389474.86417
2024-03-07,XRP-USD,35627,1478675,,,62995862200.83064
2024-03-08,XRP-USD,38701,1465519,,,62177749900.38349
2024-03-09,XRP-USD,51585,1277991,,,62205712609.06324
2024-03-10,XRP-USD,45330,1346364,,,60720105770.706566
2024-03-11,XRP-USD,43790,1528267,,,72029037610.62025
2024-03-12,XRP-USD,55403,1570663,,,68825330701.02132
2024-03-13,XRP-USD,35561,1428955,,,68927234215.49074
2024-03-14,XRP-USD,31712,1491709,,,66965437170.02569
2024-03-15,XRP-USD,32848,1578908,,,63448327812.16109
2024-03-16,XRP-USD,33194,1474810,,,60201597561.698135
2024-03-17,XRP-USD,37731,1406388,,,61822703859.99242
2024-03-18,XRP-USD,32968,1396739,,,65201866440.30601
2024-03-19,XRP-USD,35816,1436830,,,58289019384.0228
2024-03-20,XRP-USD,33014,1347825,,,61198007854.35545
2024-03-21,XRP-USD,39291,1289369,,,64029710733.026695
2024-03-22,XRP-USD,33572,1243920,,,61000613425.52219
2024-03-23,XRP-USD,36841,1126566,,,61913162814.48514
2024-03-24,XRP-USD,56100,1316047,,,63360083880.7902
2024-03-25,XRP-USD,37695,1278321,,,64113883317.611046
2024-03-26,XRP-USD,51113,1299084,,,63249159310.64852
2024-03-27,XRP-USD,41817,1245508,,,61114098448.62677
2024-03-28,XRP-USD,36236,1353273,,,62504977908.70971
2024-03-29,XRP-USD,36942,1292786,,,63074715504.52701
2024-03-30,XRP-USD,31585,1305005,,,62071168680.843155
2024-03-31,XRP-USD,43364,1271343,,,62895359933.588394
2024-04-01,XRP-USD,49038,1345070,,,61245185285.63391
2024-04-02,XRP-USD,46912,1328197,,,58600438070.744576
2024-04-03,XRP-USD,39707,1269613,,,57554819094.31613
2024-04-04,XRP-USD,39645,1286645,,,59259408436.60923
2024-04-05,XRP-USD,56048,1255156,,,58776956427.96545
2024-04-06,XRP-USD,50556,1171832,,,59421977459.52304
2024-04-07,XRP-USD,40642,1225417,,,59423841738.9182
2024-04-08,XRP-USD,26499,1195097,,,61617474180.71801
2024-04-09,XRP-USD,29136,1310618,,,61414861976.37082
2024-04-10,XRP-USD,30808,1233484,,,61749971103.232765
2024-04-11,XRP-USD,44210,1183952,,,60841076497.40183
2024-04-12,XRP-USD,38344,1262587,,,54700906374.40336
2024-04-13,XRP-USD,34081,1394775,,,48031356295.129105
2024-04-14,XRP-USD,40407,1336616,,,50499485453.01296
2024-04-15,XRP-USD,41275,1332341,,,49711170716.02365
2024-04-16,XRP-USD,25595,1129686,,,49699711697.05781
2024-04-17,XRP-USD,25173,1180445,,,49475735182.39905
2024-04-18,XRP-USD,29023,1206392,,,50267547743.716896
2024-04-19,XRP-USD,35283,1198426,,,50303363516.751274
2024-04-20,XRP-USD,40277,1205012,,,52876403512.13185
2024-04-21,XRP-USD,27543,1147407,,,52463258713.923515
2024-04-22,XRP-USD,25609,1350032,,,55722496645.39368
2024-04-23,XRP-USD,37065,1396920,,,54506300101.55523
2024-04-24,XRP-USD,37752,1285791,,,52599285935.145195
2024-04-25,XRP-USD,23777,1177042,,,52535140082.32105
2024-04-26,XRP-USD,23901,1096005,,,52547332544.85945
2024-04-27,XRP-USD,21726,811956,,,51803633659.6662
2024-04-28,XRP-USD,22267,751486,,,50992639886.31311
2024-04-29,XRP-USD,26751,772540,,,51567334257.26646
2024-04-30,XRP-USD,26976,892618,,,49960255545.56494
2024-05-01,XRP-USD,32522,896301,,,51593908812.08238
2024-05-02,XRP-USD,34053,813748,,,51896234181.90362
2024-05-03,XRP-USD,24821,726222,,,53206068462.17801
2024-05-04,XRP-USD,23139,653733,,,53029343256.08959
2024-05-05,XRP-USD,41118,704753,,,52975582366.3117
2024-05-06,XRP-USD,27561,751855,,,54025549191.144806
2024-05-07,XRP-USD,22789,717418,,,52474474883.91935
2024-05-08,XRP-USD,23143,674404,,,51665796372.83881
2024-05-09,XRP-USD,21793,758343,,,52053957525.49937
2024-05-10,XRP-USD,22466,783289,,,50226074263.76476
2024-05-11,XRP-USD,19109,759603,,,50577082564.07236
2024-05-12,XRP-USD,20509,703406,,,49933370429.10912
2024-05-13,XRP-USD,21340,721269,,,50489145608.56826
2024-05-14,XRP-USD,21829,812052,,,49966320875.99521
2024-05-15,XRP-USD,22293,776379,,,51862929764.14158
2024-05-16,XRP-USD,22204,831724,,,51549301638.13425
2024-05-17,XRP-USD,24326,767141,,,52377232864.38733
2024-05-18,XRP-USD,37128,828095,,,52102181505.90983
2024-05-19,XRP-USD,24073,780568,,,50928128232.37993
2024-05-20,XRP-USD,26792,843356,,,53647520581.18408
2024-05-21,XRP-USD,24717,879750,,,53688900155.71828
2024-05-22,XRP-USD,30304,934952,,,52622334349.73593
2024-05-23,XRP-USD,22241,873633,,,52778685659.70591
2024-05-24,XRP-USD,21642,818507,,,53521074346.36879
2024-05-25,XRP-USD,20712,795179,,,54131744819.54044
2024-05-26,XRP-USD,23825,776306,,,52817154070.766624
2024-05-27,XRP-USD,23619,833049,,,53375569951.60801
2024-05-28,XRP-USD,23885,860812,,,52829610532.34845
2024-05-29,XRP-USD,22205,865944,,,52327933616.170006
2024-05-30,XRP-USD,21059,832704,,,51909588902.95238
2024-05-31,XRP-USD,20805,831061,,,51743078101.37372
2024-06-01,XRP-USD,40334,805332,,,51826820475.516754
2024-06-02,XRP-USD,29301,777773,,,51338160991.68576
2024-06-03,XRP-USD,28001,824536,,,52004664210.913445
2024-06-04,XRP-USD,27587,766157,,,52546060777.59026
2024-06-05,XRP-USD,32935,760753,,,52547883575.57095
2024-06-06,XRP-USD,22881,839420,,,52163395261.02968
2024-06-07,XRP-USD,44615,773516,,,49898602808.21179
2024-06-08,XRP-USD,28620,744338,,,49305800446.75504
2024-06-09,XRP-USD,24603,691836,,,49848610490.92768
2024-06-10,XRP-USD,25181,734183,,,49624366706.13696
2024-06-11,XRP-USD,31107,779985,,,48022516702.1114
2024-06-12,XRP-USD,21313,743505,,,49124832390.31334
2024-06-13,XRP-USD,29638,715837,,,47711688017.252075
2024-06-14,XRP-USD,27887,800822,,,47389228609.78436
2024-06-15,XRP-USD,33613,732929,,,49110423505.0273
2024-06-16,XRP-USD,25138,755011,,,48857211423.47511
2024-06-17,XRP-USD,21976,778296,,,50474601663.58926
2024-06-18,XRP-USD,44726,884525,,,49052418232.61278
2024-06-19,XRP-USD,21024,767662,,,49268483622.64537
2024-06-20,XRP-USD,22916,758641,,,48866370533.68499
2024-06-21,XRP-USD,20892,902674,,,48889782361.15595
2024-06-22,XRP-USD,23567,1004101,,,48655540991.97407
2024-06-23,XRP-USD,25510,1649658,,,47940502901.061165
2024-06-24,XRP-USD,22907,2072169,,,47366829918.83476
2024-06-25,XRP-USD,21941,1822690,,,47512084761.35908
2024-06-26,XRP-USD,21748,1037767,,,46967094689.26423
2024-06-27,XRP-USD,22534,1119009,,,47439586159.91385
2024-06-28,XRP-USD,21023,1136053,,,47064377384.815254
2024-06-29,XRP-USD,41544,1111035,,,47164223326.36012
2024-06-30,XRP-USD,21375,1141441,,,47566581004.168365
2024-07-01,XRP-USD,27953,1316440,,,47640667612.937485
2024-07-02,XRP-USD,22008,1521688,,,48423334628.81749
2024-07-03,XRP-USD,21617,1741856,,,46669953926.4749
2024-07-04,XRP-USD,23693,2059905,,,43611153716.103004
2024-07-05,XRP-USD,27552,2074984,,,42578593902.42154
2024-07-06,XRP-USD,21176,2014019,,,44884810446.88405
2024-07-07,XRP-USD,21324,2232806,,,42069643005.83316
2024-07-08,XRP-USD,22376,2551985,,,43143762274.22944
2024-07-09,XRP-USD,25853,2551546,,,43579443360.79585
2024-07-10,XRP-USD,31755,2303419,,,43878112563.59625
2024-07-11,XRP-USD,20539,2472662,,,44863072898.5848
2024-07-12,XRP-USD,39064,2688318,,,47464031027.89074
2024-07-13,XRP-USD,38840,2852157,,,52700118547.001656
2024-07-14,XRP-USD,23136,2920904,,,52362521062.64861
2024-07-15,XRP-USD,41467,3788498,,,53652230701.14539
2024-07-16,XRP-USD,50254,4449099,,,57841640190.68233
2024-07-17,XRP-USD,52648,3902799,,,62843109754.32017
2024-07-18,XRP-USD,43235,4783137,,,57005673601.426704
2024-07-19,XRP-USD,23498,5429413,,,57212204959.92223
2024-07-20,XRP-USD,20704,2855517,,,59482279448.60649
2024-07-21,XRP-USD,20194,3164810,,,59678527065.506386
2024-07-22,XRP-USD,25076,3617919,,,60570691196.058334
2024-07-23,XRP-USD,28316,2054521,,,59744549678.48471
2024-07-24,XRP-USD,23543,1523748,,,61567844842.35709
2024-07-25,XRP-USD,23193,1450039,,,59842410690.44205
2024-07-26,XRP-USD,22543,1541175,,,60331606085.62813
2024-07-27,XRP-USD,38537,1469438,,,59775190685.36627
2024-07-28,XRP-USD,24110,1385438,,,60083918243.17807
2024-07-29,XRP-USD,22317,1482234,,,60190482038.574646
2024-07-30,XRP-USD,24927,1467075,,,62654900791.99807
2024-07-31,XRP-USD,29582,1378807,,,62555285995.36261
2024-08-01,XRP-USD,25743,1239708,,,59633172801.700554
2024-08-02,XRP-USD,22936,1056664,,,56067738986.93344
2024-08-03,XRP-USD,24468,1091876,,,55583821553.100365
2024-08-04,XRP-USD,28684,1079038,,,52463854028.38471
2024-08-05,XRP-USD,42221,1363220,,,49192486390.572495
2024-08-06,XRP-USD,28761,1047821,,,50529432135.732574
2024-08-07,XRP-USD,26960,1093117,,,60559301517.038574
2024-08-08,XRP-USD,31935,1242038,,,61664632640.442986
2024-08-09,XRP-USD,31753,1199633,,,58024790538.37039
2024-08-10,XRP-USD,39002,1216186,,,58525927726.97625
2024-08-11,XRP-USD,23694,1592725,,,55206306173.7058
2024-08-12,XRP-USD,21410,1716425,,,56920030864.01436
2024-08-13,XRP-USD,22141,1625536,,,57599352004.9361
2024-08-14,XRP-USD,20954,1726260,,,56906891544.98221
2024-08-15,XRP-USD,30479,1747992,,,56111151777.2563
2024-08-16,XRP-USD,37576,1809263,,,56422974658.00114
2024-08-17,XRP-USD,58167,1804869,,,56582706818.15673
2024-08-18,XRP-USD,51796,1767392,,,56632487441.9079
2024-08-19,XRP-USD,25739,1579950,,,59807557349.72646
2024-08-20,XRP-USD,23625,1422552,,,59425585611.27039
2024-08-21,XRP-USD,22149,1589321,,,59993227389.15004
2024-08-22,XRP-USD,22483,1579913,,,59753584494.6776
2024-08-23,XRP-USD,22311,1741162,,,61138664038.438995
2024-08-24,XRP-USD,34642,1634263,,,61254062992.51461
2024-08-25,XRP-USD,20379,1684839,,,60159729425.8382
2024-08-26,XRP-USD,22839,1725675,,,58812397890.699455
2024-08-27,XRP-USD,23200,1931875,,,56776855734.42737
2024-08-28,XRP-USD,25156,2004119,,,57019081739.56687
2024-08-29,XRP-USD,24003,1975552,,,56134493815.58094
2024-08-30,XRP-USD,24827,1806551,,,56668677433.05562
2024-08-31,XRP-USD,31979,1627662,,,56589902156.58112
2024-09-01,XRP-USD,29480,1747473,,,54745687817.39511
2024-09-02,XRP-USD,31884,1670894,,,56761374312.38262
2024-09-03,XRP-USD,27058,1657491,,,55919800450.59858
2024-09-04,XRP-USD,28001,1665528,,,55853978823.32585
2024-09-05,XRP-USD,25290,1408224,,,54397084402.3712
2024-09-06,XRP-USD,24953,1732355,,,52101578399.5041
2024-09-07,XRP-USD,35258,1638510,,,52430580030.55117
2024-09-08,XRP-USD,36816,1715550,,,52941105640.203995
2024-09-09,XRP-USD,28701,1813747,,,53988763627.70508
2024-09-10,XRP-USD,22154,1799383,,,54111362800.362495
2024-09-11,XRP-USD,21363,1769632,,,53527147783.98262
2024-09-12,XRP-USD,22802,1785153,,,56215867452.01008
2024-09-13,XRP-USD,26618,1804501,,,57221528978.25706
2024-09-14,XRP-USD,23336,1836722,,,59683009523.17506
2024-09-15,XRP-USD,23401,1714478,,,57120501674.45619
2024-09-16,XRP-USD,22412,1955202,,,58534391461.92833
2024-09-17,XRP-USD,22724,1831995,,,58439492514.614174
2024-09-18,XRP-USD,24217,1852139,,,58432509325.9132
2024-09-19,XRP-USD,23328,1590659,,,58754199896.569244
2024-09-20,XRP-USD,23126,1802769,,,58513706921.353775
2024-09-21,XRP-USD,35195,1796080,,,59803508458.11093
2024-09-22,XRP-USD,30661,1688366,,,58743624195.99143
2024-09-23,XRP-USD,30207,1367835,,,58521278408.95489
2024-09-24,XRP-USD,23928,1588884,,,59135632624.5098
2024-09-25,XRP-USD,23119,1423518,,,58316393430.88077
2024-09-26,XRP-USD,23347,1601651,,,58968875273.25401
2024-09-27,XRP-USD,23828,1448241,,,58856027819.226524
2024-09-28,XRP-USD,23282,1561032,,,61379140154.70572
2024-09-29,XRP-USD,31941,1624272,,,64145691733.02552
2024-09-30,XRP-USD,28464,1734597,,,61313051970.43368
2024-10-01,XRP-USD,27487,1777792,,,59721616798.53184
2024-10-02,XRP-USD,28232,1497576,,,54048509892.26334
2024-10-03,XRP-USD,28355,1492919,,,52236246053.93917
2024-10-04,XRP-USD,24353,1275098,,,53385868220.1788
2024-10-05,XRP-USD,25629,1042930,,,52945212977.22397
2024-10-06,XRP-USD,35279,1080641,,,53355167237.07216
2024-10-07,XRP-USD,30326,1282431,,,53092999849.647606
2024-10-08,XRP-USD,28850,1106213,,,52996096311.45971
2024-10-09,XRP-USD,26281,1138202,,,52437571312.60913
2024-10-10,XRP-USD,33438,1375439,,,52956872734.86229
2024-10-11,XRP-USD,27238,1497098,,,53835213074.976
2024-10-12,XRP-USD,27865,1217210,,,53950699224.56729
2024-10-13,XRP-USD,22782,1450292,,,53113556132.487206
2024-10-14,XRP-USD,24270,1585181,,,54778752958.95796
2024-10-15,XRP-USD,27475,1557253,,,54067583211.44648
2024-10-16,XRP-USD,23967,1512646,,,54864840973.45152
2024-10-17,XRP-USD,28616,1690543,,,54369128676.635635
2024-10-18,XRP-USD,24680,1658481,,,54615764313.305504
2024-10-19,XRP-USD,39466,1848111,,,54410611556.76537
2024-10-20,XRP-USD,28708,1885879,,,54724491552.60545
2024-10-21,XRP-USD,30655,1763283,,,54471009239.94004
2024-10-22,XRP-USD,28018,1336173,,,53367655101.47185
2024-10-23,XRP-USD,28053,1127081,,,52557670115.905266
2024-10-24,XRP-USD,29130,1260754,,,53131463730.05804
2024-10-25,XRP-USD,34091,1417658,,,49903558468.78836
2024-10-26,XRP-USD,31129,1216113,,,51230555477.781494
2024-10-27,XRP-USD,33333,1634918,,,51658649199.3993
2024-10-28,XRP-USD,31670,1631340,,,51910574591.37094
2024-10-29,XRP-USD,41413,1478139,,,52768885709.66772
2024-10-30,XRP-USD,38813,1485327,,,52336975525.85342
2024-10-31,XRP-USD,33480,1538805,,,50954259212.90291
2024-11-01,XRP-USD,31790,1420199,,,51272541926.70783
2024-11-02,XRP-USD,40875,1192214,,,50924818392.39987
2024-11-03,XRP-USD,36482,1372622,,,50260802377.41645
2024-11-04,XRP-USD,51748,1526933,,,50265608563.2947
2024-11-05,XRP-USD,29462,1513160,,,51388613609.70988
2024-11-06,XRP-USD,32842,1654793,,,54321736600.58845
2024-11-07,XRP-USD,30671,1464850,,,55456066422.886406
2024-11-08,XRP-USD,32115,1144804,,,55364608672.35775
2024-11-09,XRP-USD,28639,1155703,,,55971697708.86993
2024-11-10,XRP-USD,52101,1545943,,,58880001003.79199
2024-11-11,XRP-USD,40362,1541368,,,61969880903.566826
2024-11-12,XRP-USD,47654,2143443,,,71042156135.4093
2024-11-13,XRP-USD,39484,2036546,,,69070128365.23306
2024-11-14,XRP-USD,45307,2033715,,,77189655396.13184
2024-11-15,XRP-USD,54854,2154047,,,89171300226.08087
2024-11-16,XRP-USD,92608,2467742,,,112641524607.96455
2024-11-17,XRP-USD,56194,2198153,,,105912109632.44344
2024-11-18,XRP-USD,59976,2308168,,,111827605572.96094
2024-11-19,XRP-USD,52386,1961339,,,110179463761.96184
2024-11-20,XRP-USD,60093,1956810,,,110623357561.35684
2024-11-21,XRP-USD,53414,2280079,,,122743745427.36348
2024-11-22,XRP-USD,87045,2447628,,,146245937559.0451
2024-11-23,XRP-USD,70196,2035738,,,147187319393.7695
2024-11-24,XRP-USD,61777,1828447,,,143706748538.00568
2024-11-25,XRP-USD,58752,2152268,,,141841328763.35086
2024-11-26,XRP-USD,60555,2702646,,,139879569477.9951
2024-11-27,XRP-USD,52956,2493535,,,147290539730.0324
2024-11-28,XRP-USD,50009,2254437,,,153014113744.91373
2024-11-29,XRP-USD,70425,2547661,,,180049098883.6924
2024-11-30,XRP-USD,89962,3055083,,,193681073695.1868
2024-12-01,XRP-USD,108228,3379022,,,225367259230.66476
2024-12-02,XRP-USD,173593,4208149,,,272628803392.45743
2024-12-03,XRP-USD,153035,3389553,,,254017255510.1596
2024-12-04,XRP-USD,128563,2613714,,,233841856323.63535
2024-12-05,XRP-USD,103604,2439403,,,225288721821.58484
2024-12-06,XRP-USD,84495,1896328,,,241532534606.6248
2024-12-07,XRP-USD,74722,2290172,,,258939455471.4145
2024-12-08,XRP-USD,78043,1845144,,,260651526635.07367
2024-12-09,XRP-USD,74242,2374684,,,222376267175.83127
2024-12-10,XRP-USD,73156,2209669,,,237105963633.374
2024-12-11,XRP-USD,90376,2288769,,,241609423500.56592
2024-12-12,XRP-USD,74691,2361732,,,234316370353.33063
2024-12-13,XRP-USD,69143,2360303,,,242439132393.96152
2024-12-14,XRP-USD,98317,2527518,,,239931761294.9084
2024-12-15,XRP-USD,78972,2471404,,,244396695713.17435
2024-12-16,XRP-USD,82495,2459947,,,248819512521.2708
2024-12-17,XRP-USD,97500,2618705,,,255347617775.2357
2024-12-18,XRP-USD,76710,2533703,,,231004029819.34692
2024-12-19,XRP-USD,95682,2229093,,,225542145307.12195
2024-12-20,XRP-USD,78359,2491058,,,227446383977.89676
2024-12-21,XRP-USD,56865,2155546,,,223258184500.9328
2024-12-22,XRP-USD,58636,1963069,,,220152372221.15027
2024-12-23,XRP-USD,55359,1866472,,,225586731438.1829
2024-12-24,XRP-USD,63623,1628561,,,232444781845.818
2024-12-25,XRP-USD,73359,1762506,,,229509724997.7386
2024-12-26,XRP-USD,54788,1714483,,,215337620354.58707
2024-12-27,XRP-USD,54465,1790531,,,213881149998.99744
2024-12-28,XRP-USD,64940,2003325,,,218187128404.06512
2024-12-29,XRP-USD,85813,2159751,,,208942865734.81985
2024-12-30,XRP-USD,65007,2188464,,,205421655232.7756
2024-12-31,XRP-USD,92375,2234413,,,207766156676.53464
