Date,Asset,News_Sentiment,News_Volume,Social_Sentiment,Social_Volume,Attention_Index,Sentiment_Disagreement,Market_FearGreed,FinBERT_Polarity
2020-01-01,BTC-USD,0.0,0,0.0,0,0.0,0.0,-0.26,0.0
2020-01-02,BTC-USD,0.0,0,0.0,0,0.0,0.0,-0.21999999999999997,0.0
2020-01-03,BTC-USD,0.0,0,0.0,0,0.0,0.0,-0.24,0.0
2020-01-04,BTC-USD,0.0,0,0.0,0,0.0,0.0,-0.24,0.0
2020-01-05,BTC-USD,0.0,0,0.0,0,0.0,0.0,-0.21999999999999997,0.0
2020-01-06,BTC-USD,0.0,0,0.0,0,0.0,0.0,-0.18000000000000005,0.0
2020-01-07,BTC-USD,0.0,0,0.0,0,0.0,0.0,-0.19999999999999996,0.0
2020-01-08,BTC-USD,0.0,0,0.0,0,0.0,0.0,0.020000000000000018,0.0
2020-01-09,BTC-USD,0.0,0,0.0,0,0.0,0.0,-0.12,0.0
2020-01-10,BTC-USD,0.0,0,0.0,0,0.0,0.0,-0.18000000000000005,0.0
2020-01-11,BTC-USD,0.0,0,0.0,0,0.0,0.0,0.0,0.0
2020-01-12,BTC-USD,0.0,0,0.0,0,0.0,0.0,-0.09999999999999998,0.0
2020-01-13,BTC-USD,0.0,0,0.0,0,0.0,0.0,-0.020000000000000018,0.0
2020-01-14,BTC-USD,0.0,0,0.0,0,0.0,0.0,0.1200000000000001,0.0
2020-01-15,BTC-USD,0.0,0,0.0,0,0.0,0.0,0.08000000000000007,0.0
2020-01-16,BTC-USD,0.0,0,0.0,0,0.0,0.0,0.10000000000000009,0.0
2020-01-17,BTC-USD,0.0,0,0.0,0,0.0,0.0,0.08000000000000007,0.0
2020-01-18,BTC-USD,0.0,0,0.0,0,0.0,0.0,0.020000000000000018,0.0
2020-01-19,BTC-USD,0.0,0,0.0,0,0.0,0.0,0.06000000000000005,0.0
2020-01-20,BTC-USD,0.0,0,0.0,0,0.0,0.0,-0.040000000000000036,0.0
2020-01-21,BTC-USD,0.0,0,0.0,0,0.0,0.0,-0.020000000000000018,0.0
2020-01-22,BTC-USD,0.0,0,0.0,0,0.0,0.0,0.040000000000000036,0.0
2020-01-23,BTC-USD,0.0,0,0.0,0,0.0,0.0,-0.020000000000000018,0.0
2020-01-24,BTC-USD,0.0,0,0.0,0,0.0,0.0,-0.19999999999999996,0.0
2020-01-25,BTC-USD,0.0,0,0.0,0,0.0,0.0,-0.18000000000000005,0.0
2020-01-26,BTC-USD,0.0,0,0.0,0,0.0,0.0,-0.16000000000000003,0.0
2020-01-27,BTC-USD,0.0,0,0.0,0,0.0,0.0,0.0,0.0
2020-01-28,BTC-USD,0.0,0,0.0,0,0.0,0.0,0.08000000000000007,0.0
2020-01-29,BTC-USD,0.0,0,0.0,0,0.0,0.0,0.1399999999999999,0.0
2020-01-30,BTC-USD,0.0,0,0.0,0,0.0,0.0,0.1399999999999999,0.0
2020-01-31,BTC-USD,0.0,0,0.0,0,0.0,0.0,0.10000000000000009,0.0
2020-02-01,BTC-USD,0.0,0,0.0,0,0.0,0.0,0.1399999999999999,0.0
2020-02-02,BTC-USD,0.0,0,0.0,0,0.0,0.0,0.1399999999999999,0.0
2020-02-03,BTC-USD,0.0,0,0.0,0,0.0,0.0,0.17999999999999994,0.0
2020-02-04,BTC-USD,0.0,0,0.0,0,0.0,0.0,0.1200000000000001,0.0
2020-02-05,BTC-USD,0.0,0,0.0,0,0.0,0.0,0.06000000000000005,0.0
2020-02-06,BTC-USD,0.0,0,0.0,0,0.0,0.0,0.21999999999999997,0.0
2020-02-07,BTC-USD,0.0,0,0.0,0,0.0,0.0,0.1200000000000001,0.0
2020-02-08,BTC-USD,0.0,0,0.0,0,0.0,0.0,0.1200000000000001,0.0
2020-02-09,BTC-USD,0.0,0,0.0,0,0.0,0.0,0.1200000000000001,0.0
2020-02-10,BTC-USD,0.0,0,0.0,0,0.0,0.0,0.1399999999999999,0.0
2020-02-11,BTC-USD,0.0,0,0.0,0,0.0,0.0,0.040000000000000036,0.0
2020-02-12,BTC-USD,0.0,0,0.0,0,0.0,0.0,0.21999999999999997,0.0
2020-02-13,BTC-USD,0.0,0,0.0,0,0.0,0.0,0.30000000000000004,0.0
2020-02-14,BTC-USD,0.0,0,0.0,0,0.0,0.0,0.26,0.0
2020-02-15,BTC-USD,0.0,0,0.0,0,0.0,0.0,0.28,0.0
2020-02-16,BTC-USD,0.0,0,0.0,0,0.0,0.0,0.17999999999999994,0.0
2020-02-17,BTC-USD,0.0,0,0.0,0,0.0,0.0,-0.020000000000000018,0.0
2020-02-18,BTC-USD,0.0,0,0.0,0,0.0,0.0,0.06000000000000005,0.0
2020-02-19,BTC-USD,0.0,0,0.0,0,0.0,0.0,0.0,0.0
2020-02-20,BTC-USD,0.0,0,0.0,0,0.0,0.0,-0.12,0.0
2020-02-21,BTC-USD,0.0,0,0.0,0,0.0,0.0,-0.12,0.0
2020-02-22,BTC-USD,0.0,0,0.0,0,0.0,0.0,-0.14,0.0
2020-02-23,BTC-USD,0.0,0,0.0,0,0.0,0.0,-0.07999999999999996,0.0
2020-02-24,BTC-USD,0.0,0,0.0,0,0.0,0.0,-0.07999999999999996,0.0
2020-02-25,BTC-USD,0.0,0,0.0,0,0.0,0.0,-0.12,0.0
2020-02-26,BTC-USD,0.0,0,0.0,0,0.0,0.0,-0.18000000000000005,0.0
2020-02-27,BTC-USD,0.0,0,0.0,0,0.0,0.0,-0.21999999999999997,0.0
2020-02-28,BTC-USD,0.0,0,0.0,0,0.0,0.0,-0.19999999999999996,0.0
2020-02-29,BTC-USD,0.0,0,0.0,0,0.0,0.0,-0.24,0.0
2020-03-01,BTC-USD,0.0,0,0.0,0,0.0,0.0,-0.21999999999999997,0.0
2020-03-02,BTC-USD,0.0,0,0.0,0,0.0,0.0,-0.24,0.0
2020-03-03,BTC-USD,0.0,0,0.0,0,0.0,0.0,-0.24,0.0
2020-03-04,BTC-USD,0.0,0,0.0,0,0.0,0.0,-0.19999999999999996,0.0
2020-03-05,BTC-USD,0.0,0,0.0,0,0.0,0.0,-0.18000000000000005,0.0
2020-03-06,BTC-USD,0.0,0,0.0,0,0.0,0.0,-0.21999999999999997,0.0
2020-03-07,BTC-USD,0.0,0,0.0,0,0.0,0.0,-0.24,0.0
2020-03-08,BTC-USD,0.0,0,0.0,0,0.0,0.0,-0.33999999999999997,0.0
2020-03-09,BTC-USD,0.0,0,0.0,0,0.0,0.0,-0.6599999999999999,0.0
2020-03-10,BTC-USD,0.0,0,0.0,0,0.0,0.0,-0.6799999999999999,0.0
2020-03-11,BTC-USD,0.0,0,0.0,0,0.0,0.0,-0.6599999999999999,0.0
2020-03-12,BTC-USD,0.0,0,0.0,0,0.0,0.0,-0.72,0.0
2020-03-13,BTC-USD,0.0,0,0.0,0,0.0,0.0,-0.8,0.0
2020-03-14,BTC-USD,0.0,0,0.0,0,0.0,0.0,-0.84,0.0
2020-03-15,BTC-USD,0.0,0,0.0,0,0.0,0.0,-0.76,0.0
2020-03-16,BTC-USD,0.0,0,0.0,0,0.0,0.0,-0.8200000000000001,0.0
2020-03-17,BTC-USD,0.0,0,0.0,0,0.0,0.0,-0.84,0.0
2020-03-18,BTC-USD,0.0,0,0.0,0,0.0,0.0,-0.78,0.0
2020-03-19,BTC-USD,0.0,0,0.0,0,0.0,0.0,-0.76,0.0
2020-03-20,BTC-USD,0.0,0,0.0,0,0.0,0.0,-0.8200000000000001,0.0
2020-03-21,BTC-USD,0.0,0,0.0,0,0.0,0.0,-0.8200000000000001,0.0
2020-03-22,BTC-USD,0.0,0,0.0,0,0.0,0.0,-0.78,0.0
2020-03-23,BTC-USD,0.0,0,0.0,0,0.0,0.0,-0.8,0.0
2020-03-24,BTC-USD,0.0,0,0.0,0,0.0,0.0,-0.76,0.0
2020-03-25,BTC-USD,0.0,0,0.0,0,0.0,0.0,-0.74,0.0
2020-03-26,BTC-USD,0.0,0,0.0,0,0.0,0.0,-0.72,0.0
2020-03-27,BTC-USD,0.0,0,0.0,0,0.0,0.0,-0.76,0.0
2020-03-28,BTC-USD,0.0,0,0.0,0,0.0,0.0,-0.84,0.0
2020-03-29,BTC-USD,0.0,0,0.0,0,0.0,0.0,-0.76,0.0
2020-03-30,BTC-USD,0.0,0,0.0,0,0.0,0.0,-0.8,0.0
2020-03-31,BTC-USD,0.0,0,0.0,0,0.0,0.0,-0.76,0.0
2020-04-01,BTC-USD,0.0,0,0.0,0,0.0,0.0,-0.76,0.0
2020-04-02,BTC-USD,0.0,0,0.0,0,0.0,0.0,-0.72,0.0
2020-04-03,BTC-USD,0.0,0,0.0,0,0.0,0.0,-0.72,0.0
2020-04-04,BTC-USD,0.0,0,0.0,0,0.0,0.0,-0.76,0.0
2020-04-05,BTC-USD,0.0,0,0.0,0,0.0,0.0,-0.76,0.0
2020-04-06,BTC-USD,0.0,0,0.0,0,0.0,0.0,-0.76,0.0
2020-04-07,BTC-USD,0.0,0,0.0,0,0.0,0.0,-0.6,0.0
2020-04-08,BTC-USD,0.0,0,0.0,0,0.0,0.0,-0.5800000000000001,0.0
2020-04-09,BTC-USD,0.0,0,0.0,0,0.0,0.0,-0.56,0.0
2020-04-10,BTC-USD,0.0,0,0.0,0,0.0,0.0,-0.7,0.0
2020-04-11,BTC-USD,0.0,0,0.0,0,0.0,0.0,-0.7,0.0
2020-04-12,BTC-USD,0.0,0,0.0,0,0.0,0.0,-0.8,0.0
2020-04-13,BTC-USD,0.0,0,0.0,0,0.0,0.0,-0.78,0.0
2020-04-14,BTC-USD,0.0,0,0.0,0,0.0,0.0,-0.7,0.0
2020-04-15,BTC-USD,0.0,0,0.0,0,0.0,0.0,-0.64,0.0
2020-04-16,BTC-USD,0.0,0,0.0,0,0.0,0.0,-0.74,0.0
2020-04-17,BTC-USD,0.0,0,0.0,0,0.0,0.0,-0.7,0.0
2020-04-18,BTC-USD,0.0,0,0.0,0,0.0,0.0,-0.64,0.0
2020-04-19,BTC-USD,0.0,0,0.0,0,0.0,0.0,-0.6799999999999999,0.0
2020-04-20,BTC-USD,0.0,0,0.0,0,0.0,0.0,-0.7,0.0
2020-04-21,BTC-USD,0.0,0,0.0,0,0.0,0.0,-0.6599999999999999,0.0
2020-04-22,BTC-USD,0.0,0,0.0,0,0.0,0.0,-0.62,0.0
2020-04-23,BTC-USD,0.0,0,0.0,0,0.0,0.0,-0.62,0.0
2020-04-24,BTC-USD,0.0,0,0.0,0,0.0,0.0,-0.6,0.0
2020-04-25,BTC-USD,0.0,0,0.0,0,0.0,0.0,-0.52,0.0
2020-04-26,BTC-USD,0.0,0,0.0,0,0.0,0.0,-0.5800000000000001,0.0
2020-04-27,BTC-USD,0.0,0,0.0,0,0.0,0.0,-0.43999999999999995,0.0
2020-04-28,BTC-USD,0.0,0,0.0,0,0.0,0.0,-0.48,0.0
2020-04-29,BTC-USD,0.0,0,0.0,0,0.0,0.0,-0.48,0.0
2020-04-30,BTC-USD,0.0,0,0.0,0,0.0,0.0,-0.12,0.0
2020-05-01,BTC-USD,0.0,0,0.0,0,0.0,0.0,-0.19999999999999996,0.0
2020-05-02,BTC-USD,0.0,0,0.0,0,0.0,0.0,-0.19999999999999996,0.0
2020-05-03,BTC-USD,0.0,0,0.0,0,0.0,0.0,-0.09999999999999998,0.0
2020-05-04,BTC-USD,0.0,0,0.0,0,0.0,0.0,-0.12,0.0
2020-05-05,BTC-USD,0.0,0,0.0,0,0.0,0.0,-0.19999999999999996,0.0
2020-05-06,BTC-USD,0.0,0,0.0,0,0.0,0.0,-0.16000000000000003,0.0
2020-05-07,BTC-USD,0.0,0,0.0,0,0.0,0.0,-0.020000000000000018,0.0
2020-05-08,BTC-USD,0.0,0,0.0,0,0.0,0.0,0.10000000000000009,0.0
2020-05-09,BTC-USD,0.0,0,0.0,0,0.0,0.0,0.1200000000000001,0.0
2020-05-10,BTC-USD,0.0,0,0.0,0,0.0,0.0,-0.040000000000000036,0.0
2020-05-11,BTC-USD,0.0,0,0.0,0,0.0,0.0,-0.19999999999999996,0.0
2020-05-12,BTC-USD,0.0,0,0.0,0,0.0,0.0,-0.21999999999999997,0.0
2020-05-13,BTC-USD,0.0,0,0.0,0,0.0,0.0,-0.18000000000000005,0.0
2020-05-14,BTC-USD,0.0,0,0.0,0,0.0,0.0,-0.19999999999999996,0.0
2020-05-15,BTC-USD,0.0,0,0.0,0,0.0,0.0,-0.12,0.0
2020-05-16,BTC-USD,0.0,0,0.0,0,0.0,0.0,-0.18000000000000005,0.0
2020-05-17,BTC-USD,0.0,0,0.0,0,0.0,0.0,-0.19999999999999996,0.0
2020-05-18,BTC-USD,0.0,0,0.0,0,0.0,0.0,0.0,0.0
2020-05-19,BTC-USD,0.0,0,0.0,0,0.0,0.0,0.0,0.0
2020-05-20,BTC-USD,0.0,0,0.0,0,0.0,0.0,0.040000000000000036,0.0
2020-05-21,BTC-USD,0.0,0,0.0,0,0.0,0.0,-0.020000000000000018,0.0
2020-05-22,BTC-USD,0.0,0,0.0,0,0.0,0.0,-0.16000000000000003,0.0
2020-05-23,BTC-USD,0.0,0,0.0,0,0.0,0.0,-0.19999999999999996,0.0
2020-05-24,BTC-USD,0.0,0,0.0,0,0.0,0.0,-0.14,0.0
2020-05-25,BTC-USD,0.0,0,0.0,0,0.0,0.0,-0.18000000000000005,0.0
2020-05-26,BTC-USD,0.0,0,0.0,0,0.0,0.0,-0.21999999999999997,0.0
2020-05-27,BTC-USD,0.0,0,0.0,0,0.0,0.0,-0.21999999999999997,0.0
2020-05-28,BTC-USD,0.0,0,0.0,0,0.0,0.0,-0.18000000000000005,0.0
2020-05-29,BTC-USD,0.0,0,0.0,0,0.0,0.0,-0.040000000000000036,0.0
2020-05-30,BTC-USD,0.0,0,0.0,0,0.0,0.0,-0.040000000000000036,0.0
2020-05-31,BTC-USD,0.0,0,0.0,0,0.0,0.0,0.020000000000000018,0.0
2020-06-01,BTC-USD,0.0,0,0.0,0,0.0,0.0,0.0,0.0
2020-06-02,BTC-USD,0.0,0,0.0,0,0.0,0.0,0.1200000000000001,0.0
2020-06-03,BTC-USD,0.0,0,0.0,0,0.0,0.0,-0.040000000000000036,0.0
2020-06-04,BTC-USD,0.0,0,0.0,0,0.0,0.0,0.08000000000000007,0.0
2020-06-05,BTC-USD,0.0,0,0.0,0,0.0,0.0,0.06000000000000005,0.0
2020-06-06,BTC-USD,0.0,0,0.0,0,0.0,0.0,0.08000000000000007,0.0
2020-06-07,BTC-USD,0.0,0,0.0,0,0.0,0.0,0.08000000000000007,0.0
2020-06-08,BTC-USD,0.0,0,0.0,0,0.0,0.0,0.06000000000000005,0.0
2020-06-09,BTC-USD,0.0,0,0.0,0,0.0,0.0,0.040000000000000036,0.0
2020-06-10,BTC-USD,0.0,0,0.0,0,0.0,0.0,0.08000000000000007,0.0
2020-06-11,BTC-USD,0.0,0,0.0,0,0.0,0.0,0.040000000000000036,0.0
2020-06-12,BTC-USD,0.0,0,0.0,0,0.0,0.0,-0.24,0.0
2020-06-13,BTC-USD,0.0,0,0.0,0,0.0,0.0,-0.24,0.0
2020-06-14,BTC-USD,0.0,0,0.0,0,0.0,0.0,-0.19999999999999996,0.0
2020-06-15,BTC-USD,0.0,0,0.0,0,0.0,0.0,-0.26,0.0
2020-06-16,BTC-USD,0.0,0,0.0,0,0.0,0.0,-0.21999999999999997,0.0
2020-06-17,BTC-USD,0.0,0,0.0,0,0.0,0.0,-0.24,0.0
2020-06-18,BTC-USD,0.0,0,0.0,0,0.0,0.0,-0.19999999999999996,0.0
2020-06-19,BTC-USD,0.0,0,0.0,0,0.0,0.0,-0.21999999999999997,0.0
2020-06-20,BTC-USD,0.0,0,0.0,0,0.0,0.0,-0.24,0.0
2020-06-21,BTC-USD,0.0,0,0.0,0,0.0,0.0,-0.26,0.0
2020-06-22,BTC-USD,0.0,0,0.0,0,0.0,0.0,-0.24,0.0
2020-06-23,BTC-USD,0.0,0,0.0,0,0.0,0.0,-0.18000000000000005,0.0
2020-06-24,BTC-USD,0.0,0,0.0,0,0.0,0.0,0.0,0.0
2020-06-25,BTC-USD,0.0,0,0.0,0,0.0,0.0,-0.14,0.0
2020-06-26,BTC-USD,0.0,0,0.0,0,0.0,0.0,-0.19999999999999996,0.0
2020-06-27,BTC-USD,0.0,0,0.0,0,0.0,0.0,-0.14,0.0
2020-06-28,BTC-USD,0.0,0,0.0,0,0.0,0.0,-0.19999999999999996,0.0
2020-06-29,BTC-USD,0.0,0,0.0,0,0.0,0.0,-0.18000000000000005,0.0
2020-06-30,BTC-USD,0.0,0,0.0,0,0.0,0.0,-0.12,0.0
2020-07-01,BTC-USD,0.0,0,0.0,0,0.0,0.0,-0.16000000000000003,0.0
2020-07-02,BTC-USD,0.0,0,0.0,0,0.0,0.0,-0.16000000000000003,0.0
2020-07-03,BTC-USD,0.0,0,0.0,0,0.0,0.0,-0.18000000000000005,0.0
2020-07-04,BTC-USD,0.0,0,0.0,0,0.0,0.0,-0.19999999999999996,0.0
2020-07-05,BTC-USD,0.0,0,0.0,0,0.0,0.0,-0.24,0.0
2020-07-06,BTC-USD,0.0,0,0.0,0,0.0,0.0,-0.19999999999999996,0.0
2020-07-07,BTC-USD,0.0,0,0.0,0,0.0,0.0,-0.14,0.0
2020-07-08,BTC-USD,0.0,0,0.0,0,0.0,0.0,-0.12,0.0
2020-07-09,BTC-USD,0.0,0,0.0,0,0.0,0.0,-0.12,0.0
2020-07-10,BTC-USD,0.0,0,0.0,0,0.0,0.0,-0.18000000000000005,0.0
2020-07-11,BTC-USD,0.0,0,0.0,0,0.0,0.0,-0.12,0.0
2020-07-12,BTC-USD,0.0,0,0.0,0,0.0,0.0,-0.18000000000000005,0.0
2020-07-13,BTC-USD,0.0,0,0.0,0,0.0,0.0,-0.14,0.0
2020-07-14,BTC-USD,0.0,0,0.0,0,0.0,0.0,-0.14,0.0
2020-07-15,BTC-USD,0.0,0,0.0,0,0.0,0.0,-0.12,0.0
2020-07-16,BTC-USD,0.0,0,0.0,0,0.0,0.0,-0.14,0.0
2020-07-17,BTC-USD,0.0,0,0.0,0,0.0,0.0,-0.18000000000000005,0.0
2020-07-18,BTC-USD,0.0,0,0.0,0,0.0,0.0,-0.12,0.0
2020-07-19,BTC-USD,0.0,0,0.0,0,0.0,0.0,-0.18000000000000005,0.0
2020-07-20,BTC-USD,0.0,0,0.0,0,0.0,0.0,-0.12,0.0
2020-07-21,BTC-USD,0.0,0,0.0,0,0.0,0.0,-0.12,0.0
2020-07-22,BTC-USD,0.0,0,0.0,0,0.0,0.0,0.0,0.0
2020-07-23,BTC-USD,0.0,0,0.0,0,0.0,0.0,0.10000000000000009,0.0
2020-07-24,BTC-USD,0.0,0,0.0,0,0.0,0.0,0.06000000000000005,0.0
2020-07-25,BTC-USD,0.0,0,0.0,0,0.0,0.0,0.10000000000000009,0.0
2020-07-26,BTC-USD,0.0,0,0.0,0,0.0,0.0,0.10000000000000009,0.0
2020-07-27,BTC-USD,0.0,0,0.0,0,0.0,0.0,0.15999999999999992,0.0
2020-07-28,BTC-USD,0.0,0,0.0,0,0.0,0.0,0.52,0.0
2020-07-29,BTC-USD,0.0,0,0.0,0,0.0,0.0,0.41999999999999993,0.0
2020-07-30,BTC-USD,0.0,0,0.0,0,0.0,0.0,0.52,0.0
2020-07-31,BTC-USD,0.0,0,0.0,0,0.0,0.0,0.5,0.0
2020-08-01,BTC-USD,0.0,0,0.0,0,0.0,0.0,0.5,0.0
2020-08-02,BTC-USD,0.0,0,0.0,0,0.0,0.0,0.6000000000000001,0.0
2020-08-03,BTC-USD,0.0,0,0.0,0,0.0,0.0,0.5,0.0
2020-08-04,BTC-USD,0.0,0,0.0,0,0.0,0.0,0.43999999999999995,0.0
2020-08-05,BTC-USD,0.0,0,0.0,0,0.0,0.0,0.5,0.0
2020-08-06,BTC-USD,0.0,0,0.0,0,0.0,0.0,0.5800000000000001,0.0
2020-08-07,BTC-USD,0.0,0,0.0,0,0.0,0.0,0.54,0.0
2020-08-08,BTC-USD,0.0,0,0.0,0,0.0,0.0,0.54,0.0
2020-08-09,BTC-USD,0.0,0,0.0,0,0.0,0.0,0.5800000000000001,0.0
2020-08-10,BTC-USD,0.0,0,0.0,0,0.0,0.0,0.56,0.0
2020-08-11,BTC-USD,0.0,0,0.0,0,0.0,0.0,0.6799999999999999,0.0
2020-08-12,BTC-USD,0.0,0,0.0,0,0.0,0.0,0.5,0.0
2020-08-13,BTC-USD,0.0,0,0.0,0,0.0,0.0,0.5,0.0
2020-08-14,BTC-USD,0.0,0,0.0,0,0.0,0.0,0.56,0.0
2020-08-15,BTC-USD,0.0,0,0.0,0,0.0,0.0,0.5800000000000001,0.0
2020-08-16,BTC-USD,0.0,0,0.0,0,0.0,0.0,0.6399999999999999,0.0
2020-08-17,BTC-USD,0.0,0,0.0,0,0.0,0.0,0.6599999999999999,0.0
2020-08-18,BTC-USD,0.0,0,0.0,0,0.0,0.0,0.6399999999999999,0.0
2020-08-19,BTC-USD,0.0,0,0.0,0,0.0,0.0,0.6000000000000001,0.0
2020-08-20,BTC-USD,0.0,0,0.0,0,0.0,0.0,0.5,0.0
2020-08-21,BTC-USD,0.0,0,0.0,0,0.0,0.0,0.6200000000000001,0.0
2020-08-22,BTC-USD,0.0,0,0.0,0,0.0,0.0,0.56,0.0
2020-08-23,BTC-USD,0.0,0,0.0,0,0.0,0.0,0.52,0.0
2020-08-24,BTC-USD,0.0,0,0.0,0,0.0,0.0,0.56,0.0
2020-08-25,BTC-USD,0.0,0,0.0,0,0.0,0.0,0.5,0.0
2020-08-26,BTC-USD,0.0,0,0.0,0,0.0,0.0,0.52,0.0
2020-08-27,BTC-USD,0.0,0,0.0,0,0.0,0.0,0.5,0.0
2020-08-28,BTC-USD,0.0,0,0.0,0,0.0,0.0,0.48,0.0
2020-08-29,BTC-USD,0.0,0,0.0,0,0.0,0.0,0.5800000000000001,0.0
2020-08-30,BTC-USD,0.0,0,0.0,0,0.0,0.0,0.5,0.0
2020-08-31,BTC-USD,0.0,0,0.0,0,0.0,0.0,0.5,0.0
2020-09-01,BTC-USD,0.0,0,0.0,0,0.0,0.0,0.5,0.0
2020-09-02,BTC-USD,0.0,0,0.0,0,0.0,0.0,0.6599999999999999,0.0
2020-09-03,BTC-USD,0.0,0,0.0,0,0.0,0.0,0.5800000000000001,0.0
2020-09-04,BTC-USD,0.0,0,0.0,0,0.0,0.0,-0.19999999999999996,0.0
2020-09-05,BTC-USD,0.0,0,0.0,0,0.0,0.0,-0.18000000000000005,0.0
2020-09-06,BTC-USD,0.0,0,0.0,0,0.0,0.0,-0.18000000000000005,0.0
2020-09-07,BTC-USD,0.0,0,0.0,0,0.0,0.0,-0.18000000000000005,0.0
2020-09-08,BTC-USD,0.0,0,0.0,0,0.0,0.0,-0.18000000000000005,0.0
2020-09-09,BTC-USD,0.0,0,0.0,0,0.0,0.0,-0.24,0.0
2020-09-10,BTC-USD,0.0,0,0.0,0,0.0,0.0,-0.24,0.0
2020-09-11,BTC-USD,0.0,0,0.0,0,0.0,0.0,-0.18000000000000005,0.0
2020-09-12,BTC-USD,0.0,0,0.0,0,0.0,0.0,-0.18000000000000005,0.0
2020-09-13,BTC-USD,0.0,0,0.0,0,0.0,0.0,-0.24,0.0
2020-09-14,BTC-USD,0.0,0,0.0,0,0.0,0.0,-0.21999999999999997,0.0
2020-09-15,BTC-USD,0.0,0,0.0,0,0.0,0.0,-0.06000000000000005,0.0
2020-09-16,BTC-USD,0.0,0,0.0,0,0.0,0.0,-0.14,0.0
2020-09-17,BTC-USD,0.0,0,0.0,0,0.0,0.0,-0.040000000000000036,0.0
2020-09-18,BTC-USD,0.0,0,0.0,0,0.0,0.0,-0.020000000000000018,0.0
2020-09-19,BTC-USD,0.0,0,0.0,0,0.0,0.0,-0.040000000000000036,0.0
2020-09-20,BTC-USD,0.0,0,0.0,0,0.0,0.0,0.040000000000000036,0.0
2020-09-21,BTC-USD,0.0,0,0.0,0,0.0,0.0,-0.040000000000000036,0.0
2020-09-22,BTC-USD,0.0,0,0.0,0,0.0,0.0,-0.21999999999999997,0.0
2020-09-23,BTC-USD,0.0,0,0.0,0,0.0,0.0,-0.14,0.0
2020-09-24,BTC-USD,0.0,0,0.0,0,0.0,0.0,-0.21999999999999997,0.0
2020-09-25,BTC-USD,0.0,0,0.0,0,0.0,0.0,-0.07999999999999996,0.0
2020-09-26,BTC-USD,0.0,0,0.0,0,0.0,0.0,-0.09999999999999998,0.0
2020-09-27,BTC-USD,0.0,0,0.0,0,0.0,0.0,-0.06000000000000005,0.0
2020-09-28,BTC-USD,0.0,0,0.0,0,0.0,0.0,-0.14,0.0
2020-09-29,BTC-USD,0.0,0,0.0,0,0.0,0.0,-0.09999999999999998,0.0
2020-09-30,BTC-USD,0.0,0,0.0,0,0.0,0.0,-0.020000000000000018,0.0
2020-10-01,BTC-USD,0.0,0,0.0,0,0.0,0.0,-0.09999999999999998,0.0
2020-10-02,BTC-USD,0.0,0,0.0,0,0.0,0.0,-0.18000000000000005,0.0
2020-10-03,BTC-USD,0.0,0,0.0,0,0.0,0.0,-0.19999999999999996,0.0
2020-10-04,BTC-USD,0.0,0,0.0,0,0.0,0.0,-0.16000000000000003,0.0
2020-10-05,BTC-USD,0.0,0,0.0,0,0.0,0.0,-0.16000000000000003,0.0
2020-10-06,BTC-USD,0.0,0,0.0,0,0.0,0.0,-0.06000000000000005,0.0
2020-10-07,BTC-USD,0.0,0,0.0,0,0.0,0.0,-0.14,0.0
2020-10-08,BTC-USD,0.0,0,0.0,0,0.0,0.0,-0.07999999999999996,0.0
2020-10-09,BTC-USD,0.0,0,0.0,0,0.0,0.0,-0.040000000000000036,0.0
2020-10-10,BTC-USD,0.0,0,0.0,0,0.0,0.0,0.06000000000000005,0.0
2020-10-11,BTC-USD,0.0,0,0.0,0,0.0,0.0,0.10000000000000009,0.0
2020-10-12,BTC-USD,0.0,0,0.0,0,0.0,0.0,0.040000000000000036,0.0
2020-10-13,BTC-USD,0.0,0,0.0,0,0.0,0.0,0.1200000000000001,0.0
2020-10-14,BTC-USD,0.0,0,0.0,0,0.0,0.0,0.06000000000000005,0.0
2020-10-15,BTC-USD,0.0,0,0.0,0,0.0,0.0,0.1200000000000001,0.0
2020-10-16,BTC-USD,0.0,0,0.0,0,0.0,0.0,0.040000000000000036,0.0
2020-10-17,BTC-USD,0.0,0,0.0,0,0.0,0.0,0.1200000000000001,0.0
2020-10-18,BTC-USD,0.0,0,0.0,0,0.0,0.0,0.10000000000000009,0.0
2020-10-19,BTC-USD,0.0,0,0.0,0,0.0,0.0,0.10000000000000009,0.0
2020-10-20,BTC-USD,0.0,0,0.0,0,0.0,0.0,0.1200000000000001,0.0
2020-10-21,BTC-USD,0.0,0,0.0,0,0.0,0.0,0.21999999999999997,0.0
2020-10-22,BTC-USD,0.0,0,0.0,0,0.0,0.0,0.45999999999999996,0.0
2020-10-23,BTC-USD,0.0,0,0.0,0,0.0,0.0,0.48,0.0
2020-10-24,BTC-USD,0.0,0,0.0,0,0.0,0.0,0.45999999999999996,0.0
2020-10-25,BTC-USD,0.0,0,0.0,0,0.0,0.0,0.52,0.0
2020-10-26,BTC-USD,0.0,0,0.0,0,0.0,0.0,0.5,0.0
2020-10-27,BTC-USD,0.0,0,0.0,0,0.0,0.0,0.21999999999999997,0.0
2020-10-28,BTC-USD,0.0,0,0.0,0,0.0,0.0,0.3999999999999999,0.0
2020-10-29,BTC-USD,0.0,0,0.0,0,0.0,0.0,0.3400000000000001,0.0
2020-10-30,BTC-USD,0.0,0,0.0,0,0.0,0.0,0.48,0.0
2020-10-31,BTC-USD,0.0,0,0.0,0,0.0,0.0,0.45999999999999996,0.0
2020-11-01,BTC-USD,0.0,0,0.0,0,0.0,0.0,0.43999999999999995,0.0
2020-11-02,BTC-USD,0.0,0,0.0,0,0.0,0.0,0.41999999999999993,0.0
2020-11-03,BTC-USD,0.0,0,0.0,0,0.0,0.0,0.41999999999999993,0.0
2020-11-04,BTC-USD,0.0,0,0.0,0,0.0,0.0,0.48,0.0
2020-11-05,BTC-USD,0.0,0,0.0,0,0.0,0.0,0.43999999999999995,0.0
2020-11-06,BTC-USD,0.0,0,0.0,0,0.0,0.0,0.8,0.0
2020-11-07,BTC-USD,0.0,0,0.0,0,0.0,0.0,0.76,0.0
2020-11-08,BTC-USD,0.0,0,0.0,0,0.0,0.0,0.6399999999999999,0.0
2020-11-09,BTC-USD,0.0,0,0.0,0,0.0,0.0,0.8,0.0
2020-11-10,BTC-USD,0.0,0,0.0,0,0.0,0.0,0.8,0.0
2020-11-11,BTC-USD,0.0,0,0.0,0,0.0,0.0,0.72,0.0
2020-11-12,BTC-USD,0.0,0,0.0,0,0.0,0.0,0.74,0.0
2020-11-13,BTC-USD,0.0,0,0.0,0,0.0,0.0,0.78,0.0
2020-11-14,BTC-USD,0.0,0,0.0,0,0.0,0.0,0.8,0.0
2020-11-15,BTC-USD,0.0,0,0.0,0,0.0,0.0,0.72,0.0
2020-11-16,BTC-USD,0.0,0,0.0,0,0.0,0.0,0.8,0.0
2020-11-17,BTC-USD,0.0,0,0.0,0,0.0,0.0,0.72,0.0
2020-11-18,BTC-USD,0.0,0,0.0,0,0.0,0.0,0.8200000000000001,0.0
2020-11-19,BTC-USD,0.0,0,0.0,0,0.0,0.0,0.8799999999999999,0.0
2020-11-20,BTC-USD,0.0,0,0.0,0,0.0,0.0,0.72,0.0
2020-11-21,BTC-USD,0.0,0,0.0,0,0.0,0.0,0.8200000000000001,0.0
2020-11-22,BTC-USD,0.0,0,0.0,0,0.0,0.0,0.8799999999999999,0.0
2020-11-23,BTC-USD,0.0,0,0.0,0,0.0,0.0,0.8,0.0
2020-11-24,BTC-USD,0.0,0,0.0,0,0.0,0.0,0.76,0.0
2020-11-25,BTC-USD,0.0,0,0.0,0,0.0,0.0,0.8799999999999999,0.0
2020-11-26,BTC-USD,0.0,0,0.0,0,0.0,0.0,0.8600000000000001,0.0
2020-11-27,BTC-USD,0.0,0,0.0,0,0.0,0.0,0.72,0.0
2020-11-28,BTC-USD,0.0,0,0.0,0,0.0,0.0,0.74,0.0
2020-11-29,BTC-USD,0.0,0,0.0,0,0.0,0.0,0.78,0.0
2020-11-30,BTC-USD,0.0,0,0.0,0,0.0,0.0,0.76,0.0
2020-12-01,BTC-USD,0.0,0,0.0,0,0.0,0.0,0.8999999999999999,0.0
2020-12-02,BTC-USD,0.0,0,0.0,0,0.0,0.0,0.8400000000000001,0.0
2020-12-03,BTC-USD,0.0,0,0.0,0,0.0,0.0,0.8400000000000001,0.0
2020-12-04,BTC-USD,0.0,0,0.0,0,0.0,0.0,0.8400000000000001,0.0
2020-12-05,BTC-USD,0.0,0,0.0,0,0.0,0.0,0.8600000000000001,0.0
2020-12-06,BTC-USD,0.0,0,0.0,0,0.0,0.0,0.8999999999999999,0.0
2020-12-07,BTC-USD,0.0,0,0.0,0,0.0,0.0,0.8799999999999999,0.0
2020-12-08,BTC-USD,0.0,0,0.0,0,0.0,0.0,0.8999999999999999,0.0
2020-12-09,BTC-USD,0.0,0,0.0,0,0.0,0.0,0.72,0.0
2020-12-10,BTC-USD,0.0,0,0.0,0,0.0,0.0,0.8799999999999999,0.0
2020-12-11,BTC-USD,0.0,0,0.0,0,0.0,0.0,0.78,0.0
2020-12-12,BTC-USD,0.0,0,0.0,0,0.0,0.0,0.8,0.0
2020-12-13,BTC-USD,0.0,0,0.0,0,0.0,0.0,0.8200000000000001,0.0
2020-12-14,BTC-USD,0.0,0,0.0,0,0.0,0.0,0.8999999999999999,0.0
2020-12-15,BTC-USD,0.0,0,0.0,0,0.0,0.0,0.8200000000000001,0.0
2020-12-16,BTC-USD,0.0,0,0.0,0,0.0,0.0,0.8400000000000001,0.0
2020-12-17,BTC-USD,0.0,0,0.0,0,0.0,0.0,0.8400000000000001,0.0
2020-12-18,BTC-USD,0.0,0,0.0,0,0.0,0.0,0.8999999999999999,0.0
2020-12-19,BTC-USD,0.0,0,0.0,0,0.0,0.0,0.8600000000000001,0.0
2020-12-20,BTC-USD,0.0,0,0.0,0,0.0,0.0,0.8400000000000001,0.0
2020-12-21,BTC-USD,0.0,0,0.0,0,0.0,0.0,0.8400000000000001,0.0
2020-12-22,BTC-USD,0.0,0,0.0,0,0.0,0.0,0.76,0.0
2020-12-23,BTC-USD,0.0,0,0.0,0,0.0,0.0,0.8600000000000001,0.0
2020-12-24,BTC-USD,0.0,0,0.0,0,0.0,0.0,0.72,0.0
2020-12-25,BTC-USD,0.0,0,0.0,0,0.0,0.0,0.8799999999999999,0.0
2020-12-26,BTC-USD,0.0,0,0.0,0,0.0,0.0,0.8600000000000001,0.0
2020-12-27,BTC-USD,0.0,0,0.0,0,0.0,0.0,0.8200000000000001,0.0
2020-12-28,BTC-USD,0.0,0,0.0,0,0.0,0.0,0.8400000000000001,0.0
2020-12-29,BTC-USD,0.0,0,0.0,0,0.0,0.0,0.8200000000000001,0.0
2020-12-30,BTC-USD,0.0,0,0.0,0,0.0,0.0,0.8200000000000001,0.0
2020-12-31,BTC-USD,0.0,0,0.0,0,0.0,0.0,0.8999999999999999,0.0
2021-01-01,BTC-USD,0.0,0,0.0,0,0.0,0.0,0.8799999999999999,0.0
2021-01-02,BTC-USD,0.0,0,0.0,0,0.0,0.0,0.8799999999999999,0.0
2021-01-03,BTC-USD,0.0,0,0.0,0,0.0,0.0,0.8600000000000001,0.0
2021-01-04,BTC-USD,0.0,0,0.0,0,0.0,0.0,0.8799999999999999,0.0
2021-01-05,BTC-USD,0.0,0,0.0,0,0.0,0.0,0.8600000000000001,0.0
2021-01-06,BTC-USD,0.0,0,0.0,0,0.0,0.0,0.8999999999999999,0.0
2021-01-07,BTC-USD,0.0,0,0.0,0,0.0,0.0,0.8200000000000001,0.0
2021-01-08,BTC-USD,0.0,0,0.0,0,0.0,0.0,0.8600000000000001,0.0
2021-01-09,BTC-USD,0.0,0,0.0,0,0.0,0.0,0.8600000000000001,0.0
2021-01-10,BTC-USD,0.0,0,0.0,0,0.0,0.0,0.8799999999999999,0.0
2021-01-11,BTC-USD,0.0,0,0.0,0,0.0,0.0,0.8,0.0
2021-01-12,BTC-USD,0.0,0,0.0,0,0.0,0.0,0.6799999999999999,0.0
2021-01-13,BTC-USD,0.0,0,0.0,0,0.0,0.0,0.56,0.0
2021-01-14,BTC-USD,0.0,0,0.0,0,0.0,0.0,0.6599999999999999,0.0
2021-01-15,BTC-USD,0.0,0,0.0,0,0.0,0.0,0.76,0.0
2021-01-16,BTC-USD,0.0,0,0.0,0,0.0,0.0,0.6799999999999999,0.0
2021-01-17,BTC-USD,0.0,0,0.0,0,0.0,0.0,0.5800000000000001,0.0
2021-01-18,BTC-USD,0.0,0,0.0,0,0.0,0.0,0.5800000000000001,0.0
2021-01-19,BTC-USD,0.0,0,0.0,0,0.0,0.0,0.6000000000000001,0.0
2021-01-20,BTC-USD,0.0,0,0.0,0,0.0,0.0,0.56,0.0
2021-01-21,BTC-USD,0.0,0,0.0,0,0.0,0.0,0.5,0.0
2021-01-22,BTC-USD,0.0,0,0.0,0,0.0,0.0,-0.19999999999999996,0.0
2021-01-23,BTC-USD,0.0,0,0.0,0,0.0,0.0,0.48,0.0
2021-01-24,BTC-USD,0.0,0,0.0,0,0.0,0.0,0.3999999999999999,0.0
2021-01-25,BTC-USD,0.0,0,0.0,0,0.0,0.0,0.48,0.0
2021-01-26,BTC-USD,0.0,0,0.0,0,0.0,0.0,0.41999999999999993,0.0
2021-01-27,BTC-USD,0.0,0,0.0,0,0.0,0.0,0.56,0.0
2021-01-28,BTC-USD,0.0,0,0.0,0,0.0,0.0,0.10000000000000009,0.0
2021-01-29,BTC-USD,0.0,0,0.0,0,0.0,0.0,0.54,0.0
2021-01-30,BTC-USD,0.0,0,0.0,0,0.0,0.0,0.52,0.0
2021-01-31,BTC-USD,0.0,0,0.0,0,0.0,0.0,0.56,0.0
2021-02-01,BTC-USD,0.0,0,0.0,0,0.0,0.0,0.54,0.0
2021-02-02,BTC-USD,0.0,0,0.0,0,0.0,0.0,0.52,0.0
2021-02-03,BTC-USD,0.0,0,0.0,0,0.0,0.0,0.56,0.0
2021-02-04,BTC-USD,0.0,0,0.0,0,0.0,0.0,0.6000000000000001,0.0
2021-02-05,BTC-USD,0.0,0,0.0,0,0.0,0.0,0.6200000000000001,0.0
2021-02-06,BTC-USD,0.0,0,0.0,0,0.0,0.0,0.6799999999999999,0.0
2021-02-07,BTC-USD,0.0,0,0.0,0,0.0,0.0,0.72,0.0
2021-02-08,BTC-USD,0.0,0,0.0,0,0.0,0.0,0.6599999999999999,0.0
2021-02-09,BTC-USD,0.0,0,0.0,0,0.0,0.0,0.8999999999999999,0.0
2021-02-10,BTC-USD,0.0,0,0.0,0,0.0,0.0,0.8400000000000001,0.0
2021-02-11,BTC-USD,0.0,0,0.0,0,0.0,0.0,0.8600000000000001,0.0
2021-02-12,BTC-USD,0.0,0,0.0,0,0.0,0.0,0.8400000000000001,0.0
2021-02-13,BTC-USD,0.0,0,0.0,0,0.0,0.0,0.8400000000000001,0.0
2021-02-14,BTC-USD,0.0,0,0.0,0,0.0,0.0,0.8999999999999999,0.0
2021-02-15,BTC-USD,0.0,0,0.0,0,0.0,0.0,0.8600000000000001,0.0
2021-02-16,BTC-USD,0.0,0,0.0,0,0.0,0.0,0.8999999999999999,0.0
2021-02-17,BTC-USD,0.0,0,0.0,0,0.0,0.0,0.8999999999999999,0.0
2021-02-18,BTC-USD,0.0,0,0.0,0,0.0,0.0,0.8200000000000001,0.0
2021-02-19,BTC-USD,0.0,0,0.0,0,0.0,0.0,0.8600000000000001,0.0
2021-02-20,BTC-USD,0.0,0,0.0,0,0.0,0.0,0.8200000000000001,0.0
2021-02-21,BTC-USD,0.0,0,0.0,0,0.0,0.0,0.8200000000000001,0.0
2021-02-22,BTC-USD,0.0,0,0.0,0,0.0,0.0,0.8799999999999999,0.0
2021-02-23,BTC-USD,0.0,0,0.0,0,0.0,0.0,0.8799999999999999,0.0
2021-02-24,BTC-USD,0.0,0,0.0,0,0.0,0.0,0.52,0.0
2021-02-25,BTC-USD,0.0,0,0.0,0,0.0,0.0,0.5800000000000001,0.0
2021-02-26,BTC-USD,0.0,0,0.0,0,0.0,0.0,0.10000000000000009,0.0
2021-02-27,BTC-USD,0.0,0,0.0,0,0.0,0.0,0.1200000000000001,0.0
2021-02-28,BTC-USD,0.0,0,0.0,0,0.0,0.0,0.10000000000000009,0.0
2021-03-01,BTC-USD,0.0,0,0.0,0,0.0,0.0,-0.24,0.0
2021-03-02,BTC-USD,0.0,0,0.0,0,0.0,0.0,0.56,0.0
2021-03-03,BTC-USD,0.0,0,0.0,0,0.0,0.0,0.56,0.0
2021-03-04,BTC-USD,0.0,0,0.0,0,0.0,0.0,0.6799999999999999,0.0
2021-03-05,BTC-USD,0.0,0,0.0,0,0.0,0.0,0.54,0.0
2021-03-06,BTC-USD,0.0,0,0.0,0,0.0,0.0,0.54,0.0
2021-03-07,BTC-USD,0.0,0,0.0,0,0.0,0.0,0.52,0.0
2021-03-08,BTC-USD,0.0,0,0.0,0,0.0,0.0,0.6200000000000001,0.0
2021-03-09,BTC-USD,0.0,0,0.0,0,0.0,0.0,0.6200000000000001,0.0
2021-03-10,BTC-USD,0.0,0,0.0,0,0.0,0.0,0.3600000000000001,0.0
2021-03-11,BTC-USD,0.0,0,0.0,0,0.0,0.0,0.45999999999999996,0.0
2021-03-12,BTC-USD,0.0,0,0.0,0,0.0,0.0,0.3999999999999999,0.0
2021-03-13,BTC-USD,0.0,0,0.0,0,0.0,0.0,0.48,0.0
2021-03-14,BTC-USD,0.0,0,0.0,0,0.0,0.0,0.56,0.0
2021-03-15,BTC-USD,0.0,0,0.0,0,0.0,0.0,0.52,0.0
2021-03-16,BTC-USD,0.0,0,0.0,0,0.0,0.0,0.41999999999999993,0.0
2021-03-17,BTC-USD,0.0,0,0.0,0,0.0,0.0,0.41999999999999993,0.0
2021-03-18,BTC-USD,0.0,0,0.0,0,0.0,0.0,0.43999999999999995,0.0
2021-03-19,BTC-USD,0.0,0,0.0,0,0.0,0.0,0.41999999999999993,0.0
2021-03-20,BTC-USD,0.0,0,0.0,0,0.0,0.0,0.5,0.0
2021-03-21,BTC-USD,0.0,0,0.0,0,0.0,0.0,0.45999999999999996,0.0
2021-03-22,BTC-USD,0.0,0,0.0,0,0.0,0.0,0.3999999999999999,0.0
2021-03-23,BTC-USD,0.0,0,0.0,0,0.0,0.0,0.32000000000000006,0.0
2021-03-24,BTC-USD,0.0,0,0.0,0,0.0,0.0,0.30000000000000004,0.0
2021-03-25,BTC-USD,0.0,0,0.0,0,0.0,0.0,0.19999999999999996,0.0
2021-03-26,BTC-USD,0.0,0,0.0,0,0.0,0.0,0.08000000000000007,0.0
2021-03-27,BTC-USD,0.0,0,0.0,0,0.0,0.0,0.30000000000000004,0.0
2021-03-28,BTC-USD,0.0,0,0.0,0,0.0,0.0,0.48,0.0
2021-03-29,BTC-USD,0.0,0,0.0,0,0.0,0.0,0.43999999999999995,0.0
2021-03-30,BTC-USD,0.0,0,0.0,0,0.0,0.0,0.43999999999999995,0.0
2021-03-31,BTC-USD,0.0,0,0.0,0,0.0,0.0,0.52,0.0
2021-04-01,BTC-USD,0.0,0,0.0,0,0.0,0.0,0.48,0.0
2021-04-02,BTC-USD,0.0,0,0.0,0,0.0,0.0,0.48,0.0
2021-04-03,BTC-USD,0.0,0,0.0,0,0.0,0.0,0.45999999999999996,0.0
2021-04-04,BTC-USD,0.0,0,0.0,0,0.0,0.0,0.48,0.0
2021-04-05,BTC-USD,0.0,0,0.0,0,0.0,0.0,0.41999999999999993,0.0
2021-04-06,BTC-USD,0.0,0,0.0,0,0.0,0.0,0.5,0.0
2021-04-07,BTC-USD,0.0,0,0.0,0,0.0,0.0,0.43999999999999995,0.0
2021-04-08,BTC-USD,0.0,0,0.0,0,0.0,0.0,0.45999999999999996,0.0
2021-04-09,BTC-USD,0.0,0,0.0,0,0.0,0.0,0.3999999999999999,0.0
2021-04-10,BTC-USD,0.0,0,0.0,0,0.0,0.0,0.3999999999999999,0.0
2021-04-11,BTC-USD,0.0,0,0.0,0,0.0,0.0,0.52,0.0
2021-04-12,BTC-USD,0.0,0,0.0,0,0.0,0.0,0.48,0.0
2021-04-13,BTC-USD,0.0,0,0.0,0,0.0,0.0,0.48,0.0
2021-04-14,BTC-USD,0.0,0,0.0,0,0.0,0.0,0.5,0.0
2021-04-15,BTC-USD,0.0,0,0.0,0,0.0,0.0,0.5800000000000001,0.0
2021-04-16,BTC-USD,0.0,0,0.0,0,0.0,0.0,0.56,0.0
2021-04-17,BTC-USD,0.0,0,0.0,0,0.0,0.0,0.52,0.0
2021-04-18,BTC-USD,0.0,0,0.0,0,0.0,0.0,0.5800000000000001,0.0
2021-04-19,BTC-USD,0.0,0,0.0,0,0.0,0.0,0.48,0.0
2021-04-20,BTC-USD,0.0,0,0.0,0,0.0,0.0,0.45999999999999996,0.0
2021-04-21,BTC-USD,0.0,0,0.0,0,0.0,0.0,0.45999999999999996,0.0
2021-04-22,BTC-USD,0.0,0,0.0,0,0.0,0.0,0.30000000000000004,0.0
2021-04-23,BTC-USD,0.0,0,0.0,0,0.0,0.0,0.10000000000000009,0.0
2021-04-24,BTC-USD,0.0,0,0.0,0,0.0,0.0,-0.26,0.0
2021-04-25,BTC-USD,0.0,0,0.0,0,0.0,0.0,-0.38,0.0
2021-04-26,BTC-USD,0.0,0,0.0,0,0.0,0.0,-0.45999999999999996,0.0
2021-04-27,BTC-USD,0.0,0,0.0,0,0.0,0.0,0.0,0.0
2021-04-28,BTC-USD,0.0,0,0.0,0,0.0,0.0,0.17999999999999994,0.0
2021-04-29,BTC-USD,0.0,0,0.0,0,0.0,0.0,0.040000000000000036,0.0
2021-04-30,BTC-USD,0.0,0,0.0,0,0.0,0.0,0.020000000000000018,0.0
2021-05-01,BTC-USD,0.0,0,0.0,0,0.0,0.0,0.3600000000000001,0.0
2021-05-02,BTC-USD,0.0,0,0.0,0,0.0,0.0,0.32000000000000006,0.0
2021-05-03,BTC-USD,0.0,0,0.0,0,0.0,0.0,0.21999999999999997,0.0
2021-05-04,BTC-USD,0.0,0,0.0,0,0.0,0.0,0.3600000000000001,0.0
2021-05-05,BTC-USD,0.0,0,0.0,0,0.0,0.0,-0.040000000000000036,0.0
2021-05-06,BTC-USD,0.0,0,0.0,0,0.0,0.0,0.30000000000000004,0.0
2021-05-07,BTC-USD,0.0,0,0.0,0,0.0,0.0,0.28,0.0
2021-05-08,BTC-USD,0.0,0,0.0,0,0.0,0.0,0.3400000000000001,0.0
2021-05-09,BTC-USD,0.0,0,0.0,0,0.0,0.0,0.45999999999999996,0.0
2021-05-10,BTC-USD,0.0,0,0.0,0,0.0,0.0,0.43999999999999995,0.0
2021-05-11,BTC-USD,0.0,0,0.0,0,0.0,0.0,0.21999999999999997,0.0
2021-05-12,BTC-USD,0.0,0,0.0,0,0.0,0.0,0.3600000000000001,0.0
2021-05-13,BTC-USD,0.0,0,0.0,0,0.0,0.0,-0.38,0.0
2021-05-14,BTC-USD,0.0,0,0.0,0,0.0,0.0,-0.48,0.0
2021-05-15,BTC-USD,0.0,0,0.0,0,0.0,0.0,-0.45999999999999996,0.0
2021-05-16,BTC-USD,0.0,0,0.0,0,0.0,0.0,-0.6,0.0
2021-05-17,BTC-USD,0.0,0,0.0,0,0.0,0.0,-0.45999999999999996,0.0
2021-05-18,BTC-USD,0.0,0,0.0,0,0.0,0.0,-0.5800000000000001,0.0
2021-05-19,BTC-USD,0.0,0,0.0,0,0.0,0.0,-0.54,0.0
2021-05-20,BTC-USD,0.0,0,0.0,0,0.0,0.0,-0.78,0.0
2021-05-21,BTC-USD,0.0,0,0.0,0,0.0,0.0,-0.62,0.0
2021-05-22,BTC-USD,0.0,0,0.0,0,0.0,0.0,-0.76,0.0
2021-05-23,BTC-USD,0.0,0,0.0,0,0.0,0.0,-0.72,0.0
2021-05-24,BTC-USD,0.0,0,0.0,0,0.0,0.0,-0.8,0.0
2021-05-25,BTC-USD,0.0,0,0.0,0,0.0,0.0,-0.56,0.0
2021-05-26,BTC-USD,0.0,0,0.0,0,0.0,0.0,-0.56,0.0
2021-05-27,BTC-USD,0.0,0,0.0,0,0.0,0.0,-0.45999999999999996,0.0
2021-05-28,BTC-USD,0.0,0,0.0,0,0.0,0.0,-0.5800000000000001,0.0
2021-05-29,BTC-USD,0.0,0,0.0,0,0.0,0.0,-0.64,0.0
2021-05-30,BTC-USD,0.0,0,0.0,0,0.0,0.0,-0.8,0.0
2021-05-31,BTC-USD,0.0,0,0.0,0,0.0,0.0,-0.64,0.0
2021-06-01,BTC-USD,0.0,0,0.0,0,0.0,0.0,-0.6,0.0
2021-06-02,BTC-USD,0.0,0,0.0,0,0.0,0.0,-0.54,0.0
2021-06-03,BTC-USD,0.0,0,0.0,0,0.0,0.0,-0.52,0.0
2021-06-04,BTC-USD,0.0,0,0.0,0,0.0,0.0,-0.45999999999999996,0.0
2021-06-05,BTC-USD,0.0,0,0.0,0,0.0,0.0,-0.52,0.0
2021-06-06,BTC-USD,0.0,0,0.0,0,0.0,0.0,-0.6599999999999999,0.0
2021-06-07,BTC-USD,0.0,0,0.0,0,0.0,0.0,-0.7,0.0
2021-06-08,BTC-USD,0.0,0,0.0,0,0.0,0.0,-0.74,0.0
2021-06-09,BTC-USD,0.0,0,0.0,0,0.0,0.0,-0.72,0.0
2021-06-10,BTC-USD,0.0,0,0.0,0,0.0,0.0,-0.5800000000000001,0.0
2021-06-11,BTC-USD,0.0,0,0.0,0,0.0,0.0,-0.5800000000000001,0.0
2021-06-12,BTC-USD,0.0,0,0.0,0,0.0,0.0,-0.43999999999999995,0.0
2021-06-13,BTC-USD,0.0,0,0.0,0,0.0,0.0,-0.54,0.0
2021-06-14,BTC-USD,0.0,0,0.0,0,0.0,0.0,-0.43999999999999995,0.0
2021-06-15,BTC-USD,0.0,0,0.0,0,0.0,0.0,-0.24,0.0
2021-06-16,BTC-USD,0.0,0,0.0,0,0.0,0.0,-0.33999999999999997,0.0
2021-06-17,BTC-USD,0.0,0,0.0,0,0.0,0.0,-0.48,0.0
2021-06-18,BTC-USD,0.0,0,0.0,0,0.0,0.0,-0.5,0.0
2021-06-19,BTC-USD,0.0,0,0.0,0,0.0,0.0,-0.54,0.0
2021-06-20,BTC-USD,0.0,0,0.0,0,0.0,0.0,-0.5800000000000001,0.0
2021-06-21,BTC-USD,0.0,0,0.0,0,0.0,0.0,-0.54,0.0
2021-06-22,BTC-USD,0.0,0,0.0,0,0.0,0.0,-0.8,0.0
2021-06-23,BTC-USD,0.0,0,0.0,0,0.0,0.0,-0.72,0.0
2021-06-24,BTC-USD,0.0,0,0.0,0,0.0,0.0,-0.56,0.0
2021-06-25,BTC-USD,0.0,0,0.0,0,0.0,0.0,-0.45999999999999996,0.0
2021-06-26,BTC-USD,0.0,0,0.0,0,0.0,0.0,-0.6,0.0
2021-06-27,BTC-USD,0.0,0,0.0,0,0.0,0.0,-0.56,0.0
2021-06-28,BTC-USD,0.0,0,0.0,0,0.0,0.0,-0.5,0.0
2021-06-29,BTC-USD,0.0,0,0.0,0,0.0,0.0,-0.5,0.0
2021-06-30,BTC-USD,0.0,0,0.0,0,0.0,0.0,-0.43999999999999995,0.0
2021-07-01,BTC-USD,0.0,0,0.0,0,0.0,0.0,-0.43999999999999995,0.0
2021-07-02,BTC-USD,0.0,0,0.0,0,0.0,0.0,-0.5800000000000001,0.0
2021-07-03,BTC-USD,0.0,0,0.0,0,0.0,0.0,-0.52,0.0
2021-07-04,BTC-USD,0.0,0,0.0,0,0.0,0.0,-0.45999999999999996,0.0
2021-07-05,BTC-USD,0.0,0,0.0,0,0.0,0.0,-0.42000000000000004,0.0
2021-07-06,BTC-USD,0.0,0,0.0,0,0.0,0.0,-0.6,0.0
2021-07-07,BTC-USD,0.0,0,0.0,0,0.0,0.0,-0.43999999999999995,0.0
2021-07-08,BTC-USD,0.0,0,0.0,0,0.0,0.0,-0.6,0.0
2021-07-09,BTC-USD,0.0,0,0.0,0,0.0,0.0,-0.6,0.0
2021-07-10,BTC-USD,0.0,0,0.0,0,0.0,0.0,-0.6,0.0
2021-07-11,BTC-USD,0.0,0,0.0,0,0.0,0.0,-0.6,0.0
2021-07-12,BTC-USD,0.0,0,0.0,0,0.0,0.0,-0.5,0.0
2021-07-13,BTC-USD,0.0,0,0.0,0,0.0,0.0,-0.6,0.0
2021-07-14,BTC-USD,0.0,0,0.0,0,0.0,0.0,-0.5800000000000001,0.0
2021-07-15,BTC-USD,0.0,0,0.0,0,0.0,0.0,-0.6,0.0
2021-07-16,BTC-USD,0.0,0,0.0,0,0.0,0.0,-0.56,0.0
2021-07-17,BTC-USD,0.0,0,0.0,0,0.0,0.0,-0.7,0.0
2021-07-18,BTC-USD,0.0,0,0.0,0,0.0,0.0,-0.62,0.0
2021-07-19,BTC-USD,0.0,0,0.0,0,0.0,0.0,-0.52,0.0
2021-07-20,BTC-USD,0.0,0,0.0,0,0.0,0.0,-0.62,0.0
2021-07-21,BTC-USD,0.0,0,0.0,0,0.0,0.0,-0.8,0.0
2021-07-22,BTC-USD,0.0,0,0.0,0,0.0,0.0,-0.5800000000000001,0.0
2021-07-23,BTC-USD,0.0,0,0.0,0,0.0,0.0,-0.54,0.0
2021-07-24,BTC-USD,0.0,0,0.0,0,0.0,0.0,-0.56,0.0
2021-07-25,BTC-USD,0.0,0,0.0,0,0.0,0.0,-0.45999999999999996,0.0
2021-07-26,BTC-USD,0.0,0,0.0,0,0.0,0.0,-0.48,0.0
2021-07-27,BTC-USD,0.0,0,0.0,0,0.0,0.0,-0.36,0.0
2021-07-28,BTC-USD,0.0,0,0.0,0,0.0,0.0,0.0,0.0
2021-07-29,BTC-USD,0.0,0,0.0,0,0.0,0.0,0.0,0.0
2021-07-30,BTC-USD,0.0,0,0.0,0,0.0,0.0,0.06000000000000005,0.0
2021-07-31,BTC-USD,0.0,0,0.0,0,0.0,0.0,0.19999999999999996,0.0
2021-08-01,BTC-USD,0.0,0,0.0,0,0.0,0.0,0.19999999999999996,0.0
2021-08-02,BTC-USD,0.0,0,0.0,0,0.0,0.0,-0.040000000000000036,0.0
2021-08-03,BTC-USD,0.0,0,0.0,0,0.0,0.0,-0.040000000000000036,0.0
2021-08-04,BTC-USD,0.0,0,0.0,0,0.0,0.0,-0.16000000000000003,0.0
2021-08-05,BTC-USD,0.0,0,0.0,0,0.0,0.0,0.0,0.0
2021-08-06,BTC-USD,0.0,0,0.0,0,0.0,0.0,0.040000000000000036,0.0
2021-08-07,BTC-USD,0.0,0,0.0,0,0.0,0.0,0.3799999999999999,0.0
2021-08-08,BTC-USD,0.0,0,0.0,0,0.0,0.0,0.48,0.0
2021-08-09,BTC-USD,0.0,0,0.0,0,0.0,0.0,0.30000000000000004,0.0
2021-08-10,BTC-USD,0.0,0,0.0,0,0.0,0.0,0.41999999999999993,0.0
2021-08-11,BTC-USD,0.0,0,0.0,0,0.0,0.0,0.3999999999999999,0.0
2021-08-12,BTC-USD,0.0,0,0.0,0,0.0,0.0,0.3999999999999999,0.0
2021-08-13,BTC-USD,0.0,0,0.0,0,0.0,0.0,0.3999999999999999,0.0
2021-08-14,BTC-USD,0.0,0,0.0,0,0.0,0.0,0.52,0.0
2021-08-15,BTC-USD,0.0,0,0.0,0,0.0,0.0,0.41999999999999993,0.0
2021-08-16,BTC-USD,0.0,0,0.0,0,0.0,0.0,0.43999999999999995,0.0
2021-08-17,BTC-USD,0.0,0,0.0,0,0.0,0.0,0.43999999999999995,0.0
2021-08-18,BTC-USD,0.0,0,0.0,0,0.0,0.0,0.45999999999999996,0.0
2021-08-19,BTC-USD,0.0,0,0.0,0,0.0,0.0,0.3999999999999999,0.0
2021-08-20,BTC-USD,0.0,0,0.0,0,0.0,0.0,0.3999999999999999,0.0
2021-08-21,BTC-USD,0.0,0,0.0,0,0.0,0.0,0.56,0.0
2021-08-22,BTC-USD,0.0,0,0.0,0,0.0,0.0,0.52,0.0
2021-08-23,BTC-USD,0.0,0,0.0,0,0.0,0.0,0.5800000000000001,0.0
2021-08-24,BTC-USD,0.0,0,0.0,0,0.0,0.0,0.5800000000000001,0.0
2021-08-25,BTC-USD,0.0,0,0.0,0,0.0,0.0,0.45999999999999996,0.0
2021-08-26,BTC-USD,0.0,0,0.0,0,0.0,0.0,0.5,0.0
2021-08-27,BTC-USD,0.0,0,0.0,0,0.0,0.0,0.41999999999999993,0.0
2021-08-28,BTC-USD,0.0,0,0.0,0,0.0,0.0,0.56,0.0
2021-08-29,BTC-USD,0.0,0,0.0,0,0.0,0.0,0.43999999999999995,0.0
2021-08-30,BTC-USD,0.0,0,0.0,0,0.0,0.0,0.45999999999999996,0.0
2021-08-31,BTC-USD,0.0,0,0.0,0,0.0,0.0,0.45999999999999996,0.0
2021-09-01,BTC-USD,0.0,0,0.0,0,0.0,0.0,0.41999999999999993,0.0
2021-09-02,BTC-USD,0.0,0,0.0,0,0.0,0.0,0.48,0.0
2021-09-03,BTC-USD,0.0,0,0.0,0,0.0,0.0,0.48,0.0
2021-09-04,BTC-USD,0.0,0,0.0,0,0.0,0.0,0.43999999999999995,0.0
2021-09-05,BTC-USD,0.0,0,0.0,0,0.0,0.0,0.45999999999999996,0.0
2021-09-06,BTC-USD,0.0,0,0.0,0,0.0,0.0,0.5800000000000001,0.0
2021-09-07,BTC-USD,0.0,0,0.0,0,0.0,0.0,0.5800000000000001,0.0
2021-09-08,BTC-USD,0.0,0,0.0,0,0.0,0.0,-0.06000000000000005,0.0
2021-09-09,BTC-USD,0.0,0,0.0,0,0.0,0.0,-0.09999999999999998,0.0
2021-09-10,BTC-USD,0.0,0,0.0,0,0.0,0.0,-0.07999999999999996,0.0
2021-09-11,BTC-USD,0.0,0,0.0,0,0.0,0.0,-0.38,0.0
2021-09-12,BTC-USD,0.0,0,0.0,0,0.0,0.0,-0.36,0.0
2021-09-13,BTC-USD,0.0,0,0.0,0,0.0,0.0,-0.12,0.0
2021-09-14,BTC-USD,0.0,0,0.0,0,0.0,0.0,-0.4,0.0
2021-09-15,BTC-USD,0.0,0,0.0,0,0.0,0.0,-0.020000000000000018,0.0
2021-09-16,BTC-USD,0.0,0,0.0,0,0.0,0.0,0.06000000000000005,0.0
2021-09-17,BTC-USD,0.0,0,0.0,0,0.0,0.0,-0.040000000000000036,0.0
2021-09-18,BTC-USD,0.0,0,0.0,0,0.0,0.0,0.0,0.0
2021-09-19,BTC-USD,0.0,0,0.0,0,0.0,0.0,0.06000000000000005,0.0
2021-09-20,BTC-USD,0.0,0,0.0,0,0.0,0.0,0.0,0.0
2021-09-21,BTC-USD,0.0,0,0.0,0,0.0,0.0,-0.45999999999999996,0.0
2021-09-22,BTC-USD,0.0,0,0.0,0,0.0,0.0,-0.5800000000000001,0.0
2021-09-23,BTC-USD,0.0,0,0.0,0,0.0,0.0,-0.45999999999999996,0.0
2021-09-24,BTC-USD,0.0,0,0.0,0,0.0,0.0,-0.33999999999999997,0.0
2021-09-25,BTC-USD,0.0,0,0.0,0,0.0,0.0,-0.43999999999999995,0.0
2021-09-26,BTC-USD,0.0,0,0.0,0,0.0,0.0,-0.45999999999999996,0.0
2021-09-27,BTC-USD,0.0,0,0.0,0,0.0,0.0,-0.48,0.0
2021-09-28,BTC-USD,0.0,0,0.0,0,0.0,0.0,-0.5,0.0
2021-09-29,BTC-USD,0.0,0,0.0,0,0.0,0.0,-0.52,0.0
2021-09-30,BTC-USD,0.0,0,0.0,0,0.0,0.0,-0.6,0.0
2021-10-01,BTC-USD,0.0,0,0.0,0,0.0,0.0,-0.45999999999999996,0.0
2021-10-02,BTC-USD,0.0,0,0.0,0,0.0,0.0,0.08000000000000007,0.0
2021-10-03,BTC-USD,0.0,0,0.0,0,0.0,0.0,-0.020000000000000018,0.0
2021-10-04,BTC-USD,0.0,0,0.0,0,0.0,0.0,0.08000000000000007,0.0
2021-10-05,BTC-USD,0.0,0,0.0,0,0.0,0.0,0.17999999999999994,0.0
2021-10-06,BTC-USD,0.0,0,0.0,0,0.0,0.0,0.3600000000000001,0.0
2021-10-07,BTC-USD,0.0,0,0.0,0,0.0,0.0,0.52,0.0
2021-10-08,BTC-USD,0.0,0,0.0,0,0.0,0.0,0.48,0.0
2021-10-09,BTC-USD,0.0,0,0.0,0,0.0,0.0,0.43999999999999995,0.0
2021-10-10,BTC-USD,0.0,0,0.0,0,0.0,0.0,0.41999999999999993,0.0
2021-10-11,BTC-USD,0.0,0,0.0,0,0.0,0.0,0.41999999999999993,0.0
2021-10-12,BTC-USD,0.0,0,0.0,0,0.0,0.0,0.56,0.0
2021-10-13,BTC-USD,0.0,0,0.0,0,0.0,0.0,0.3999999999999999,0.0
2021-10-14,BTC-USD,0.0,0,0.0,0,0.0,0.0,0.3999999999999999,0.0
2021-10-15,BTC-USD,0.0,0,0.0,0,0.0,0.0,0.41999999999999993,0.0
2021-10-16,BTC-USD,0.0,0,0.0,0,0.0,0.0,0.56,0.0
2021-10-17,BTC-USD,0.0,0,0.0,0,0.0,0.0,0.5800000000000001,0.0
2021-10-18,BTC-USD,0.0,0,0.0,0,0.0,0.0,0.56,0.0
2021-10-19,BTC-USD,0.0,0,0.0,0,0.0,0.0,0.5,0.0
2021-10-20,BTC-USD,0.0,0,0.0,0,0.0,0.0,0.6399999999999999,0.0
2021-10-21,BTC-USD,0.0,0,0.0,0,0.0,0.0,0.6799999999999999,0.0
2021-10-22,BTC-USD,0.0,0,0.0,0,0.0,0.0,0.5,0.0
2021-10-23,BTC-USD,0.0,0,0.0,0,0.0,0.0,0.48,0.0
2021-10-24,BTC-USD,0.0,0,0.0,0,0.0,0.0,0.45999999999999996,0.0
2021-10-25,BTC-USD,0.0,0,0.0,0,0.0,0.0,0.43999999999999995,0.0
2021-10-26,BTC-USD,0.0,0,0.0,0,0.0,0.0,0.52,0.0
2021-10-27,BTC-USD,0.0,0,0.0,0,0.0,0.0,0.45999999999999996,0.0
2021-10-28,BTC-USD,0.0,0,0.0,0,0.0,0.0,0.32000000000000006,0.0
2021-10-29,BTC-USD,0.0,0,0.0,0,0.0,0.0,0.3999999999999999,0.0
2021-10-30,BTC-USD,0.0,0,0.0,0,0.0,0.0,0.45999999999999996,0.0
2021-10-31,BTC-USD,0.0,0,0.0,0,0.0,0.0,0.48,0.0
2021-11-01,BTC-USD,0.0,0,0.0,0,0.0,0.0,0.48,0.0
2021-11-02,BTC-USD,0.0,0,0.0,0,0.0,0.0,0.45999999999999996,0.0
2021-11-03,BTC-USD,0.0,0,0.0,0,0.0,0.0,0.52,0.0
2021-11-04,BTC-USD,0.0,0,0.0,0,0.0,0.0,0.45999999999999996,0.0
2021-11-05,BTC-USD,0.0,0,0.0,0,0.0,0.0,0.45999999999999996,0.0
2021-11-06,BTC-USD,0.0,0,0.0,0,0.0,0.0,0.41999999999999993,0.0
2021-11-07,BTC-USD,0.0,0,0.0,0,0.0,0.0,0.45999999999999996,0.0
2021-11-08,BTC-USD,0.0,0,0.0,0,0.0,0.0,0.5,0.0
2021-11-09,BTC-USD,0.0,0,0.0,0,0.0,0.0,0.6799999999999999,0.0
2021-11-10,BTC-USD,0.0,0,0.0,0,0.0,0.0,0.5,0.0
2021-11-11,BTC-USD,0.0,0,0.0,0,0.0,0.0,0.54,0.0
2021-11-12,BTC-USD,0.0,0,0.0,0,0.0,0.0,0.48,0.0
2021-11-13,BTC-USD,0.0,0,0.0,0,0.0,0.0,0.43999999999999995,0.0
2021-11-14,BTC-USD,0.0,0,0.0,0,0.0,0.0,0.48,0.0
2021-11-15,BTC-USD,0.0,0,0.0,0,0.0,0.0,0.43999999999999995,0.0
2021-11-16,BTC-USD,0.0,0,0.0,0,0.0,0.0,0.41999999999999993,0.0
2021-11-17,BTC-USD,0.0,0,0.0,0,0.0,0.0,0.040000000000000036,0.0
2021-11-18,BTC-USD,0.0,0,0.0,0,0.0,0.0,0.08000000000000007,0.0
2021-11-19,BTC-USD,0.0,0,0.0,0,0.0,0.0,-0.31999999999999995,0.0
2021-11-20,BTC-USD,0.0,0,0.0,0,0.0,0.0,-0.14,0.0
2021-11-21,BTC-USD,0.0,0,0.0,0,0.0,0.0,-0.020000000000000018,0.0
2021-11-22,BTC-USD,0.0,0,0.0,0,0.0,0.0,0.0,0.0
2021-11-23,BTC-USD,0.0,0,0.0,0,0.0,0.0,-0.33999999999999997,0.0
2021-11-24,BTC-USD,0.0,0,0.0,0,0.0,0.0,-0.16000000000000003,0.0
2021-11-25,BTC-USD,0.0,0,0.0,0,0.0,0.0,-0.36,0.0
2021-11-26,BTC-USD,0.0,0,0.0,0,0.0,0.0,-0.06000000000000005,0.0
2021-11-27,BTC-USD,0.0,0,0.0,0,0.0,0.0,-0.5800000000000001,0.0
2021-11-28,BTC-USD,0.0,0,0.0,0,0.0,0.0,-0.45999999999999996,0.0
2021-11-29,BTC-USD,0.0,0,0.0,0,0.0,0.0,-0.33999999999999997,0.0
2021-11-30,BTC-USD,0.0,0,0.0,0,0.0,0.0,-0.19999999999999996,0.0
2021-12-01,BTC-USD,0.0,0,0.0,0,0.0,0.0,-0.31999999999999995,0.0
2021-12-02,BTC-USD,0.0,0,0.0,0,0.0,0.0,-0.36,0.0
2021-12-03,BTC-USD,0.0,0,0.0,0,0.0,0.0,-0.38,0.0
2021-12-04,BTC-USD,0.0,0,0.0,0,0.0,0.0,-0.5,0.0
2021-12-05,BTC-USD,0.0,0,0.0,0,0.0,0.0,-0.64,0.0
2021-12-06,BTC-USD,0.0,0,0.0,0,0.0,0.0,-0.6799999999999999,0.0
2021-12-07,BTC-USD,0.0,0,0.0,0,0.0,0.0,-0.5,0.0
2021-12-08,BTC-USD,0.0,0,0.0,0,0.0,0.0,-0.43999999999999995,0.0
2021-12-09,BTC-USD,0.0,0,0.0,0,0.0,0.0,-0.42000000000000004,0.0
2021-12-10,BTC-USD,0.0,0,0.0,0,0.0,0.0,-0.52,0.0
2021-12-11,BTC-USD,0.0,0,0.0,0,0.0,0.0,-0.6799999999999999,0.0
2021-12-12,BTC-USD,0.0,0,0.0,0,0.0,0.0,-0.45999999999999996,0.0
2021-12-13,BTC-USD,0.0,0,0.0,0,0.0,0.0,-0.43999999999999995,0.0
2021-12-14,BTC-USD,0.0,0,0.0,0,0.0,0.0,-0.5800000000000001,0.0
2021-12-15,BTC-USD,0.0,0,0.0,0,0.0,0.0,-0.43999999999999995,0.0
2021-12-16,BTC-USD,0.0,0,0.0,0,0.0,0.0,-0.42000000000000004,0.0
2021-12-17,BTC-USD,0.0,0,0.0,0,0.0,0.0,-0.54,0.0
2021-12-18,BTC-USD,0.0,0,0.0,0,0.0,0.0,-0.52,0.0
2021-12-19,BTC-USD,0.0,0,0.0,0,0.0,0.0,-0.42000000000000004,0.0
2021-12-20,BTC-USD,0.0,0,0.0,0,0.0,0.0,-0.5,0.0
2021-12-21,BTC-USD,0.0,0,0.0,0,0.0,0.0,-0.45999999999999996,0.0
2021-12-22,BTC-USD,0.0,0,0.0,0,0.0,0.0,-0.09999999999999998,0.0
2021-12-23,BTC-USD,0.0,0,0.0,0,0.0,0.0,-0.31999999999999995,0.0
2021-12-24,BTC-USD,0.0,0,0.0,0,0.0,0.0,-0.18000000000000005,0.0
2021-12-25,BTC-USD,0.0,0,0.0,0,0.0,0.0,-0.21999999999999997,0.0
2021-12-26,BTC-USD,0.0,0,0.0,0,0.0,0.0,-0.26,0.0
2021-12-27,BTC-USD,0.0,0,0.0,0,0.0,0.0,-0.19999999999999996,0.0
2021-12-28,BTC-USD,0.0,0,0.0,0,0.0,0.0,-0.18000000000000005,0.0
2021-12-29,BTC-USD,0.0,0,0.0,0,0.0,0.0,-0.45999999999999996,0.0
2021-12-30,BTC-USD,0.0,0,0.0,0,0.0,0.0,-0.56,0.0
2021-12-31,BTC-USD,0.0,0,0.0,0,0.0,0.0,-0.43999999999999995,0.0
2022-01-01,BTC-USD,0.0,0,0.0,0,0.0,0.0,-0.5800000000000001,0.0
2022-01-02,BTC-USD,0.0,0,0.0,0,0.0,0.0,-0.42000000000000004,0.0
2022-01-03,BTC-USD,0.0,0,0.0,0,0.0,0.0,-0.42000000000000004,0.0
2022-01-04,BTC-USD,0.0,0,0.0,0,0.0,0.0,-0.54,0.0
2022-01-05,BTC-USD,0.0,0,0.0,0,0.0,0.0,-0.52,0.0
2022-01-06,BTC-USD,0.0,0,0.0,0,0.0,0.0,-0.7,0.0
2022-01-07,BTC-USD,0.0,0,0.0,0,0.0,0.0,-0.64,0.0
2022-01-08,BTC-USD,0.0,0,0.0,0,0.0,0.0,-0.8,0.0
2022-01-09,BTC-USD,0.0,0,0.0,0,0.0,0.0,-0.54,0.0
2022-01-10,BTC-USD,0.0,0,0.0,0,0.0,0.0,-0.54,0.0
2022-01-11,BTC-USD,0.0,0,0.0,0,0.0,0.0,-0.5800000000000001,0.0
2022-01-12,BTC-USD,0.0,0,0.0,0,0.0,0.0,-0.56,0.0
2022-01-13,BTC-USD,0.0,0,0.0,0,0.0,0.0,-0.5800000000000001,0.0
2022-01-14,BTC-USD,0.0,0,0.0,0,0.0,0.0,-0.5800000000000001,0.0
2022-01-15,BTC-USD,0.0,0,0.0,0,0.0,0.0,-0.54,0.0
2022-01-16,BTC-USD,0.0,0,0.0,0,0.0,0.0,-0.5800000000000001,0.0
2022-01-17,BTC-USD,0.0,0,0.0,0,0.0,0.0,-0.56,0.0
2022-01-18,BTC-USD,0.0,0,0.0,0,0.0,0.0,-0.52,0.0
2022-01-19,BTC-USD,0.0,0,0.0,0,0.0,0.0,-0.52,0.0
2022-01-20,BTC-USD,0.0,0,0.0,0,0.0,0.0,-0.52,0.0
2022-01-21,BTC-USD,0.0,0,0.0,0,0.0,0.0,-0.62,0.0
2022-01-22,BTC-USD,0.0,0,0.0,0,0.0,0.0,-0.74,0.0
2022-01-23,BTC-USD,0.0,0,0.0,0,0.0,0.0,-0.78,0.0
2022-01-24,BTC-USD,0.0,0,0.0,0,0.0,0.0,-0.74,0.0
2022-01-25,BTC-USD,0.0,0,0.0,0,0.0,0.0,-0.76,0.0
2022-01-26,BTC-USD,0.0,0,0.0,0,0.0,0.0,-0.54,0.0
2022-01-27,BTC-USD,0.0,0,0.0,0,0.0,0.0,-0.6,0.0
2022-01-28,BTC-USD,0.0,0,0.0,0,0.0,0.0,-0.52,0.0
2022-01-29,BTC-USD,0.0,0,0.0,0,0.0,0.0,-0.52,0.0
2022-01-30,BTC-USD,0.0,0,0.0,0,0.0,0.0,-0.42000000000000004,0.0
2022-01-31,BTC-USD,0.0,0,0.0,0,0.0,0.0,-0.6,0.0
2022-02-01,BTC-USD,0.0,0,0.0,0,0.0,0.0,-0.48,0.0
2022-02-02,BTC-USD,0.0,0,0.0,0,0.0,0.0,-0.43999999999999995,0.0
2022-02-03,BTC-USD,0.0,0,0.0,0,0.0,0.0,-0.6,0.0
2022-02-04,BTC-USD,0.0,0,0.0,0,0.0,0.0,-0.6,0.0
2022-02-05,BTC-USD,0.0,0,0.0,0,0.0,0.0,-0.33999999999999997,0.0
2022-02-06,BTC-USD,0.0,0,0.0,0,0.0,0.0,-0.26,0.0
2022-02-07,BTC-USD,0.0,0,0.0,0,0.0,0.0,-0.09999999999999998,0.0
2022-02-08,BTC-USD,0.0,0,0.0,0,0.0,0.0,-0.040000000000000036,0.0
2022-02-09,BTC-USD,0.0,0,0.0,0,0.0,0.0,0.08000000000000007,0.0
2022-02-10,BTC-USD,0.0,0,0.0,0,0.0,0.0,0.0,0.0
2022-02-11,BTC-USD,0.0,0,0.0,0,0.0,0.0,0.0,0.0
2022-02-12,BTC-USD,0.0,0,0.0,0,0.0,0.0,-0.12,0.0
2022-02-13,BTC-USD,0.0,0,0.0,0,0.0,0.0,-0.12,0.0
2022-02-14,BTC-USD,0.0,0,0.0,0,0.0,0.0,-0.07999999999999996,0.0
2022-02-15,BTC-USD,0.0,0,0.0,0,0.0,0.0,-0.07999999999999996,0.0
2022-02-16,BTC-USD,0.0,0,0.0,0,0.0,0.0,0.020000000000000018,0.0
2022-02-17,BTC-USD,0.0,0,0.0,0,0.0,0.0,0.040000000000000036,0.0
2022-02-18,BTC-USD,0.0,0,0.0,0,0.0,0.0,-0.4,0.0
2022-02-19,BTC-USD,0.0,0,0.0,0,0.0,0.0,-0.5,0.0
2022-02-20,BTC-USD,0.0,0,0.0,0,0.0,0.0,-0.45999999999999996,0.0
2022-02-21,BTC-USD,0.0,0,0.0,0,0.0,0.0,-0.5,0.0
2022-02-22,BTC-USD,0.0,0,0.0,0,0.0,0.0,-0.6,0.0
2022-02-23,BTC-USD,0.0,0,0.0,0,0.0,0.0,-0.5,0.0
2022-02-24,BTC-USD,0.0,0,0.0,0,0.0,0.0,-0.54,0.0
2022-02-25,BTC-USD,0.0,0,0.0,0,0.0,0.0,-0.45999999999999996,0.0
2022-02-26,BTC-USD,0.0,0,0.0,0,0.0,0.0,-0.48,0.0
2022-02-27,BTC-USD,0.0,0,0.0,0,0.0,0.0,-0.48,0.0
2022-02-28,BTC-USD,0.0,0,0.0,0,0.0,0.0,-0.6,0.0
2022-03-01,BTC-USD,0.0,0,0.0,0,0.0,0.0,0.020000000000000018,0.0
2022-03-02,BTC-USD,0.0,0,0.0,0,0.0,0.0,0.040000000000000036,0.0
2022-03-03,BTC-USD,0.0,0,0.0,0,0.0,0.0,-0.21999999999999997,0.0
2022-03-04,BTC-USD,0.0,0,0.0,0,0.0,0.0,-0.33999999999999997,0.0
2022-03-05,BTC-USD,0.0,0,0.0,0,0.0,0.0,-0.56,0.0
2022-03-06,BTC-USD,0.0,0,0.0,0,0.0,0.0,-0.56,0.0
2022-03-07,BTC-USD,0.0,0,0.0,0,0.0,0.0,-0.54,0.0
2022-03-08,BTC-USD,0.0,0,0.0,0,0.0,0.0,-0.5800000000000001,0.0
2022-03-09,BTC-USD,0.0,0,0.0,0,0.0,0.0,-0.56,0.0
2022-03-10,BTC-USD,0.0,0,0.0,0,0.0,0.0,-0.43999999999999995,0.0
2022-03-11,BTC-USD,0.0,0,0.0,0,0.0,0.0,-0.56,0.0
2022-03-12,BTC-USD,0.0,0,0.0,0,0.0,0.0,-0.56,0.0
2022-03-13,BTC-USD,0.0,0,0.0,0,0.0,0.0,-0.5800000000000001,0.0
2022-03-14,BTC-USD,0.0,0,0.0,0,0.0,0.0,-0.54,0.0
2022-03-15,BTC-USD,0.0,0,0.0,0,0.0,0.0,-0.5800000000000001,0.0
2022-03-16,BTC-USD,0.0,0,0.0,0,0.0,0.0,-0.52,0.0
2022-03-17,BTC-USD,0.0,0,0.0,0,0.0,0.0,-0.45999999999999996,0.0
2022-03-18,BTC-USD,0.0,0,0.0,0,0.0,0.0,-0.5,0.0
2022-03-19,BTC-USD,0.0,0,0.0,0,0.0,0.0,-0.43999999999999995,0.0
2022-03-20,BTC-USD,0.0,0,0.0,0,0.0,0.0,-0.38,0.0
2022-03-21,BTC-USD,0.0,0,0.0,0,0.0,0.0,-0.4,0.0
2022-03-22,BTC-USD,0.0,0,0.0,0,0.0,0.0,-0.48,0.0
2022-03-23,BTC-USD,0.0,0,0.0,0,0.0,0.0,-0.38,0.0
2022-03-24,BTC-USD,0.0,0,0.0,0,0.0,0.0,-0.19999999999999996,0.0
2022-03-25,BTC-USD,0.0,0,0.0,0,0.0,0.0,-0.06000000000000005,0.0
2022-03-26,BTC-USD,0.0,0,0.0,0,0.0,0.0,0.020000000000000018,0.0
2022-03-27,BTC-USD,0.0,0,0.0,0,0.0,0.0,-0.020000000000000018,0.0
2022-03-28,BTC-USD,0.0,0,0.0,0,0.0,0.0,0.19999999999999996,0.0
2022-03-29,BTC-USD,0.0,0,0.0,0,0.0,0.0,0.1200000000000001,0.0
2022-03-30,BTC-USD,0.0,0,0.0,0,0.0,0.0,0.10000000000000009,0.0
2022-03-31,BTC-USD,0.0,0,0.0,0,0.0,0.0,0.040000000000000036,0.0
2022-04-01,BTC-USD,0.0,0,0.0,0,0.0,0.0,0.0,0.0
2022-04-02,BTC-USD,0.0,0,0.0,0,0.0,0.0,0.040000000000000036,0.0
2022-04-03,BTC-USD,0.0,0,0.0,0,0.0,0.0,-0.040000000000000036,0.0
2022-04-04,BTC-USD,0.0,0,0.0,0,0.0,0.0,0.040000000000000036,0.0
2022-04-05,BTC-USD,0.0,0,0.0,0,0.0,0.0,0.06000000000000005,0.0
2022-04-06,BTC-USD,0.0,0,0.0,0,0.0,0.0,-0.040000000000000036,0.0
2022-04-07,BTC-USD,0.0,0,0.0,0,0.0,0.0,-0.31999999999999995,0.0
2022-04-08,BTC-USD,0.0,0,0.0,0,0.0,0.0,-0.26,0.0
2022-04-09,BTC-USD,0.0,0,0.0,0,0.0,0.0,-0.4,0.0
2022-04-10,BTC-USD,0.0,0,0.0,0,0.0,0.0,-0.31999999999999995,0.0
2022-04-11,BTC-USD,0.0,0,0.0,0,0.0,0.0,-0.36,0.0
2022-04-12,BTC-USD,0.0,0,0.0,0,0.0,0.0,-0.6,0.0
2022-04-13,BTC-USD,0.0,0,0.0,0,0.0,0.0,-0.5,0.0
2022-04-14,BTC-USD,0.0,0,0.0,0,0.0,0.0,-0.43999999999999995,0.0
2022-04-15,BTC-USD,0.0,0,0.0,0,0.0,0.0,-0.56,0.0
2022-04-16,BTC-USD,0.0,0,0.0,0,0.0,0.0,-0.43999999999999995,0.0
2022-04-17,BTC-USD,0.0,0,0.0,0,0.0,0.0,-0.43999999999999995,0.0
2022-04-18,BTC-USD,0.0,0,0.0,0,0.0,0.0,-0.52,0.0
2022-04-19,BTC-USD,0.0,0,0.0,0,0.0,0.0,-0.45999999999999996,0.0
2022-04-20,BTC-USD,0.0,0,0.0,0,0.0,0.0,-0.45999999999999996,0.0
2022-04-21,BTC-USD,0.0,0,0.0,0,0.0,0.0,-0.45999999999999996,0.0
2022-04-22,BTC-USD,0.0,0,0.0,0,0.0,0.0,-0.48,0.0
2022-04-23,BTC-USD,0.0,0,0.0,0,0.0,0.0,-0.52,0.0
2022-04-24,BTC-USD,0.0,0,0.0,0,0.0,0.0,-0.52,0.0
2022-04-25,BTC-USD,0.0,0,0.0,0,0.0,0.0,-0.54,0.0
2022-04-26,BTC-USD,0.0,0,0.0,0,0.0,0.0,-0.45999999999999996,0.0
2022-04-27,BTC-USD,0.0,0,0.0,0,0.0,0.0,-0.5800000000000001,0.0
2022-04-28,BTC-USD,0.0,0,0.0,0,0.0,0.0,-0.52,0.0
2022-04-29,BTC-USD,0.0,0,0.0,0,0.0,0.0,-0.54,0.0
2022-04-30,BTC-USD,0.0,0,0.0,0,0.0,0.0,-0.6,0.0
2022-05-01,BTC-USD,0.0,0,0.0,0,0.0,0.0,-0.56,0.0
2022-05-02,BTC-USD,0.0,0,0.0,0,0.0,0.0,-0.43999999999999995,0.0
2022-05-03,BTC-USD,0.0,0,0.0,0,0.0,0.0,-0.45999999999999996,0.0
2022-05-04,BTC-USD,0.0,0,0.0,0,0.0,0.0,-0.5800000000000001,0.0
2022-05-05,BTC-USD,0.0,0,0.0,0,0.0,0.0,-0.45999999999999996,0.0
2022-05-06,BTC-USD,0.0,0,0.0,0,0.0,0.0,-0.56,0.0
2022-05-07,BTC-USD,0.0,0,0.0,0,0.0,0.0,-0.54,0.0
2022-05-08,BTC-USD,0.0,0,0.0,0,0.0,0.0,-0.64,0.0
2022-05-09,BTC-USD,0.0,0,0.0,0,0.0,0.0,-0.78,0.0
2022-05-10,BTC-USD,0.0,0,0.0,0,0.0,0.0,-0.8,0.0
2022-05-11,BTC-USD,0.0,0,0.0,0,0.0,0.0,-0.76,0.0
2022-05-12,BTC-USD,0.0,0,0.0,0,0.0,0.0,-0.76,0.0
2022-05-13,BTC-USD,0.0,0,0.0,0,0.0,0.0,-0.8,0.0
2022-05-14,BTC-USD,0.0,0,0.0,0,0.0,0.0,-0.8200000000000001,0.0
2022-05-15,BTC-USD,0.0,0,0.0,0,0.0,0.0,-0.8,0.0
2022-05-16,BTC-USD,0.0,0,0.0,0,0.0,0.0,-0.72,0.0
2022-05-17,BTC-USD,0.0,0,0.0,0,0.0,0.0,-0.84,0.0
2022-05-18,BTC-USD,0.0,0,0.0,0,0.0,0.0,-0.76,0.0
2022-05-19,BTC-USD,0.0,0,0.0,0,0.0,0.0,-0.74,0.0
2022-05-20,BTC-USD,0.0,0,0.0,0,0.0,0.0,-0.74,0.0
2022-05-21,BTC-USD,0.0,0,0.0,0,0.0,0.0,-0.74,0.0
2022-05-22,BTC-USD,0.0,0,0.0,0,0.0,0.0,-0.72,0.0
2022-05-23,BTC-USD,0.0,0,0.0,0,0.0,0.0,-0.8,0.0
2022-05-24,BTC-USD,0.0,0,0.0,0,0.0,0.0,-0.76,0.0
2022-05-25,BTC-USD,0.0,0,0.0,0,0.0,0.0,-0.78,0.0
2022-05-26,BTC-USD,0.0,0,0.0,0,0.0,0.0,-0.76,0.0
2022-05-27,BTC-USD,0.0,0,0.0,0,0.0,0.0,-0.76,0.0
2022-05-28,BTC-USD,0.0,0,0.0,0,0.0,0.0,-0.74,0.0
2022-05-29,BTC-USD,0.0,0,0.0,0,0.0,0.0,-0.72,0.0
2022-05-30,BTC-USD,0.0,0,0.0,0,0.0,0.0,-0.8,0.0
2022-05-31,BTC-USD,0.0,0,0.0,0,0.0,0.0,-0.6799999999999999,0.0
2022-06-01,BTC-USD,0.0,0,0.0,0,0.0,0.0,-0.6599999999999999,0.0
2022-06-02,BTC-USD,0.0,0,0.0,0,0.0,0.0,-0.74,0.0
2022-06-03,BTC-USD,0.0,0,0.0,0,0.0,0.0,-0.8,0.0
2022-06-04,BTC-USD,0.0,0,0.0,0,0.0,0.0,-0.72,0.0
2022-06-05,BTC-USD,0.0,0,0.0,0,0.0,0.0,-0.8,0.0
2022-06-06,BTC-USD,0.0,0,0.0,0,0.0,0.0,-0.74,0.0
2022-06-07,BTC-USD,0.0,0,0.0,0,0.0,0.0,-0.7,0.0
2022-06-08,BTC-USD,0.0,0,0.0,0,0.0,0.0,-0.6599999999999999,0.0
2022-06-09,BTC-USD,0.0,0,0.0,0,0.0,0.0,-0.78,0.0
2022-06-10,BTC-USD,0.0,0,0.0,0,0.0,0.0,-0.74,0.0
2022-06-11,BTC-USD,0.0,0,0.0,0,0.0,0.0,-0.76,0.0
2022-06-12,BTC-USD,0.0,0,0.0,0,0.0,0.0,-0.72,0.0
2022-06-13,BTC-USD,0.0,0,0.0,0,0.0,0.0,-0.78,0.0
2022-06-14,BTC-USD,0.0,0,0.0,0,0.0,0.0,-0.84,0.0
2022-06-15,BTC-USD,0.0,0,0.0,0,0.0,0.0,-0.86,0.0
2022-06-16,BTC-USD,0.0,0,0.0,0,0.0,0.0,-0.86,0.0
2022-06-17,BTC-USD,0.0,0,0.0,0,0.0,0.0,-0.8200000000000001,0.0
2022-06-18,BTC-USD,0.0,0,0.0,0,0.0,0.0,-0.88,0.0
2022-06-19,BTC-USD,0.0,0,0.0,0,0.0,0.0,-0.88,0.0
2022-06-20,BTC-USD,0.0,0,0.0,0,0.0,0.0,-0.8200000000000001,0.0
2022-06-21,BTC-USD,0.0,0,0.0,0,0.0,0.0,-0.8200000000000001,0.0
2022-06-22,BTC-USD,0.0,0,0.0,0,0.0,0.0,-0.78,0.0
2022-06-23,BTC-USD,0.0,0,0.0,0,0.0,0.0,-0.78,0.0
2022-06-24,BTC-USD,0.0,0,0.0,0,0.0,0.0,-0.78,0.0
2022-06-25,BTC-USD,0.0,0,0.0,0,0.0,0.0,-0.72,0.0
2022-06-26,BTC-USD,0.0,0,0.0,0,0.0,0.0,-0.72,0.0
2022-06-27,BTC-USD,0.0,0,0.0,0,0.0,0.0,-0.76,0.0
2022-06-28,BTC-USD,0.0,0,0.0,0,0.0,0.0,-0.8,0.0
2022-06-29,BTC-USD,0.0,0,0.0,0,0.0,0.0,-0.74,0.0
2022-06-30,BTC-USD,0.0,0,0.0,0,0.0,0.0,-0.78,0.0
2022-07-01,BTC-USD,0.0,0,0.0,0,0.0,0.0,-0.78,0.0
2022-07-02,BTC-USD,0.0,0,0.0,0,0.0,0.0,-0.72,0.0
2022-07-03,BTC-USD,0.0,0,0.0,0,0.0,0.0,-0.78,0.0
2022-07-04,BTC-USD,0.0,0,0.0,0,0.0,0.0,-0.72,0.0
2022-07-05,BTC-USD,0.0,0,0.0,0,0.0,0.0,-0.62,0.0
2022-07-06,BTC-USD,0.0,0,0.0,0,0.0,0.0,-0.64,0.0
2022-07-07,BTC-USD,0.0,0,0.0,0,0.0,0.0,-0.64,0.0
2022-07-08,BTC-USD,0.0,0,0.0,0,0.0,0.0,-0.6,0.0
2022-07-09,BTC-USD,0.0,0,0.0,0,0.0,0.0,-0.52,0.0
2022-07-10,BTC-USD,0.0,0,0.0,0,0.0,0.0,-0.52,0.0
2022-07-11,BTC-USD,0.0,0,0.0,0,0.0,0.0,-0.56,0.0
2022-07-12,BTC-USD,0.0,0,0.0,0,0.0,0.0,-0.6799999999999999,0.0
2022-07-13,BTC-USD,0.0,0,0.0,0,0.0,0.0,-0.7,0.0
2022-07-14,BTC-USD,0.0,0,0.0,0,0.0,0.0,-0.64,0.0
2022-07-15,BTC-USD,0.0,0,0.0,0,0.0,0.0,-0.7,0.0
2022-07-16,BTC-USD,0.0,0,0.0,0,0.0,0.0,-0.5800000000000001,0.0
2022-07-17,BTC-USD,0.0,0,0.0,0,0.0,0.0,-0.52,0.0
2022-07-18,BTC-USD,0.0,0,0.0,0,0.0,0.0,-0.6,0.0
2022-07-19,BTC-USD,0.0,0,0.0,0,0.0,0.0,-0.4,0.0
2022-07-20,BTC-USD,0.0,0,0.0,0,0.0,0.0,-0.38,0.0
2022-07-21,BTC-USD,0.0,0,0.0,0,0.0,0.0,-0.31999999999999995,0.0
2022-07-22,BTC-USD,0.0,0,0.0,0,0.0,0.0,-0.33999999999999997,0.0
2022-07-23,BTC-USD,0.0,0,0.0,0,0.0,0.0,-0.38,0.0
2022-07-24,BTC-USD,0.0,0,0.0,0,0.0,0.0,-0.4,0.0
2022-07-25,BTC-USD,0.0,0,0.0,0,0.0,0.0,-0.4,0.0
2022-07-26,BTC-USD,0.0,0,0.0,0,0.0,0.0,-0.48,0.0
2022-07-27,BTC-USD,0.0,0,0.0,0,0.0,0.0,-0.43999999999999995,0.0
2022-07-28,BTC-USD,0.0,0,0.0,0,0.0,0.0,-0.36,0.0
2022-07-29,BTC-USD,0.0,0,0.0,0,0.0,0.0,-0.21999999999999997,0.0
2022-07-30,BTC-USD,0.0,0,0.0,0,0.0,0.0,-0.16000000000000003,0.0
2022-07-31,BTC-USD,0.0,0,0.0,0,0.0,0.0,-0.21999999999999997,0.0
2022-08-01,BTC-USD,0.0,0,0.0,0,0.0,0.0,-0.33999999999999997,0.0
2022-08-02,BTC-USD,0.0,0,0.0,0,0.0,0.0,-0.38,0.0
2022-08-03,BTC-USD,0.0,0,0.0,0,0.0,0.0,-0.31999999999999995,0.0
2022-08-04,BTC-USD,0.0,0,0.0,0,0.0,0.0,-0.4,0.0
2022-08-05,BTC-USD,0.0,0,0.0,0,0.0,0.0,-0.38,0.0
2022-08-06,BTC-USD,0.0,0,0.0,0,0.0,0.0,-0.38,0.0
2022-08-07,BTC-USD,0.0,0,0.0,0,0.0,0.0,-0.4,0.0
2022-08-08,BTC-USD,0.0,0,0.0,0,0.0,0.0,-0.4,0.0
2022-08-09,BTC-USD,0.0,0,0.0,0,0.0,0.0,-0.16000000000000003,0.0
2022-08-10,BTC-USD,0.0,0,0.0,0,0.0,0.0,-0.38,0.0
2022-08-11,BTC-USD,0.0,0,0.0,0,0.0,0.0,-0.18000000000000005,0.0
2022-08-12,BTC-USD,0.0,0,0.0,0,0.0,0.0,-0.16000000000000003,0.0
2022-08-13,BTC-USD,0.0,0,0.0,0,0.0,0.0,-0.07999999999999996,0.0
2022-08-14,BTC-USD,0.0,0,0.0,0,0.0,0.0,-0.06000000000000005,0.0
2022-08-15,BTC-USD,0.0,0,0.0,0,0.0,0.0,-0.09999999999999998,0.0
2022-08-16,BTC-USD,0.0,0,0.0,0,0.0,0.0,-0.12,0.0
2022-08-17,BTC-USD,0.0,0,0.0,0,0.0,0.0,-0.18000000000000005,0.0
2022-08-18,BTC-USD,0.0,0,0.0,0,0.0,0.0,-0.4,0.0
2022-08-19,BTC-USD,0.0,0,0.0,0,0.0,0.0,-0.33999999999999997,0.0
2022-08-20,BTC-USD,0.0,0,0.0,0,0.0,0.0,-0.42000000000000004,0.0
2022-08-21,BTC-USD,0.0,0,0.0,0,0.0,0.0,-0.45999999999999996,0.0
2022-08-22,BTC-USD,0.0,0,0.0,0,0.0,0.0,-0.42000000000000004,0.0
2022-08-23,BTC-USD,0.0,0,0.0,0,0.0,0.0,-0.43999999999999995,0.0
2022-08-24,BTC-USD,0.0,0,0.0,0,0.0,0.0,-0.5,0.0
2022-08-25,BTC-USD,0.0,0,0.0,0,0.0,0.0,-0.5,0.0
2022-08-26,BTC-USD,0.0,0,0.0,0,0.0,0.0,-0.45999999999999996,0.0
2022-08-27,BTC-USD,0.0,0,0.0,0,0.0,0.0,-0.43999999999999995,0.0
2022-08-28,BTC-USD,0.0,0,0.0,0,0.0,0.0,-0.43999999999999995,0.0
2022-08-29,BTC-USD,0.0,0,0.0,0,0.0,0.0,-0.52,0.0
2022-08-30,BTC-USD,0.0,0,0.0,0,0.0,0.0,-0.45999999999999996,0.0
2022-08-31,BTC-USD,0.0,0,0.0,0,0.0,0.0,-0.54,0.0
2022-09-01,BTC-USD,0.0,0,0.0,0,0.0,0.0,-0.6,0.0
2022-09-02,BTC-USD,0.0,0,0.0,0,0.0,0.0,-0.5,0.0
2022-09-03,BTC-USD,0.0,0,0.0,0,0.0,0.0,-0.5800000000000001,0.0
2022-09-04,BTC-USD,0.0,0,0.0,0,0.0,0.0,-0.6,0.0
2022-09-05,BTC-USD,0.0,0,0.0,0,0.0,0.0,-0.54,0.0
2022-09-06,BTC-USD,0.0,0,0.0,0,0.0,0.0,-0.56,0.0
2022-09-07,BTC-USD,0.0,0,0.0,0,0.0,0.0,-0.52,0.0
2022-09-08,BTC-USD,0.0,0,0.0,0,0.0,0.0,-0.6,0.0
2022-09-09,BTC-USD,0.0,0,0.0,0,0.0,0.0,-0.56,0.0
2022-09-10,BTC-USD,0.0,0,0.0,0,0.0,0.0,-0.43999999999999995,0.0
2022-09-11,BTC-USD,0.0,0,0.0,0,0.0,0.0,-0.48,0.0
2022-09-12,BTC-USD,0.0,0,0.0,0,0.0,0.0,-0.5,0.0
2022-09-13,BTC-USD,0.0,0,0.0,0,0.0,0.0,-0.31999999999999995,0.0
2022-09-14,BTC-USD,0.0,0,0.0,0,0.0,0.0,-0.45999999999999996,0.0
2022-09-15,BTC-USD,0.0,0,0.0,0,0.0,0.0,-0.43999999999999995,0.0
2022-09-16,BTC-USD,0.0,0,0.0,0,0.0,0.0,-0.6,0.0
2022-09-17,BTC-USD,0.0,0,0.0,0,0.0,0.0,-0.56,0.0
2022-09-18,BTC-USD,0.0,0,0.0,0,0.0,0.0,-0.45999999999999996,0.0
2022-09-19,BTC-USD,0.0,0,0.0,0,0.0,0.0,-0.5800000000000001,0.0
2022-09-20,BTC-USD,0.0,0,0.0,0,0.0,0.0,-0.54,0.0
2022-09-21,BTC-USD,0.0,0,0.0,0,0.0,0.0,-0.54,0.0
2022-09-22,BTC-USD,0.0,0,0.0,0,0.0,0.0,-0.56,0.0
2022-09-23,BTC-USD,0.0,0,0.0,0,0.0,0.0,-0.6,0.0
2022-09-24,BTC-USD,0.0,0,0.0,0,0.0,0.0,-0.52,0.0
2022-09-25,BTC-USD,0.0,0,0.0,0,0.0,0.0,-0.52,0.0
2022-09-26,BTC-USD,0.0,0,0.0,0,0.0,0.0,-0.5800000000000001,0.0
2022-09-27,BTC-USD,0.0,0,0.0,0,0.0,0.0,-0.6,0.0
2022-09-28,BTC-USD,0.0,0,0.0,0,0.0,0.0,-0.6,0.0
2022-09-29,BTC-USD,0.0,0,0.0,0,0.0,0.0,-0.56,0.0
2022-09-30,BTC-USD,0.0,0,0.0,0,0.0,0.0,-0.5800000000000001,0.0
2022-10-01,BTC-USD,0.0,0,0.0,0,0.0,0.0,-0.6,0.0
2022-10-02,BTC-USD,0.0,0,0.0,0,0.0,0.0,-0.52,0.0
2022-10-03,BTC-USD,0.0,0,0.0,0,0.0,0.0,-0.52,0.0
2022-10-04,BTC-USD,0.0,0,0.0,0,0.0,0.0,-0.6,0.0
2022-10-05,BTC-USD,0.0,0,0.0,0,0.0,0.0,-0.5,0.0
2022-10-06,BTC-USD,0.0,0,0.0,0,0.0,0.0,-0.48,0.0
2022-10-07,BTC-USD,0.0,0,0.0,0,0.0,0.0,-0.54,0.0
2022-10-08,BTC-USD,0.0,0,0.0,0,0.0,0.0,-0.52,0.0
2022-10-09,BTC-USD,0.0,0,0.0,0,0.0,0.0,-0.56,0.0
2022-10-10,BTC-USD,0.0,0,0.0,0,0.0,0.0,-0.56,0.0
2022-10-11,BTC-USD,0.0,0,0.0,0,0.0,0.0,-0.52,0.0
2022-10-12,BTC-USD,0.0,0,0.0,0,0.0,0.0,-0.6,0.0
2022-10-13,BTC-USD,0.0,0,0.0,0,0.0,0.0,-0.6,0.0
2022-10-14,BTC-USD,0.0,0,0.0,0,0.0,0.0,-0.52,0.0
2022-10-15,BTC-USD,0.0,0,0.0,0,0.0,0.0,-0.52,0.0
2022-10-16,BTC-USD,0.0,0,0.0,0,0.0,0.0,-0.52,0.0
2022-10-17,BTC-USD,0.0,0,0.0,0,0.0,0.0,-0.6,0.0
2022-10-18,BTC-USD,0.0,0,0.0,0,0.0,0.0,-0.56,0.0
2022-10-19,BTC-USD,0.0,0,0.0,0,0.0,0.0,-0.54,0.0
2022-10-20,BTC-USD,0.0,0,0.0,0,0.0,0.0,-0.54,0.0
2022-10-21,BTC-USD,0.0,0,0.0,0,0.0,0.0,-0.54,0.0
2022-10-22,BTC-USD,0.0,0,0.0,0,0.0,0.0,-0.6,0.0
2022-10-23,BTC-USD,0.0,0,0.0,0,0.0,0.0,-0.54,0.0
2022-10-24,BTC-USD,0.0,0,0.0,0,0.0,0.0,-0.56,0.0
2022-10-25,BTC-USD,0.0,0,0.0,0,0.0,0.0,-0.6,0.0
2022-10-26,BTC-USD,0.0,0,0.0,0,0.0,0.0,-0.33999999999999997,0.0
2022-10-27,BTC-USD,0.0,0,0.0,0,0.0,0.0,-0.36,0.0
2022-10-28,BTC-USD,0.0,0,0.0,0,0.0,0.0,-0.4,0.0
2022-10-29,BTC-USD,0.0,0,0.0,0,0.0,0.0,-0.31999999999999995,0.0
2022-10-30,BTC-USD,0.0,0,0.0,0,0.0,0.0,-0.31999999999999995,0.0
2022-10-31,BTC-USD,0.0,0,0.0,0,0.0,0.0,-0.38,0.0
2022-11-01,BTC-USD,0.0,0,0.0,0,0.0,0.0,-0.4,0.0
2022-11-02,BTC-USD,0.0,0,0.0,0,0.0,0.0,-0.4,0.0
2022-11-03,BTC-USD,0.0,0,0.0,0,0.0,0.0,-0.4,0.0
2022-11-04,BTC-USD,0.0,0,0.0,0,0.0,0.0,-0.4,0.0
2022-11-05,BTC-USD,0.0,0,0.0,0,0.0,0.0,-0.24,0.0
2022-11-06,BTC-USD,0.0,0,0.0,0,0.0,0.0,-0.19999999999999996,0.0
2022-11-07,BTC-USD,0.0,0,0.0,0,0.0,0.0,-0.33999999999999997,0.0
2022-11-08,BTC-USD,0.0,0,0.0,0,0.0,0.0,-0.38,0.0
2022-11-09,BTC-USD,0.0,0,0.0,0,0.0,0.0,-0.42000000000000004,0.0
2022-11-10,BTC-USD,0.0,0,0.0,0,0.0,0.0,-0.56,0.0
2022-11-11,BTC-USD,0.0,0,0.0,0,0.0,0.0,-0.5,0.0
2022-11-12,BTC-USD,0.0,0,0.0,0,0.0,0.0,-0.5800000000000001,0.0
2022-11-13,BTC-USD,0.0,0,0.0,0,0.0,0.0,-0.56,0.0
2022-11-14,BTC-USD,0.0,0,0.0,0,0.0,0.0,-0.52,0.0
2022-11-15,BTC-USD,0.0,0,0.0,0,0.0,0.0,-0.56,0.0
2022-11-16,BTC-USD,0.0,0,0.0,0,0.0,0.0,-0.54,0.0
2022-11-17,BTC-USD,0.0,0,0.0,0,0.0,0.0,-0.6,0.0
2022-11-18,BTC-USD,0.0,0,0.0,0,0.0,0.0,-0.54,0.0
2022-11-19,BTC-USD,0.0,0,0.0,0,0.0,0.0,-0.54,0.0
2022-11-20,BTC-USD,0.0,0,0.0,0,0.0,0.0,-0.52,0.0
2022-11-21,BTC-USD,0.0,0,0.0,0,0.0,0.0,-0.5800000000000001,0.0
2022-11-22,BTC-USD,0.0,0,0.0,0,0.0,0.0,-0.56,0.0
2022-11-23,BTC-USD,0.0,0,0.0,0,0.0,0.0,-0.56,0.0
2022-11-24,BTC-USD,0.0,0,0.0,0,0.0,0.0,-0.6,0.0
2022-11-25,BTC-USD,0.0,0,0.0,0,0.0,0.0,-0.6,0.0
2022-11-26,BTC-USD,0.0,0,0.0,0,0.0,0.0,-0.56,0.0
2022-11-27,BTC-USD,0.0,0,0.0,0,0.0,0.0,-0.48,0.0
2022-11-28,BTC-USD,0.0,0,0.0,0,0.0,0.0,-0.43999999999999995,0.0
2022-11-29,BTC-USD,0.0,0,0.0,0,0.0,0.0,-0.48,0.0
2022-11-30,BTC-USD,0.0,0,0.0,0,0.0,0.0,-0.42000000000000004,0.0
2022-12-01,BTC-USD,0.0,0,0.0,0,0.0,0.0,-0.45999999999999996,0.0
2022-12-02,BTC-USD,0.0,0,0.0,0,0.0,0.0,-0.45999999999999996,0.0
2022-12-03,BTC-USD,0.0,0,0.0,0,0.0,0.0,-0.45999999999999996,0.0
2022-12-04,BTC-USD,0.0,0,0.0,0,0.0,0.0,-0.48,0.0
2022-12-05,BTC-USD,0.0,0,0.0,0,0.0,0.0,-0.48,0.0
2022-12-06,BTC-USD,0.0,0,0.0,0,0.0,0.0,-0.5,0.0
2022-12-07,BTC-USD,0.0,0,0.0,0,0.0,0.0,-0.42000000000000004,0.0
2022-12-08,BTC-USD,0.0,0,0.0,0,0.0,0.0,-0.5,0.0
2022-12-09,BTC-USD,0.0,0,0.0,0,0.0,0.0,-0.48,0.0
2022-12-10,BTC-USD,0.0,0,0.0,0,0.0,0.0,-0.45999999999999996,0.0
2022-12-11,BTC-USD,0.0,0,0.0,0,0.0,0.0,-0.48,0.0
2022-12-12,BTC-USD,0.0,0,0.0,0,0.0,0.0,-0.45999999999999996,0.0
2022-12-13,BTC-USD,0.0,0,0.0,0,0.0,0.0,-0.45999999999999996,0.0
2022-12-14,BTC-USD,0.0,0,0.0,0,0.0,0.0,-0.4,0.0
2022-12-15,BTC-USD,0.0,0,0.0,0,0.0,0.0,-0.38,0.0
2022-12-16,BTC-USD,0.0,0,0.0,0,0.0,0.0,-0.42000000000000004,0.0
2022-12-17,BTC-USD,0.0,0,0.0,0,0.0,0.0,-0.43999999999999995,0.0
2022-12-18,BTC-USD,0.0,0,0.0,0,0.0,0.0,-0.48,0.0
2022-12-19,BTC-USD,0.0,0,0.0,0,0.0,0.0,-0.42000000000000004,0.0
2022-12-20,BTC-USD,0.0,0,0.0,0,0.0,0.0,-0.42000000000000004,0.0
2022-12-21,BTC-USD,0.0,0,0.0,0,0.0,0.0,-0.48,0.0
2022-12-22,BTC-USD,0.0,0,0.0,0,0.0,0.0,-0.43999999999999995,0.0
2022-12-23,BTC-USD,0.0,0,0.0,0,0.0,0.0,-0.45999999999999996,0.0
2022-12-24,BTC-USD,0.0,0,0.0,0,0.0,0.0,-0.42000000000000004,0.0
2022-12-25,BTC-USD,0.0,0,0.0,0,0.0,0.0,-0.42000000000000004,0.0
2022-12-26,BTC-USD,0.0,0,0.0,0,0.0,0.0,-0.43999999999999995,0.0
2022-12-27,BTC-USD,0.0,0,0.0,0,0.0,0.0,-0.45999999999999996,0.0
2022-12-28,BTC-USD,0.0,0,0.0,0,0.0,0.0,-0.43999999999999995,0.0
2022-12-29,BTC-USD,0.0,0,0.0,0,0.0,0.0,-0.43999999999999995,0.0
2022-12-30,BTC-USD,0.0,0,0.0,0,0.0,0.0,-0.43999999999999995,0.0
2022-12-31,BTC-USD,0.0,0,0.0,0,0.0,0.0,-0.5,0.0
2023-01-01,BTC-USD,0.0,0,0.0,0,0.0,0.0,-0.48,0.0
2023-01-02,BTC-USD,0.0,0,0.0,0,0.0,0.0,-0.45999999999999996,0.0
2023-01-03,BTC-USD,0.0,0,0.0,0,0.0,0.0,-0.48,0.0
2023-01-04,BTC-USD,0.0,0,0.0,0,0.0,0.0,-0.42000000000000004,0.0
2023-01-05,BTC-USD,0.0,0,0.0,0,0.0,0.0,-0.42000000000000004,0.0
2023-01-06,BTC-USD,0.0,0,0.0,0,0.0,0.0,-0.48,0.0
2023-01-07,BTC-USD,0.0,0,0.0,0,0.0,0.0,-0.5,0.0
2023-01-08,BTC-USD,0.0,0,0.0,0,0.0,0.0,-0.5,0.0
2023-01-09,BTC-USD,0.0,0,0.0,0,0.0,0.0,-0.5,0.0
2023-01-10,BTC-USD,0.0,0,0.0,0,0.0,0.0,-0.48,0.0
2023-01-11,BTC-USD,0.0,0,0.0,0,0.0,0.0,-0.48,0.0
2023-01-12,BTC-USD,0.0,0,0.0,0,0.0,0.0,-0.4,0.0
2023-01-13,BTC-USD,0.0,0,0.0,0,0.0,0.0,-0.38,0.0
2023-01-14,BTC-USD,0.0,0,0.0,0,0.0,0.0,-0.07999999999999996,0.0
2023-01-15,BTC-USD,0.0,0,0.0,0,0.0,0.0,0.040000000000000036,0.0
2023-01-16,BTC-USD,0.0,0,0.0,0,0.0,0.0,-0.09999999999999998,0.0
2023-01-17,BTC-USD,0.0,0,0.0,0,0.0,0.0,0.020000000000000018,0.0
2023-01-18,BTC-USD,0.0,0,0.0,0,0.0,0.0,0.040000000000000036,0.0
2023-01-19,BTC-USD,0.0,0,0.0,0,0.0,0.0,-0.09999999999999998,0.0
2023-01-20,BTC-USD,0.0,0,0.0,0,0.0,0.0,0.020000000000000018,0.0
2023-01-21,BTC-USD,0.0,0,0.0,0,0.0,0.0,0.06000000000000005,0.0
2023-01-22,BTC-USD,0.0,0,0.0,0,0.0,0.0,0.06000000000000005,0.0
2023-01-23,BTC-USD,0.0,0,0.0,0,0.0,0.0,0.0,0.0
2023-01-24,BTC-USD,0.0,0,0.0,0,0.0,0.0,0.040000000000000036,0.0
2023-01-25,BTC-USD,0.0,0,0.0,0,0.0,0.0,0.020000000000000018,0.0
2023-01-26,BTC-USD,0.0,0,0.0,0,0.0,0.0,0.08000000000000007,0.0
2023-01-27,BTC-USD,0.0,0,0.0,0,0.0,0.0,0.10000000000000009,0.0
2023-01-28,BTC-USD,0.0,0,0.0,0,0.0,0.0,0.040000000000000036,0.0
2023-01-29,BTC-USD,0.0,0,0.0,0,0.0,0.0,0.10000000000000009,0.0
2023-01-30,BTC-USD,0.0,0,0.0,0,0.0,0.0,0.21999999999999997,0.0
2023-01-31,BTC-USD,0.0,0,0.0,0,0.0,0.0,0.020000000000000018,0.0
2023-02-01,BTC-USD,0.0,0,0.0,0,0.0,0.0,0.1200000000000001,0.0
2023-02-02,BTC-USD,0.0,0,0.0,0,0.0,0.0,0.19999999999999996,0.0
2023-02-03,BTC-USD,0.0,0,0.0,0,0.0,0.0,0.19999999999999996,0.0
2023-02-04,BTC-USD,0.0,0,0.0,0,0.0,0.0,0.15999999999999992,0.0
2023-02-05,BTC-USD,0.0,0,0.0,0,0.0,0.0,0.15999999999999992,0.0
2023-02-06,BTC-USD,0.0,0,0.0,0,0.0,0.0,0.1200000000000001,0.0
2023-02-07,BTC-USD,0.0,0,0.0,0,0.0,0.0,0.08000000000000007,0.0
2023-02-08,BTC-USD,0.0,0,0.0,0,0.0,0.0,0.15999999999999992,0.0
2023-02-09,BTC-USD,0.0,0,0.0,0,0.0,0.0,0.10000000000000009,0.0
2023-02-10,BTC-USD,0.0,0,0.0,0,0.0,0.0,-0.040000000000000036,0.0
2023-02-11,BTC-USD,0.0,0,0.0,0,0.0,0.0,-0.020000000000000018,0.0
2023-02-12,BTC-USD,0.0,0,0.0,0,0.0,0.0,0.0,0.0
2023-02-13,BTC-USD,0.0,0,0.0,0,0.0,0.0,-0.040000000000000036,0.0
2023-02-14,BTC-USD,0.0,0,0.0,0,0.0,0.0,0.0,0.0
2023-02-15,BTC-USD,0.0,0,0.0,0,0.0,0.0,0.06000000000000005,0.0
2023-02-16,BTC-USD,0.0,0,0.0,0,0.0,0.0,0.24,0.0
2023-02-17,BTC-USD,0.0,0,0.0,0,0.0,0.0,0.21999999999999997,0.0
2023-02-18,BTC-USD,0.0,0,0.0,0,0.0,0.0,0.19999999999999996,0.0
2023-02-19,BTC-USD,0.0,0,0.0,0,0.0,0.0,0.19999999999999996,0.0
2023-02-20,BTC-USD,0.0,0,0.0,0,0.0,0.0,0.15999999999999992,0.0
2023-02-21,BTC-USD,0.0,0,0.0,0,0.0,0.0,0.19999999999999996,0.0
2023-02-22,BTC-USD,0.0,0,0.0,0,0.0,0.0,0.17999999999999994,0.0
2023-02-23,BTC-USD,0.0,0,0.0,0,0.0,0.0,0.1200000000000001,0.0
2023-02-24,BTC-USD,0.0,0,0.0,0,0.0,0.0,0.06000000000000005,0.0
2023-02-25,BTC-USD,0.0,0,0.0,0,0.0,0.0,0.040000000000000036,0.0
2023-02-26,BTC-USD,0.0,0,0.0,0,0.0,0.0,0.020000000000000018,0.0
2023-02-27,BTC-USD,0.0,0,0.0,0,0.0,0.0,0.0,0.0
2023-02-28,BTC-USD,0.0,0,0.0,0,0.0,0.0,0.06000000000000005,0.0
2023-03-01,BTC-USD,0.0,0,0.0,0,0.0,0.0,0.0,0.0
2023-03-02,BTC-USD,0.0,0,0.0,0,0.0,0.0,0.020000000000000018,0.0
2023-03-03,BTC-USD,0.0,0,0.0,0,0.0,0.0,0.0,0.0
2023-03-04,BTC-USD,0.0,0,0.0,0,0.0,0.0,0.0,0.0
2023-03-05,BTC-USD,0.0,0,0.0,0,0.0,0.0,-0.06000000000000005,0.0
2023-03-06,BTC-USD,0.0,0,0.0,0,0.0,0.0,-0.040000000000000036,0.0
2023-03-07,BTC-USD,0.0,0,0.0,0,0.0,0.0,-0.020000000000000018,0.0
2023-03-08,BTC-USD,0.0,0,0.0,0,0.0,0.0,0.0,0.0
2023-03-09,BTC-USD,0.0,0,0.0,0,0.0,0.0,-0.12,0.0
2023-03-10,BTC-USD,0.0,0,0.0,0,0.0,0.0,-0.31999999999999995,0.0
2023-03-11,BTC-USD,0.0,0,0.0,0,0.0,0.0,-0.33999999999999997,0.0
2023-03-12,BTC-USD,0.0,0,0.0,0,0.0,0.0,-0.33999999999999997,0.0
2023-03-13,BTC-USD,0.0,0,0.0,0,0.0,0.0,-0.020000000000000018,0.0
2023-03-14,BTC-USD,0.0,0,0.0,0,0.0,0.0,0.1200000000000001,0.0
2023-03-15,BTC-USD,0.0,0,0.0,0,0.0,0.0,0.0,0.0
2023-03-16,BTC-USD,0.0,0,0.0,0,0.0,0.0,0.040000000000000036,0.0
2023-03-17,BTC-USD,0.0,0,0.0,0,0.0,0.0,0.020000000000000018,0.0
2023-03-18,BTC-USD,0.0,0,0.0,0,0.0,0.0,0.28,0.0
2023-03-19,BTC-USD,0.0,0,0.0,0,0.0,0.0,0.26,0.0
2023-03-20,BTC-USD,0.0,0,0.0,0,0.0,0.0,0.32000000000000006,0.0
2023-03-21,BTC-USD,0.0,0,0.0,0,0.0,0.0,0.3600000000000001,0.0
2023-03-22,BTC-USD,0.0,0,0.0,0,0.0,0.0,0.24,0.0
2023-03-23,BTC-USD,0.0,0,0.0,0,0.0,0.0,0.1399999999999999,0.0
2023-03-24,BTC-USD,0.0,0,0.0,0,0.0,0.0,0.21999999999999997,0.0
2023-03-25,BTC-USD,0.0,0,0.0,0,0.0,0.0,0.28,0.0
2023-03-26,BTC-USD,0.0,0,0.0,0,0.0,0.0,0.28,0.0
2023-03-27,BTC-USD,0.0,0,0.0,0,0.0,0.0,0.28,0.0
2023-03-28,BTC-USD,0.0,0,0.0,0,0.0,0.0,0.17999999999999994,0.0
2023-03-29,BTC-USD,0.0,0,0.0,0,0.0,0.0,0.1399999999999999,0.0
2023-03-30,BTC-USD,0.0,0,0.0,0,0.0,0.0,0.19999999999999996,0.0
2023-03-31,BTC-USD,0.0,0,0.0,0,0.0,0.0,0.26,0.0
2023-04-01,BTC-USD,0.0,0,0.0,0,0.0,0.0,0.21999999999999997,0.0
2023-04-02,BTC-USD,0.0,0,0.0,0,0.0,0.0,0.26,0.0
2023-04-03,BTC-USD,0.0,0,0.0,0,0.0,0.0,0.26,0.0
2023-04-04,BTC-USD,0.0,0,0.0,0,0.0,0.0,0.24,0.0
2023-04-05,BTC-USD,0.0,0,0.0,0,0.0,0.0,0.24,0.0
2023-04-06,BTC-USD,0.0,0,0.0,0,0.0,0.0,0.26,0.0
2023-04-07,BTC-USD,0.0,0,0.0,0,0.0,0.0,0.28,0.0
2023-04-08,BTC-USD,0.0,0,0.0,0,0.0,0.0,0.21999999999999997,0.0
2023-04-09,BTC-USD,0.0,0,0.0,0,0.0,0.0,0.21999999999999997,0.0
2023-04-10,BTC-USD,0.0,0,0.0,0,0.0,0.0,0.24,0.0
2023-04-11,BTC-USD,0.0,0,0.0,0,0.0,0.0,0.3600000000000001,0.0
2023-04-12,BTC-USD,0.0,0,0.0,0,0.0,0.0,0.30000000000000004,0.0
2023-04-13,BTC-USD,0.0,0,0.0,0,0.0,0.0,0.21999999999999997,0.0
2023-04-14,BTC-USD,0.0,0,0.0,0,0.0,0.0,0.3600000000000001,0.0
2023-04-15,BTC-USD,0.0,0,0.0,0,0.0,0.0,0.3600000000000001,0.0
2023-04-16,BTC-USD,0.0,0,0.0,0,0.0,0.0,0.3600000000000001,0.0
2023-04-17,BTC-USD,0.0,0,0.0,0,0.0,0.0,0.3799999999999999,0.0
2023-04-18,BTC-USD,0.0,0,0.0,0,0.0,0.0,0.15999999999999992,0.0
2023-04-19,BTC-USD,0.0,0,0.0,0,0.0,0.0,0.26,0.0
2023-04-20,BTC-USD,0.0,0,0.0,0,0.0,0.0,0.040000000000000036,0.0
2023-04-21,BTC-USD,0.0,0,0.0,0,0.0,0.0,0.0,0.0
2023-04-22,BTC-USD,0.0,0,0.0,0,0.0,0.0,0.06000000000000005,0.0
2023-04-23,BTC-USD,0.0,0,0.0,0,0.0,0.0,0.1200000000000001,0.0
2023-04-24,BTC-USD,0.0,0,0.0,0,0.0,0.0,0.06000000000000005,0.0
2023-04-25,BTC-USD,0.0,0,0.0,0,0.0,0.0,0.06000000000000005,0.0
2023-04-26,BTC-USD,0.0,0,0.0,0,0.0,0.0,0.1200000000000001,0.0
2023-04-27,BTC-USD,0.0,0,0.0,0,0.0,0.0,0.17999999999999994,0.0
2023-04-28,BTC-USD,0.0,0,0.0,0,0.0,0.0,0.28,0.0
2023-04-29,BTC-USD,0.0,0,0.0,0,0.0,0.0,0.28,0.0
2023-04-30,BTC-USD,0.0,0,0.0,0,0.0,0.0,0.19999999999999996,0.0
2023-05-01,BTC-USD,0.0,0,0.0,0,0.0,0.0,0.26,0.0
2023-05-02,BTC-USD,0.0,0,0.0,0,0.0,0.0,0.10000000000000009,0.0
2023-05-03,BTC-USD,0.0,0,0.0,0,0.0,0.0,0.28,0.0
2023-05-04,BTC-USD,0.0,0,0.0,0,0.0,0.0,0.28,0.0
2023-05-05,BTC-USD,0.0,0,0.0,0,0.0,0.0,0.21999999999999997,0.0
2023-05-06,BTC-USD,0.0,0,0.0,0,0.0,0.0,0.19999999999999996,0.0
2023-05-07,BTC-USD,0.0,0,0.0,0,0.0,0.0,0.28,0.0
2023-05-08,BTC-USD,0.0,0,0.0,0,0.0,0.0,0.19999999999999996,0.0
2023-05-09,BTC-USD,0.0,0,0.0,0,0.0,0.0,0.020000000000000018,0.0
2023-05-10,BTC-USD,0.0,0,0.0,0,0.0,0.0,0.040000000000000036,0.0
2023-05-11,BTC-USD,0.0,0,0.0,0,0.0,0.0,0.040000000000000036,0.0
2023-05-12,BTC-USD,0.0,0,0.0,0,0.0,0.0,-0.020000000000000018,0.0
2023-05-13,BTC-USD,0.0,0,0.0,0,0.0,0.0,-0.040000000000000036,0.0
2023-05-14,BTC-USD,0.0,0,0.0,0,0.0,0.0,-0.040000000000000036,0.0
2023-05-15,BTC-USD,0.0,0,0.0,0,0.0,0.0,0.0,0.0
2023-05-16,BTC-USD,0.0,0,0.0,0,0.0,0.0,0.08000000000000007,0.0
2023-05-17,BTC-USD,0.0,0,0.0,0,0.0,0.0,0.0,0.0
2023-05-18,BTC-USD,0.0,0,0.0,0,0.0,0.0,0.020000000000000018,0.0
2023-05-19,BTC-USD,0.0,0,0.0,0,0.0,0.0,-0.040000000000000036,0.0
2023-05-20,BTC-USD,0.0,0,0.0,0,0.0,0.0,-0.040000000000000036,0.0
2023-05-21,BTC-USD,0.0,0,0.0,0,0.0,0.0,0.040000000000000036,0.0
2023-05-22,BTC-USD,0.0,0,0.0,0,0.0,0.0,-0.020000000000000018,0.0
2023-05-23,BTC-USD,0.0,0,0.0,0,0.0,0.0,0.0,0.0
2023-05-24,BTC-USD,0.0,0,0.0,0,0.0,0.0,0.0,0.0
2023-05-25,BTC-USD,0.0,0,0.0,0,0.0,0.0,0.020000000000000018,0.0
2023-05-26,BTC-USD,0.0,0,0.0,0,0.0,0.0,-0.020000000000000018,0.0
2023-05-27,BTC-USD,0.0,0,0.0,0,0.0,0.0,-0.040000000000000036,0.0
2023-05-28,BTC-USD,0.0,0,0.0,0,0.0,0.0,0.0,0.0
2023-05-29,BTC-USD,0.0,0,0.0,0,0.0,0.0,0.040000000000000036,0.0
2023-05-30,BTC-USD,0.0,0,0.0,0,0.0,0.0,0.020000000000000018,0.0
2023-05-31,BTC-USD,0.0,0,0.0,0,0.0,0.0,0.020000000000000018,0.0
2023-06-01,BTC-USD,0.0,0,0.0,0,0.0,0.0,0.040000000000000036,0.0
2023-06-02,BTC-USD,0.0,0,0.0,0,0.0,0.0,0.0,0.0
2023-06-03,BTC-USD,0.0,0,0.0,0,0.0,0.0,0.06000000000000005,0.0
2023-06-04,BTC-USD,0.0,0,0.0,0,0.0,0.0,0.040000000000000036,0.0
2023-06-05,BTC-USD,0.0,0,0.0,0,0.0,0.0,0.06000000000000005,0.0
2023-06-06,BTC-USD,0.0,0,0.0,0,0.0,0.0,-0.12,0.0
2023-06-07,BTC-USD,0.0,0,0.0,0,0.0,0.0,0.06000000000000005,0.0
2023-06-08,BTC-USD,0.0,0,0.0,0,0.0,0.0,0.0,0.0
2023-06-09,BTC-USD,0.0,0,0.0,0,0.0,0.0,0.0,0.0
2023-06-10,BTC-USD,0.0,0,0.0,0,0.0,0.0,-0.020000000000000018,0.0
2023-06-11,BTC-USD,0.0,0,0.0,0,0.0,0.0,-0.06000000000000005,0.0
2023-06-12,BTC-USD,0.0,0,0.0,0,0.0,0.0,-0.06000000000000005,0.0
2023-06-13,BTC-USD,0.0,0,0.0,0,0.0,0.0,-0.09999999999999998,0.0
2023-06-14,BTC-USD,0.0,0,0.0,0,0.0,0.0,-0.07999999999999996,0.0
2023-06-15,BTC-USD,0.0,0,0.0,0,0.0,0.0,-0.18000000000000005,0.0
2023-06-16,BTC-USD,0.0,0,0.0,0,0.0,0.0,-0.06000000000000005,0.0
2023-06-17,BTC-USD,0.0,0,0.0,0,0.0,0.0,-0.06000000000000005,0.0
2023-06-18,BTC-USD,0.0,0,0.0,0,0.0,0.0,-0.020000000000000018,0.0
2023-06-19,BTC-USD,0.0,0,0.0,0,0.0,0.0,-0.06000000000000005,0.0
2023-06-20,BTC-USD,0.0,0,0.0,0,0.0,0.0,-0.020000000000000018,0.0
2023-06-21,BTC-USD,0.0,0,0.0,0,0.0,0.0,0.17999999999999994,0.0
2023-06-22,BTC-USD,0.0,0,0.0,0,0.0,0.0,0.30000000000000004,0.0
2023-06-23,BTC-USD,0.0,0,0.0,0,0.0,0.0,0.30000000000000004,0.0
2023-06-24,BTC-USD,0.0,0,0.0,0,0.0,0.0,0.24,0.0
2023-06-25,BTC-USD,0.0,0,0.0,0,0.0,0.0,0.28,0.0
2023-06-26,BTC-USD,0.0,0,0.0,0,0.0,0.0,0.10000000000000009,0.0
2023-06-27,BTC-USD,0.0,0,0.0,0,0.0,0.0,0.17999999999999994,0.0
2023-06-28,BTC-USD,0.0,0,0.0,0,0.0,0.0,0.24,0.0
2023-06-29,BTC-USD,0.0,0,0.0,0,0.0,0.0,0.08000000000000007,0.0
2023-06-30,BTC-USD,0.0,0,0.0,0,0.0,0.0,0.1200000000000001,0.0
2023-07-01,BTC-USD,0.0,0,0.0,0,0.0,0.0,0.17999999999999994,0.0
2023-07-02,BTC-USD,0.0,0,0.0,0,0.0,0.0,0.26,0.0
2023-07-03,BTC-USD,0.0,0,0.0,0,0.0,0.0,0.24,0.0
2023-07-04,BTC-USD,0.0,0,0.0,0,0.0,0.0,0.28,0.0
2023-07-05,BTC-USD,0.0,0,0.0,0,0.0,0.0,0.21999999999999997,0.0
2023-07-06,BTC-USD,0.0,0,0.0,0,0.0,0.0,0.1200000000000001,0.0
2023-07-07,BTC-USD,0.0,0,0.0,0,0.0,0.0,0.10000000000000009,0.0
2023-07-08,BTC-USD,0.0,0,0.0,0,0.0,0.0,0.15999999999999992,0.0
2023-07-09,BTC-USD,0.0,0,0.0,0,0.0,0.0,0.10000000000000009,0.0
2023-07-10,BTC-USD,0.0,0,0.0,0,0.0,0.0,0.1200000000000001,0.0
2023-07-11,BTC-USD,0.0,0,0.0,0,0.0,0.0,0.1399999999999999,0.0
2023-07-12,BTC-USD,0.0,0,0.0,0,0.0,0.0,0.28,0.0
2023-07-13,BTC-USD,0.0,0,0.0,0,0.0,0.0,0.1399999999999999,0.0
2023-07-14,BTC-USD,0.0,0,0.0,0,0.0,0.0,0.19999999999999996,0.0
2023-07-15,BTC-USD,0.0,0,0.0,0,0.0,0.0,0.1200000000000001,0.0
2023-07-16,BTC-USD,0.0,0,0.0,0,0.0,0.0,0.1399999999999999,0.0
2023-07-17,BTC-USD,0.0,0,0.0,0,0.0,0.0,0.08000000000000007,0.0
2023-07-18,BTC-USD,0.0,0,0.0,0,0.0,0.0,0.1200000000000001,0.0
2023-07-19,BTC-USD,0.0,0,0.0,0,0.0,0.0,0.0,0.0
2023-07-20,BTC-USD,0.0,0,0.0,0,0.0,0.0,0.1200000000000001,0.0
2023-07-21,BTC-USD,0.0,0,0.0,0,0.0,0.0,0.0,0.0
2023-07-22,BTC-USD,0.0,0,0.0,0,0.0,0.0,0.040000000000000036,0.0
2023-07-23,BTC-USD,0.0,0,0.0,0,0.0,0.0,0.08000000000000007,0.0
2023-07-24,BTC-USD,0.0,0,0.0,0,0.0,0.0,0.10000000000000009,0.0
2023-07-25,BTC-USD,0.0,0,0.0,0,0.0,0.0,0.0,0.0
2023-07-26,BTC-USD,0.0,0,0.0,0,0.0,0.0,0.020000000000000018,0.0
2023-07-27,BTC-USD,0.0,0,0.0,0,0.0,0.0,0.020000000000000018,0.0
2023-07-28,BTC-USD,0.0,0,0.0,0,0.0,0.0,0.040000000000000036,0.0
2023-07-29,BTC-USD,0.0,0,0.0,0,0.0,0.0,0.040000000000000036,0.0
2023-07-30,BTC-USD,0.0,0,0.0,0,0.0,0.0,0.040000000000000036,0.0
2023-07-31,BTC-USD,0.0,0,0.0,0,0.0,0.0,0.0,0.0
2023-08-01,BTC-USD,0.0,0,0.0,0,0.0,0.0,0.06000000000000005,0.0
2023-08-02,BTC-USD,0.0,0,0.0,0,0.0,0.0,0.06000000000000005,0.0
2023-08-03,BTC-USD,0.0,0,0.0,0,0.0,0.0,0.040000000000000036,0.0
2023-08-04,BTC-USD,0.0,0,0.0,0,0.0,0.0,0.08000000000000007,0.0
2023-08-05,BTC-USD,0.0,0,0.0,0,0.0,0.0,0.0,0.0
2023-08-06,BTC-USD,0.0,0,0.0,0,0.0,0.0,-0.020000000000000018,0.0
2023-08-07,BTC-USD,0.0,0,0.0,0,0.0,0.0,-0.020000000000000018,0.0
2023-08-08,BTC-USD,0.0,0,0.0,0,0.0,0.0,0.08000000000000007,0.0
2023-08-09,BTC-USD,0.0,0,0.0,0,0.0,0.0,0.0,0.0
2023-08-10,BTC-USD,0.0,0,0.0,0,0.0,0.0,0.06000000000000005,0.0
2023-08-11,BTC-USD,0.0,0,0.0,0,0.0,0.0,0.020000000000000018,0.0
2023-08-12,BTC-USD,0.0,0,0.0,0,0.0,0.0,0.08000000000000007,0.0
2023-08-13,BTC-USD,0.0,0,0.0,0,0.0,0.0,0.08000000000000007,0.0
2023-08-14,BTC-USD,0.0,0,0.0,0,0.0,0.0,0.0,0.0
2023-08-15,BTC-USD,0.0,0,0.0,0,0.0,0.0,0.06000000000000005,0.0
2023-08-16,BTC-USD,0.0,0,0.0,0,0.0,0.0,0.040000000000000036,0.0
2023-08-17,BTC-USD,0.0,0,0.0,0,0.0,0.0,0.0,0.0
2023-08-18,BTC-USD,0.0,0,0.0,0,0.0,0.0,-0.26,0.0
2023-08-19,BTC-USD,0.0,0,0.0,0,0.0,0.0,-0.21999999999999997,0.0
2023-08-20,BTC-USD,0.0,0,0.0,0,0.0,0.0,-0.26,0.0
2023-08-21,BTC-USD,0.0,0,0.0,0,0.0,0.0,-0.24,0.0
2023-08-22,BTC-USD,0.0,0,0.0,0,0.0,0.0,-0.26,0.0
2023-08-23,BTC-USD,0.0,0,0.0,0,0.0,0.0,-0.26,0.0
2023-08-24,BTC-USD,0.0,0,0.0,0,0.0,0.0,-0.18000000000000005,0.0
2023-08-25,BTC-USD,0.0,0,0.0,0,0.0,0.0,-0.21999999999999997,0.0
2023-08-26,BTC-USD,0.0,0,0.0,0,0.0,0.0,-0.24,0.0
2023-08-27,BTC-USD,0.0,0,0.0,0,0.0,0.0,-0.24,0.0
2023-08-28,BTC-USD,0.0,0,0.0,0,0.0,0.0,-0.21999999999999997,0.0
2023-08-29,BTC-USD,0.0,0,0.0,0,0.0,0.0,-0.21999999999999997,0.0
2023-08-30,BTC-USD,0.0,0,0.0,0,0.0,0.0,-0.020000000000000018,0.0
2023-08-31,BTC-USD,0.0,0,0.0,0,0.0,0.0,0.040000000000000036,0.0
2023-09-01,BTC-USD,0.0,0,0.0,0,0.0,0.0,-0.19999999999999996,0.0
2023-09-02,BTC-USD,0.0,0,0.0,0,0.0,0.0,-0.21999999999999997,0.0
2023-09-03,BTC-USD,0.0,0,0.0,0,0.0,0.0,-0.19999999999999996,0.0
2023-09-04,BTC-USD,0.0,0,0.0,0,0.0,0.0,-0.19999999999999996,0.0
2023-09-05,BTC-USD,0.0,0,0.0,0,0.0,0.0,-0.19999999999999996,0.0
2023-09-06,BTC-USD,0.0,0,0.0,0,0.0,0.0,-0.16000000000000003,0.0
2023-09-07,BTC-USD,0.0,0,0.0,0,0.0,0.0,-0.18000000000000005,0.0
2023-09-08,BTC-USD,0.0,0,0.0,0,0.0,0.0,-0.07999999999999996,0.0
2023-09-09,BTC-USD,0.0,0,0.0,0,0.0,0.0,-0.18000000000000005,0.0
2023-09-10,BTC-USD,0.0,0,0.0,0,0.0,0.0,-0.19999999999999996,0.0
2023-09-11,BTC-USD,0.0,0,0.0,0,0.0,0.0,-0.19999999999999996,0.0
2023-09-12,BTC-USD,0.0,0,0.0,0,0.0,0.0,-0.4,0.0
2023-09-13,BTC-USD,0.0,0,0.0,0,0.0,0.0,-0.18000000000000005,0.0
2023-09-14,BTC-USD,0.0,0,0.0,0,0.0,0.0,-0.09999999999999998,0.0
2023-09-15,BTC-USD,0.0,0,0.0,0,0.0,0.0,-0.09999999999999998,0.0
2023-09-16,BTC-USD,0.0,0,0.0,0,0.0,0.0,-0.14,0.0
2023-09-17,BTC-USD,0.0,0,0.0,0,0.0,0.0,-0.07999999999999996,0.0
2023-09-18,BTC-USD,0.0,0,0.0,0,0.0,0.0,-0.07999999999999996,0.0
2023-09-19,BTC-USD,0.0,0,0.0,0,0.0,0.0,-0.07999999999999996,0.0
2023-09-20,BTC-USD,0.0,0,0.0,0,0.0,0.0,-0.06000000000000005,0.0
2023-09-21,BTC-USD,0.0,0,0.0,0,0.0,0.0,-0.06000000000000005,0.0
2023-09-22,BTC-USD,0.0,0,0.0,0,0.0,0.0,-0.14,0.0
2023-09-23,BTC-USD,0.0,0,0.0,0,0.0,0.0,-0.06000000000000005,0.0
2023-09-24,BTC-USD,0.0,0,0.0,0,0.0,0.0,-0.12,0.0
2023-09-25,BTC-USD,0.0,0,0.0,0,0.0,0.0,-0.06000000000000005,0.0
2023-09-26,BTC-USD,0.0,0,0.0,0,0.0,0.0,-0.07999999999999996,0.0
2023-09-27,BTC-USD,0.0,0,0.0,0,0.0,0.0,-0.12,0.0
2023-09-28,BTC-USD,0.0,0,0.0,0,0.0,0.0,-0.07999999999999996,0.0
2023-09-29,BTC-USD,0.0,0,0.0,0,0.0,0.0,-0.040000000000000036,0.0
2023-09-30,BTC-USD,0.0,0,0.0,0,0.0,0.0,-0.06000000000000005,0.0
2023-10-01,BTC-USD,0.0,0,0.0,0,0.0,0.0,-0.040000000000000036,0.0
2023-10-02,BTC-USD,0.0,0,0.0,0,0.0,0.0,0.0,0.0
2023-10-03,BTC-USD,0.0,0,0.0,0,0.0,0.0,0.0,0.0
2023-10-04,BTC-USD,0.0,0,0.0,0,0.0,0.0,-0.020000000000000018,0.0
2023-10-05,BTC-USD,0.0,0,0.0,0,0.0,0.0,-0.040000000000000036,0.0
2023-10-06,BTC-USD,0.0,0,0.0,0,0.0,0.0,0.0,0.0
2023-10-07,BTC-USD,0.0,0,0.0,0,0.0,0.0,-0.020000000000000018,0.0
2023-10-08,BTC-USD,0.0,0,0.0,0,0.0,0.0,0.0,0.0
2023-10-09,BTC-USD,0.0,0,0.0,0,0.0,0.0,0.0,0.0
2023-10-10,BTC-USD,0.0,0,0.0,0,0.0,0.0,0.0,0.0
2023-10-11,BTC-USD,0.0,0,0.0,0,0.0,0.0,-0.06000000000000005,0.0
2023-10-12,BTC-USD,0.0,0,0.0,0,0.0,0.0,-0.09999999999999998,0.0
2023-10-13,BTC-USD,0.0,0,0.0,0,0.0,0.0,-0.12,0.0
2023-10-14,BTC-USD,0.0,0,0.0,0,0.0,0.0,-0.06000000000000005,0.0
2023-10-15,BTC-USD,0.0,0,0.0,0,0.0,0.0,-0.09999999999999998,0.0
2023-10-16,BTC-USD,0.0,0,0.0,0,0.0,0.0,-0.06000000000000005,0.0
2023-10-17,BTC-USD,0.0,0,0.0,0,0.0,0.0,0.040000000000000036,0.0
2023-10-18,BTC-USD,0.0,0,0.0,0,0.0,0.0,0.0,0.0
2023-10-19,BTC-USD,0.0,0,0.0,0,0.0,0.0,0.040000000000000036,0.0
2023-10-20,BTC-USD,0.0,0,0.0,0,0.0,0.0,0.06000000000000005,0.0
2023-10-21,BTC-USD,0.0,0,0.0,0,0.0,0.0,0.26,0.0
2023-10-22,BTC-USD,0.0,0,0.0,0,0.0,0.0,0.06000000000000005,0.0
2023-10-23,BTC-USD,0.0,0,0.0,0,0.0,0.0,0.06000000000000005,0.0
2023-10-24,BTC-USD,0.0,0,0.0,0,0.0,0.0,0.32000000000000006,0.0
2023-10-25,BTC-USD,0.0,0,0.0,0,0.0,0.0,0.43999999999999995,0.0
2023-10-26,BTC-USD,0.0,0,0.0,0,0.0,0.0,0.41999999999999993,0.0
2023-10-27,BTC-USD,0.0,0,0.0,0,0.0,0.0,0.3999999999999999,0.0
2023-10-28,BTC-USD,0.0,0,0.0,0,0.0,0.0,0.30000000000000004,0.0
2023-10-29,BTC-USD,0.0,0,0.0,0,0.0,0.0,0.43999999999999995,0.0
2023-10-30,BTC-USD,0.0,0,0.0,0,0.0,0.0,0.3600000000000001,0.0
2023-10-31,BTC-USD,0.0,0,0.0,0,0.0,0.0,0.32000000000000006,0.0
2023-11-01,BTC-USD,0.0,0,0.0,0,0.0,0.0,0.32000000000000006,0.0
2023-11-02,BTC-USD,0.0,0,0.0,0,0.0,0.0,0.43999999999999995,0.0
2023-11-03,BTC-USD,0.0,0,0.0,0,0.0,0.0,0.30000000000000004,0.0
2023-11-04,BTC-USD,0.0,0,0.0,0,0.0,0.0,0.3600000000000001,0.0
2023-11-05,BTC-USD,0.0,0,0.0,0,0.0,0.0,0.3999999999999999,0.0
2023-11-06,BTC-USD,0.0,0,0.0,0,0.0,0.0,0.48,0.0
2023-11-07,BTC-USD,0.0,0,0.0,0,0.0,0.0,0.3600000000000001,0.0
2023-11-08,BTC-USD,0.0,0,0.0,0,0.0,0.0,0.32000000000000006,0.0
2023-11-09,BTC-USD,0.0,0,0.0,0,0.0,0.0,0.3799999999999999,0.0
2023-11-10,BTC-USD,0.0,0,0.0,0,0.0,0.0,0.3999999999999999,0.0
2023-11-11,BTC-USD,0.0,0,0.0,0,0.0,0.0,0.3999999999999999,0.0
2023-11-12,BTC-USD,0.0,0,0.0,0,0.0,0.0,0.45999999999999996,0.0
2023-11-13,BTC-USD,0.0,0,0.0,0,0.0,0.0,0.43999999999999995,0.0
2023-11-14,BTC-USD,0.0,0,0.0,0,0.0,0.0,0.3799999999999999,0.0
2023-11-15,BTC-USD,0.0,0,0.0,0,0.0,0.0,0.19999999999999996,0.0
2023-11-16,BTC-USD,0.0,0,0.0,0,0.0,0.0,0.3999999999999999,0.0
2023-11-17,BTC-USD,0.0,0,0.0,0,0.0,0.0,0.26,0.0
2023-11-18,BTC-USD,0.0,0,0.0,0,0.0,0.0,0.3799999999999999,0.0
2023-11-19,BTC-USD,0.0,0,0.0,0,0.0,0.0,0.32000000000000006,0.0
2023-11-20,BTC-USD,0.0,0,0.0,0,0.0,0.0,0.3799999999999999,0.0
2023-11-21,BTC-USD,0.0,0,0.0,0,0.0,0.0,0.41999999999999993,0.0
2023-11-22,BTC-USD,0.0,0,0.0,0,0.0,0.0,0.24,0.0
2023-11-23,BTC-USD,0.0,0,0.0,0,0.0,0.0,0.32000000000000006,0.0
2023-11-24,BTC-USD,0.0,0,0.0,0,0.0,0.0,0.32000000000000006,0.0
2023-11-25,BTC-USD,0.0,0,0.0,0,0.0,0.0,0.45999999999999996,0.0
2023-11-26,BTC-USD,0.0,0,0.0,0,0.0,0.0,0.45999999999999996,0.0
2023-11-27,BTC-USD,0.0,0,0.0,0,0.0,0.0,0.32000000000000006,0.0
2023-11-28,BTC-USD,0.0,0,0.0,0,0.0,0.0,0.3600000000000001,0.0
2023-11-29,BTC-USD,0.0,0,0.0,0,0.0,0.0,0.43999999999999995,0.0
2023-11-30,BTC-USD,0.0,0,0.0,0,0.0,0.0,0.48,0.0
2023-12-01,BTC-USD,0.0,0,0.0,0,0.0,0.0,0.41999999999999993,0.0
2023-12-02,BTC-USD,0.0,0,0.0,0,0.0,0.0,0.48,0.0
2023-12-03,BTC-USD,0.0,0,0.0,0,0.0,0.0,0.45999999999999996,0.0
2023-12-04,BTC-USD,0.0,0,0.0,0,0.0,0.0,0.48,0.0
2023-12-05,BTC-USD,0.0,0,0.0,0,0.0,0.0,0.5,0.0
2023-12-06,BTC-USD,0.0,0,0.0,0,0.0,0.0,0.43999999999999995,0.0
2023-12-07,BTC-USD,0.0,0,0.0,0,0.0,0.0,0.43999999999999995,0.0
2023-12-08,BTC-USD,0.0,0,0.0,0,0.0,0.0,0.43999999999999995,0.0
2023-12-09,BTC-USD,0.0,0,0.0,0,0.0,0.0,0.45999999999999996,0.0
2023-12-10,BTC-USD,0.0,0,0.0,0,0.0,0.0,0.48,0.0
2023-12-11,BTC-USD,0.0,0,0.0,0,0.0,0.0,0.48,0.0
2023-12-12,BTC-USD,0.0,0,0.0,0,0.0,0.0,0.3400000000000001,0.0
2023-12-13,BTC-USD,0.0,0,0.0,0,0.0,0.0,0.30000000000000004,0.0
2023-12-14,BTC-USD,0.0,0,0.0,0,0.0,0.0,0.43999999999999995,0.0
2023-12-15,BTC-USD,0.0,0,0.0,0,0.0,0.0,0.3999999999999999,0.0
2023-12-16,BTC-USD,0.0,0,0.0,0,0.0,0.0,0.3400000000000001,0.0
2023-12-17,BTC-USD,0.0,0,0.0,0,0.0,0.0,0.45999999999999996,0.0
2023-12-18,BTC-USD,0.0,0,0.0,0,0.0,0.0,0.30000000000000004,0.0
2023-12-19,BTC-USD,0.0,0,0.0,0,0.0,0.0,0.45999999999999996,0.0
2023-12-20,BTC-USD,0.0,0,0.0,0,0.0,0.0,0.48,0.0
2023-12-21,BTC-USD,0.0,0,0.0,0,0.0,0.0,0.3999999999999999,0.0
2023-12-22,BTC-USD,0.0,0,0.0,0,0.0,0.0,0.48,0.0
2023-12-23,BTC-USD,0.0,0,0.0,0,0.0,0.0,0.3999999999999999,0.0
2023-12-24,BTC-USD,0.0,0,0.0,0,0.0,0.0,0.41999999999999993,0.0
2023-12-25,BTC-USD,0.0,0,0.0,0,0.0,0.0,0.45999999999999996,0.0
2023-12-26,BTC-USD,0.0,0,0.0,0,0.0,0.0,0.41999999999999993,0.0
2023-12-27,BTC-USD,0.0,0,0.0,0,0.0,0.0,0.45999999999999996,0.0
2023-12-28,BTC-USD,0.0,0,0.0,0,0.0,0.0,0.45999999999999996,0.0
2023-12-29,BTC-USD,0.0,0,0.0,0,0.0,0.0,0.30000000000000004,0.0
2023-12-30,BTC-USD,0.0,0,0.0,0,0.0,0.0,0.3600000000000001,0.0
2023-12-31,BTC-USD,0.0,0,0.0,0,0.0,0.0,0.3400000000000001,0.0
2024-01-01,BTC-USD,0.0,0,0.0,0,0.0,0.0,0.30000000000000004,0.0
2024-01-02,BTC-USD,0.0,0,0.0,0,0.0,0.0,0.41999999999999993,0.0
2024-01-03,BTC-USD,0.0,0,0.0,0,0.0,0.0,0.3999999999999999,0.0
2024-01-04,BTC-USD,0.0,0,0.0,0,0.0,0.0,0.3600000000000001,0.0
2024-01-05,BTC-USD,0.0,0,0.0,0,0.0,0.0,0.43999999999999995,0.0
2024-01-06,BTC-USD,0.0,0,0.0,0,0.0,0.0,0.3999999999999999,0.0
2024-01-07,BTC-USD,0.0,0,0.0,0,0.0,0.0,0.41999999999999993,0.0
2024-01-08,BTC-USD,0.0,0,0.0,0,0.0,0.0,0.41999999999999993,0.0
2024-01-09,BTC-USD,0.0,0,0.0,0,0.0,0.0,0.52,0.0
2024-01-10,BTC-USD,0.0,0,0.0,0,0.0,0.0,0.45999999999999996,0.0
2024-01-11,BTC-USD,0.0,0,0.0,0,0.0,0.0,0.52,0.0
2024-01-12,BTC-USD,0.0,0,0.0,0,0.0,0.0,0.41999999999999993,0.0
2024-01-13,BTC-USD,0.0,0,0.0,0,0.0,0.0,0.28,0.0
2024-01-14,BTC-USD,0.0,0,0.0,0,0.0,0.0,0.19999999999999996,0.0
2024-01-15,BTC-USD,0.0,0,0.0,0,0.0,0.0,0.040000000000000036,0.0
2024-01-16,BTC-USD,0.0,0,0.0,0,0.0,0.0,0.28,0.0
2024-01-17,BTC-USD,0.0,0,0.0,0,0.0,0.0,0.19999999999999996,0.0
2024-01-18,BTC-USD,0.0,0,0.0,0,0.0,0.0,0.26,0.0
2024-01-19,BTC-USD,0.0,0,0.0,0,0.0,0.0,0.020000000000000018,0.0
2024-01-20,BTC-USD,0.0,0,0.0,0,0.0,0.0,0.040000000000000036,0.0
2024-01-21,BTC-USD,0.0,0,0.0,0,0.0,0.0,0.1200000000000001,0.0
2024-01-22,BTC-USD,0.0,0,0.0,0,0.0,0.0,0.10000000000000009,0.0
2024-01-23,BTC-USD,0.0,0,0.0,0,0.0,0.0,0.0,0.0
2024-01-24,BTC-USD,0.0,0,0.0,0,0.0,0.0,-0.040000000000000036,0.0
2024-01-25,BTC-USD,0.0,0,0.0,0,0.0,0.0,0.040000000000000036,0.0
2024-01-26,BTC-USD,0.0,0,0.0,0,0.0,0.0,-0.020000000000000018,0.0
2024-01-27,BTC-USD,0.0,0,0.0,0,0.0,0.0,0.10000000000000009,0.0
2024-01-28,BTC-USD,0.0,0,0.0,0,0.0,0.0,0.08000000000000007,0.0
2024-01-29,BTC-USD,0.0,0,0.0,0,0.0,0.0,0.10000000000000009,0.0
2024-01-30,BTC-USD,0.0,0,0.0,0,0.0,0.0,0.21999999999999997,0.0
2024-01-31,BTC-USD,0.0,0,0.0,0,0.0,0.0,0.19999999999999996,0.0
2024-02-01,BTC-USD,0.0,0,0.0,0,0.0,0.0,0.26,0.0
2024-02-02,BTC-USD,0.0,0,0.0,0,0.0,0.0,0.26,0.0
2024-02-03,BTC-USD,0.0,0,0.0,0,0.0,0.0,0.19999999999999996,0.0
2024-02-04,BTC-USD,0.0,0,0.0,0,0.0,0.0,0.19999999999999996,0.0
2024-02-05,BTC-USD,0.0,0,0.0,0,0.0,0.0,0.19999999999999996,0.0
2024-02-06,BTC-USD,0.0,0,0.0,0,0.0,0.0,0.28,0.0
2024-02-07,BTC-USD,0.0,0,0.0,0,0.0,0.0,0.24,0.0
2024-02-08,BTC-USD,0.0,0,0.0,0,0.0,0.0,0.32000000000000006,0.0
2024-02-09,BTC-USD,0.0,0,0.0,0,0.0,0.0,0.43999999999999995,0.0
2024-02-10,BTC-USD,0.0,0,0.0,0,0.0,0.0,0.48,0.0
2024-02-11,BTC-USD,0.0,0,0.0,0,0.0,0.0,0.41999999999999993,0.0
2024-02-12,BTC-USD,0.0,0,0.0,0,0.0,0.0,0.3999999999999999,0.0
2024-02-13,BTC-USD,0.0,0,0.0,0,0.0,0.0,0.5800000000000001,0.0
2024-02-14,BTC-USD,0.0,0,0.0,0,0.0,0.0,0.48,0.0
2024-02-15,BTC-USD,0.0,0,0.0,0,0.0,0.0,0.43999999999999995,0.0
2024-02-16,BTC-USD,0.0,0,0.0,0,0.0,0.0,0.43999999999999995,0.0
2024-02-17,BTC-USD,0.0,0,0.0,0,0.0,0.0,0.52,0.0
2024-02-18,BTC-USD,0.0,0,0.0,0,0.0,0.0,0.43999999999999995,0.0
2024-02-19,BTC-USD,0.0,0,0.0,0,0.0,0.0,0.5,0.0
2024-02-20,BTC-USD,0.0,0,0.0,0,0.0,0.0,0.43999999999999995,0.0
2024-02-21,BTC-USD,0.0,0,0.0,0,0.0,0.0,0.56,0.0
2024-02-22,BTC-USD,0.0,0,0.0,0,0.0,0.0,0.48,0.0
2024-02-23,BTC-USD,0.0,0,0.0,0,0.0,0.0,0.52,0.0
2024-02-24,BTC-USD,0.0,0,0.0,0,0.0,0.0,0.43999999999999995,0.0
2024-02-25,BTC-USD,0.0,0,0.0,0,0.0,0.0,0.48,0.0
2024-02-26,BTC-USD,0.0,0,0.0,0,0.0,0.0,0.43999999999999995,0.0
2024-02-27,BTC-USD,0.0,0,0.0,0,0.0,0.0,0.5800000000000001,0.0
2024-02-28,BTC-USD,0.0,0,0.0,0,0.0,0.0,0.6399999999999999,0.0
2024-02-29,BTC-USD,0.0,0,0.0,0,0.0,0.0,0.6000000000000001,0.0
2024-03-01,BTC-USD,0.0,0,0.0,0,0.0,0.0,0.6000000000000001,0.0
2024-03-02,BTC-USD,0.0,0,0.0,0,0.0,0.0,0.6000000000000001,0.0
2024-03-03,BTC-USD,0.0,0,0.0,0,0.0,0.0,0.6599999999999999,0.0
2024-03-04,BTC-USD,0.0,0,0.0,0,0.0,0.0,0.6399999999999999,0.0
2024-03-05,BTC-USD,0.0,0,0.0,0,0.0,0.0,0.8,0.0
2024-03-06,BTC-USD,0.0,0,0.0,0,0.0,0.0,0.5,0.0
2024-03-07,BTC-USD,0.0,0,0.0,0,0.0,0.0,0.6399999999999999,0.0
2024-03-08,BTC-USD,0.0,0,0.0,0,0.0,0.0,0.6200000000000001,0.0
2024-03-09,BTC-USD,0.0,0,0.0,0,0.0,0.0,0.6799999999999999,0.0
2024-03-10,BTC-USD,0.0,0,0.0,0,0.0,0.0,0.5800000000000001,0.0
2024-03-11,BTC-USD,0.0,0,0.0,0,0.0,0.0,0.6399999999999999,0.0
2024-03-12,BTC-USD,0.0,0,0.0,0,0.0,0.0,0.6200000000000001,0.0
2024-03-13,BTC-USD,0.0,0,0.0,0,0.0,0.0,0.6200000000000001,0.0
2024-03-14,BTC-USD,0.0,0,0.0,0,0.0,0.0,0.76,0.0
2024-03-15,BTC-USD,0.0,0,0.0,0,0.0,0.0,0.6599999999999999,0.0
2024-03-16,BTC-USD,0.0,0,0.0,0,0.0,0.0,0.6200000000000001,0.0
2024-03-17,BTC-USD,0.0,0,0.0,0,0.0,0.0,0.5800000000000001,0.0
2024-03-18,BTC-USD,0.0,0,0.0,0,0.0,0.0,0.54,0.0
2024-03-19,BTC-USD,0.0,0,0.0,0,0.0,0.0,0.5800000000000001,0.0
2024-03-20,BTC-USD,0.0,0,0.0,0,0.0,0.0,0.48,0.0
2024-03-21,BTC-USD,0.0,0,0.0,0,0.0,0.0,0.56,0.0
2024-03-22,BTC-USD,0.0,0,0.0,0,0.0,0.0,0.5,0.0
2024-03-23,BTC-USD,0.0,0,0.0,0,0.0,0.0,0.45999999999999996,0.0
2024-03-24,BTC-USD,0.0,0,0.0,0,0.0,0.0,0.48,0.0
2024-03-25,BTC-USD,0.0,0,0.0,0,0.0,0.0,0.5,0.0
2024-03-26,BTC-USD,0.0,0,0.0,0,0.0,0.0,0.6200000000000001,0.0
2024-03-27,BTC-USD,0.0,0,0.0,0,0.0,0.0,0.6599999999999999,0.0
2024-03-28,BTC-USD,0.0,0,0.0,0,0.0,0.0,0.6000000000000001,0.0
2024-03-29,BTC-USD,0.0,0,0.0,0,0.0,0.0,0.5800000000000001,0.0
2024-03-30,BTC-USD,0.0,0,0.0,0,0.0,0.0,0.5,0.0
2024-03-31,BTC-USD,0.0,0,0.0,0,0.0,0.0,0.5,0.0
2024-04-01,BTC-USD,0.0,0,0.0,0,0.0,0.0,0.5800000000000001,0.0
2024-04-02,BTC-USD,0.0,0,0.0,0,0.0,0.0,0.5800000000000001,0.0
2024-04-03,BTC-USD,0.0,0,0.0,0,0.0,0.0,0.41999999999999993,0.0
2024-04-04,BTC-USD,0.0,0,0.0,0,0.0,0.0,0.3999999999999999,0.0
2024-04-05,BTC-USD,0.0,0,0.0,0,0.0,0.0,0.5800000000000001,0.0
2024-04-06,BTC-USD,0.0,0,0.0,0,0.0,0.0,0.5,0.0
2024-04-07,BTC-USD,0.0,0,0.0,0,0.0,0.0,0.56,0.0
2024-04-08,BTC-USD,0.0,0,0.0,0,0.0,0.0,0.52,0.0
2024-04-09,BTC-USD,0.0,0,0.0,0,0.0,0.0,0.6000000000000001,0.0
2024-04-10,BTC-USD,0.0,0,0.0,0,0.0,0.0,0.56,0.0
2024-04-11,BTC-USD,0.0,0,0.0,0,0.0,0.0,0.52,0.0
2024-04-12,BTC-USD,0.0,0,0.0,0,0.0,0.0,0.5800000000000001,0.0
2024-04-13,BTC-USD,0.0,0,0.0,0,0.0,0.0,0.43999999999999995,0.0
2024-04-14,BTC-USD,0.0,0,0.0,0,0.0,0.0,0.43999999999999995,0.0
2024-04-15,BTC-USD,0.0,0,0.0,0,0.0,0.0,0.48,0.0
2024-04-16,BTC-USD,0.0,0,0.0,0,0.0,0.0,0.30000000000000004,0.0
2024-04-17,BTC-USD,0.0,0,0.0,0,0.0,0.0,0.3400000000000001,0.0
2024-04-18,BTC-USD,0.0,0,0.0,0,0.0,0.0,0.1399999999999999,0.0
2024-04-19,BTC-USD,0.0,0,0.0,0,0.0,0.0,0.32000000000000006,0.0
2024-04-20,BTC-USD,0.0,0,0.0,0,0.0,0.0,0.32000000000000006,0.0
2024-04-21,BTC-USD,0.0,0,0.0,0,0.0,0.0,0.43999999999999995,0.0
2024-04-22,BTC-USD,0.0,0,0.0,0,0.0,0.0,0.45999999999999996,0.0
2024-04-23,BTC-USD,0.0,0,0.0,0,0.0,0.0,0.41999999999999993,0.0
2024-04-24,BTC-USD,0.0,0,0.0,0,0.0,0.0,0.43999999999999995,0.0
2024-04-25,BTC-USD,0.0,0,0.0,0,0.0,0.0,0.43999999999999995,0.0
2024-04-26,BTC-USD,0.0,0,0.0,0,0.0,0.0,0.3999999999999999,0.0
2024-04-27,BTC-USD,0.0,0,0.0,0,0.0,0.0,0.3400000000000001,0.0
2024-04-28,BTC-USD,0.0,0,0.0,0,0.0,0.0,0.30000000000000004,0.0
2024-04-29,BTC-USD,0.0,0,0.0,0,0.0,0.0,0.3400000000000001,0.0
2024-04-30,BTC-USD,0.0,0,0.0,0,0.0,0.0,0.3400000000000001,0.0
2024-05-01,BTC-USD,0.0,0,0.0,0,0.0,0.0,0.08000000000000007,0.0
2024-05-02,BTC-USD,0.0,0,0.0,0,0.0,0.0,-0.14,0.0
2024-05-03,BTC-USD,0.0,0,0.0,0,0.0,0.0,-0.040000000000000036,0.0
2024-05-04,BTC-USD,0.0,0,0.0,0,0.0,0.0,0.3400000000000001,0.0
2024-05-05,BTC-USD,0.0,0,0.0,0,0.0,0.0,0.3799999999999999,0.0
2024-05-06,BTC-USD,0.0,0,0.0,0,0.0,0.0,0.41999999999999993,0.0
2024-05-07,BTC-USD,0.0,0,0.0,0,0.0,0.0,0.3600000000000001,0.0
2024-05-08,BTC-USD,0.0,0,0.0,0,0.0,0.0,0.28,0.0
2024-05-09,BTC-USD,0.0,0,0.0,0,0.0,0.0,0.10000000000000009,0.0
2024-05-10,BTC-USD,0.0,0,0.0,0,0.0,0.0,0.32000000000000006,0.0
2024-05-11,BTC-USD,0.0,0,0.0,0,0.0,0.0,0.06000000000000005,0.0
2024-05-12,BTC-USD,0.0,0,0.0,0,0.0,0.0,0.1200000000000001,0.0
2024-05-13,BTC-USD,0.0,0,0.0,0,0.0,0.0,0.1399999999999999,0.0
2024-05-14,BTC-USD,0.0,0,0.0,0,0.0,0.0,0.32000000000000006,0.0
2024-05-15,BTC-USD,0.0,0,0.0,0,0.0,0.0,0.28,0.0
2024-05-16,BTC-USD,0.0,0,0.0,0,0.0,0.0,0.3999999999999999,0.0
2024-05-17,BTC-USD,0.0,0,0.0,0,0.0,0.0,0.48,0.0
2024-05-18,BTC-USD,0.0,0,0.0,0,0.0,0.0,0.45999999999999996,0.0
2024-05-19,BTC-USD,0.0,0,0.0,0,0.0,0.0,0.43999999999999995,0.0
2024-05-20,BTC-USD,0.0,0,0.0,0,0.0,0.0,0.3999999999999999,0.0
2024-05-21,BTC-USD,0.0,0,0.0,0,0.0,0.0,0.52,0.0
2024-05-22,BTC-USD,0.0,0,0.0,0,0.0,0.0,0.52,0.0
2024-05-23,BTC-USD,0.0,0,0.0,0,0.0,0.0,0.52,0.0
2024-05-24,BTC-USD,0.0,0,0.0,0,0.0,0.0,0.48,0.0
2024-05-25,BTC-USD,0.0,0,0.0,0,0.0,0.0,0.52,0.0
2024-05-26,BTC-USD,0.0,0,0.0,0,0.0,0.0,0.5,0.0
2024-05-27,BTC-USD,0.0,0,0.0,0,0.0,0.0,0.48,0.0
2024-05-28,BTC-USD,0.0,0,0.0,0,0.0,0.0,0.43999999999999995,0.0
2024-05-29,BTC-USD,0.0,0,0.0,0,0.0,0.0,0.43999999999999995,0.0
2024-05-30,BTC-USD,0.0,0,0.0,0,0.0,0.0,0.45999999999999996,0.0
2024-05-31,BTC-USD,0.0,0,0.0,0,0.0,0.0,0.45999999999999996,0.0
2024-06-01,BTC-USD,0.0,0,0.0,0,0.0,0.0,0.43999999999999995,0.0
2024-06-02,BTC-USD,0.0,0,0.0,0,0.0,0.0,0.45999999999999996,0.0
2024-06-03,BTC-USD,0.0,0,0.0,0,0.0,0.0,0.45999999999999996,0.0
2024-06-04,BTC-USD,0.0,0,0.0,0,0.0,0.0,0.45999999999999996,0.0
2024-06-05,BTC-USD,0.0,0,0.0,0,0.0,0.0,0.5,0.0
2024-06-06,BTC-USD,0.0,0,0.0,0,0.0,0.0,0.56,0.0
2024-06-07,BTC-USD,0.0,0,0.0,0,0.0,0.0,0.54,0.0
2024-06-08,BTC-USD,0.0,0,0.0,0,0.0,0.0,0.43999999999999995,0.0
2024-06-09,BTC-USD,0.0,0,0.0,0,0.0,0.0,0.5,0.0
2024-06-10,BTC-USD,0.0,0,0.0,0,0.0,0.0,0.43999999999999995,0.0
2024-06-11,BTC-USD,0.0,0,0.0,0,0.0,0.0,0.48,0.0
2024-06-12,BTC-USD,0.0,0,0.0,0,0.0,0.0,0.43999999999999995,0.0
2024-06-13,BTC-USD,0.0,0,0.0,0,0.0,0.0,0.3999999999999999,0.0
2024-06-14,BTC-USD,0.0,0,0.0,0,0.0,0.0,0.48,0.0
2024-06-15,BTC-USD,0.0,0,0.0,0,0.0,0.0,0.48,0.0
2024-06-16,BTC-USD,0.0,0,0.0,0,0.0,0.0,0.41999999999999993,0.0
2024-06-17,BTC-USD,0.0,0,0.0,0,0.0,0.0,0.41999999999999993,0.0
2024-06-18,BTC-USD,0.0,0,0.0,0,0.0,0.0,0.48,0.0
2024-06-19,BTC-USD,0.0,0,0.0,0,0.0,0.0,0.28,0.0
2024-06-20,BTC-USD,0.0,0,0.0,0,0.0,0.0,0.19999999999999996,0.0
2024-06-21,BTC-USD,0.0,0,0.0,0,0.0,0.0,0.26,0.0
2024-06-22,BTC-USD,0.0,0,0.0,0,0.0,0.0,0.06000000000000005,0.0
2024-06-23,BTC-USD,0.0,0,0.0,0,0.0,0.0,0.10000000000000009,0.0
2024-06-24,BTC-USD,0.0,0,0.0,0,0.0,0.0,0.020000000000000018,0.0
2024-06-25,BTC-USD,0.0,0,0.0,0,0.0,0.0,-0.4,0.0
2024-06-26,BTC-USD,0.0,0,0.0,0,0.0,0.0,-0.07999999999999996,0.0
2024-06-27,BTC-USD,0.0,0,0.0,0,0.0,0.0,-0.19999999999999996,0.0
2024-06-28,BTC-USD,0.0,0,0.0,0,0.0,0.0,-0.06000000000000005,0.0
2024-06-29,BTC-USD,0.0,0,0.0,0,0.0,0.0,-0.4,0.0
2024-06-30,BTC-USD,0.0,0,0.0,0,0.0,0.0,-0.06000000000000005,0.0
2024-07-01,BTC-USD,0.0,0,0.0,0,0.0,0.0,0.06000000000000005,0.0
2024-07-02,BTC-USD,0.0,0,0.0,0,0.0,0.0,0.020000000000000018,0.0
2024-07-03,BTC-USD,0.0,0,0.0,0,0.0,0.0,0.0,0.0
2024-07-04,BTC-USD,0.0,0,0.0,0,0.0,0.0,-0.12,0.0
2024-07-05,BTC-USD,0.0,0,0.0,0,0.0,0.0,-0.42000000000000004,0.0
2024-07-06,BTC-USD,0.0,0,0.0,0,0.0,0.0,-0.48,0.0
2024-07-07,BTC-USD,0.0,0,0.0,0,0.0,0.0,-0.42000000000000004,0.0
2024-07-08,BTC-USD,0.0,0,0.0,0,0.0,0.0,-0.43999999999999995,0.0
2024-07-09,BTC-USD,0.0,0,0.0,0,0.0,0.0,-0.45999999999999996,0.0
2024-07-10,BTC-USD,0.0,0,0.0,0,0.0,0.0,-0.43999999999999995,0.0
2024-07-11,BTC-USD,0.0,0,0.0,0,0.0,0.0,-0.42000000000000004,0.0
2024-07-12,BTC-USD,0.0,0,0.0,0,0.0,0.0,-0.5,0.0
2024-07-13,BTC-USD,0.0,0,0.0,0,0.0,0.0,-0.5,0.0
2024-07-14,BTC-USD,0.0,0,0.0,0,0.0,0.0,-0.33999999999999997,0.0
2024-07-15,BTC-USD,0.0,0,0.0,0,0.0,0.0,0.040000000000000036,0.0
2024-07-16,BTC-USD,0.0,0,0.0,0,0.0,0.0,0.30000000000000004,0.0
2024-07-17,BTC-USD,0.0,0,0.0,0,0.0,0.0,0.3799999999999999,0.0
2024-07-18,BTC-USD,0.0,0,0.0,0,0.0,0.0,0.21999999999999997,0.0
2024-07-19,BTC-USD,0.0,0,0.0,0,0.0,0.0,0.19999999999999996,0.0
2024-07-20,BTC-USD,0.0,0,0.0,0,0.0,0.0,0.48,0.0
2024-07-21,BTC-USD,0.0,0,0.0,0,0.0,0.0,0.48,0.0
2024-07-22,BTC-USD,0.0,0,0.0,0,0.0,0.0,0.3999999999999999,0.0
2024-07-23,BTC-USD,0.0,0,0.0,0,0.0,0.0,0.41999999999999993,0.0
2024-07-24,BTC-USD,0.0,0,0.0,0,0.0,0.0,0.3799999999999999,0.0
2024-07-25,BTC-USD,0.0,0,0.0,0,0.0,0.0,0.3600000000000001,0.0
2024-07-26,BTC-USD,0.0,0,0.0,0,0.0,0.0,0.3600000000000001,0.0
2024-07-27,BTC-USD,0.0,0,0.0,0,0.0,0.0,0.43999999999999995,0.0
2024-07-28,BTC-USD,0.0,0,0.0,0,0.0,0.0,0.41999999999999993,0.0
2024-07-29,BTC-USD,0.0,0,0.0,0,0.0,0.0,0.48,0.0
2024-07-30,BTC-USD,0.0,0,0.0,0,0.0,0.0,0.3400000000000001,0.0
2024-07-31,BTC-USD,0.0,0,0.0,0,0.0,0.0,0.21999999999999997,0.0
2024-08-01,BTC-USD,0.0,0,0.0,0,0.0,0.0,0.040000000000000036,0.0
2024-08-02,BTC-USD,0.0,0,0.0,0,0.0,0.0,0.1399999999999999,0.0
2024-08-03,BTC-USD,0.0,0,0.0,0,0.0,0.0,-0.26,0.0
2024-08-04,BTC-USD,0.0,0,0.0,0,0.0,0.0,-0.31999999999999995,0.0
2024-08-05,BTC-USD,0.0,0,0.0,0,0.0,0.0,-0.48,0.0
2024-08-06,BTC-USD,0.0,0,0.0,0,0.0,0.0,-0.6599999999999999,0.0
2024-08-07,BTC-USD,0.0,0,0.0,0,0.0,0.0,-0.42000000000000004,0.0
2024-08-08,BTC-USD,0.0,0,0.0,0,0.0,0.0,-0.6,0.0
2024-08-09,BTC-USD,0.0,0,0.0,0,0.0,0.0,-0.040000000000000036,0.0
2024-08-10,BTC-USD,0.0,0,0.0,0,0.0,0.0,-0.19999999999999996,0.0
2024-08-11,BTC-USD,0.0,0,0.0,0,0.0,0.0,-0.21999999999999997,0.0
2024-08-12,BTC-USD,0.0,0,0.0,0,0.0,0.0,-0.5,0.0
2024-08-13,BTC-USD,0.0,0,0.0,0,0.0,0.0,-0.38,0.0
2024-08-14,BTC-USD,0.0,0,0.0,0,0.0,0.0,-0.4,0.0
2024-08-15,BTC-USD,0.0,0,0.0,0,0.0,0.0,-0.42000000000000004,0.0
2024-08-16,BTC-USD,0.0,0,0.0,0,0.0,0.0,-0.45999999999999996,0.0
2024-08-17,BTC-USD,0.0,0,0.0,0,0.0,0.0,-0.5,0.0
2024-08-18,BTC-USD,0.0,0,0.0,0,0.0,0.0,-0.38,0.0
2024-08-19,BTC-USD,0.0,0,0.0,0,0.0,0.0,-0.43999999999999995,0.0
2024-08-20,BTC-USD,0.0,0,0.0,0,0.0,0.0,-0.4,0.0
2024-08-21,BTC-USD,0.0,0,0.0,0,0.0,0.0,-0.48,0.0
2024-08-22,BTC-USD,0.0,0,0.0,0,0.0,0.0,-0.21999999999999997,0.0
2024-08-23,BTC-USD,0.0,0,0.0,0,0.0,0.0,-0.31999999999999995,0.0
2024-08-24,BTC-USD,0.0,0,0.0,0,0.0,0.0,0.1200000000000001,0.0
2024-08-25,BTC-USD,0.0,0,0.0,0,0.0,0.0,0.08000000000000007,0.0
2024-08-26,BTC-USD,0.0,0,0.0,0,0.0,0.0,0.10000000000000009,0.0
2024-08-27,BTC-USD,0.0,0,0.0,0,0.0,0.0,-0.040000000000000036,0.0
2024-08-28,BTC-USD,0.0,0,0.0,0,0.0,0.0,-0.4,0.0
2024-08-29,BTC-USD,0.0,0,0.0,0,0.0,0.0,-0.42000000000000004,0.0
2024-08-30,BTC-USD,0.0,0,0.0,0,0.0,0.0,-0.31999999999999995,0.0
2024-08-31,BTC-USD,0.0,0,0.0,0,0.0,0.0,-0.42000000000000004,0.0
2024-09-01,BTC-USD,0.0,0,0.0,0,0.0,0.0,-0.48,0.0
2024-09-02,BTC-USD,0.0,0,0.0,0,0.0,0.0,-0.48,0.0
2024-09-03,BTC-USD,0.0,0,0.0,0,0.0,0.0,-0.48,0.0
2024-09-04,BTC-USD,0.0,0,0.0,0,0.0,0.0,-0.45999999999999996,0.0
2024-09-05,BTC-USD,0.0,0,0.0,0,0.0,0.0,-0.42000000000000004,0.0
2024-09-06,BTC-USD,0.0,0,0.0,0,0.0,0.0,-0.56,0.0
2024-09-07,BTC-USD,0.0,0,0.0,0,0.0,0.0,-0.54,0.0
2024-09-08,BTC-USD,0.0,0,0.0,0,0.0,0.0,-0.42000000000000004,0.0
2024-09-09,BTC-USD,0.0,0,0.0,0,0.0,0.0,-0.48,0.0
2024-09-10,BTC-USD,0.0,0,0.0,0,0.0,0.0,-0.33999999999999997,0.0
2024-09-11,BTC-USD,0.0,0,0.0,0,0.0,0.0,-0.26,0.0
2024-09-12,BTC-USD,0.0,0,0.0,0,0.0,0.0,-0.38,0.0
2024-09-13,BTC-USD,0.0,0,0.0,0,0.0,0.0,-0.36,0.0
2024-09-14,BTC-USD,0.0,0,0.0,0,0.0,0.0,0.0,0.0
2024-09-15,BTC-USD,0.0,0,0.0,0,0.0,0.0,0.020000000000000018,0.0
2024-09-16,BTC-USD,0.0,0,0.0,0,0.0,0.0,-0.21999999999999997,0.0
2024-09-17,BTC-USD,0.0,0,0.0,0,0.0,0.0,-0.33999999999999997,0.0
2024-09-18,BTC-USD,0.0,0,0.0,0,0.0,0.0,-0.09999999999999998,0.0
2024-09-19,BTC-USD,0.0,0,0.0,0,0.0,0.0,-0.020000000000000018,0.0
2024-09-20,BTC-USD,0.0,0,0.0,0,0.0,0.0,0.08000000000000007,0.0
2024-09-21,BTC-USD,0.0,0,0.0,0,0.0,0.0,0.08000000000000007,0.0
2024-09-22,BTC-USD,0.0,0,0.0,0,0.0,0.0,0.040000000000000036,0.0
2024-09-23,BTC-USD,0.0,0,0.0,0,0.0,0.0,0.0,0.0
2024-09-24,BTC-USD,0.0,0,0.0,0,0.0,0.0,0.08000000000000007,0.0
2024-09-25,BTC-USD,0.0,0,0.0,0,0.0,0.0,0.17999999999999994,0.0
2024-09-26,BTC-USD,0.0,0,0.0,0,0.0,0.0,0.0,0.0
2024-09-27,BTC-USD,0.0,0,0.0,0,0.0,0.0,0.21999999999999997,0.0
2024-09-28,BTC-USD,0.0,0,0.0,0,0.0,0.0,0.28,0.0
2024-09-29,BTC-USD,0.0,0,0.0,0,0.0,0.0,0.26,0.0
2024-09-30,BTC-USD,0.0,0,0.0,0,0.0,0.0,0.21999999999999997,0.0
2024-10-01,BTC-USD,0.0,0,0.0,0,0.0,0.0,0.0,0.0
2024-10-02,BTC-USD,0.0,0,0.0,0,0.0,0.0,-0.16000000000000003,0.0
2024-10-03,BTC-USD,0.0,0,0.0,0,0.0,0.0,-0.26,0.0
2024-10-04,BTC-USD,0.0,0,0.0,0,0.0,0.0,-0.18000000000000005,0.0
2024-10-05,BTC-USD,0.0,0,0.0,0,0.0,0.0,-0.020000000000000018,0.0
2024-10-06,BTC-USD,0.0,0,0.0,0,0.0,0.0,0.0,0.0
2024-10-07,BTC-USD,0.0,0,0.0,0,0.0,0.0,0.0,0.0
2024-10-08,BTC-USD,0.0,0,0.0,0,0.0,0.0,-0.020000000000000018,0.0
2024-10-09,BTC-USD,0.0,0,0.0,0,0.0,0.0,-0.020000000000000018,0.0
2024-10-10,BTC-USD,0.0,0,0.0,0,0.0,0.0,-0.21999999999999997,0.0
2024-10-11,BTC-USD,0.0,0,0.0,0,0.0,0.0,-0.36,0.0
2024-10-12,BTC-USD,0.0,0,0.0,0,0.0,0.0,-0.020000000000000018,0.0
2024-10-13,BTC-USD,0.0,0,0.0,0,0.0,0.0,0.0,0.0
2024-10-14,BTC-USD,0.0,0,0.0,0,0.0,0.0,-0.040000000000000036,0.0
2024-10-15,BTC-USD,0.0,0,0.0,0,0.0,0.0,0.30000000000000004,0.0
2024-10-16,BTC-USD,0.0,0,0.0,0,0.0,0.0,0.45999999999999996,0.0
2024-10-17,BTC-USD,0.0,0,0.0,0,0.0,0.0,0.41999999999999993,0.0
2024-10-18,BTC-USD,0.0,0,0.0,0,0.0,0.0,0.45999999999999996,0.0
2024-10-19,BTC-USD,0.0,0,0.0,0,0.0,0.0,0.43999999999999995,0.0
2024-10-20,BTC-USD,0.0,0,0.0,0,0.0,0.0,0.45999999999999996,0.0
2024-10-21,BTC-USD,0.0,0,0.0,0,0.0,0.0,0.43999999999999995,0.0
2024-10-22,BTC-USD,0.0,0,0.0,0,0.0,0.0,0.3999999999999999,0.0
2024-10-23,BTC-USD,0.0,0,0.0,0,0.0,0.0,0.41999999999999993,0.0
2024-10-24,BTC-USD,0.0,0,0.0,0,0.0,0.0,0.3799999999999999,0.0
2024-10-25,BTC-USD,0.0,0,0.0,0,0.0,0.0,0.43999999999999995,0.0
2024-10-26,BTC-USD,0.0,0,0.0,0,0.0,0.0,0.0,0.0
2024-10-27,BTC-USD,0.0,0,0.0,0,0.0,0.0,0.48,0.0
2024-10-28,BTC-USD,0.0,0,0.0,0,0.0,0.0,0.43999999999999995,0.0
2024-10-29,BTC-USD,0.0,0,0.0,0,0.0,0.0,0.43999999999999995,0.0
2024-10-30,BTC-USD,0.0,0,0.0,0,0.0,0.0,0.54,0.0
2024-10-31,BTC-USD,0.0,0,0.0,0,0.0,0.0,0.54,0.0
2024-11-01,BTC-USD,0.0,0,0.0,0,0.0,0.0,0.5,0.0
2024-11-02,BTC-USD,0.0,0,0.0,0,0.0,0.0,0.43999999999999995,0.0
2024-11-03,BTC-USD,0.0,0,0.0,0,0.0,0.0,0.48,0.0
2024-11-04,BTC-USD,0.0,0,0.0,0,0.0,0.0,0.3999999999999999,0.0
2024-11-05,BTC-USD,0.0,0,0.0,0,0.0,0.0,0.3999999999999999,0.0
2024-11-06,BTC-USD,0.0,0,0.0,0,0.0,0.0,0.3999999999999999,0.0
2024-11-07,BTC-USD,0.0,0,0.0,0,0.0,0.0,0.54,0.0
2024-11-08,BTC-USD,0.0,0,0.0,0,0.0,0.0,0.5,0.0
2024-11-09,BTC-USD,0.0,0,0.0,0,0.0,0.0,0.5,0.0
2024-11-10,BTC-USD,0.0,0,0.0,0,0.0,0.0,0.56,0.0
2024-11-11,BTC-USD,0.0,0,0.0,0,0.0,0.0,0.52,0.0
2024-11-12,BTC-USD,0.0,0,0.0,0,0.0,0.0,0.6000000000000001,0.0
2024-11-13,BTC-USD,0.0,0,0.0,0,0.0,0.0,0.6799999999999999,0.0
2024-11-14,BTC-USD,0.0,0,0.0,0,0.0,0.0,0.76,0.0
2024-11-15,BTC-USD,0.0,0,0.0,0,0.0,0.0,0.6000000000000001,0.0
2024-11-16,BTC-USD,0.0,0,0.0,0,0.0,0.0,0.72,0.0
2024-11-17,BTC-USD,0.0,0,0.0,0,0.0,0.0,0.8,0.0
2024-11-18,BTC-USD,0.0,0,0.0,0,0.0,0.0,0.6599999999999999,0.0
2024-11-19,BTC-USD,0.0,0,0.0,0,0.0,0.0,0.8,0.0
2024-11-20,BTC-USD,0.0,0,0.0,0,0.0,0.0,0.6599999999999999,0.0
2024-11-21,BTC-USD,0.0,0,0.0,0,0.0,0.0,0.6399999999999999,0.0
2024-11-22,BTC-USD,0.0,0,0.0,0,0.0,0.0,0.8799999999999999,0.0
2024-11-23,BTC-USD,0.0,0,0.0,0,0.0,0.0,0.8600000000000001,0.0
2024-11-24,BTC-USD,0.0,0,0.0,0,0.0,0.0,0.6000000000000001,0.0
2024-11-25,BTC-USD,0.0,0,0.0,0,0.0,0.0,0.6399999999999999,0.0
2024-11-26,BTC-USD,0.0,0,0.0,0,0.0,0.0,0.5800000000000001,0.0
2024-11-27,BTC-USD,0.0,0,0.0,0,0.0,0.0,0.5,0.0
2024-11-28,BTC-USD,0.0,0,0.0,0,0.0,0.0,0.54,0.0
2024-11-29,BTC-USD,0.0,0,0.0,0,0.0,0.0,0.56,0.0
2024-11-30,BTC-USD,0.0,0,0.0,0,0.0,0.0,0.6799999999999999,0.0
2024-12-01,BTC-USD,0.0,0,0.0,0,0.0,0.0,0.6200000000000001,0.0
2024-12-02,BTC-USD,0.0,0,0.0,0,0.0,0.0,0.6000000000000001,0.0
2024-12-03,BTC-USD,0.0,0,0.0,0,0.0,0.0,0.52,0.0
2024-12-04,BTC-USD,0.0,0,0.0,0,0.0,0.0,0.56,0.0
2024-12-05,BTC-USD,0.0,0,0.0,0,0.0,0.0,0.6799999999999999,0.0
2024-12-06,BTC-USD,0.0,0,0.0,0,0.0,0.0,0.43999999999999995,0.0
2024-12-07,BTC-USD,0.0,0,0.0,0,0.0,0.0,0.5,0.0
2024-12-08,BTC-USD,0.0,0,0.0,0,0.0,0.0,0.5800000000000001,0.0
2024-12-09,BTC-USD,0.0,0,0.0,0,0.0,0.0,0.56,0.0
2024-12-10,BTC-USD,0.0,0,0.0,0,0.0,0.0,0.56,0.0
2024-12-11,BTC-USD,0.0,0,0.0,0,0.0,0.0,0.48,0.0
2024-12-12,BTC-USD,0.0,0,0.0,0,0.0,0.0,0.6599999999999999,0.0
2024-12-13,BTC-USD,0.0,0,0.0,0,0.0,0.0,0.52,0.0
2024-12-14,BTC-USD,0.0,0,0.0,0,0.0,0.0,0.6599999999999999,0.0
2024-12-15,BTC-USD,0.0,0,0.0,0,0.0,0.0,0.6000000000000001,0.0
2024-12-16,BTC-USD,0.0,0,0.0,0,0.0,0.0,0.6599999999999999,0.0
2024-12-17,BTC-USD,0.0,0,0.0,0,0.0,0.0,0.74,0.0
2024-12-18,BTC-USD,0.0,0,0.0,0,0.0,0.0,0.6200000000000001,0.0
2024-12-19,BTC-USD,0.0,0,0.0,0,0.0,0.0,0.5,0.0
2024-12-20,BTC-USD,0.0,0,0.0,0,0.0,0.0,0.48,0.0
2024-12-21,BTC-USD,0.0,0,0.0,0,0.0,0.0,0.45999999999999996,0.0
2024-12-22,BTC-USD,0.0,0,0.0,0,0.0,0.0,0.45999999999999996,0.0
2024-12-23,BTC-USD,0.0,0,0.0,0,0.0,0.0,0.3999999999999999,0.0
2024-12-24,BTC-USD,0.0,0,0.0,0,0.0,0.0,0.45999999999999996,0.0
2024-12-25,BTC-USD,0.0,0,0.0,0,0.0,0.0,0.45999999999999996,0.0
2024-12-26,BTC-USD,0.0,0,0.0,0,0.0,0.0,0.5800000000000001,0.0
2024-12-27,BTC-USD,0.0,0,0.0,0,0.0,0.0,0.48,0.0
2024-12-28,BTC-USD,0.0,0,0.0,0,0.0,0.0,0.43999999999999995,0.0
2024-12-29,BTC-USD,0.0,0,0.0,0,0.0,0.0,0.45999999999999996,0.0
2024-12-30,BTC-USD,0.0,0,0.0,0,0.0,0.0,0.30000000000000004,0.0
2024-12-31,BTC-USD,0.0,0,0.0,0,0.0,0.0,0.28,0.0
2020-01-01,DOGE-USD,0.0,0,0.0,0,0.0,0.0,-0.26,0.0
2020-01-02,DOGE-USD,0.0,0,0.0,0,0.0,0.0,-0.21999999999999997,0.0
2020-01-03,DOGE-USD,0.0,0,0.0,0,0.0,0.0,-0.24,0.0
2020-01-04,DOGE-USD,0.0,0,0.0,0,0.0,0.0,-0.24,0.0
2020-01-05,DOGE-USD,0.0,0,0.0,0,0.0,0.0,-0.21999999999999997,0.0
2020-01-06,DOGE-USD,0.0,0,0.0,0,0.0,0.0,-0.18000000000000005,0.0
2020-01-07,DOGE-USD,0.0,0,0.0,0,0.0,0.0,-0.19999999999999996,0.0
2020-01-08,DOGE-USD,0.0,0,0.0,0,0.0,0.0,0.020000000000000018,0.0
2020-01-09,DOGE-USD,0.0,0,0.0,0,0.0,0.0,-0.12,0.0
2020-01-10,DOGE-USD,0.0,0,0.0,0,0.0,0.0,-0.18000000000000005,0.0
2020-01-11,DOGE-USD,0.0,0,0.0,0,0.0,0.0,0.0,0.0
2020-01-12,DOGE-USD,0.0,0,0.0,0,0.0,0.0,-0.09999999999999998,0.0
2020-01-13,DOGE-USD,0.0,0,0.0,0,0.0,0.0,-0.020000000000000018,0.0
2020-01-14,DOGE-USD,0.0,0,0.0,0,0.0,0.0,0.1200000000000001,0.0
2020-01-15,DOGE-USD,0.0,0,0.0,0,0.0,0.0,0.08000000000000007,0.0
2020-01-16,DOGE-USD,0.0,0,0.0,0,0.0,0.0,0.10000000000000009,0.0
2020-01-17,DOGE-USD,0.0,0,0.0,0,0.0,0.0,0.08000000000000007,0.0
2020-01-18,DOGE-USD,0.0,0,0.0,0,0.0,0.0,0.020000000000000018,0.0
2020-01-19,DOGE-USD,0.0,0,0.0,0,0.0,0.0,0.06000000000000005,0.0
2020-01-20,DOGE-USD,0.0,0,0.0,0,0.0,0.0,-0.040000000000000036,0.0
2020-01-21,DOGE-USD,0.0,0,0.0,0,0.0,0.0,-0.020000000000000018,0.0
2020-01-22,DOGE-USD,0.0,0,0.0,0,0.0,0.0,0.040000000000000036,0.0
2020-01-23,DOGE-USD,0.0,0,0.0,0,0.0,0.0,-0.020000000000000018,0.0
2020-01-24,DOGE-USD,0.0,0,0.0,0,0.0,0.0,-0.19999999999999996,0.0
2020-01-25,DOGE-USD,0.0,0,0.0,0,0.0,0.0,-0.18000000000000005,0.0
2020-01-26,DOGE-USD,0.0,0,0.0,0,0.0,0.0,-0.16000000000000003,0.0
2020-01-27,DOGE-USD,0.0,0,0.0,0,0.0,0.0,0.0,0.0
2020-01-28,DOGE-USD,0.0,0,0.0,0,0.0,0.0,0.08000000000000007,0.0
2020-01-29,DOGE-USD,0.0,0,0.0,0,0.0,0.0,0.1399999999999999,0.0
2020-01-30,DOGE-USD,0.0,0,0.0,0,0.0,0.0,0.1399999999999999,0.0
2020-01-31,DOGE-USD,0.0,0,0.0,0,0.0,0.0,0.10000000000000009,0.0
2020-02-01,DOGE-USD,0.0,0,0.0,0,0.0,0.0,0.1399999999999999,0.0
2020-02-02,DOGE-USD,0.0,0,0.0,0,0.0,0.0,0.1399999999999999,0.0
2020-02-03,DOGE-USD,0.0,0,0.0,0,0.0,0.0,0.17999999999999994,0.0
2020-02-04,DOGE-USD,0.0,0,0.0,0,0.0,0.0,0.1200000000000001,0.0
2020-02-05,DOGE-USD,0.0,0,0.0,0,0.0,0.0,0.06000000000000005,0.0
2020-02-06,DOGE-USD,0.0,0,0.0,0,0.0,0.0,0.21999999999999997,0.0
2020-02-07,DOGE-USD,0.0,0,0.0,0,0.0,0.0,0.1200000000000001,0.0
2020-02-08,DOGE-USD,0.0,0,0.0,0,0.0,0.0,0.1200000000000001,0.0
2020-02-09,DOGE-USD,0.0,0,0.0,0,0.0,0.0,0.1200000000000001,0.0
2020-02-10,DOGE-USD,0.0,0,0.0,0,0.0,0.0,0.1399999999999999,0.0
2020-02-11,DOGE-USD,0.0,0,0.0,0,0.0,0.0,0.040000000000000036,0.0
2020-02-12,DOGE-USD,0.0,0,0.0,0,0.0,0.0,0.21999999999999997,0.0
2020-02-13,DOGE-USD,0.0,0,0.0,0,0.0,0.0,0.30000000000000004,0.0
2020-02-14,DOGE-USD,0.0,0,0.0,0,0.0,0.0,0.26,0.0
2020-02-15,DOGE-USD,0.0,0,0.0,0,0.0,0.0,0.28,0.0
2020-02-16,DOGE-USD,0.0,0,0.0,0,0.0,0.0,0.17999999999999994,0.0
2020-02-17,DOGE-USD,0.0,0,0.0,0,0.0,0.0,-0.020000000000000018,0.0
2020-02-18,DOGE-USD,0.0,0,0.0,0,0.0,0.0,0.06000000000000005,0.0
2020-02-19,DOGE-USD,0.0,0,0.0,0,0.0,0.0,0.0,0.0
2020-02-20,DOGE-USD,0.0,0,0.0,0,0.0,0.0,-0.12,0.0
2020-02-21,DOGE-USD,0.0,0,0.0,0,0.0,0.0,-0.12,0.0
2020-02-22,DOGE-USD,0.0,0,0.0,0,0.0,0.0,-0.14,0.0
2020-02-23,DOGE-USD,0.0,0,0.0,0,0.0,0.0,-0.07999999999999996,0.0
2020-02-24,DOGE-USD,0.0,0,0.0,0,0.0,0.0,-0.07999999999999996,0.0
2020-02-25,DOGE-USD,0.0,0,0.0,0,0.0,0.0,-0.12,0.0
2020-02-26,DOGE-USD,0.0,0,0.0,0,0.0,0.0,-0.18000000000000005,0.0
2020-02-27,DOGE-USD,0.0,0,0.0,0,0.0,0.0,-0.21999999999999997,0.0
2020-02-28,DOGE-USD,0.0,0,0.0,0,0.0,0.0,-0.19999999999999996,0.0
2020-02-29,DOGE-USD,0.0,0,0.0,0,0.0,0.0,-0.24,0.0
2020-03-01,DOGE-USD,0.0,0,0.0,0,0.0,0.0,-0.21999999999999997,0.0
2020-03-02,DOGE-USD,0.0,0,0.0,0,0.0,0.0,-0.24,0.0
2020-03-03,DOGE-USD,0.0,0,0.0,0,0.0,0.0,-0.24,0.0
2020-03-04,DOGE-USD,0.0,0,0.0,0,0.0,0.0,-0.19999999999999996,0.0
2020-03-05,DOGE-USD,0.0,0,0.0,0,0.0,0.0,-0.18000000000000005,0.0
2020-03-06,DOGE-USD,0.0,0,0.0,0,0.0,0.0,-0.21999999999999997,0.0
2020-03-07,DOGE-USD,0.0,0,0.0,0,0.0,0.0,-0.24,0.0
2020-03-08,DOGE-USD,0.0,0,0.0,0,0.0,0.0,-0.33999999999999997,0.0
2020-03-09,DOGE-USD,0.0,0,0.0,0,0.0,0.0,-0.6599999999999999,0.0
2020-03-10,DOGE-USD,0.0,0,0.0,0,0.0,0.0,-0.6799999999999999,0.0
2020-03-11,DOGE-USD,0.0,0,0.0,0,0.0,0.0,-0.6599999999999999,0.0
2020-03-12,DOGE-USD,0.0,0,0.0,0,0.0,0.0,-0.72,0.0
2020-03-13,DOGE-USD,0.0,0,0.0,0,0.0,0.0,-0.8,0.0
2020-03-14,DOGE-USD,0.0,0,0.0,0,0.0,0.0,-0.84,0.0
2020-03-15,DOGE-USD,0.0,0,0.0,0,0.0,0.0,-0.76,0.0
2020-03-16,DOGE-USD,0.0,0,0.0,0,0.0,0.0,-0.8200000000000001,0.0
2020-03-17,DOGE-USD,0.0,0,0.0,0,0.0,0.0,-0.84,0.0
2020-03-18,DOGE-USD,0.0,0,0.0,0,0.0,0.0,-0.78,0.0
2020-03-19,DOGE-USD,0.0,0,0.0,0,0.0,0.0,-0.76,0.0
2020-03-20,DOGE-USD,0.0,0,0.0,0,0.0,0.0,-0.8200000000000001,0.0
2020-03-21,DOGE-USD,0.0,0,0.0,0,0.0,0.0,-0.8200000000000001,0.0
2020-03-22,DOGE-USD,0.0,0,0.0,0,0.0,0.0,-0.78,0.0
2020-03-23,DOGE-USD,0.0,0,0.0,0,0.0,0.0,-0.8,0.0
2020-03-24,DOGE-USD,0.0,0,0.0,0,0.0,0.0,-0.76,0.0
2020-03-25,DOGE-USD,0.0,0,0.0,0,0.0,0.0,-0.74,0.0
2020-03-26,DOGE-USD,0.0,0,0.0,0,0.0,0.0,-0.72,0.0
2020-03-27,DOGE-USD,0.0,0,0.0,0,0.0,0.0,-0.76,0.0
2020-03-28,DOGE-USD,0.0,0,0.0,0,0.0,0.0,-0.84,0.0
2020-03-29,DOGE-USD,0.0,0,0.0,0,0.0,0.0,-0.76,0.0
2020-03-30,DOGE-USD,0.0,0,0.0,0,0.0,0.0,-0.8,0.0
2020-03-31,DOGE-USD,0.0,0,0.0,0,0.0,0.0,-0.76,0.0
2020-04-01,DOGE-USD,0.0,0,0.0,0,0.0,0.0,-0.76,0.0
2020-04-02,DOGE-USD,0.0,0,0.0,0,0.0,0.0,-0.72,0.0
2020-04-03,DOGE-USD,0.0,0,0.0,0,0.0,0.0,-0.72,0.0
2020-04-04,DOGE-USD,0.0,0,0.0,0,0.0,0.0,-0.76,0.0
2020-04-05,DOGE-USD,0.0,0,0.0,0,0.0,0.0,-0.76,0.0
2020-04-06,DOGE-USD,0.0,0,0.0,0,0.0,0.0,-0.76,0.0
2020-04-07,DOGE-USD,0.0,0,0.0,0,0.0,0.0,-0.6,0.0
2020-04-08,DOGE-USD,0.0,0,0.0,0,0.0,0.0,-0.5800000000000001,0.0
2020-04-09,DOGE-USD,0.0,0,0.0,0,0.0,0.0,-0.56,0.0
2020-04-10,DOGE-USD,0.0,0,0.0,0,0.0,0.0,-0.7,0.0
2020-04-11,DOGE-USD,0.0,0,0.0,0,0.0,0.0,-0.7,0.0
2020-04-12,DOGE-USD,0.0,0,0.0,0,0.0,0.0,-0.8,0.0
2020-04-13,DOGE-USD,0.0,0,0.0,0,0.0,0.0,-0.78,0.0
2020-04-14,DOGE-USD,0.0,0,0.0,0,0.0,0.0,-0.7,0.0
2020-04-15,DOGE-USD,0.0,0,0.0,0,0.0,0.0,-0.64,0.0
2020-04-16,DOGE-USD,0.0,0,0.0,0,0.0,0.0,-0.74,0.0
2020-04-17,DOGE-USD,0.0,0,0.0,0,0.0,0.0,-0.7,0.0
2020-04-18,DOGE-USD,0.0,0,0.0,0,0.0,0.0,-0.64,0.0
2020-04-19,DOGE-USD,0.0,0,0.0,0,0.0,0.0,-0.6799999999999999,0.0
2020-04-20,DOGE-USD,0.0,0,0.0,0,0.0,0.0,-0.7,0.0
2020-04-21,DOGE-USD,0.0,0,0.0,0,0.0,0.0,-0.6599999999999999,0.0
2020-04-22,DOGE-USD,0.0,0,0.0,0,0.0,0.0,-0.62,0.0
2020-04-23,DOGE-USD,0.0,0,0.0,0,0.0,0.0,-0.62,0.0
2020-04-24,DOGE-USD,0.0,0,0.0,0,0.0,0.0,-0.6,0.0
2020-04-25,DOGE-USD,0.0,0,0.0,0,0.0,0.0,-0.52,0.0
2020-04-26,DOGE-USD,0.0,0,0.0,0,0.0,0.0,-0.5800000000000001,0.0
2020-04-27,DOGE-USD,0.0,0,0.0,0,0.0,0.0,-0.43999999999999995,0.0
2020-04-28,DOGE-USD,0.0,0,0.0,0,0.0,0.0,-0.48,0.0
2020-04-29,DOGE-USD,0.0,0,0.0,0,0.0,0.0,-0.48,0.0
2020-04-30,DOGE-USD,0.0,0,0.0,0,0.0,0.0,-0.12,0.0
2020-05-01,DOGE-USD,0.0,0,0.0,0,0.0,0.0,-0.19999999999999996,0.0
2020-05-02,DOGE-USD,0.0,0,0.0,0,0.0,0.0,-0.19999999999999996,0.0
2020-05-03,DOGE-USD,0.0,0,0.0,0,0.0,0.0,-0.09999999999999998,0.0
2020-05-04,DOGE-USD,0.0,0,0.0,0,0.0,0.0,-0.12,0.0
2020-05-05,DOGE-USD,0.0,0,0.0,0,0.0,0.0,-0.19999999999999996,0.0
2020-05-06,DOGE-USD,0.0,0,0.0,0,0.0,0.0,-0.16000000000000003,0.0
2020-05-07,DOGE-USD,0.0,0,0.0,0,0.0,0.0,-0.020000000000000018,0.0
2020-05-08,DOGE-USD,0.0,0,0.0,0,0.0,0.0,0.10000000000000009,0.0
2020-05-09,DOGE-USD,0.0,0,0.0,0,0.0,0.0,0.1200000000000001,0.0
2020-05-10,DOGE-USD,0.0,0,0.0,0,0.0,0.0,-0.040000000000000036,0.0
2020-05-11,DOGE-USD,0.0,0,0.0,0,0.0,0.0,-0.19999999999999996,0.0
2020-05-12,DOGE-USD,0.0,0,0.0,0,0.0,0.0,-0.21999999999999997,0.0
2020-05-13,DOGE-USD,0.0,0,0.0,0,0.0,0.0,-0.18000000000000005,0.0
2020-05-14,DOGE-USD,0.0,0,0.0,0,0.0,0.0,-0.19999999999999996,0.0
2020-05-15,DOGE-USD,0.0,0,0.0,0,0.0,0.0,-0.12,0.0
2020-05-16,DOGE-USD,0.0,0,0.0,0,0.0,0.0,-0.18000000000000005,0.0
2020-05-17,DOGE-USD,0.0,0,0.0,0,0.0,0.0,-0.19999999999999996,0.0
2020-05-18,DOGE-USD,0.0,0,0.0,0,0.0,0.0,0.0,0.0
2020-05-19,DOGE-USD,0.0,0,0.0,0,0.0,0.0,0.0,0.0
2020-05-20,DOGE-USD,0.0,0,0.0,0,0.0,0.0,0.040000000000000036,0.0
2020-05-21,DOGE-USD,0.0,0,0.0,0,0.0,0.0,-0.020000000000000018,0.0
2020-05-22,DOGE-USD,0.0,0,0.0,0,0.0,0.0,-0.16000000000000003,0.0
2020-05-23,DOGE-USD,0.0,0,0.0,0,0.0,0.0,-0.19999999999999996,0.0
2020-05-24,DOGE-USD,0.0,0,0.0,0,0.0,0.0,-0.14,0.0
2020-05-25,DOGE-USD,0.0,0,0.0,0,0.0,0.0,-0.18000000000000005,0.0
2020-05-26,DOGE-USD,0.0,0,0.0,0,0.0,0.0,-0.21999999999999997,0.0
2020-05-27,DOGE-USD,0.0,0,0.0,0,0.0,0.0,-0.21999999999999997,0.0
2020-05-28,DOGE-USD,0.0,0,0.0,0,0.0,0.0,-0.18000000000000005,0.0
2020-05-29,DOGE-USD,0.0,0,0.0,0,0.0,0.0,-0.040000000000000036,0.0
2020-05-30,DOGE-USD,0.0,0,0.0,0,0.0,0.0,-0.040000000000000036,0.0
2020-05-31,DOGE-USD,0.0,0,0.0,0,0.0,0.0,0.020000000000000018,0.0
2020-06-01,DOGE-USD,0.0,0,0.0,0,0.0,0.0,0.0,0.0
2020-06-02,DOGE-USD,0.0,0,0.0,0,0.0,0.0,0.1200000000000001,0.0
2020-06-03,DOGE-USD,0.0,0,0.0,0,0.0,0.0,-0.040000000000000036,0.0
2020-06-04,DOGE-USD,0.0,0,0.0,0,0.0,0.0,0.08000000000000007,0.0
2020-06-05,DOGE-USD,0.0,0,0.0,0,0.0,0.0,0.06000000000000005,0.0
2020-06-06,DOGE-USD,0.0,0,0.0,0,0.0,0.0,0.08000000000000007,0.0
2020-06-07,DOGE-USD,0.0,0,0.0,0,0.0,0.0,0.08000000000000007,0.0
2020-06-08,DOGE-USD,0.0,0,0.0,0,0.0,0.0,0.06000000000000005,0.0
2020-06-09,DOGE-USD,0.0,0,0.0,0,0.0,0.0,0.040000000000000036,0.0
2020-06-10,DOGE-USD,0.0,0,0.0,0,0.0,0.0,0.08000000000000007,0.0
2020-06-11,DOGE-USD,0.0,0,0.0,0,0.0,0.0,0.040000000000000036,0.0
2020-06-12,DOGE-USD,0.0,0,0.0,0,0.0,0.0,-0.24,0.0
2020-06-13,DOGE-USD,0.0,0,0.0,0,0.0,0.0,-0.24,0.0
2020-06-14,DOGE-USD,0.0,0,0.0,0,0.0,0.0,-0.19999999999999996,0.0
2020-06-15,DOGE-USD,0.0,0,0.0,0,0.0,0.0,-0.26,0.0
2020-06-16,DOGE-USD,0.0,0,0.0,0,0.0,0.0,-0.21999999999999997,0.0
2020-06-17,DOGE-USD,0.0,0,0.0,0,0.0,0.0,-0.24,0.0
2020-06-18,DOGE-USD,0.0,0,0.0,0,0.0,0.0,-0.19999999999999996,0.0
2020-06-19,DOGE-USD,0.0,0,0.0,0,0.0,0.0,-0.21999999999999997,0.0
2020-06-20,DOGE-USD,0.0,0,0.0,0,0.0,0.0,-0.24,0.0
2020-06-21,DOGE-USD,0.0,0,0.0,0,0.0,0.0,-0.26,0.0
2020-06-22,DOGE-USD,0.0,0,0.0,0,0.0,0.0,-0.24,0.0
2020-06-23,DOGE-USD,0.0,0,0.0,0,0.0,0.0,-0.18000000000000005,0.0
2020-06-24,DOGE-USD,0.0,0,0.0,0,0.0,0.0,0.0,0.0
2020-06-25,DOGE-USD,0.0,0,0.0,0,0.0,0.0,-0.14,0.0
2020-06-26,DOGE-USD,0.0,0,0.0,0,0.0,0.0,-0.19999999999999996,0.0
2020-06-27,DOGE-USD,0.0,0,0.0,0,0.0,0.0,-0.14,0.0
2020-06-28,DOGE-USD,0.0,0,0.0,0,0.0,0.0,-0.19999999999999996,0.0
2020-06-29,DOGE-USD,0.0,0,0.0,0,0.0,0.0,-0.18000000000000005,0.0
2020-06-30,DOGE-USD,0.0,0,0.0,0,0.0,0.0,-0.12,0.0
2020-07-01,DOGE-USD,0.0,0,0.0,0,0.0,0.0,-0.16000000000000003,0.0
2020-07-02,DOGE-USD,0.0,0,0.0,0,0.0,0.0,-0.16000000000000003,0.0
2020-07-03,DOGE-USD,0.0,0,0.0,0,0.0,0.0,-0.18000000000000005,0.0
2020-07-04,DOGE-USD,0.0,0,0.0,0,0.0,0.0,-0.19999999999999996,0.0
2020-07-05,DOGE-USD,0.0,0,0.0,0,0.0,0.0,-0.24,0.0
2020-07-06,DOGE-USD,0.0,0,0.0,0,0.0,0.0,-0.19999999999999996,0.0
2020-07-07,DOGE-USD,0.0,0,0.0,0,0.0,0.0,-0.14,0.0
2020-07-08,DOGE-USD,0.0,0,0.0,0,0.0,0.0,-0.12,0.0
2020-07-09,DOGE-USD,0.0,0,0.0,0,0.0,0.0,-0.12,0.0
2020-07-10,DOGE-USD,0.0,0,0.0,0,0.0,0.0,-0.18000000000000005,0.0
2020-07-11,DOGE-USD,0.0,0,0.0,0,0.0,0.0,-0.12,0.0
2020-07-12,DOGE-USD,0.0,0,0.0,0,0.0,0.0,-0.18000000000000005,0.0
2020-07-13,DOGE-USD,0.0,0,0.0,0,0.0,0.0,-0.14,0.0
2020-07-14,DOGE-USD,0.0,0,0.0,0,0.0,0.0,-0.14,0.0
2020-07-15,DOGE-USD,0.0,0,0.0,0,0.0,0.0,-0.12,0.0
2020-07-16,DOGE-USD,0.0,0,0.0,0,0.0,0.0,-0.14,0.0
2020-07-17,DOGE-USD,0.0,0,0.0,0,0.0,0.0,-0.18000000000000005,0.0
2020-07-18,DOGE-USD,0.0,0,0.0,0,0.0,0.0,-0.12,0.0
2020-07-19,DOGE-USD,0.0,0,0.0,0,0.0,0.0,-0.18000000000000005,0.0
2020-07-20,DOGE-USD,0.0,0,0.0,0,0.0,0.0,-0.12,0.0
2020-07-21,DOGE-USD,0.0,0,0.0,0,0.0,0.0,-0.12,0.0
2020-07-22,DOGE-USD,0.0,0,0.0,0,0.0,0.0,0.0,0.0
2020-07-23,DOGE-USD,0.0,0,0.0,0,0.0,0.0,0.10000000000000009,0.0
2020-07-24,DOGE-USD,0.0,0,0.0,0,0.0,0.0,0.06000000000000005,0.0
2020-07-25,DOGE-USD,0.0,0,0.0,0,0.0,0.0,0.10000000000000009,0.0
2020-07-26,DOGE-USD,0.0,0,0.0,0,0.0,0.0,0.10000000000000009,0.0
2020-07-27,DOGE-USD,0.0,0,0.0,0,0.0,0.0,0.15999999999999992,0.0
2020-07-28,DOGE-USD,0.0,0,0.0,0,0.0,0.0,0.52,0.0
2020-07-29,DOGE-USD,0.0,0,0.0,0,0.0,0.0,0.41999999999999993,0.0
2020-07-30,DOGE-USD,0.0,0,0.0,0,0.0,0.0,0.52,0.0
2020-07-31,DOGE-USD,0.0,0,0.0,0,0.0,0.0,0.5,0.0
2020-08-01,DOGE-USD,0.0,0,0.0,0,0.0,0.0,0.5,0.0
2020-08-02,DOGE-USD,0.0,0,0.0,0,0.0,0.0,0.6000000000000001,0.0
2020-08-03,DOGE-USD,0.0,0,0.0,0,0.0,0.0,0.5,0.0
2020-08-04,DOGE-USD,0.0,0,0.0,0,0.0,0.0,0.43999999999999995,0.0
2020-08-05,DOGE-USD,0.0,0,0.0,0,0.0,0.0,0.5,0.0
2020-08-06,DOGE-USD,0.0,0,0.0,0,0.0,0.0,0.5800000000000001,0.0
2020-08-07,DOGE-USD,0.0,0,0.0,0,0.0,0.0,0.54,0.0
2020-08-08,DOGE-USD,0.0,0,0.0,0,0.0,0.0,0.54,0.0
2020-08-09,DOGE-USD,0.0,0,0.0,0,0.0,0.0,0.5800000000000001,0.0
2020-08-10,DOGE-USD,0.0,0,0.0,0,0.0,0.0,0.56,0.0
2020-08-11,DOGE-USD,0.0,0,0.0,0,0.0,0.0,0.6799999999999999,0.0
2020-08-12,DOGE-USD,0.0,0,0.0,0,0.0,0.0,0.5,0.0
2020-08-13,DOGE-USD,0.0,0,0.0,0,0.0,0.0,0.5,0.0
2020-08-14,DOGE-USD,0.0,0,0.0,0,0.0,0.0,0.56,0.0
2020-08-15,DOGE-USD,0.0,0,0.0,0,0.0,0.0,0.5800000000000001,0.0
2020-08-16,DOGE-USD,0.0,0,0.0,0,0.0,0.0,0.6399999999999999,0.0
2020-08-17,DOGE-USD,0.0,0,0.0,0,0.0,0.0,0.6599999999999999,0.0
2020-08-18,DOGE-USD,0.0,0,0.0,0,0.0,0.0,0.6399999999999999,0.0
2020-08-19,DOGE-USD,0.0,0,0.0,0,0.0,0.0,0.6000000000000001,0.0
2020-08-20,DOGE-USD,0.0,0,0.0,0,0.0,0.0,0.5,0.0
2020-08-21,DOGE-USD,0.0,0,0.0,0,0.0,0.0,0.6200000000000001,0.0
2020-08-22,DOGE-USD,0.0,0,0.0,0,0.0,0.0,0.56,0.0
2020-08-23,DOGE-USD,0.0,0,0.0,0,0.0,0.0,0.52,0.0
2020-08-24,DOGE-USD,0.0,0,0.0,0,0.0,0.0,0.56,0.0
2020-08-25,DOGE-USD,0.0,0,0.0,0,0.0,0.0,0.5,0.0
2020-08-26,DOGE-USD,0.0,0,0.0,0,0.0,0.0,0.52,0.0
2020-08-27,DOGE-USD,0.0,0,0.0,0,0.0,0.0,0.5,0.0
2020-08-28,DOGE-USD,0.0,0,0.0,0,0.0,0.0,0.48,0.0
2020-08-29,DOGE-USD,0.0,0,0.0,0,0.0,0.0,0.5800000000000001,0.0
2020-08-30,DOGE-USD,0.0,0,0.0,0,0.0,0.0,0.5,0.0
2020-08-31,DOGE-USD,0.0,0,0.0,0,0.0,0.0,0.5,0.0
2020-09-01,DOGE-USD,0.0,0,0.0,0,0.0,0.0,0.5,0.0
2020-09-02,DOGE-USD,0.0,0,0.0,0,0.0,0.0,0.6599999999999999,0.0
2020-09-03,DOGE-USD,0.0,0,0.0,0,0.0,0.0,0.5800000000000001,0.0
2020-09-04,DOGE-USD,0.0,0,0.0,0,0.0,0.0,-0.19999999999999996,0.0
2020-09-05,DOGE-USD,0.0,0,0.0,0,0.0,0.0,-0.18000000000000005,0.0
2020-09-06,DOGE-USD,0.0,0,0.0,0,0.0,0.0,-0.18000000000000005,0.0
2020-09-07,DOGE-USD,0.0,0,0.0,0,0.0,0.0,-0.18000000000000005,0.0
2020-09-08,DOGE-USD,0.0,0,0.0,0,0.0,0.0,-0.18000000000000005,0.0
2020-09-09,DOGE-USD,0.0,0,0.0,0,0.0,0.0,-0.24,0.0
2020-09-10,DOGE-USD,0.0,0,0.0,0,0.0,0.0,-0.24,0.0
2020-09-11,DOGE-USD,0.0,0,0.0,0,0.0,0.0,-0.18000000000000005,0.0
2020-09-12,DOGE-USD,0.0,0,0.0,0,0.0,0.0,-0.18000000000000005,0.0
2020-09-13,DOGE-USD,0.0,0,0.0,0,0.0,0.0,-0.24,0.0
2020-09-14,DOGE-USD,0.0,0,0.0,0,0.0,0.0,-0.21999999999999997,0.0
2020-09-15,DOGE-USD,0.0,0,0.0,0,0.0,0.0,-0.06000000000000005,0.0
2020-09-16,DOGE-USD,0.0,0,0.0,0,0.0,0.0,-0.14,0.0
2020-09-17,DOGE-USD,0.0,0,0.0,0,0.0,0.0,-0.040000000000000036,0.0
2020-09-18,DOGE-USD,0.0,0,0.0,0,0.0,0.0,-0.020000000000000018,0.0
2020-09-19,DOGE-USD,0.0,0,0.0,0,0.0,0.0,-0.040000000000000036,0.0
2020-09-20,DOGE-USD,0.0,0,0.0,0,0.0,0.0,0.040000000000000036,0.0
2020-09-21,DOGE-USD,0.0,0,0.0,0,0.0,0.0,-0.040000000000000036,0.0
2020-09-22,DOGE-USD,0.0,0,0.0,0,0.0,0.0,-0.21999999999999997,0.0
2020-09-23,DOGE-USD,0.0,0,0.0,0,0.0,0.0,-0.14,0.0
2020-09-24,DOGE-USD,0.0,0,0.0,0,0.0,0.0,-0.21999999999999997,0.0
2020-09-25,DOGE-USD,0.0,0,0.0,0,0.0,0.0,-0.07999999999999996,0.0
2020-09-26,DOGE-USD,0.0,0,0.0,0,0.0,0.0,-0.09999999999999998,0.0
2020-09-27,DOGE-USD,0.0,0,0.0,0,0.0,0.0,-0.06000000000000005,0.0
2020-09-28,DOGE-USD,0.0,0,0.0,0,0.0,0.0,-0.14,0.0
2020-09-29,DOGE-USD,0.0,0,0.0,0,0.0,0.0,-0.09999999999999998,0.0
2020-09-30,DOGE-USD,0.0,0,0.0,0,0.0,0.0,-0.020000000000000018,0.0
2020-10-01,DOGE-USD,0.0,0,0.0,0,0.0,0.0,-0.09999999999999998,0.0
2020-10-02,DOGE-USD,0.0,0,0.0,0,0.0,0.0,-0.18000000000000005,0.0
2020-10-03,DOGE-USD,0.0,0,0.0,0,0.0,0.0,-0.19999999999999996,0.0
2020-10-04,DOGE-USD,0.0,0,0.0,0,0.0,0.0,-0.16000000000000003,0.0
2020-10-05,DOGE-USD,0.0,0,0.0,0,0.0,0.0,-0.16000000000000003,0.0
2020-10-06,DOGE-USD,0.0,0,0.0,0,0.0,0.0,-0.06000000000000005,0.0
2020-10-07,DOGE-USD,0.0,0,0.0,0,0.0,0.0,-0.14,0.0
2020-10-08,DOGE-USD,0.0,0,0.0,0,0.0,0.0,-0.07999999999999996,0.0
2020-10-09,DOGE-USD,0.0,0,0.0,0,0.0,0.0,-0.040000000000000036,0.0
2020-10-10,DOGE-USD,0.0,0,0.0,0,0.0,0.0,0.06000000000000005,0.0
2020-10-11,DOGE-USD,0.0,0,0.0,0,0.0,0.0,0.10000000000000009,0.0
2020-10-12,DOGE-USD,0.0,0,0.0,0,0.0,0.0,0.040000000000000036,0.0
2020-10-13,DOGE-USD,0.0,0,0.0,0,0.0,0.0,0.1200000000000001,0.0
2020-10-14,DOGE-USD,0.0,0,0.0,0,0.0,0.0,0.06000000000000005,0.0
2020-10-15,DOGE-USD,0.0,0,0.0,0,0.0,0.0,0.1200000000000001,0.0
2020-10-16,DOGE-USD,0.0,0,0.0,0,0.0,0.0,0.040000000000000036,0.0
2020-10-17,DOGE-USD,0.0,0,0.0,0,0.0,0.0,0.1200000000000001,0.0
2020-10-18,DOGE-USD,0.0,0,0.0,0,0.0,0.0,0.10000000000000009,0.0
2020-10-19,DOGE-USD,0.0,0,0.0,0,0.0,0.0,0.10000000000000009,0.0
2020-10-20,DOGE-USD,0.0,0,0.0,0,0.0,0.0,0.1200000000000001,0.0
2020-10-21,DOGE-USD,0.0,0,0.0,0,0.0,0.0,0.21999999999999997,0.0
2020-10-22,DOGE-USD,0.0,0,0.0,0,0.0,0.0,0.45999999999999996,0.0
2020-10-23,DOGE-USD,0.0,0,0.0,0,0.0,0.0,0.48,0.0
2020-10-24,DOGE-USD,0.0,0,0.0,0,0.0,0.0,0.45999999999999996,0.0
2020-10-25,DOGE-USD,0.0,0,0.0,0,0.0,0.0,0.52,0.0
2020-10-26,DOGE-USD,0.0,0,0.0,0,0.0,0.0,0.5,0.0
2020-10-27,DOGE-USD,0.0,0,0.0,0,0.0,0.0,0.21999999999999997,0.0
2020-10-28,DOGE-USD,0.0,0,0.0,0,0.0,0.0,0.3999999999999999,0.0
2020-10-29,DOGE-USD,0.0,0,0.0,0,0.0,0.0,0.3400000000000001,0.0
2020-10-30,DOGE-USD,0.0,0,0.0,0,0.0,0.0,0.48,0.0
2020-10-31,DOGE-USD,0.0,0,0.0,0,0.0,0.0,0.45999999999999996,0.0
2020-11-01,DOGE-USD,0.0,0,0.0,0,0.0,0.0,0.43999999999999995,0.0
2020-11-02,DOGE-USD,0.0,0,0.0,0,0.0,0.0,0.41999999999999993,0.0
2020-11-03,DOGE-USD,0.0,0,0.0,0,0.0,0.0,0.41999999999999993,0.0
2020-11-04,DOGE-USD,0.0,0,0.0,0,0.0,0.0,0.48,0.0
2020-11-05,DOGE-USD,0.0,0,0.0,0,0.0,0.0,0.43999999999999995,0.0
2020-11-06,DOGE-USD,0.0,0,0.0,0,0.0,0.0,0.8,0.0
2020-11-07,DOGE-USD,0.0,0,0.0,0,0.0,0.0,0.76,0.0
2020-11-08,DOGE-USD,0.0,0,0.0,0,0.0,0.0,0.6399999999999999,0.0
2020-11-09,DOGE-USD,0.0,0,0.0,0,0.0,0.0,0.8,0.0
2020-11-10,DOGE-USD,0.0,0,0.0,0,0.0,0.0,0.8,0.0
2020-11-11,DOGE-USD,0.0,0,0.0,0,0.0,0.0,0.72,0.0
2020-11-12,DOGE-USD,0.0,0,0.0,0,0.0,0.0,0.74,0.0
2020-11-13,DOGE-USD,0.0,0,0.0,0,0.0,0.0,0.78,0.0
2020-11-14,DOGE-USD,0.0,0,0.0,0,0.0,0.0,0.8,0.0
2020-11-15,DOGE-USD,0.0,0,0.0,0,0.0,0.0,0.72,0.0
2020-11-16,DOGE-USD,0.0,0,0.0,0,0.0,0.0,0.8,0.0
2020-11-17,DOGE-USD,0.0,0,0.0,0,0.0,0.0,0.72,0.0
2020-11-18,DOGE-USD,0.0,0,0.0,0,0.0,0.0,0.8200000000000001,0.0
2020-11-19,DOGE-USD,0.0,0,0.0,0,0.0,0.0,0.8799999999999999,0.0
2020-11-20,DOGE-USD,0.0,0,0.0,0,0.0,0.0,0.72,0.0
2020-11-21,DOGE-USD,0.0,0,0.0,0,0.0,0.0,0.8200000000000001,0.0
2020-11-22,DOGE-USD,0.0,0,0.0,0,0.0,0.0,0.8799999999999999,0.0
2020-11-23,DOGE-USD,0.0,0,0.0,0,0.0,0.0,0.8,0.0
2020-11-24,DOGE-USD,0.0,0,0.0,0,0.0,0.0,0.76,0.0
2020-11-25,DOGE-USD,0.0,0,0.0,0,0.0,0.0,0.8799999999999999,0.0
2020-11-26,DOGE-USD,0.0,0,0.0,0,0.0,0.0,0.8600000000000001,0.0
2020-11-27,DOGE-USD,0.0,0,0.0,0,0.0,0.0,0.72,0.0
2020-11-28,DOGE-USD,0.0,0,0.0,0,0.0,0.0,0.74,0.0
2020-11-29,DOGE-USD,0.0,0,0.0,0,0.0,0.0,0.78,0.0
2020-11-30,DOGE-USD,0.0,0,0.0,0,0.0,0.0,0.76,0.0
2020-12-01,DOGE-USD,0.0,0,0.0,0,0.0,0.0,0.8999999999999999,0.0
2020-12-02,DOGE-USD,0.0,0,0.0,0,0.0,0.0,0.8400000000000001,0.0
2020-12-03,DOGE-USD,0.0,0,0.0,0,0.0,0.0,0.8400000000000001,0.0
2020-12-04,DOGE-USD,0.0,0,0.0,0,0.0,0.0,0.8400000000000001,0.0
2020-12-05,DOGE-USD,0.0,0,0.0,0,0.0,0.0,0.8600000000000001,0.0
2020-12-06,DOGE-USD,0.0,0,0.0,0,0.0,0.0,0.8999999999999999,0.0
2020-12-07,DOGE-USD,0.0,0,0.0,0,0.0,0.0,0.8799999999999999,0.0
2020-12-08,DOGE-USD,0.0,0,0.0,0,0.0,0.0,0.8999999999999999,0.0
2020-12-09,DOGE-USD,0.0,0,0.0,0,0.0,0.0,0.72,0.0
2020-12-10,DOGE-USD,0.0,0,0.0,0,0.0,0.0,0.8799999999999999,0.0
2020-12-11,DOGE-USD,0.0,0,0.0,0,0.0,0.0,0.78,0.0
2020-12-12,DOGE-USD,0.0,0,0.0,0,0.0,0.0,0.8,0.0
2020-12-13,DOGE-USD,0.0,0,0.0,0,0.0,0.0,0.8200000000000001,0.0
2020-12-14,DOGE-USD,0.0,0,0.0,0,0.0,0.0,0.8999999999999999,0.0
2020-12-15,DOGE-USD,0.0,0,0.0,0,0.0,0.0,0.8200000000000001,0.0
2020-12-16,DOGE-USD,0.0,0,0.0,0,0.0,0.0,0.8400000000000001,0.0
2020-12-17,DOGE-USD,0.0,0,0.0,0,0.0,0.0,0.8400000000000001,0.0
2020-12-18,DOGE-USD,0.0,0,0.0,0,0.0,0.0,0.8999999999999999,0.0
2020-12-19,DOGE-USD,0.0,0,0.0,0,0.0,0.0,0.8600000000000001,0.0
2020-12-20,DOGE-USD,0.0,0,0.0,0,0.0,0.0,0.8400000000000001,0.0
2020-12-21,DOGE-USD,0.0,0,0.0,0,0.0,0.0,0.8400000000000001,0.0
2020-12-22,DOGE-USD,0.0,0,0.0,0,0.0,0.0,0.76,0.0
2020-12-23,DOGE-USD,0.0,0,0.0,0,0.0,0.0,0.8600000000000001,0.0
2020-12-24,DOGE-USD,0.0,0,0.0,0,0.0,0.0,0.72,0.0
2020-12-25,DOGE-USD,0.0,0,0.0,0,0.0,0.0,0.8799999999999999,0.0
2020-12-26,DOGE-USD,0.0,0,0.0,0,0.0,0.0,0.8600000000000001,0.0
2020-12-27,DOGE-USD,0.0,0,0.0,0,0.0,0.0,0.8200000000000001,0.0
2020-12-28,DOGE-USD,0.0,0,0.0,0,0.0,0.0,0.8400000000000001,0.0
2020-12-29,DOGE-USD,0.0,0,0.0,0,0.0,0.0,0.8200000000000001,0.0
2020-12-30,DOGE-USD,0.0,0,0.0,0,0.0,0.0,0.8200000000000001,0.0
2020-12-31,DOGE-USD,0.0,0,0.0,0,0.0,0.0,0.8999999999999999,0.0
2021-01-01,DOGE-USD,0.0,0,0.0,0,0.0,0.0,0.8799999999999999,0.0
2021-01-02,DOGE-USD,0.0,0,0.0,0,0.0,0.0,0.8799999999999999,0.0
2021-01-03,DOGE-USD,0.0,0,0.0,0,0.0,0.0,0.8600000000000001,0.0
2021-01-04,DOGE-USD,0.0,0,0.0,0,0.0,0.0,0.8799999999999999,0.0
2021-01-05,DOGE-USD,0.0,0,0.0,0,0.0,0.0,0.8600000000000001,0.0
2021-01-06,DOGE-USD,0.0,0,0.0,0,0.0,0.0,0.8999999999999999,0.0
2021-01-07,DOGE-USD,0.0,0,0.0,0,0.0,0.0,0.8200000000000001,0.0
2021-01-08,DOGE-USD,0.0,0,0.0,0,0.0,0.0,0.8600000000000001,0.0
2021-01-09,DOGE-USD,0.0,0,0.0,0,0.0,0.0,0.8600000000000001,0.0
2021-01-10,DOGE-USD,0.0,0,0.0,0,0.0,0.0,0.8799999999999999,0.0
2021-01-11,DOGE-USD,0.0,0,0.0,0,0.0,0.0,0.8,0.0
2021-01-12,DOGE-USD,0.0,0,0.0,0,0.0,0.0,0.6799999999999999,0.0
2021-01-13,DOGE-USD,0.0,0,0.0,0,0.0,0.0,0.56,0.0
2021-01-14,DOGE-USD,0.0,0,0.0,0,0.0,0.0,0.6599999999999999,0.0
2021-01-15,DOGE-USD,0.0,0,0.0,0,0.0,0.0,0.76,0.0
2021-01-16,DOGE-USD,0.0,0,0.0,0,0.0,0.0,0.6799999999999999,0.0
2021-01-17,DOGE-USD,0.0,0,0.0,0,0.0,0.0,0.5800000000000001,0.0
2021-01-18,DOGE-USD,0.0,0,0.0,0,0.0,0.0,0.5800000000000001,0.0
2021-01-19,DOGE-USD,0.0,0,0.0,0,0.0,0.0,0.6000000000000001,0.0
2021-01-20,DOGE-USD,0.0,0,0.0,0,0.0,0.0,0.56,0.0
2021-01-21,DOGE-USD,0.0,0,0.0,0,0.0,0.0,0.5,0.0
2021-01-22,DOGE-USD,0.0,0,0.0,0,0.0,0.0,-0.19999999999999996,0.0
2021-01-23,DOGE-USD,0.0,0,0.0,0,0.0,0.0,0.48,0.0
2021-01-24,DOGE-USD,0.0,0,0.0,0,0.0,0.0,0.3999999999999999,0.0
2021-01-25,DOGE-USD,0.0,0,0.0,0,0.0,0.0,0.48,0.0
2021-01-26,DOGE-USD,0.0,0,0.0,0,0.0,0.0,0.41999999999999993,0.0
2021-01-27,DOGE-USD,0.0,0,0.0,0,0.0,0.0,0.56,0.0
2021-01-28,DOGE-USD,0.0,0,0.0,0,0.0,0.0,0.10000000000000009,0.0
2021-01-29,DOGE-USD,0.0,0,0.0,0,0.0,0.0,0.54,0.0
2021-01-30,DOGE-USD,0.0,0,0.0,0,0.0,0.0,0.52,0.0
2021-01-31,DOGE-USD,0.0,0,0.0,0,0.0,0.0,0.56,0.0
2021-02-01,DOGE-USD,0.0,0,0.0,0,0.0,0.0,0.54,0.0
2021-02-02,DOGE-USD,0.0,0,0.0,0,0.0,0.0,0.52,0.0
2021-02-03,DOGE-USD,0.0,0,0.0,0,0.0,0.0,0.56,0.0
2021-02-04,DOGE-USD,0.0,0,0.0,0,0.0,0.0,0.6000000000000001,0.0
2021-02-05,DOGE-USD,0.0,0,0.0,0,0.0,0.0,0.6200000000000001,0.0
2021-02-06,DOGE-USD,0.0,0,0.0,0,0.0,0.0,0.6799999999999999,0.0
2021-02-07,DOGE-USD,0.0,0,0.0,0,0.0,0.0,0.72,0.0
2021-02-08,DOGE-USD,0.0,0,0.0,0,0.0,0.0,0.6599999999999999,0.0
2021-02-09,DOGE-USD,0.0,0,0.0,0,0.0,0.0,0.8999999999999999,0.0
2021-02-10,DOGE-USD,0.0,0,0.0,0,0.0,0.0,0.8400000000000001,0.0
2021-02-11,DOGE-USD,0.0,0,0.0,0,0.0,0.0,0.8600000000000001,0.0
2021-02-12,DOGE-USD,0.0,0,0.0,0,0.0,0.0,0.8400000000000001,0.0
2021-02-13,DOGE-USD,0.0,0,0.0,0,0.0,0.0,0.8400000000000001,0.0
2021-02-14,DOGE-USD,0.0,0,0.0,0,0.0,0.0,0.8999999999999999,0.0
2021-02-15,DOGE-USD,0.0,0,0.0,0,0.0,0.0,0.8600000000000001,0.0
2021-02-16,DOGE-USD,0.0,0,0.0,0,0.0,0.0,0.8999999999999999,0.0
2021-02-17,DOGE-USD,0.0,0,0.0,0,0.0,0.0,0.8999999999999999,0.0
2021-02-18,DOGE-USD,0.0,0,0.0,0,0.0,0.0,0.8200000000000001,0.0
2021-02-19,DOGE-USD,0.0,0,0.0,0,0.0,0.0,0.8600000000000001,0.0
2021-02-20,DOGE-USD,0.0,0,0.0,0,0.0,0.0,0.8200000000000001,0.0
2021-02-21,DOGE-USD,0.0,0,0.0,0,0.0,0.0,0.8200000000000001,0.0
2021-02-22,DOGE-USD,0.0,0,0.0,0,0.0,0.0,0.8799999999999999,0.0
2021-02-23,DOGE-USD,0.0,0,0.0,0,0.0,0.0,0.8799999999999999,0.0
2021-02-24,DOGE-USD,0.0,0,0.0,0,0.0,0.0,0.52,0.0
2021-02-25,DOGE-USD,0.0,0,0.0,0,0.0,0.0,0.5800000000000001,0.0
2021-02-26,DOGE-USD,0.0,0,0.0,0,0.0,0.0,0.10000000000000009,0.0
2021-02-27,DOGE-USD,0.0,0,0.0,0,0.0,0.0,0.1200000000000001,0.0
2021-02-28,DOGE-USD,0.0,0,0.0,0,0.0,0.0,0.10000000000000009,0.0
2021-03-01,DOGE-USD,0.0,0,0.0,0,0.0,0.0,-0.24,0.0
2021-03-02,DOGE-USD,0.0,0,0.0,0,0.0,0.0,0.56,0.0
2021-03-03,DOGE-USD,0.0,0,0.0,0,0.0,0.0,0.56,0.0
2021-03-04,DOGE-USD,0.0,0,0.0,0,0.0,0.0,0.6799999999999999,0.0
2021-03-05,DOGE-USD,0.0,0,0.0,0,0.0,0.0,0.54,0.0
2021-03-06,DOGE-USD,0.0,0,0.0,0,0.0,0.0,0.54,0.0
2021-03-07,DOGE-USD,0.0,0,0.0,0,0.0,0.0,0.52,0.0
2021-03-08,DOGE-USD,0.0,0,0.0,0,0.0,0.0,0.6200000000000001,0.0
2021-03-09,DOGE-USD,0.0,0,0.0,0,0.0,0.0,0.6200000000000001,0.0
2021-03-10,DOGE-USD,0.0,0,0.0,0,0.0,0.0,0.3600000000000001,0.0
2021-03-11,DOGE-USD,0.0,0,0.0,0,0.0,0.0,0.45999999999999996,0.0
2021-03-12,DOGE-USD,0.0,0,0.0,0,0.0,0.0,0.3999999999999999,0.0
2021-03-13,DOGE-USD,0.0,0,0.0,0,0.0,0.0,0.48,0.0
2021-03-14,DOGE-USD,0.0,0,0.0,0,0.0,0.0,0.56,0.0
2021-03-15,DOGE-USD,0.0,0,0.0,0,0.0,0.0,0.52,0.0
2021-03-16,DOGE-USD,0.0,0,0.0,0,0.0,0.0,0.41999999999999993,0.0
2021-03-17,DOGE-USD,0.0,0,0.0,0,0.0,0.0,0.41999999999999993,0.0
2021-03-18,DOGE-USD,0.0,0,0.0,0,0.0,0.0,0.43999999999999995,0.0
2021-03-19,DOGE-USD,0.0,0,0.0,0,0.0,0.0,0.41999999999999993,0.0
2021-03-20,DOGE-USD,0.0,0,0.0,0,0.0,0.0,0.5,0.0
2021-03-21,DOGE-USD,0.0,0,0.0,0,0.0,0.0,0.45999999999999996,0.0
2021-03-22,DOGE-USD,0.0,0,0.0,0,0.0,0.0,0.3999999999999999,0.0
2021-03-23,DOGE-USD,0.0,0,0.0,0,0.0,0.0,0.32000000000000006,0.0
2021-03-24,DOGE-USD,0.0,0,0.0,0,0.0,0.0,0.30000000000000004,0.0
2021-03-25,DOGE-USD,0.0,0,0.0,0,0.0,0.0,0.19999999999999996,0.0
2021-03-26,DOGE-USD,0.0,0,0.0,0,0.0,0.0,0.08000000000000007,0.0
2021-03-27,DOGE-USD,0.0,0,0.0,0,0.0,0.0,0.30000000000000004,0.0
2021-03-28,DOGE-USD,0.0,0,0.0,0,0.0,0.0,0.48,0.0
2021-03-29,DOGE-USD,0.0,0,0.0,0,0.0,0.0,0.43999999999999995,0.0
2021-03-30,DOGE-USD,0.0,0,0.0,0,0.0,0.0,0.43999999999999995,0.0
2021-03-31,DOGE-USD,0.0,0,0.0,0,0.0,0.0,0.52,0.0
2021-04-01,DOGE-USD,0.0,0,0.0,0,0.0,0.0,0.48,0.0
2021-04-02,DOGE-USD,0.0,0,0.0,0,0.0,0.0,0.48,0.0
2021-04-03,DOGE-USD,0.0,0,0.0,0,0.0,0.0,0.45999999999999996,0.0
2021-04-04,DOGE-USD,0.0,0,0.0,0,0.0,0.0,0.48,0.0
2021-04-05,DOGE-USD,0.0,0,0.0,0,0.0,0.0,0.41999999999999993,0.0
2021-04-06,DOGE-USD,0.0,0,0.0,0,0.0,0.0,0.5,0.0
2021-04-07,DOGE-USD,0.0,0,0.0,0,0.0,0.0,0.43999999999999995,0.0
2021-04-08,DOGE-USD,0.0,0,0.0,0,0.0,0.0,0.45999999999999996,0.0
2021-04-09,DOGE-USD,0.0,0,0.0,0,0.0,0.0,0.3999999999999999,0.0
2021-04-10,DOGE-USD,0.0,0,0.0,0,0.0,0.0,0.3999999999999999,0.0
2021-04-11,DOGE-USD,0.0,0,0.0,0,0.0,0.0,0.52,0.0
2021-04-12,DOGE-USD,0.0,0,0.0,0,0.0,0.0,0.48,0.0
2021-04-13,DOGE-USD,0.0,0,0.0,0,0.0,0.0,0.48,0.0
2021-04-14,DOGE-USD,0.0,0,0.0,0,0.0,0.0,0.5,0.0
2021-04-15,DOGE-USD,0.0,0,0.0,0,0.0,0.0,0.5800000000000001,0.0
2021-04-16,DOGE-USD,0.0,0,0.0,0,0.0,0.0,0.56,0.0
2021-04-17,DOGE-USD,0.0,0,0.0,0,0.0,0.0,0.52,0.0
2021-04-18,DOGE-USD,0.0,0,0.0,0,0.0,0.0,0.5800000000000001,0.0
2021-04-19,DOGE-USD,0.0,0,0.0,0,0.0,0.0,0.48,0.0
2021-04-20,DOGE-USD,0.0,0,0.0,0,0.0,0.0,0.45999999999999996,0.0
2021-04-21,DOGE-USD,0.0,0,0.0,0,0.0,0.0,0.45999999999999996,0.0
2021-04-22,DOGE-USD,0.0,0,0.0,0,0.0,0.0,0.30000000000000004,0.0
2021-04-23,DOGE-USD,0.0,0,0.0,0,0.0,0.0,0.10000000000000009,0.0
2021-04-24,DOGE-USD,0.0,0,0.0,0,0.0,0.0,-0.26,0.0
2021-04-25,DOGE-USD,0.0,0,0.0,0,0.0,0.0,-0.38,0.0
2021-04-26,DOGE-USD,0.0,0,0.0,0,0.0,0.0,-0.45999999999999996,0.0
2021-04-27,DOGE-USD,0.0,0,0.0,0,0.0,0.0,0.0,0.0
2021-04-28,DOGE-USD,0.0,0,0.0,0,0.0,0.0,0.17999999999999994,0.0
2021-04-29,DOGE-USD,0.0,0,0.0,0,0.0,0.0,0.040000000000000036,0.0
2021-04-30,DOGE-USD,0.0,0,0.0,0,0.0,0.0,0.020000000000000018,0.0
2021-05-01,DOGE-USD,0.0,0,0.0,0,0.0,0.0,0.3600000000000001,0.0
2021-05-02,DOGE-USD,0.0,0,0.0,0,0.0,0.0,0.32000000000000006,0.0
2021-05-03,DOGE-USD,0.0,0,0.0,0,0.0,0.0,0.21999999999999997,0.0
2021-05-04,DOGE-USD,0.0,0,0.0,0,0.0,0.0,0.3600000000000001,0.0
2021-05-05,DOGE-USD,0.0,0,0.0,0,0.0,0.0,-0.040000000000000036,0.0
2021-05-06,DOGE-USD,0.0,0,0.0,0,0.0,0.0,0.30000000000000004,0.0
2021-05-07,DOGE-USD,0.0,0,0.0,0,0.0,0.0,0.28,0.0
2021-05-08,DOGE-USD,0.0,0,0.0,0,0.0,0.0,0.3400000000000001,0.0
2021-05-09,DOGE-USD,0.0,0,0.0,0,0.0,0.0,0.45999999999999996,0.0
2021-05-10,DOGE-USD,0.0,0,0.0,0,0.0,0.0,0.43999999999999995,0.0
2021-05-11,DOGE-USD,0.0,0,0.0,0,0.0,0.0,0.21999999999999997,0.0
2021-05-12,DOGE-USD,0.0,0,0.0,0,0.0,0.0,0.3600000000000001,0.0
2021-05-13,DOGE-USD,0.0,0,0.0,0,0.0,0.0,-0.38,0.0
2021-05-14,DOGE-USD,0.0,0,0.0,0,0.0,0.0,-0.48,0.0
2021-05-15,DOGE-USD,0.0,0,0.0,0,0.0,0.0,-0.45999999999999996,0.0
2021-05-16,DOGE-USD,0.0,0,0.0,0,0.0,0.0,-0.6,0.0
2021-05-17,DOGE-USD,0.0,0,0.0,0,0.0,0.0,-0.45999999999999996,0.0
2021-05-18,DOGE-USD,0.0,0,0.0,0,0.0,0.0,-0.5800000000000001,0.0
2021-05-19,DOGE-USD,0.0,0,0.0,0,0.0,0.0,-0.54,0.0
2021-05-20,DOGE-USD,0.0,0,0.0,0,0.0,0.0,-0.78,0.0
2021-05-21,DOGE-USD,0.0,0,0.0,0,0.0,0.0,-0.62,0.0
2021-05-22,DOGE-USD,0.0,0,0.0,0,0.0,0.0,-0.76,0.0
2021-05-23,DOGE-USD,0.0,0,0.0,0,0.0,0.0,-0.72,0.0
2021-05-24,DOGE-USD,0.0,0,0.0,0,0.0,0.0,-0.8,0.0
2021-05-25,DOGE-USD,0.0,0,0.0,0,0.0,0.0,-0.56,0.0
2021-05-26,DOGE-USD,0.0,0,0.0,0,0.0,0.0,-0.56,0.0
2021-05-27,DOGE-USD,0.0,0,0.0,0,0.0,0.0,-0.45999999999999996,0.0
2021-05-28,DOGE-USD,0.0,0,0.0,0,0.0,0.0,-0.5800000000000001,0.0
2021-05-29,DOGE-USD,0.0,0,0.0,0,0.0,0.0,-0.64,0.0
2021-05-30,DOGE-USD,0.0,0,0.0,0,0.0,0.0,-0.8,0.0
2021-05-31,DOGE-USD,0.0,0,0.0,0,0.0,0.0,-0.64,0.0
2021-06-01,DOGE-USD,0.0,0,0.0,0,0.0,0.0,-0.6,0.0
2021-06-02,DOGE-USD,0.0,0,0.0,0,0.0,0.0,-0.54,0.0
2021-06-03,DOGE-USD,0.0,0,0.0,0,0.0,0.0,-0.52,0.0
2021-06-04,DOGE-USD,0.0,0,0.0,0,0.0,0.0,-0.45999999999999996,0.0
2021-06-05,DOGE-USD,0.0,0,0.0,0,0.0,0.0,-0.52,0.0
2021-06-06,DOGE-USD,0.0,0,0.0,0,0.0,0.0,-0.6599999999999999,0.0
2021-06-07,DOGE-USD,0.0,0,0.0,0,0.0,0.0,-0.7,0.0
2021-06-08,DOGE-USD,0.0,0,0.0,0,0.0,0.0,-0.74,0.0
2021-06-09,DOGE-USD,0.0,0,0.0,0,0.0,0.0,-0.72,0.0
2021-06-10,DOGE-USD,0.0,0,0.0,0,0.0,0.0,-0.5800000000000001,0.0
2021-06-11,DOGE-USD,0.0,0,0.0,0,0.0,0.0,-0.5800000000000001,0.0
2021-06-12,DOGE-USD,0.0,0,0.0,0,0.0,0.0,-0.43999999999999995,0.0
2021-06-13,DOGE-USD,0.0,0,0.0,0,0.0,0.0,-0.54,0.0
2021-06-14,DOGE-USD,0.0,0,0.0,0,0.0,0.0,-0.43999999999999995,0.0
2021-06-15,DOGE-USD,0.0,0,0.0,0,0.0,0.0,-0.24,0.0
2021-06-16,DOGE-USD,0.0,0,0.0,0,0.0,0.0,-0.33999999999999997,0.0
2021-06-17,DOGE-USD,0.0,0,0.0,0,0.0,0.0,-0.48,0.0
2021-06-18,DOGE-USD,0.0,0,0.0,0,0.0,0.0,-0.5,0.0
2021-06-19,DOGE-USD,0.0,0,0.0,0,0.0,0.0,-0.54,0.0
2021-06-20,DOGE-USD,0.0,0,0.0,0,0.0,0.0,-0.5800000000000001,0.0
2021-06-21,DOGE-USD,0.0,0,0.0,0,0.0,0.0,-0.54,0.0
2021-06-22,DOGE-USD,0.0,0,0.0,0,0.0,0.0,-0.8,0.0
2021-06-23,DOGE-USD,0.0,0,0.0,0,0.0,0.0,-0.72,0.0
2021-06-24,DOGE-USD,0.0,0,0.0,0,0.0,0.0,-0.56,0.0
2021-06-25,DOGE-USD,0.0,0,0.0,0,0.0,0.0,-0.45999999999999996,0.0
2021-06-26,DOGE-USD,0.0,0,0.0,0,0.0,0.0,-0.6,0.0
2021-06-27,DOGE-USD,0.0,0,0.0,0,0.0,0.0,-0.56,0.0
2021-06-28,DOGE-USD,0.0,0,0.0,0,0.0,0.0,-0.5,0.0
2021-06-29,DOGE-USD,0.0,0,0.0,0,0.0,0.0,-0.5,0.0
2021-06-30,DOGE-USD,0.0,0,0.0,0,0.0,0.0,-0.43999999999999995,0.0
2021-07-01,DOGE-USD,0.0,0,0.0,0,0.0,0.0,-0.43999999999999995,0.0
2021-07-02,DOGE-USD,0.0,0,0.0,0,0.0,0.0,-0.5800000000000001,0.0
2021-07-03,DOGE-USD,0.0,0,0.0,0,0.0,0.0,-0.52,0.0
2021-07-04,DOGE-USD,0.0,0,0.0,0,0.0,0.0,-0.45999999999999996,0.0
2021-07-05,DOGE-USD,0.0,0,0.0,0,0.0,0.0,-0.42000000000000004,0.0
2021-07-06,DOGE-USD,0.0,0,0.0,0,0.0,0.0,-0.6,0.0
2021-07-07,DOGE-USD,0.0,0,0.0,0,0.0,0.0,-0.43999999999999995,0.0
2021-07-08,DOGE-USD,0.0,0,0.0,0,0.0,0.0,-0.6,0.0
2021-07-09,DOGE-USD,0.0,0,0.0,0,0.0,0.0,-0.6,0.0
2021-07-10,DOGE-USD,0.0,0,0.0,0,0.0,0.0,-0.6,0.0
2021-07-11,DOGE-USD,0.0,0,0.0,0,0.0,0.0,-0.6,0.0
2021-07-12,DOGE-USD,0.0,0,0.0,0,0.0,0.0,-0.5,0.0
2021-07-13,DOGE-USD,0.0,0,0.0,0,0.0,0.0,-0.6,0.0
2021-07-14,DOGE-USD,0.0,0,0.0,0,0.0,0.0,-0.5800000000000001,0.0
2021-07-15,DOGE-USD,0.0,0,0.0,0,0.0,0.0,-0.6,0.0
2021-07-16,DOGE-USD,0.0,0,0.0,0,0.0,0.0,-0.56,0.0
2021-07-17,DOGE-USD,0.0,0,0.0,0,0.0,0.0,-0.7,0.0
2021-07-18,DOGE-USD,0.0,0,0.0,0,0.0,0.0,-0.62,0.0
2021-07-19,DOGE-USD,0.0,0,0.0,0,0.0,0.0,-0.52,0.0
2021-07-20,DOGE-USD,0.0,0,0.0,0,0.0,0.0,-0.62,0.0
2021-07-21,DOGE-USD,0.0,0,0.0,0,0.0,0.0,-0.8,0.0
2021-07-22,DOGE-USD,0.0,0,0.0,0,0.0,0.0,-0.5800000000000001,0.0
2021-07-23,DOGE-USD,0.0,0,0.0,0,0.0,0.0,-0.54,0.0
2021-07-24,DOGE-USD,0.0,0,0.0,0,0.0,0.0,-0.56,0.0
2021-07-25,DOGE-USD,0.0,0,0.0,0,0.0,0.0,-0.45999999999999996,0.0
2021-07-26,DOGE-USD,0.0,0,0.0,0,0.0,0.0,-0.48,0.0
2021-07-27,DOGE-USD,0.0,0,0.0,0,0.0,0.0,-0.36,0.0
2021-07-28,DOGE-USD,0.0,0,0.0,0,0.0,0.0,0.0,0.0
2021-07-29,DOGE-USD,0.0,0,0.0,0,0.0,0.0,0.0,0.0
2021-07-30,DOGE-USD,0.0,0,0.0,0,0.0,0.0,0.06000000000000005,0.0
2021-07-31,DOGE-USD,0.0,0,0.0,0,0.0,0.0,0.19999999999999996,0.0
2021-08-01,DOGE-USD,0.0,0,0.0,0,0.0,0.0,0.19999999999999996,0.0
2021-08-02,DOGE-USD,0.0,0,0.0,0,0.0,0.0,-0.040000000000000036,0.0
2021-08-03,DOGE-USD,0.0,0,0.0,0,0.0,0.0,-0.040000000000000036,0.0
2021-08-04,DOGE-USD,0.0,0,0.0,0,0.0,0.0,-0.16000000000000003,0.0
2021-08-05,DOGE-USD,0.0,0,0.0,0,0.0,0.0,0.0,0.0
2021-08-06,DOGE-USD,0.0,0,0.0,0,0.0,0.0,0.040000000000000036,0.0
2021-08-07,DOGE-USD,0.0,0,0.0,0,0.0,0.0,0.3799999999999999,0.0
2021-08-08,DOGE-USD,0.0,0,0.0,0,0.0,0.0,0.48,0.0
2021-08-09,DOGE-USD,0.0,0,0.0,0,0.0,0.0,0.30000000000000004,0.0
2021-08-10,DOGE-USD,0.0,0,0.0,0,0.0,0.0,0.41999999999999993,0.0
2021-08-11,DOGE-USD,0.0,0,0.0,0,0.0,0.0,0.3999999999999999,0.0
2021-08-12,DOGE-USD,0.0,0,0.0,0,0.0,0.0,0.3999999999999999,0.0
2021-08-13,DOGE-USD,0.0,0,0.0,0,0.0,0.0,0.3999999999999999,0.0
2021-08-14,DOGE-USD,0.0,0,0.0,0,0.0,0.0,0.52,0.0
2021-08-15,DOGE-USD,0.0,0,0.0,0,0.0,0.0,0.41999999999999993,0.0
2021-08-16,DOGE-USD,0.0,0,0.0,0,0.0,0.0,0.43999999999999995,0.0
2021-08-17,DOGE-USD,0.0,0,0.0,0,0.0,0.0,0.43999999999999995,0.0
2021-08-18,DOGE-USD,0.0,0,0.0,0,0.0,0.0,0.45999999999999996,0.0
2021-08-19,DOGE-USD,0.0,0,0.0,0,0.0,0.0,0.3999999999999999,0.0
2021-08-20,DOGE-USD,0.0,0,0.0,0,0.0,0.0,0.3999999999999999,0.0
2021-08-21,DOGE-USD,0.0,0,0.0,0,0.0,0.0,0.56,0.0
2021-08-22,DOGE-USD,0.0,0,0.0,0,0.0,0.0,0.52,0.0
2021-08-23,DOGE-USD,0.0,0,0.0,0,0.0,0.0,0.5800000000000001,0.0
2021-08-24,DOGE-USD,0.0,0,0.0,0,0.0,0.0,0.5800000000000001,0.0
2021-08-25,DOGE-USD,0.0,0,0.0,0,0.0,0.0,0.45999999999999996,0.0
2021-08-26,DOGE-USD,0.0,0,0.0,0,0.0,0.0,0.5,0.0
2021-08-27,DOGE-USD,0.0,0,0.0,0,0.0,0.0,0.41999999999999993,0.0
2021-08-28,DOGE-USD,0.0,0,0.0,0,0.0,0.0,0.56,0.0
2021-08-29,DOGE-USD,0.0,0,0.0,0,0.0,0.0,0.43999999999999995,0.0
2021-08-30,DOGE-USD,0.0,0,0.0,0,0.0,0.0,0.45999999999999996,0.0
2021-08-31,DOGE-USD,0.0,0,0.0,0,0.0,0.0,0.45999999999999996,0.0
2021-09-01,DOGE-USD,0.0,0,0.0,0,0.0,0.0,0.41999999999999993,0.0
2021-09-02,DOGE-USD,0.0,0,0.0,0,0.0,0.0,0.48,0.0
2021-09-03,DOGE-USD,0.0,0,0.0,0,0.0,0.0,0.48,0.0
2021-09-04,DOGE-USD,0.0,0,0.0,0,0.0,0.0,0.43999999999999995,0.0
2021-09-05,DOGE-USD,0.0,0,0.0,0,0.0,0.0,0.45999999999999996,0.0
2021-09-06,DOGE-USD,0.0,0,0.0,0,0.0,0.0,0.5800000000000001,0.0
2021-09-07,DOGE-USD,0.0,0,0.0,0,0.0,0.0,0.5800000000000001,0.0
2021-09-08,DOGE-USD,0.0,0,0.0,0,0.0,0.0,-0.06000000000000005,0.0
2021-09-09,DOGE-USD,0.0,0,0.0,0,0.0,0.0,-0.09999999999999998,0.0
2021-09-10,DOGE-USD,0.0,0,0.0,0,0.0,0.0,-0.07999999999999996,0.0
2021-09-11,DOGE-USD,0.0,0,0.0,0,0.0,0.0,-0.38,0.0
2021-09-12,DOGE-USD,0.0,0,0.0,0,0.0,0.0,-0.36,0.0
2021-09-13,DOGE-USD,0.0,0,0.0,0,0.0,0.0,-0.12,0.0
2021-09-14,DOGE-USD,0.0,0,0.0,0,0.0,0.0,-0.4,0.0
2021-09-15,DOGE-USD,0.0,0,0.0,0,0.0,0.0,-0.020000000000000018,0.0
2021-09-16,DOGE-USD,0.0,0,0.0,0,0.0,0.0,0.06000000000000005,0.0
2021-09-17,DOGE-USD,0.0,0,0.0,0,0.0,0.0,-0.040000000000000036,0.0
2021-09-18,DOGE-USD,0.0,0,0.0,0,0.0,0.0,0.0,0.0
2021-09-19,DOGE-USD,0.0,0,0.0,0,0.0,0.0,0.06000000000000005,0.0
2021-09-20,DOGE-USD,0.0,0,0.0,0,0.0,0.0,0.0,0.0
2021-09-21,DOGE-USD,0.0,0,0.0,0,0.0,0.0,-0.45999999999999996,0.0
2021-09-22,DOGE-USD,0.0,0,0.0,0,0.0,0.0,-0.5800000000000001,0.0
2021-09-23,DOGE-USD,0.0,0,0.0,0,0.0,0.0,-0.45999999999999996,0.0
2021-09-24,DOGE-USD,0.0,0,0.0,0,0.0,0.0,-0.33999999999999997,0.0
2021-09-25,DOGE-USD,0.0,0,0.0,0,0.0,0.0,-0.43999999999999995,0.0
2021-09-26,DOGE-USD,0.0,0,0.0,0,0.0,0.0,-0.45999999999999996,0.0
2021-09-27,DOGE-USD,0.0,0,0.0,0,0.0,0.0,-0.48,0.0
2021-09-28,DOGE-USD,0.0,0,0.0,0,0.0,0.0,-0.5,0.0
2021-09-29,DOGE-USD,0.0,0,0.0,0,0.0,0.0,-0.52,0.0
2021-09-30,DOGE-USD,0.0,0,0.0,0,0.0,0.0,-0.6,0.0
2021-10-01,DOGE-USD,0.0,0,0.0,0,0.0,0.0,-0.45999999999999996,0.0
2021-10-02,DOGE-USD,0.0,0,0.0,0,0.0,0.0,0.08000000000000007,0.0
2021-10-03,DOGE-USD,0.0,0,0.0,0,0.0,0.0,-0.020000000000000018,0.0
2021-10-04,DOGE-USD,0.0,0,0.0,0,0.0,0.0,0.08000000000000007,0.0
2021-10-05,DOGE-USD,0.0,0,0.0,0,0.0,0.0,0.17999999999999994,0.0
2021-10-06,DOGE-USD,0.0,0,0.0,0,0.0,0.0,0.3600000000000001,0.0
2021-10-07,DOGE-USD,0.0,0,0.0,0,0.0,0.0,0.52,0.0
2021-10-08,DOGE-USD,0.0,0,0.0,0,0.0,0.0,0.48,0.0
2021-10-09,DOGE-USD,0.0,0,0.0,0,0.0,0.0,0.43999999999999995,0.0
2021-10-10,DOGE-USD,0.0,0,0.0,0,0.0,0.0,0.41999999999999993,0.0
2021-10-11,DOGE-USD,0.0,0,0.0,0,0.0,0.0,0.41999999999999993,0.0
2021-10-12,DOGE-USD,0.0,0,0.0,0,0.0,0.0,0.56,0.0
2021-10-13,DOGE-USD,0.0,0,0.0,0,0.0,0.0,0.3999999999999999,0.0
2021-10-14,DOGE-USD,0.0,0,0.0,0,0.0,0.0,0.3999999999999999,0.0
2021-10-15,DOGE-USD,0.0,0,0.0,0,0.0,0.0,0.41999999999999993,0.0
2021-10-16,DOGE-USD,0.0,0,0.0,0,0.0,0.0,0.56,0.0
2021-10-17,DOGE-USD,0.0,0,0.0,0,0.0,0.0,0.5800000000000001,0.0
2021-10-18,DOGE-USD,0.0,0,0.0,0,0.0,0.0,0.56,0.0
2021-10-19,DOGE-USD,0.0,0,0.0,0,0.0,0.0,0.5,0.0
2021-10-20,DOGE-USD,0.0,0,0.0,0,0.0,0.0,0.6399999999999999,0.0
2021-10-21,DOGE-USD,0.0,0,0.0,0,0.0,0.0,0.6799999999999999,0.0
2021-10-22,DOGE-USD,0.0,0,0.0,0,0.0,0.0,0.5,0.0
2021-10-23,DOGE-USD,0.0,0,0.0,0,0.0,0.0,0.48,0.0
2021-10-24,DOGE-USD,0.0,0,0.0,0,0.0,0.0,0.45999999999999996,0.0
2021-10-25,DOGE-USD,0.0,0,0.0,0,0.0,0.0,0.43999999999999995,0.0
2021-10-26,DOGE-USD,0.0,0,0.0,0,0.0,0.0,0.52,0.0
2021-10-27,DOGE-USD,0.0,0,0.0,0,0.0,0.0,0.45999999999999996,0.0
2021-10-28,DOGE-USD,0.0,0,0.0,0,0.0,0.0,0.32000000000000006,0.0
2021-10-29,DOGE-USD,0.0,0,0.0,0,0.0,0.0,0.3999999999999999,0.0
2021-10-30,DOGE-USD,0.0,0,0.0,0,0.0,0.0,0.45999999999999996,0.0
2021-10-31,DOGE-USD,0.0,0,0.0,0,0.0,0.0,0.48,0.0
2021-11-01,DOGE-USD,0.0,0,0.0,0,0.0,0.0,0.48,0.0
2021-11-02,DOGE-USD,0.0,0,0.0,0,0.0,0.0,0.45999999999999996,0.0
2021-11-03,DOGE-USD,0.0,0,0.0,0,0.0,0.0,0.52,0.0
2021-11-04,DOGE-USD,0.0,0,0.0,0,0.0,0.0,0.45999999999999996,0.0
2021-11-05,DOGE-USD,0.0,0,0.0,0,0.0,0.0,0.45999999999999996,0.0
2021-11-06,DOGE-USD,0.0,0,0.0,0,0.0,0.0,0.41999999999999993,0.0
2021-11-07,DOGE-USD,0.0,0,0.0,0,0.0,0.0,0.45999999999999996,0.0
2021-11-08,DOGE-USD,0.0,0,0.0,0,0.0,0.0,0.5,0.0
2021-11-09,DOGE-USD,0.0,0,0.0,0,0.0,0.0,0.6799999999999999,0.0
2021-11-10,DOGE-USD,0.0,0,0.0,0,0.0,0.0,0.5,0.0
2021-11-11,DOGE-USD,0.0,0,0.0,0,0.0,0.0,0.54,0.0
2021-11-12,DOGE-USD,0.0,0,0.0,0,0.0,0.0,0.48,0.0
2021-11-13,DOGE-USD,0.0,0,0.0,0,0.0,0.0,0.43999999999999995,0.0
2021-11-14,DOGE-USD,0.0,0,0.0,0,0.0,0.0,0.48,0.0
2021-11-15,DOGE-USD,0.0,0,0.0,0,0.0,0.0,0.43999999999999995,0.0
2021-11-16,DOGE-USD,0.0,0,0.0,0,0.0,0.0,0.41999999999999993,0.0
2021-11-17,DOGE-USD,0.0,0,0.0,0,0.0,0.0,0.040000000000000036,0.0
2021-11-18,DOGE-USD,0.0,0,0.0,0,0.0,0.0,0.08000000000000007,0.0
2021-11-19,DOGE-USD,0.0,0,0.0,0,0.0,0.0,-0.31999999999999995,0.0
2021-11-20,DOGE-USD,0.0,0,0.0,0,0.0,0.0,-0.14,0.0
2021-11-21,DOGE-USD,0.0,0,0.0,0,0.0,0.0,-0.020000000000000018,0.0
2021-11-22,DOGE-USD,0.0,0,0.0,0,0.0,0.0,0.0,0.0
2021-11-23,DOGE-USD,0.0,0,0.0,0,0.0,0.0,-0.33999999999999997,0.0
2021-11-24,DOGE-USD,0.0,0,0.0,0,0.0,0.0,-0.16000000000000003,0.0
2021-11-25,DOGE-USD,0.0,0,0.0,0,0.0,0.0,-0.36,0.0
2021-11-26,DOGE-USD,0.0,0,0.0,0,0.0,0.0,-0.06000000000000005,0.0
2021-11-27,DOGE-USD,0.0,0,0.0,0,0.0,0.0,-0.5800000000000001,0.0
2021-11-28,DOGE-USD,0.0,0,0.0,0,0.0,0.0,-0.45999999999999996,0.0
2021-11-29,DOGE-USD,0.0,0,0.0,0,0.0,0.0,-0.33999999999999997,0.0
2021-11-30,DOGE-USD,0.0,0,0.0,0,0.0,0.0,-0.19999999999999996,0.0
2021-12-01,DOGE-USD,0.0,0,0.0,0,0.0,0.0,-0.31999999999999995,0.0
2021-12-02,DOGE-USD,0.0,0,0.0,0,0.0,0.0,-0.36,0.0
2021-12-03,DOGE-USD,0.0,0,0.0,0,0.0,0.0,-0.38,0.0
2021-12-04,DOGE-USD,0.0,0,0.0,0,0.0,0.0,-0.5,0.0
2021-12-05,DOGE-USD,0.0,0,0.0,0,0.0,0.0,-0.64,0.0
2021-12-06,DOGE-USD,0.0,0,0.0,0,0.0,0.0,-0.6799999999999999,0.0
2021-12-07,DOGE-USD,0.0,0,0.0,0,0.0,0.0,-0.5,0.0
2021-12-08,DOGE-USD,0.0,0,0.0,0,0.0,0.0,-0.43999999999999995,0.0
2021-12-09,DOGE-USD,0.0,0,0.0,0,0.0,0.0,-0.42000000000000004,0.0
2021-12-10,DOGE-USD,0.0,0,0.0,0,0.0,0.0,-0.52,0.0
2021-12-11,DOGE-USD,0.0,0,0.0,0,0.0,0.0,-0.6799999999999999,0.0
2021-12-12,DOGE-USD,0.0,0,0.0,0,0.0,0.0,-0.45999999999999996,0.0
2021-12-13,DOGE-USD,0.0,0,0.0,0,0.0,0.0,-0.43999999999999995,0.0
2021-12-14,DOGE-USD,0.0,0,0.0,0,0.0,0.0,-0.5800000000000001,0.0
2021-12-15,DOGE-USD,0.0,0,0.0,0,0.0,0.0,-0.43999999999999995,0.0
2021-12-16,DOGE-USD,0.0,0,0.0,0,0.0,0.0,-0.42000000000000004,0.0
2021-12-17,DOGE-USD,0.0,0,0.0,0,0.0,0.0,-0.54,0.0
2021-12-18,DOGE-USD,0.0,0,0.0,0,0.0,0.0,-0.52,0.0
2021-12-19,DOGE-USD,0.0,0,0.0,0,0.0,0.0,-0.42000000000000004,0.0
2021-12-20,DOGE-USD,0.0,0,0.0,0,0.0,0.0,-0.5,0.0
2021-12-21,DOGE-USD,0.0,0,0.0,0,0.0,0.0,-0.45999999999999996,0.0
2021-12-22,DOGE-USD,0.0,0,0.0,0,0.0,0.0,-0.09999999999999998,0.0
2021-12-23,DOGE-USD,0.0,0,0.0,0,0.0,0.0,-0.31999999999999995,0.0
2021-12-24,DOGE-USD,0.0,0,0.0,0,0.0,0.0,-0.18000000000000005,0.0
2021-12-25,DOGE-USD,0.0,0,0.0,0,0.0,0.0,-0.21999999999999997,0.0
2021-12-26,DOGE-USD,0.0,0,0.0,0,0.0,0.0,-0.26,0.0
2021-12-27,DOGE-USD,0.0,0,0.0,0,0.0,0.0,-0.19999999999999996,0.0
2021-12-28,DOGE-USD,0.0,0,0.0,0,0.0,0.0,-0.18000000000000005,0.0
2021-12-29,DOGE-USD,0.0,0,0.0,0,0.0,0.0,-0.45999999999999996,0.0
2021-12-30,DOGE-USD,0.0,0,0.0,0,0.0,0.0,-0.56,0.0
2021-12-31,DOGE-USD,0.0,0,0.0,0,0.0,0.0,-0.43999999999999995,0.0
2022-01-01,DOGE-USD,0.0,0,0.0,0,0.0,0.0,-0.5800000000000001,0.0
2022-01-02,DOGE-USD,0.0,0,0.0,0,0.0,0.0,-0.42000000000000004,0.0
2022-01-03,DOGE-USD,0.0,0,0.0,0,0.0,0.0,-0.42000000000000004,0.0
2022-01-04,DOGE-USD,0.0,0,0.0,0,0.0,0.0,-0.54,0.0
2022-01-05,DOGE-USD,0.0,0,0.0,0,0.0,0.0,-0.52,0.0
2022-01-06,DOGE-USD,0.0,0,0.0,0,0.0,0.0,-0.7,0.0
2022-01-07,DOGE-USD,0.0,0,0.0,0,0.0,0.0,-0.64,0.0
2022-01-08,DOGE-USD,0.0,0,0.0,0,0.0,0.0,-0.8,0.0
2022-01-09,DOGE-USD,0.0,0,0.0,0,0.0,0.0,-0.54,0.0
2022-01-10,DOGE-USD,0.0,0,0.0,0,0.0,0.0,-0.54,0.0
2022-01-11,DOGE-USD,0.0,0,0.0,0,0.0,0.0,-0.5800000000000001,0.0
2022-01-12,DOGE-USD,0.0,0,0.0,0,0.0,0.0,-0.56,0.0
2022-01-13,DOGE-USD,0.0,0,0.0,0,0.0,0.0,-0.5800000000000001,0.0
2022-01-14,DOGE-USD,0.0,0,0.0,0,0.0,0.0,-0.5800000000000001,0.0
2022-01-15,DOGE-USD,0.0,0,0.0,0,0.0,0.0,-0.54,0.0
2022-01-16,DOGE-USD,0.0,0,0.0,0,0.0,0.0,-0.5800000000000001,0.0
2022-01-17,DOGE-USD,0.0,0,0.0,0,0.0,0.0,-0.56,0.0
2022-01-18,DOGE-USD,0.0,0,0.0,0,0.0,0.0,-0.52,0.0
2022-01-19,DOGE-USD,0.0,0,0.0,0,0.0,0.0,-0.52,0.0
2022-01-20,DOGE-USD,0.0,0,0.0,0,0.0,0.0,-0.52,0.0
2022-01-21,DOGE-USD,0.0,0,0.0,0,0.0,0.0,-0.62,0.0
2022-01-22,DOGE-USD,0.0,0,0.0,0,0.0,0.0,-0.74,0.0
2022-01-23,DOGE-USD,0.0,0,0.0,0,0.0,0.0,-0.78,0.0
2022-01-24,DOGE-USD,0.0,0,0.0,0,0.0,0.0,-0.74,0.0
2022-01-25,DOGE-USD,0.0,0,0.0,0,0.0,0.0,-0.76,0.0
2022-01-26,DOGE-USD,0.0,0,0.0,0,0.0,0.0,-0.54,0.0
2022-01-27,DOGE-USD,0.0,0,0.0,0,0.0,0.0,-0.6,0.0
2022-01-28,DOGE-USD,0.0,0,0.0,0,0.0,0.0,-0.52,0.0
2022-01-29,DOGE-USD,0.0,0,0.0,0,0.0,0.0,-0.52,0.0
2022-01-30,DOGE-USD,0.0,0,0.0,0,0.0,0.0,-0.42000000000000004,0.0
2022-01-31,DOGE-USD,0.0,0,0.0,0,0.0,0.0,-0.6,0.0
2022-02-01,DOGE-USD,0.0,0,0.0,0,0.0,0.0,-0.48,0.0
2022-02-02,DOGE-USD,0.0,0,0.0,0,0.0,0.0,-0.43999999999999995,0.0
2022-02-03,DOGE-USD,0.0,0,0.0,0,0.0,0.0,-0.6,0.0
2022-02-04,DOGE-USD,0.0,0,0.0,0,0.0,0.0,-0.6,0.0
2022-02-05,DOGE-USD,0.0,0,0.0,0,0.0,0.0,-0.33999999999999997,0.0
2022-02-06,DOGE-USD,0.0,0,0.0,0,0.0,0.0,-0.26,0.0
2022-02-07,DOGE-USD,0.0,0,0.0,0,0.0,0.0,-0.09999999999999998,0.0
2022-02-08,DOGE-USD,0.0,0,0.0,0,0.0,0.0,-0.040000000000000036,0.0
2022-02-09,DOGE-USD,0.0,0,0.0,0,0.0,0.0,0.08000000000000007,0.0
2022-02-10,DOGE-USD,0.0,0,0.0,0,0.0,0.0,0.0,0.0
2022-02-11,DOGE-USD,0.0,0,0.0,0,0.0,0.0,0.0,0.0
2022-02-12,DOGE-USD,0.0,0,0.0,0,0.0,0.0,-0.12,0.0
2022-02-13,DOGE-USD,0.0,0,0.0,0,0.0,0.0,-0.12,0.0
2022-02-14,DOGE-USD,0.0,0,0.0,0,0.0,0.0,-0.07999999999999996,0.0
2022-02-15,DOGE-USD,0.0,0,0.0,0,0.0,0.0,-0.07999999999999996,0.0
2022-02-16,DOGE-USD,0.0,0,0.0,0,0.0,0.0,0.020000000000000018,0.0
2022-02-17,DOGE-USD,0.0,0,0.0,0,0.0,0.0,0.040000000000000036,0.0
2022-02-18,DOGE-USD,0.0,0,0.0,0,0.0,0.0,-0.4,0.0
2022-02-19,DOGE-USD,0.0,0,0.0,0,0.0,0.0,-0.5,0.0
2022-02-20,DOGE-USD,0.0,0,0.0,0,0.0,0.0,-0.45999999999999996,0.0
2022-02-21,DOGE-USD,0.0,0,0.0,0,0.0,0.0,-0.5,0.0
2022-02-22,DOGE-USD,0.0,0,0.0,0,0.0,0.0,-0.6,0.0
2022-02-23,DOGE-USD,0.0,0,0.0,0,0.0,0.0,-0.5,0.0
2022-02-24,DOGE-USD,0.0,0,0.0,0,0.0,0.0,-0.54,0.0
2022-02-25,DOGE-USD,0.0,0,0.0,0,0.0,0.0,-0.45999999999999996,0.0
2022-02-26,DOGE-USD,0.0,0,0.0,0,0.0,0.0,-0.48,0.0
2022-02-27,DOGE-USD,0.0,0,0.0,0,0.0,0.0,-0.48,0.0
2022-02-28,DOGE-USD,0.0,0,0.0,0,0.0,0.0,-0.6,0.0
2022-03-01,DOGE-USD,0.0,0,0.0,0,0.0,0.0,0.020000000000000018,0.0
2022-03-02,DOGE-USD,0.0,0,0.0,0,0.0,0.0,0.040000000000000036,0.0
2022-03-03,DOGE-USD,0.0,0,0.0,0,0.0,0.0,-0.21999999999999997,0.0
2022-03-04,DOGE-USD,0.0,0,0.0,0,0.0,0.0,-0.33999999999999997,0.0
2022-03-05,DOGE-USD,0.0,0,0.0,0,0.0,0.0,-0.56,0.0
2022-03-06,DOGE-USD,0.0,0,0.0,0,0.0,0.0,-0.56,0.0
2022-03-07,DOGE-USD,0.0,0,0.0,0,0.0,0.0,-0.54,0.0
2022-03-08,DOGE-USD,0.0,0,0.0,0,0.0,0.0,-0.5800000000000001,0.0
2022-03-09,DOGE-USD,0.0,0,0.0,0,0.0,0.0,-0.56,0.0
2022-03-10,DOGE-USD,0.0,0,0.0,0,0.0,0.0,-0.43999999999999995,0.0
2022-03-11,DOGE-USD,0.0,0,0.0,0,0.0,0.0,-0.56,0.0
2022-03-12,DOGE-USD,0.0,0,0.0,0,0.0,0.0,-0.56,0.0
2022-03-13,DOGE-USD,0.0,0,0.0,0,0.0,0.0,-0.5800000000000001,0.0
2022-03-14,DOGE-USD,0.0,0,0.0,0,0.0,0.0,-0.54,0.0
2022-03-15,DOGE-USD,0.0,0,0.0,0,0.0,0.0,-0.5800000000000001,0.0
2022-03-16,DOGE-USD,0.0,0,0.0,0,0.0,0.0,-0.52,0.0
2022-03-17,DOGE-USD,0.0,0,0.0,0,0.0,0.0,-0.45999999999999996,0.0
2022-03-18,DOGE-USD,0.0,0,0.0,0,0.0,0.0,-0.5,0.0
2022-03-19,DOGE-USD,0.0,0,0.0,0,0.0,0.0,-0.43999999999999995,0.0
2022-03-20,DOGE-USD,0.0,0,0.0,0,0.0,0.0,-0.38,0.0
2022-03-21,DOGE-USD,0.0,0,0.0,0,0.0,0.0,-0.4,0.0
2022-03-22,DOGE-USD,0.0,0,0.0,0,0.0,0.0,-0.48,0.0
2022-03-23,DOGE-USD,0.0,0,0.0,0,0.0,0.0,-0.38,0.0
2022-03-24,DOGE-USD,0.0,0,0.0,0,0.0,0.0,-0.19999999999999996,0.0
2022-03-25,DOGE-USD,0.0,0,0.0,0,0.0,0.0,-0.06000000000000005,0.0
2022-03-26,DOGE-USD,0.0,0,0.0,0,0.0,0.0,0.020000000000000018,0.0
2022-03-27,DOGE-USD,0.0,0,0.0,0,0.0,0.0,-0.020000000000000018,0.0
2022-03-28,DOGE-USD,0.0,0,0.0,0,0.0,0.0,0.19999999999999996,0.0
2022-03-29,DOGE-USD,0.0,0,0.0,0,0.0,0.0,0.1200000000000001,0.0
2022-03-30,DOGE-USD,0.0,0,0.0,0,0.0,0.0,0.10000000000000009,0.0
2022-03-31,DOGE-USD,0.0,0,0.0,0,0.0,0.0,0.040000000000000036,0.0
2022-04-01,DOGE-USD,0.0,0,0.0,0,0.0,0.0,0.0,0.0
2022-04-02,DOGE-USD,0.0,0,0.0,0,0.0,0.0,0.040000000000000036,0.0
2022-04-03,DOGE-USD,0.0,0,0.0,0,0.0,0.0,-0.040000000000000036,0.0
2022-04-04,DOGE-USD,0.0,0,0.0,0,0.0,0.0,0.040000000000000036,0.0
2022-04-05,DOGE-USD,0.0,0,0.0,0,0.0,0.0,0.06000000000000005,0.0
2022-04-06,DOGE-USD,0.0,0,0.0,0,0.0,0.0,-0.040000000000000036,0.0
2022-04-07,DOGE-USD,0.0,0,0.0,0,0.0,0.0,-0.31999999999999995,0.0
2022-04-08,DOGE-USD,0.0,0,0.0,0,0.0,0.0,-0.26,0.0
2022-04-09,DOGE-USD,0.0,0,0.0,0,0.0,0.0,-0.4,0.0
2022-04-10,DOGE-USD,0.0,0,0.0,0,0.0,0.0,-0.31999999999999995,0.0
2022-04-11,DOGE-USD,0.0,0,0.0,0,0.0,0.0,-0.36,0.0
2022-04-12,DOGE-USD,0.0,0,0.0,0,0.0,0.0,-0.6,0.0
2022-04-13,DOGE-USD,0.0,0,0.0,0,0.0,0.0,-0.5,0.0
2022-04-14,DOGE-USD,0.0,0,0.0,0,0.0,0.0,-0.43999999999999995,0.0
2022-04-15,DOGE-USD,0.0,0,0.0,0,0.0,0.0,-0.56,0.0
2022-04-16,DOGE-USD,0.0,0,0.0,0,0.0,0.0,-0.43999999999999995,0.0
2022-04-17,DOGE-USD,0.0,0,0.0,0,0.0,0.0,-0.43999999999999995,0.0
2022-04-18,DOGE-USD,0.0,0,0.0,0,0.0,0.0,-0.52,0.0
2022-04-19,DOGE-USD,0.0,0,0.0,0,0.0,0.0,-0.45999999999999996,0.0
2022-04-20,DOGE-USD,0.0,0,0.0,0,0.0,0.0,-0.45999999999999996,0.0
2022-04-21,DOGE-USD,0.0,0,0.0,0,0.0,0.0,-0.45999999999999996,0.0
2022-04-22,DOGE-USD,0.0,0,0.0,0,0.0,0.0,-0.48,0.0
2022-04-23,DOGE-USD,0.0,0,0.0,0,0.0,0.0,-0.52,0.0
2022-04-24,DOGE-USD,0.0,0,0.0,0,0.0,0.0,-0.52,0.0
2022-04-25,DOGE-USD,0.0,0,0.0,0,0.0,0.0,-0.54,0.0
2022-04-26,DOGE-USD,0.0,0,0.0,0,0.0,0.0,-0.45999999999999996,0.0
2022-04-27,DOGE-USD,0.0,0,0.0,0,0.0,0.0,-0.5800000000000001,0.0
2022-04-28,DOGE-USD,0.0,0,0.0,0,0.0,0.0,-0.52,0.0
2022-04-29,DOGE-USD,0.0,0,0.0,0,0.0,0.0,-0.54,0.0
2022-04-30,DOGE-USD,0.0,0,0.0,0,0.0,0.0,-0.6,0.0
2022-05-01,DOGE-USD,0.0,0,0.0,0,0.0,0.0,-0.56,0.0
2022-05-02,DOGE-USD,0.0,0,0.0,0,0.0,0.0,-0.43999999999999995,0.0
2022-05-03,DOGE-USD,0.0,0,0.0,0,0.0,0.0,-0.45999999999999996,0.0
2022-05-04,DOGE-USD,0.0,0,0.0,0,0.0,0.0,-0.5800000000000001,0.0
2022-05-05,DOGE-USD,0.0,0,0.0,0,0.0,0.0,-0.45999999999999996,0.0
2022-05-06,DOGE-USD,0.0,0,0.0,0,0.0,0.0,-0.56,0.0
2022-05-07,DOGE-USD,0.0,0,0.0,0,0.0,0.0,-0.54,0.0
2022-05-08,DOGE-USD,0.0,0,0.0,0,0.0,0.0,-0.64,0.0
2022-05-09,DOGE-USD,0.0,0,0.0,0,0.0,0.0,-0.78,0.0
2022-05-10,DOGE-USD,0.0,0,0.0,0,0.0,0.0,-0.8,0.0
2022-05-11,DOGE-USD,0.0,0,0.0,0,0.0,0.0,-0.76,0.0
2022-05-12,DOGE-USD,0.0,0,0.0,0,0.0,0.0,-0.76,0.0
2022-05-13,DOGE-USD,0.0,0,0.0,0,0.0,0.0,-0.8,0.0
2022-05-14,DOGE-USD,0.0,0,0.0,0,0.0,0.0,-0.8200000000000001,0.0
2022-05-15,DOGE-USD,0.0,0,0.0,0,0.0,0.0,-0.8,0.0
2022-05-16,DOGE-USD,0.0,0,0.0,0,0.0,0.0,-0.72,0.0
2022-05-17,DOGE-USD,0.0,0,0.0,0,0.0,0.0,-0.84,0.0
2022-05-18,DOGE-USD,0.0,0,0.0,0,0.0,0.0,-0.76,0.0
2022-05-19,DOGE-USD,0.0,0,0.0,0,0.0,0.0,-0.74,0.0
2022-05-20,DOGE-USD,0.0,0,0.0,0,0.0,0.0,-0.74,0.0
2022-05-21,DOGE-USD,0.0,0,0.0,0,0.0,0.0,-0.74,0.0
2022-05-22,DOGE-USD,0.0,0,0.0,0,0.0,0.0,-0.72,0.0
2022-05-23,DOGE-USD,0.0,0,0.0,0,0.0,0.0,-0.8,0.0
2022-05-24,DOGE-USD,0.0,0,0.0,0,0.0,0.0,-0.76,0.0
2022-05-25,DOGE-USD,0.0,0,0.0,0,0.0,0.0,-0.78,0.0
2022-05-26,DOGE-USD,0.0,0,0.0,0,0.0,0.0,-0.76,0.0
2022-05-27,DOGE-USD,0.0,0,0.0,0,0.0,0.0,-0.76,0.0
2022-05-28,DOGE-USD,0.0,0,0.0,0,0.0,0.0,-0.74,0.0
2022-05-29,DOGE-USD,0.0,0,0.0,0,0.0,0.0,-0.72,0.0
2022-05-30,DOGE-USD,0.0,0,0.0,0,0.0,0.0,-0.8,0.0
2022-05-31,DOGE-USD,0.0,0,0.0,0,0.0,0.0,-0.6799999999999999,0.0
2022-06-01,DOGE-USD,0.0,0,0.0,0,0.0,0.0,-0.6599999999999999,0.0
2022-06-02,DOGE-USD,0.0,0,0.0,0,0.0,0.0,-0.74,0.0
2022-06-03,DOGE-USD,0.0,0,0.0,0,0.0,0.0,-0.8,0.0
2022-06-04,DOGE-USD,0.0,0,0.0,0,0.0,0.0,-0.72,0.0
2022-06-05,DOGE-USD,0.0,0,0.0,0,0.0,0.0,-0.8,0.0
2022-06-06,DOGE-USD,0.0,0,0.0,0,0.0,0.0,-0.74,0.0
2022-06-07,DOGE-USD,0.0,0,0.0,0,0.0,0.0,-0.7,0.0
2022-06-08,DOGE-USD,0.0,0,0.0,0,0.0,0.0,-0.6599999999999999,0.0
2022-06-09,DOGE-USD,0.0,0,0.0,0,0.0,0.0,-0.78,0.0
2022-06-10,DOGE-USD,0.0,0,0.0,0,0.0,0.0,-0.74,0.0
2022-06-11,DOGE-USD,0.0,0,0.0,0,0.0,0.0,-0.76,0.0
2022-06-12,DOGE-USD,0.0,0,0.0,0,0.0,0.0,-0.72,0.0
2022-06-13,DOGE-USD,0.0,0,0.0,0,0.0,0.0,-0.78,0.0
2022-06-14,DOGE-USD,0.0,0,0.0,0,0.0,0.0,-0.84,0.0
2022-06-15,DOGE-USD,0.0,0,0.0,0,0.0,0.0,-0.86,0.0
2022-06-16,DOGE-USD,0.0,0,0.0,0,0.0,0.0,-0.86,0.0
2022-06-17,DOGE-USD,0.0,0,0.0,0,0.0,0.0,-0.8200000000000001,0.0
2022-06-18,DOGE-USD,0.0,0,0.0,0,0.0,0.0,-0.88,0.0
2022-06-19,DOGE-USD,0.0,0,0.0,0,0.0,0.0,-0.88,0.0
2022-06-20,DOGE-USD,0.0,0,0.0,0,0.0,0.0,-0.8200000000000001,0.0
2022-06-21,DOGE-USD,0.0,0,0.0,0,0.0,0.0,-0.8200000000000001,0.0
2022-06-22,DOGE-USD,0.0,0,0.0,0,0.0,0.0,-0.78,0.0
2022-06-23,DOGE-USD,0.0,0,0.0,0,0.0,0.0,-0.78,0.0
2022-06-24,DOGE-USD,0.0,0,0.0,0,0.0,0.0,-0.78,0.0
2022-06-25,DOGE-USD,0.0,0,0.0,0,0.0,0.0,-0.72,0.0
2022-06-26,DOGE-USD,0.0,0,0.0,0,0.0,0.0,-0.72,0.0
2022-06-27,DOGE-USD,0.0,0,0.0,0,0.0,0.0,-0.76,0.0
2022-06-28,DOGE-USD,0.0,0,0.0,0,0.0,0.0,-0.8,0.0
2022-06-29,DOGE-USD,0.0,0,0.0,0,0.0,0.0,-0.74,0.0
2022-06-30,DOGE-USD,0.0,0,0.0,0,0.0,0.0,-0.78,0.0
2022-07-01,DOGE-USD,0.0,0,0.0,0,0.0,0.0,-0.78,0.0
2022-07-02,DOGE-USD,0.0,0,0.0,0,0.0,0.0,-0.72,0.0
2022-07-03,DOGE-USD,0.0,0,0.0,0,0.0,0.0,-0.78,0.0
2022-07-04,DOGE-USD,0.0,0,0.0,0,0.0,0.0,-0.72,0.0
2022-07-05,DOGE-USD,0.0,0,0.0,0,0.0,0.0,-0.62,0.0
2022-07-06,DOGE-USD,0.0,0,0.0,0,0.0,0.0,-0.64,0.0
2022-07-07,DOGE-USD,0.0,0,0.0,0,0.0,0.0,-0.64,0.0
2022-07-08,DOGE-USD,0.0,0,0.0,0,0.0,0.0,-0.6,0.0
2022-07-09,DOGE-USD,0.0,0,0.0,0,0.0,0.0,-0.52,0.0
2022-07-10,DOGE-USD,0.0,0,0.0,0,0.0,0.0,-0.52,0.0
2022-07-11,DOGE-USD,0.0,0,0.0,0,0.0,0.0,-0.56,0.0
2022-07-12,DOGE-USD,0.0,0,0.0,0,0.0,0.0,-0.6799999999999999,0.0
2022-07-13,DOGE-USD,0.0,0,0.0,0,0.0,0.0,-0.7,0.0
2022-07-14,DOGE-USD,0.0,0,0.0,0,0.0,0.0,-0.64,0.0
2022-07-15,DOGE-USD,0.0,0,0.0,0,0.0,0.0,-0.7,0.0
2022-07-16,DOGE-USD,0.0,0,0.0,0,0.0,0.0,-0.5800000000000001,0.0
2022-07-17,DOGE-USD,0.0,0,0.0,0,0.0,0.0,-0.52,0.0
2022-07-18,DOGE-USD,0.0,0,0.0,0,0.0,0.0,-0.6,0.0
2022-07-19,DOGE-USD,0.0,0,0.0,0,0.0,0.0,-0.4,0.0
2022-07-20,DOGE-USD,0.0,0,0.0,0,0.0,0.0,-0.38,0.0
2022-07-21,DOGE-USD,0.0,0,0.0,0,0.0,0.0,-0.31999999999999995,0.0
2022-07-22,DOGE-USD,0.0,0,0.0,0,0.0,0.0,-0.33999999999999997,0.0
2022-07-23,DOGE-USD,0.0,0,0.0,0,0.0,0.0,-0.38,0.0
2022-07-24,DOGE-USD,0.0,0,0.0,0,0.0,0.0,-0.4,0.0
2022-07-25,DOGE-USD,0.0,0,0.0,0,0.0,0.0,-0.4,0.0
2022-07-26,DOGE-USD,0.0,0,0.0,0,0.0,0.0,-0.48,0.0
2022-07-27,DOGE-USD,0.0,0,0.0,0,0.0,0.0,-0.43999999999999995,0.0
2022-07-28,DOGE-USD,0.0,0,0.0,0,0.0,0.0,-0.36,0.0
2022-07-29,DOGE-USD,0.0,0,0.0,0,0.0,0.0,-0.21999999999999997,0.0
2022-07-30,DOGE-USD,0.0,0,0.0,0,0.0,0.0,-0.16000000000000003,0.0
2022-07-31,DOGE-USD,0.0,0,0.0,0,0.0,0.0,-0.21999999999999997,0.0
2022-08-01,DOGE-USD,0.0,0,0.0,0,0.0,0.0,-0.33999999999999997,0.0
2022-08-02,DOGE-USD,0.0,0,0.0,0,0.0,0.0,-0.38,0.0
2022-08-03,DOGE-USD,0.0,0,0.0,0,0.0,0.0,-0.31999999999999995,0.0
2022-08-04,DOGE-USD,0.0,0,0.0,0,0.0,0.0,-0.4,0.0
2022-08-05,DOGE-USD,0.0,0,0.0,0,0.0,0.0,-0.38,0.0
2022-08-06,DOGE-USD,0.0,0,0.0,0,0.0,0.0,-0.38,0.0
2022-08-07,DOGE-USD,0.0,0,0.0,0,0.0,0.0,-0.4,0.0
2022-08-08,DOGE-USD,0.0,0,0.0,0,0.0,0.0,-0.4,0.0
2022-08-09,DOGE-USD,0.0,0,0.0,0,0.0,0.0,-0.16000000000000003,0.0
2022-08-10,DOGE-USD,0.0,0,0.0,0,0.0,0.0,-0.38,0.0
2022-08-11,DOGE-USD,0.0,0,0.0,0,0.0,0.0,-0.18000000000000005,0.0
2022-08-12,DOGE-USD,0.0,0,0.0,0,0.0,0.0,-0.16000000000000003,0.0
2022-08-13,DOGE-USD,0.0,0,0.0,0,0.0,0.0,-0.07999999999999996,0.0
2022-08-14,DOGE-USD,0.0,0,0.0,0,0.0,0.0,-0.06000000000000005,0.0
2022-08-15,DOGE-USD,0.0,0,0.0,0,0.0,0.0,-0.09999999999999998,0.0
2022-08-16,DOGE-USD,0.0,0,0.0,0,0.0,0.0,-0.12,0.0
2022-08-17,DOGE-USD,0.0,0,0.0,0,0.0,0.0,-0.18000000000000005,0.0
2022-08-18,DOGE-USD,0.0,0,0.0,0,0.0,0.0,-0.4,0.0
2022-08-19,DOGE-USD,0.0,0,0.0,0,0.0,0.0,-0.33999999999999997,0.0
2022-08-20,DOGE-USD,0.0,0,0.0,0,0.0,0.0,-0.42000000000000004,0.0
2022-08-21,DOGE-USD,0.0,0,0.0,0,0.0,0.0,-0.45999999999999996,0.0
2022-08-22,DOGE-USD,0.0,0,0.0,0,0.0,0.0,-0.42000000000000004,0.0
2022-08-23,DOGE-USD,0.0,0,0.0,0,0.0,0.0,-0.43999999999999995,0.0
2022-08-24,DOGE-USD,0.0,0,0.0,0,0.0,0.0,-0.5,0.0
2022-08-25,DOGE-USD,0.0,0,0.0,0,0.0,0.0,-0.5,0.0
2022-08-26,DOGE-USD,0.0,0,0.0,0,0.0,0.0,-0.45999999999999996,0.0
2022-08-27,DOGE-USD,0.0,0,0.0,0,0.0,0.0,-0.43999999999999995,0.0
2022-08-28,DOGE-USD,0.0,0,0.0,0,0.0,0.0,-0.43999999999999995,0.0
2022-08-29,DOGE-USD,0.0,0,0.0,0,0.0,0.0,-0.52,0.0
2022-08-30,DOGE-USD,0.0,0,0.0,0,0.0,0.0,-0.45999999999999996,0.0
2022-08-31,DOGE-USD,0.0,0,0.0,0,0.0,0.0,-0.54,0.0
2022-09-01,DOGE-USD,0.0,0,0.0,0,0.0,0.0,-0.6,0.0
2022-09-02,DOGE-USD,0.0,0,0.0,0,0.0,0.0,-0.5,0.0
2022-09-03,DOGE-USD,0.0,0,0.0,0,0.0,0.0,-0.5800000000000001,0.0
2022-09-04,DOGE-USD,0.0,0,0.0,0,0.0,0.0,-0.6,0.0
2022-09-05,DOGE-USD,0.0,0,0.0,0,0.0,0.0,-0.54,0.0
2022-09-06,DOGE-USD,0.0,0,0.0,0,0.0,0.0,-0.56,0.0
2022-09-07,DOGE-USD,0.0,0,0.0,0,0.0,0.0,-0.52,0.0
2022-09-08,DOGE-USD,0.0,0,0.0,0,0.0,0.0,-0.6,0.0
2022-09-09,DOGE-USD,0.0,0,0.0,0,0.0,0.0,-0.56,0.0
2022-09-10,DOGE-USD,0.0,0,0.0,0,0.0,0.0,-0.43999999999999995,0.0
2022-09-11,DOGE-USD,0.0,0,0.0,0,0.0,0.0,-0.48,0.0
2022-09-12,DOGE-USD,0.0,0,0.0,0,0.0,0.0,-0.5,0.0
2022-09-13,DOGE-USD,0.0,0,0.0,0,0.0,0.0,-0.31999999999999995,0.0
2022-09-14,DOGE-USD,0.0,0,0.0,0,0.0,0.0,-0.45999999999999996,0.0
2022-09-15,DOGE-USD,0.0,0,0.0,0,0.0,0.0,-0.43999999999999995,0.0
2022-09-16,DOGE-USD,0.0,0,0.0,0,0.0,0.0,-0.6,0.0
2022-09-17,DOGE-USD,0.0,0,0.0,0,0.0,0.0,-0.56,0.0
2022-09-18,DOGE-USD,0.0,0,0.0,0,0.0,0.0,-0.45999999999999996,0.0
2022-09-19,DOGE-USD,0.0,0,0.0,0,0.0,0.0,-0.5800000000000001,0.0
2022-09-20,DOGE-USD,0.0,0,0.0,0,0.0,0.0,-0.54,0.0
2022-09-21,DOGE-USD,0.0,0,0.0,0,0.0,0.0,-0.54,0.0
2022-09-22,DOGE-USD,0.0,0,0.0,0,0.0,0.0,-0.56,0.0
2022-09-23,DOGE-USD,0.0,0,0.0,0,0.0,0.0,-0.6,0.0
2022-09-24,DOGE-USD,0.0,0,0.0,0,0.0,0.0,-0.52,0.0
2022-09-25,DOGE-USD,0.0,0,0.0,0,0.0,0.0,-0.52,0.0
2022-09-26,DOGE-USD,0.0,0,0.0,0,0.0,0.0,-0.5800000000000001,0.0
2022-09-27,DOGE-USD,0.0,0,0.0,0,0.0,0.0,-0.6,0.0
2022-09-28,DOGE-USD,0.0,0,0.0,0,0.0,0.0,-0.6,0.0
2022-09-29,DOGE-USD,0.0,0,0.0,0,0.0,0.0,-0.56,0.0
2022-09-30,DOGE-USD,0.0,0,0.0,0,0.0,0.0,-0.5800000000000001,0.0
2022-10-01,DOGE-USD,0.0,0,0.0,0,0.0,0.0,-0.6,0.0
2022-10-02,DOGE-USD,0.0,0,0.0,0,0.0,0.0,-0.52,0.0
2022-10-03,DOGE-USD,0.0,0,0.0,0,0.0,0.0,-0.52,0.0
2022-10-04,DOGE-USD,0.0,0,0.0,0,0.0,0.0,-0.6,0.0
2022-10-05,DOGE-USD,0.0,0,0.0,0,0.0,0.0,-0.5,0.0
2022-10-06,DOGE-USD,0.0,0,0.0,0,0.0,0.0,-0.48,0.0
2022-10-07,DOGE-USD,0.0,0,0.0,0,0.0,0.0,-0.54,0.0
2022-10-08,DOGE-USD,0.0,0,0.0,0,0.0,0.0,-0.52,0.0
2022-10-09,DOGE-USD,0.0,0,0.0,0,0.0,0.0,-0.56,0.0
2022-10-10,DOGE-USD,0.0,0,0.0,0,0.0,0.0,-0.56,0.0
2022-10-11,DOGE-USD,0.0,0,0.0,0,0.0,0.0,-0.52,0.0
2022-10-12,DOGE-USD,0.0,0,0.0,0,0.0,0.0,-0.6,0.0
2022-10-13,DOGE-USD,0.0,0,0.0,0,0.0,0.0,-0.6,0.0
2022-10-14,DOGE-USD,0.0,0,0.0,0,0.0,0.0,-0.52,0.0
2022-10-15,DOGE-USD,0.0,0,0.0,0,0.0,0.0,-0.52,0.0
2022-10-16,DOGE-USD,0.0,0,0.0,0,0.0,0.0,-0.52,0.0
2022-10-17,DOGE-USD,0.0,0,0.0,0,0.0,0.0,-0.6,0.0
2022-10-18,DOGE-USD,0.0,0,0.0,0,0.0,0.0,-0.56,0.0
2022-10-19,DOGE-USD,0.0,0,0.0,0,0.0,0.0,-0.54,0.0
2022-10-20,DOGE-USD,0.0,0,0.0,0,0.0,0.0,-0.54,0.0
2022-10-21,DOGE-USD,0.0,0,0.0,0,0.0,0.0,-0.54,0.0
2022-10-22,DOGE-USD,0.0,0,0.0,0,0.0,0.0,-0.6,0.0
2022-10-23,DOGE-USD,0.0,0,0.0,0,0.0,0.0,-0.54,0.0
2022-10-24,DOGE-USD,0.0,0,0.0,0,0.0,0.0,-0.56,0.0
2022-10-25,DOGE-USD,0.0,0,0.0,0,0.0,0.0,-0.6,0.0
2022-10-26,DOGE-USD,0.0,0,0.0,0,0.0,0.0,-0.33999999999999997,0.0
2022-10-27,DOGE-USD,0.0,0,0.0,0,0.0,0.0,-0.36,0.0
2022-10-28,DOGE-USD,0.0,0,0.0,0,0.0,0.0,-0.4,0.0
2022-10-29,DOGE-USD,0.0,0,0.0,0,0.0,0.0,-0.31999999999999995,0.0
2022-10-30,DOGE-USD,0.0,0,0.0,0,0.0,0.0,-0.31999999999999995,0.0
2022-10-31,DOGE-USD,0.0,0,0.0,0,0.0,0.0,-0.38,0.0
2022-11-01,DOGE-USD,0.0,0,0.0,0,0.0,0.0,-0.4,0.0
2022-11-02,DOGE-USD,0.0,0,0.0,0,0.0,0.0,-0.4,0.0
2022-11-03,DOGE-USD,0.0,0,0.0,0,0.0,0.0,-0.4,0.0
2022-11-04,DOGE-USD,0.0,0,0.0,0,0.0,0.0,-0.4,0.0
2022-11-05,DOGE-USD,0.0,0,0.0,0,0.0,0.0,-0.24,0.0
2022-11-06,DOGE-USD,0.0,0,0.0,0,0.0,0.0,-0.19999999999999996,0.0
2022-11-07,DOGE-USD,0.0,0,0.0,0,0.0,0.0,-0.33999999999999997,0.0
2022-11-08,DOGE-USD,0.0,0,0.0,0,0.0,0.0,-0.38,0.0
2022-11-09,DOGE-USD,0.0,0,0.0,0,0.0,0.0,-0.42000000000000004,0.0
2022-11-10,DOGE-USD,0.0,0,0.0,0,0.0,0.0,-0.56,0.0
2022-11-11,DOGE-USD,0.0,0,0.0,0,0.0,0.0,-0.5,0.0
2022-11-12,DOGE-USD,0.0,0,0.0,0,0.0,0.0,-0.5800000000000001,0.0
2022-11-13,DOGE-USD,0.0,0,0.0,0,0.0,0.0,-0.56,0.0
2022-11-14,DOGE-USD,0.0,0,0.0,0,0.0,0.0,-0.52,0.0
2022-11-15,DOGE-USD,0.0,0,0.0,0,0.0,0.0,-0.56,0.0
2022-11-16,DOGE-USD,0.0,0,0.0,0,0.0,0.0,-0.54,0.0
2022-11-17,DOGE-USD,0.0,0,0.0,0,0.0,0.0,-0.6,0.0
2022-11-18,DOGE-USD,0.0,0,0.0,0,0.0,0.0,-0.54,0.0
2022-11-19,DOGE-USD,0.0,0,0.0,0,0.0,0.0,-0.54,0.0
2022-11-20,DOGE-USD,0.0,0,0.0,0,0.0,0.0,-0.52,0.0
2022-11-21,DOGE-USD,0.0,0,0.0,0,0.0,0.0,-0.5800000000000001,0.0
2022-11-22,DOGE-USD,0.0,0,0.0,0,0.0,0.0,-0.56,0.0
2022-11-23,DOGE-USD,0.0,0,0.0,0,0.0,0.0,-0.56,0.0
2022-11-24,DOGE-USD,0.0,0,0.0,0,0.0,0.0,-0.6,0.0
2022-11-25,DOGE-USD,0.0,0,0.0,0,0.0,0.0,-0.6,0.0
2022-11-26,DOGE-USD,0.0,0,0.0,0,0.0,0.0,-0.56,0.0
2022-11-27,DOGE-USD,0.0,0,0.0,0,0.0,0.0,-0.48,0.0
2022-11-28,DOGE-USD,0.0,0,0.0,0,0.0,0.0,-0.43999999999999995,0.0
2022-11-29,DOGE-USD,0.0,0,0.0,0,0.0,0.0,-0.48,0.0
2022-11-30,DOGE-USD,0.0,0,0.0,0,0.0,0.0,-0.42000000000000004,0.0
2022-12-01,DOGE-USD,0.0,0,0.0,0,0.0,0.0,-0.45999999999999996,0.0
2022-12-02,DOGE-USD,0.0,0,0.0,0,0.0,0.0,-0.45999999999999996,0.0
2022-12-03,DOGE-USD,0.0,0,0.0,0,0.0,0.0,-0.45999999999999996,0.0
2022-12-04,DOGE-USD,0.0,0,0.0,0,0.0,0.0,-0.48,0.0
2022-12-05,DOGE-USD,0.0,0,0.0,0,0.0,0.0,-0.48,0.0
2022-12-06,DOGE-USD,0.0,0,0.0,0,0.0,0.0,-0.5,0.0
2022-12-07,DOGE-USD,0.0,0,0.0,0,0.0,0.0,-0.42000000000000004,0.0
2022-12-08,DOGE-USD,0.0,0,0.0,0,0.0,0.0,-0.5,0.0
2022-12-09,DOGE-USD,0.0,0,0.0,0,0.0,0.0,-0.48,0.0
2022-12-10,DOGE-USD,0.0,0,0.0,0,0.0,0.0,-0.45999999999999996,0.0
2022-12-11,DOGE-USD,0.0,0,0.0,0,0.0,0.0,-0.48,0.0
2022-12-12,DOGE-USD,0.0,0,0.0,0,0.0,0.0,-0.45999999999999996,0.0
2022-12-13,DOGE-USD,0.0,0,0.0,0,0.0,0.0,-0.45999999999999996,0.0
2022-12-14,DOGE-USD,0.0,0,0.0,0,0.0,0.0,-0.4,0.0
2022-12-15,DOGE-USD,0.0,0,0.0,0,0.0,0.0,-0.38,0.0
2022-12-16,DOGE-USD,0.0,0,0.0,0,0.0,0.0,-0.42000000000000004,0.0
2022-12-17,DOGE-USD,0.0,0,0.0,0,0.0,0.0,-0.43999999999999995,0.0
2022-12-18,DOGE-USD,0.0,0,0.0,0,0.0,0.0,-0.48,0.0
2022-12-19,DOGE-USD,0.0,0,0.0,0,0.0,0.0,-0.42000000000000004,0.0
2022-12-20,DOGE-USD,0.0,0,0.0,0,0.0,0.0,-0.42000000000000004,0.0
2022-12-21,DOGE-USD,0.0,0,0.0,0,0.0,0.0,-0.48,0.0
2022-12-22,DOGE-USD,0.0,0,0.0,0,0.0,0.0,-0.43999999999999995,0.0
2022-12-23,DOGE-USD,0.0,0,0.0,0,0.0,0.0,-0.45999999999999996,0.0
2022-12-24,DOGE-USD,0.0,0,0.0,0,0.0,0.0,-0.42000000000000004,0.0
2022-12-25,DOGE-USD,0.0,0,0.0,0,0.0,0.0,-0.42000000000000004,0.0
2022-12-26,DOGE-USD,0.0,0,0.0,0,0.0,0.0,-0.43999999999999995,0.0
2022-12-27,DOGE-USD,0.0,0,0.0,0,0.0,0.0,-0.45999999999999996,0.0
2022-12-28,DOGE-USD,0.0,0,0.0,0,0.0,0.0,-0.43999999999999995,0.0
2022-12-29,DOGE-USD,0.0,0,0.0,0,0.0,0.0,-0.43999999999999995,0.0
2022-12-30,DOGE-USD,0.0,0,0.0,0,0.0,0.0,-0.43999999999999995,0.0
2022-12-31,DOGE-USD,0.0,0,0.0,0,0.0,0.0,-0.5,0.0
2023-01-01,DOGE-USD,0.0,0,0.0,0,0.0,0.0,-0.48,0.0
2023-01-02,DOGE-USD,0.0,0,0.0,0,0.0,0.0,-0.45999999999999996,0.0
2023-01-03,DOGE-USD,0.0,0,0.0,0,0.0,0.0,-0.48,0.0
2023-01-04,DOGE-USD,0.0,0,0.0,0,0.0,0.0,-0.42000000000000004,0.0
2023-01-05,DOGE-USD,0.0,0,0.0,0,0.0,0.0,-0.42000000000000004,0.0
2023-01-06,DOGE-USD,0.0,0,0.0,0,0.0,0.0,-0.48,0.0
2023-01-07,DOGE-USD,0.0,0,0.0,0,0.0,0.0,-0.5,0.0
2023-01-08,DOGE-USD,0.0,0,0.0,0,0.0,0.0,-0.5,0.0
2023-01-09,DOGE-USD,0.0,0,0.0,0,0.0,0.0,-0.5,0.0
2023-01-10,DOGE-USD,0.0,0,0.0,0,0.0,0.0,-0.48,0.0
2023-01-11,DOGE-USD,0.0,0,0.0,0,0.0,0.0,-0.48,0.0
2023-01-12,DOGE-USD,0.0,0,0.0,0,0.0,0.0,-0.4,0.0
2023-01-13,DOGE-USD,0.0,0,0.0,0,0.0,0.0,-0.38,0.0
2023-01-14,DOGE-USD,0.0,0,0.0,0,0.0,0.0,-0.07999999999999996,0.0
2023-01-15,DOGE-USD,0.0,0,0.0,0,0.0,0.0,0.040000000000000036,0.0
2023-01-16,DOGE-USD,0.0,0,0.0,0,0.0,0.0,-0.09999999999999998,0.0
2023-01-17,DOGE-USD,0.0,0,0.0,0,0.0,0.0,0.020000000000000018,0.0
2023-01-18,DOGE-USD,0.0,0,0.0,0,0.0,0.0,0.040000000000000036,0.0
2023-01-19,DOGE-USD,0.0,0,0.0,0,0.0,0.0,-0.09999999999999998,0.0
2023-01-20,DOGE-USD,0.0,0,0.0,0,0.0,0.0,0.020000000000000018,0.0
2023-01-21,DOGE-USD,0.0,0,0.0,0,0.0,0.0,0.06000000000000005,0.0
2023-01-22,DOGE-USD,0.0,0,0.0,0,0.0,0.0,0.06000000000000005,0.0
2023-01-23,DOGE-USD,0.0,0,0.0,0,0.0,0.0,0.0,0.0
2023-01-24,DOGE-USD,0.0,0,0.0,0,0.0,0.0,0.040000000000000036,0.0
2023-01-25,DOGE-USD,0.0,0,0.0,0,0.0,0.0,0.020000000000000018,0.0
2023-01-26,DOGE-USD,0.0,0,0.0,0,0.0,0.0,0.08000000000000007,0.0
2023-01-27,DOGE-USD,0.0,0,0.0,0,0.0,0.0,0.10000000000000009,0.0
2023-01-28,DOGE-USD,0.0,0,0.0,0,0.0,0.0,0.040000000000000036,0.0
2023-01-29,DOGE-USD,0.0,0,0.0,0,0.0,0.0,0.10000000000000009,0.0
2023-01-30,DOGE-USD,0.0,0,0.0,0,0.0,0.0,0.21999999999999997,0.0
2023-01-31,DOGE-USD,0.0,0,0.0,0,0.0,0.0,0.020000000000000018,0.0
2023-02-01,DOGE-USD,0.0,0,0.0,0,0.0,0.0,0.1200000000000001,0.0
2023-02-02,DOGE-USD,0.0,0,0.0,0,0.0,0.0,0.19999999999999996,0.0
2023-02-03,DOGE-USD,0.0,0,0.0,0,0.0,0.0,0.19999999999999996,0.0
2023-02-04,DOGE-USD,0.0,0,0.0,0,0.0,0.0,0.15999999999999992,0.0
2023-02-05,DOGE-USD,0.0,0,0.0,0,0.0,0.0,0.15999999999999992,0.0
2023-02-06,DOGE-USD,0.0,0,0.0,0,0.0,0.0,0.1200000000000001,0.0
2023-02-07,DOGE-USD,0.0,0,0.0,0,0.0,0.0,0.08000000000000007,0.0
2023-02-08,DOGE-USD,0.0,0,0.0,0,0.0,0.0,0.15999999999999992,0.0
2023-02-09,DOGE-USD,0.0,0,0.0,0,0.0,0.0,0.10000000000000009,0.0
2023-02-10,DOGE-USD,0.0,0,0.0,0,0.0,0.0,-0.040000000000000036,0.0
2023-02-11,DOGE-USD,0.0,0,0.0,0,0.0,0.0,-0.020000000000000018,0.0
2023-02-12,DOGE-USD,0.0,0,0.0,0,0.0,0.0,0.0,0.0
2023-02-13,DOGE-USD,0.0,0,0.0,0,0.0,0.0,-0.040000000000000036,0.0
2023-02-14,DOGE-USD,0.0,0,0.0,0,0.0,0.0,0.0,0.0
2023-02-15,DOGE-USD,0.0,0,0.0,0,0.0,0.0,0.06000000000000005,0.0
2023-02-16,DOGE-USD,0.0,0,0.0,0,0.0,0.0,0.24,0.0
2023-02-17,DOGE-USD,0.0,0,0.0,0,0.0,0.0,0.21999999999999997,0.0
2023-02-18,DOGE-USD,0.0,0,0.0,0,0.0,0.0,0.19999999999999996,0.0
2023-02-19,DOGE-USD,0.0,0,0.0,0,0.0,0.0,0.19999999999999996,0.0
2023-02-20,DOGE-USD,0.0,0,0.0,0,0.0,0.0,0.15999999999999992,0.0
2023-02-21,DOGE-USD,0.0,0,0.0,0,0.0,0.0,0.19999999999999996,0.0
2023-02-22,DOGE-USD,0.0,0,0.0,0,0.0,0.0,0.17999999999999994,0.0
2023-02-23,DOGE-USD,0.0,0,0.0,0,0.0,0.0,0.1200000000000001,0.0
2023-02-24,DOGE-USD,0.0,0,0.0,0,0.0,0.0,0.06000000000000005,0.0
2023-02-25,DOGE-USD,0.0,0,0.0,0,0.0,0.0,0.040000000000000036,0.0
2023-02-26,DOGE-USD,0.0,0,0.0,0,0.0,0.0,0.020000000000000018,0.0
2023-02-27,DOGE-USD,0.0,0,0.0,0,0.0,0.0,0.0,0.0
2023-02-28,DOGE-USD,0.0,0,0.0,0,0.0,0.0,0.06000000000000005,0.0
2023-03-01,DOGE-USD,0.0,0,0.0,0,0.0,0.0,0.0,0.0
2023-03-02,DOGE-USD,0.0,0,0.0,0,0.0,0.0,0.020000000000000018,0.0
2023-03-03,DOGE-USD,0.0,0,0.0,0,0.0,0.0,0.0,0.0
2023-03-04,DOGE-USD,0.0,0,0.0,0,0.0,0.0,0.0,0.0
2023-03-05,DOGE-USD,0.0,0,0.0,0,0.0,0.0,-0.06000000000000005,0.0
2023-03-06,DOGE-USD,0.0,0,0.0,0,0.0,0.0,-0.040000000000000036,0.0
2023-03-07,DOGE-USD,0.0,0,0.0,0,0.0,0.0,-0.020000000000000018,0.0
2023-03-08,DOGE-USD,0.0,0,0.0,0,0.0,0.0,0.0,0.0
2023-03-09,DOGE-USD,0.0,0,0.0,0,0.0,0.0,-0.12,0.0
2023-03-10,DOGE-USD,0.0,0,0.0,0,0.0,0.0,-0.31999999999999995,0.0
2023-03-11,DOGE-USD,0.0,0,0.0,0,0.0,0.0,-0.33999999999999997,0.0
2023-03-12,DOGE-USD,0.0,0,0.0,0,0.0,0.0,-0.33999999999999997,0.0
2023-03-13,DOGE-USD,0.0,0,0.0,0,0.0,0.0,-0.020000000000000018,0.0
2023-03-14,DOGE-USD,0.0,0,0.0,0,0.0,0.0,0.1200000000000001,0.0
2023-03-15,DOGE-USD,0.0,0,0.0,0,0.0,0.0,0.0,0.0
2023-03-16,DOGE-USD,0.0,0,0.0,0,0.0,0.0,0.040000000000000036,0.0
2023-03-17,DOGE-USD,0.0,0,0.0,0,0.0,0.0,0.020000000000000018,0.0
2023-03-18,DOGE-USD,0.0,0,0.0,0,0.0,0.0,0.28,0.0
2023-03-19,DOGE-USD,0.0,0,0.0,0,0.0,0.0,0.26,0.0
2023-03-20,DOGE-USD,0.0,0,0.0,0,0.0,0.0,0.32000000000000006,0.0
2023-03-21,DOGE-USD,0.0,0,0.0,0,0.0,0.0,0.3600000000000001,0.0
2023-03-22,DOGE-USD,0.0,0,0.0,0,0.0,0.0,0.24,0.0
2023-03-23,DOGE-USD,0.0,0,0.0,0,0.0,0.0,0.1399999999999999,0.0
2023-03-24,DOGE-USD,0.0,0,0.0,0,0.0,0.0,0.21999999999999997,0.0
2023-03-25,DOGE-USD,0.0,0,0.0,0,0.0,0.0,0.28,0.0
2023-03-26,DOGE-USD,0.0,0,0.0,0,0.0,0.0,0.28,0.0
2023-03-27,DOGE-USD,0.0,0,0.0,0,0.0,0.0,0.28,0.0
2023-03-28,DOGE-USD,0.0,0,0.0,0,0.0,0.0,0.17999999999999994,0.0
2023-03-29,DOGE-USD,0.0,0,0.0,0,0.0,0.0,0.1399999999999999,0.0
2023-03-30,DOGE-USD,0.0,0,0.0,0,0.0,0.0,0.19999999999999996,0.0
2023-03-31,DOGE-USD,0.0,0,0.0,0,0.0,0.0,0.26,0.0
2023-04-01,DOGE-USD,0.0,0,0.0,0,0.0,0.0,0.21999999999999997,0.0
2023-04-02,DOGE-USD,0.0,0,0.0,0,0.0,0.0,0.26,0.0
2023-04-03,DOGE-USD,0.0,0,0.0,0,0.0,0.0,0.26,0.0
2023-04-04,DOGE-USD,0.0,0,0.0,0,0.0,0.0,0.24,0.0
2023-04-05,DOGE-USD,0.0,0,0.0,0,0.0,0.0,0.24,0.0
2023-04-06,DOGE-USD,0.0,0,0.0,0,0.0,0.0,0.26,0.0
2023-04-07,DOGE-USD,0.0,0,0.0,0,0.0,0.0,0.28,0.0
2023-04-08,DOGE-USD,0.0,0,0.0,0,0.0,0.0,0.21999999999999997,0.0
2023-04-09,DOGE-USD,0.0,0,0.0,0,0.0,0.0,0.21999999999999997,0.0
2023-04-10,DOGE-USD,0.0,0,0.0,0,0.0,0.0,0.24,0.0
2023-04-11,DOGE-USD,0.0,0,0.0,0,0.0,0.0,0.3600000000000001,0.0
2023-04-12,DOGE-USD,0.0,0,0.0,0,0.0,0.0,0.30000000000000004,0.0
2023-04-13,DOGE-USD,0.0,0,0.0,0,0.0,0.0,0.21999999999999997,0.0
2023-04-14,DOGE-USD,0.0,0,0.0,0,0.0,0.0,0.3600000000000001,0.0
2023-04-15,DOGE-USD,0.0,0,0.0,0,0.0,0.0,0.3600000000000001,0.0
2023-04-16,DOGE-USD,0.0,0,0.0,0,0.0,0.0,0.3600000000000001,0.0
2023-04-17,DOGE-USD,0.0,0,0.0,0,0.0,0.0,0.3799999999999999,0.0
2023-04-18,DOGE-USD,0.0,0,0.0,0,0.0,0.0,0.15999999999999992,0.0
2023-04-19,DOGE-USD,0.0,0,0.0,0,0.0,0.0,0.26,0.0
2023-04-20,DOGE-USD,0.0,0,0.0,0,0.0,0.0,0.040000000000000036,0.0
2023-04-21,DOGE-USD,0.0,0,0.0,0,0.0,0.0,0.0,0.0
2023-04-22,DOGE-USD,0.0,0,0.0,0,0.0,0.0,0.06000000000000005,0.0
2023-04-23,DOGE-USD,0.0,0,0.0,0,0.0,0.0,0.1200000000000001,0.0
2023-04-24,DOGE-USD,0.0,0,0.0,0,0.0,0.0,0.06000000000000005,0.0
2023-04-25,DOGE-USD,0.0,0,0.0,0,0.0,0.0,0.06000000000000005,0.0
2023-04-26,DOGE-USD,0.0,0,0.0,0,0.0,0.0,0.1200000000000001,0.0
2023-04-27,DOGE-USD,0.0,0,0.0,0,0.0,0.0,0.17999999999999994,0.0
2023-04-28,DOGE-USD,0.0,0,0.0,0,0.0,0.0,0.28,0.0
2023-04-29,DOGE-USD,0.0,0,0.0,0,0.0,0.0,0.28,0.0
2023-04-30,DOGE-USD,0.0,0,0.0,0,0.0,0.0,0.19999999999999996,0.0
2023-05-01,DOGE-USD,0.0,0,0.0,0,0.0,0.0,0.26,0.0
2023-05-02,DOGE-USD,0.0,0,0.0,0,0.0,0.0,0.10000000000000009,0.0
2023-05-03,DOGE-USD,0.0,0,0.0,0,0.0,0.0,0.28,0.0
2023-05-04,DOGE-USD,0.0,0,0.0,0,0.0,0.0,0.28,0.0
2023-05-05,DOGE-USD,0.0,0,0.0,0,0.0,0.0,0.21999999999999997,0.0
2023-05-06,DOGE-USD,0.0,0,0.0,0,0.0,0.0,0.19999999999999996,0.0
2023-05-07,DOGE-USD,0.0,0,0.0,0,0.0,0.0,0.28,0.0
2023-05-08,DOGE-USD,0.0,0,0.0,0,0.0,0.0,0.19999999999999996,0.0
2023-05-09,DOGE-USD,0.0,0,0.0,0,0.0,0.0,0.020000000000000018,0.0
2023-05-10,DOGE-USD,0.0,0,0.0,0,0.0,0.0,0.040000000000000036,0.0
2023-05-11,DOGE-USD,0.0,0,0.0,0,0.0,0.0,0.040000000000000036,0.0
2023-05-12,DOGE-USD,0.0,0,0.0,0,0.0,0.0,-0.020000000000000018,0.0
2023-05-13,DOGE-USD,0.0,0,0.0,0,0.0,0.0,-0.040000000000000036,0.0
2023-05-14,DOGE-USD,0.0,0,0.0,0,0.0,0.0,-0.040000000000000036,0.0
2023-05-15,DOGE-USD,0.0,0,0.0,0,0.0,0.0,0.0,0.0
2023-05-16,DOGE-USD,0.0,0,0.0,0,0.0,0.0,0.08000000000000007,0.0
2023-05-17,DOGE-USD,0.0,0,0.0,0,0.0,0.0,0.0,0.0
2023-05-18,DOGE-USD,0.0,0,0.0,0,0.0,0.0,0.020000000000000018,0.0
2023-05-19,DOGE-USD,0.0,0,0.0,0,0.0,0.0,-0.040000000000000036,0.0
2023-05-20,DOGE-USD,0.0,0,0.0,0,0.0,0.0,-0.040000000000000036,0.0
2023-05-21,DOGE-USD,0.0,0,0.0,0,0.0,0.0,0.040000000000000036,0.0
2023-05-22,DOGE-USD,0.0,0,0.0,0,0.0,0.0,-0.020000000000000018,0.0
2023-05-23,DOGE-USD,0.0,0,0.0,0,0.0,0.0,0.0,0.0
2023-05-24,DOGE-USD,0.0,0,0.0,0,0.0,0.0,0.0,0.0
2023-05-25,DOGE-USD,0.0,0,0.0,0,0.0,0.0,0.020000000000000018,0.0
2023-05-26,DOGE-USD,0.0,0,0.0,0,0.0,0.0,-0.020000000000000018,0.0
2023-05-27,DOGE-USD,0.0,0,0.0,0,0.0,0.0,-0.040000000000000036,0.0
2023-05-28,DOGE-USD,0.0,0,0.0,0,0.0,0.0,0.0,0.0
2023-05-29,DOGE-USD,0.0,0,0.0,0,0.0,0.0,0.040000000000000036,0.0
2023-05-30,DOGE-USD,0.0,0,0.0,0,0.0,0.0,0.020000000000000018,0.0
2023-05-31,DOGE-USD,0.0,0,0.0,0,0.0,0.0,0.020000000000000018,0.0
2023-06-01,DOGE-USD,0.0,0,0.0,0,0.0,0.0,0.040000000000000036,0.0
2023-06-02,DOGE-USD,0.0,0,0.0,0,0.0,0.0,0.0,0.0
2023-06-03,DOGE-USD,0.0,0,0.0,0,0.0,0.0,0.06000000000000005,0.0
2023-06-04,DOGE-USD,0.0,0,0.0,0,0.0,0.0,0.040000000000000036,0.0
2023-06-05,DOGE-USD,0.0,0,0.0,0,0.0,0.0,0.06000000000000005,0.0
2023-06-06,DOGE-USD,0.0,0,0.0,0,0.0,0.0,-0.12,0.0
2023-06-07,DOGE-USD,0.0,0,0.0,0,0.0,0.0,0.06000000000000005,0.0
2023-06-08,DOGE-USD,0.0,0,0.0,0,0.0,0.0,0.0,0.0
2023-06-09,DOGE-USD,0.0,0,0.0,0,0.0,0.0,0.0,0.0
2023-06-10,DOGE-USD,0.0,0,0.0,0,0.0,0.0,-0.020000000000000018,0.0
2023-06-11,DOGE-USD,0.0,0,0.0,0,0.0,0.0,-0.06000000000000005,0.0
2023-06-12,DOGE-USD,0.0,0,0.0,0,0.0,0.0,-0.06000000000000005,0.0
2023-06-13,DOGE-USD,0.0,0,0.0,0,0.0,0.0,-0.09999999999999998,0.0
2023-06-14,DOGE-USD,0.0,0,0.0,0,0.0,0.0,-0.07999999999999996,0.0
2023-06-15,DOGE-USD,0.0,0,0.0,0,0.0,0.0,-0.18000000000000005,0.0
2023-06-16,DOGE-USD,0.0,0,0.0,0,0.0,0.0,-0.06000000000000005,0.0
2023-06-17,DOGE-USD,0.0,0,0.0,0,0.0,0.0,-0.06000000000000005,0.0
2023-06-18,DOGE-USD,0.0,0,0.0,0,0.0,0.0,-0.020000000000000018,0.0
2023-06-19,DOGE-USD,0.0,0,0.0,0,0.0,0.0,-0.06000000000000005,0.0
2023-06-20,DOGE-USD,0.0,0,0.0,0,0.0,0.0,-0.020000000000000018,0.0
2023-06-21,DOGE-USD,0.0,0,0.0,0,0.0,0.0,0.17999999999999994,0.0
2023-06-22,DOGE-USD,0.0,0,0.0,0,0.0,0.0,0.30000000000000004,0.0
2023-06-23,DOGE-USD,0.0,0,0.0,0,0.0,0.0,0.30000000000000004,0.0
2023-06-24,DOGE-USD,0.0,0,0.0,0,0.0,0.0,0.24,0.0
2023-06-25,DOGE-USD,0.0,0,0.0,0,0.0,0.0,0.28,0.0
2023-06-26,DOGE-USD,0.0,0,0.0,0,0.0,0.0,0.10000000000000009,0.0
2023-06-27,DOGE-USD,0.0,0,0.0,0,0.0,0.0,0.17999999999999994,0.0
2023-06-28,DOGE-USD,0.0,0,0.0,0,0.0,0.0,0.24,0.0
2023-06-29,DOGE-USD,0.0,0,0.0,0,0.0,0.0,0.08000000000000007,0.0
2023-06-30,DOGE-USD,0.0,0,0.0,0,0.0,0.0,0.1200000000000001,0.0
2023-07-01,DOGE-USD,0.0,0,0.0,0,0.0,0.0,0.17999999999999994,0.0
2023-07-02,DOGE-USD,0.0,0,0.0,0,0.0,0.0,0.26,0.0
2023-07-03,DOGE-USD,0.0,0,0.0,0,0.0,0.0,0.24,0.0
2023-07-04,DOGE-USD,0.0,0,0.0,0,0.0,0.0,0.28,0.0
2023-07-05,DOGE-USD,0.0,0,0.0,0,0.0,0.0,0.21999999999999997,0.0
2023-07-06,DOGE-USD,0.0,0,0.0,0,0.0,0.0,0.1200000000000001,0.0
2023-07-07,DOGE-USD,0.0,0,0.0,0,0.0,0.0,0.10000000000000009,0.0
2023-07-08,DOGE-USD,0.0,0,0.0,0,0.0,0.0,0.15999999999999992,0.0
2023-07-09,DOGE-USD,0.0,0,0.0,0,0.0,0.0,0.10000000000000009,0.0
2023-07-10,DOGE-USD,0.0,0,0.0,0,0.0,0.0,0.1200000000000001,0.0
2023-07-11,DOGE-USD,0.0,0,0.0,0,0.0,0.0,0.1399999999999999,0.0
2023-07-12,DOGE-USD,0.0,0,0.0,0,0.0,0.0,0.28,0.0
2023-07-13,DOGE-USD,0.0,0,0.0,0,0.0,0.0,0.1399999999999999,0.0
2023-07-14,DOGE-USD,0.0,0,0.0,0,0.0,0.0,0.19999999999999996,0.0
2023-07-15,DOGE-USD,0.0,0,0.0,0,0.0,0.0,0.1200000000000001,0.0
2023-07-16,DOGE-USD,0.0,0,0.0,0,0.0,0.0,0.1399999999999999,0.0
2023-07-17,DOGE-USD,0.0,0,0.0,0,0.0,0.0,0.08000000000000007,0.0
2023-07-18,DOGE-USD,0.0,0,0.0,0,0.0,0.0,0.1200000000000001,0.0
2023-07-19,DOGE-USD,0.0,0,0.0,0,0.0,0.0,0.0,0.0
2023-07-20,DOGE-USD,0.0,0,0.0,0,0.0,0.0,0.1200000000000001,0.0
2023-07-21,DOGE-USD,0.0,0,0.0,0,0.0,0.0,0.0,0.0
2023-07-22,DOGE-USD,0.0,0,0.0,0,0.0,0.0,0.040000000000000036,0.0
2023-07-23,DOGE-USD,0.0,0,0.0,0,0.0,0.0,0.08000000000000007,0.0
2023-07-24,DOGE-USD,0.0,0,0.0,0,0.0,0.0,0.10000000000000009,0.0
2023-07-25,DOGE-USD,0.0,0,0.0,0,0.0,0.0,0.0,0.0
2023-07-26,DOGE-USD,0.0,0,0.0,0,0.0,0.0,0.020000000000000018,0.0
2023-07-27,DOGE-USD,0.0,0,0.0,0,0.0,0.0,0.020000000000000018,0.0
2023-07-28,DOGE-USD,0.0,0,0.0,0,0.0,0.0,0.040000000000000036,0.0
2023-07-29,DOGE-USD,0.0,0,0.0,0,0.0,0.0,0.040000000000000036,0.0
2023-07-30,DOGE-USD,0.0,0,0.0,0,0.0,0.0,0.040000000000000036,0.0
2023-07-31,DOGE-USD,0.0,0,0.0,0,0.0,0.0,0.0,0.0
2023-08-01,DOGE-USD,0.0,0,0.0,0,0.0,0.0,0.06000000000000005,0.0
2023-08-02,DOGE-USD,0.0,0,0.0,0,0.0,0.0,0.06000000000000005,0.0
2023-08-03,DOGE-USD,0.0,0,0.0,0,0.0,0.0,0.040000000000000036,0.0
2023-08-04,DOGE-USD,0.0,0,0.0,0,0.0,0.0,0.08000000000000007,0.0
2023-08-05,DOGE-USD,0.0,0,0.0,0,0.0,0.0,0.0,0.0
2023-08-06,DOGE-USD,0.0,0,0.0,0,0.0,0.0,-0.020000000000000018,0.0
2023-08-07,DOGE-USD,0.0,0,0.0,0,0.0,0.0,-0.020000000000000018,0.0
2023-08-08,DOGE-USD,0.0,0,0.0,0,0.0,0.0,0.08000000000000007,0.0
2023-08-09,DOGE-USD,0.0,0,0.0,0,0.0,0.0,0.0,0.0
2023-08-10,DOGE-USD,0.0,0,0.0,0,0.0,0.0,0.06000000000000005,0.0
2023-08-11,DOGE-USD,0.0,0,0.0,0,0.0,0.0,0.020000000000000018,0.0
2023-08-12,DOGE-USD,0.0,0,0.0,0,0.0,0.0,0.08000000000000007,0.0
2023-08-13,DOGE-USD,0.0,0,0.0,0,0.0,0.0,0.08000000000000007,0.0
2023-08-14,DOGE-USD,0.0,0,0.0,0,0.0,0.0,0.0,0.0
2023-08-15,DOGE-USD,0.0,0,0.0,0,0.0,0.0,0.06000000000000005,0.0
2023-08-16,DOGE-USD,0.0,0,0.0,0,0.0,0.0,0.040000000000000036,0.0
2023-08-17,DOGE-USD,0.0,0,0.0,0,0.0,0.0,0.0,0.0
2023-08-18,DOGE-USD,0.0,0,0.0,0,0.0,0.0,-0.26,0.0
2023-08-19,DOGE-USD,0.0,0,0.0,0,0.0,0.0,-0.21999999999999997,0.0
2023-08-20,DOGE-USD,0.0,0,0.0,0,0.0,0.0,-0.26,0.0
2023-08-21,DOGE-USD,0.0,0,0.0,0,0.0,0.0,-0.24,0.0
2023-08-22,DOGE-USD,0.0,0,0.0,0,0.0,0.0,-0.26,0.0
2023-08-23,DOGE-USD,0.0,0,0.0,0,0.0,0.0,-0.26,0.0
2023-08-24,DOGE-USD,0.0,0,0.0,0,0.0,0.0,-0.18000000000000005,0.0
2023-08-25,DOGE-USD,0.0,0,0.0,0,0.0,0.0,-0.21999999999999997,0.0
2023-08-26,DOGE-USD,0.0,0,0.0,0,0.0,0.0,-0.24,0.0
2023-08-27,DOGE-USD,0.0,0,0.0,0,0.0,0.0,-0.24,0.0
2023-08-28,DOGE-USD,0.0,0,0.0,0,0.0,0.0,-0.21999999999999997,0.0
2023-08-29,DOGE-USD,0.0,0,0.0,0,0.0,0.0,-0.21999999999999997,0.0
2023-08-30,DOGE-USD,0.0,0,0.0,0,0.0,0.0,-0.020000000000000018,0.0
2023-08-31,DOGE-USD,0.0,0,0.0,0,0.0,0.0,0.040000000000000036,0.0
2023-09-01,DOGE-USD,0.0,0,0.0,0,0.0,0.0,-0.19999999999999996,0.0
2023-09-02,DOGE-USD,0.0,0,0.0,0,0.0,0.0,-0.21999999999999997,0.0
2023-09-03,DOGE-USD,0.0,0,0.0,0,0.0,0.0,-0.19999999999999996,0.0
2023-09-04,DOGE-USD,0.0,0,0.0,0,0.0,0.0,-0.19999999999999996,0.0
2023-09-05,DOGE-USD,0.0,0,0.0,0,0.0,0.0,-0.19999999999999996,0.0
2023-09-06,DOGE-USD,0.0,0,0.0,0,0.0,0.0,-0.16000000000000003,0.0
2023-09-07,DOGE-USD,0.0,0,0.0,0,0.0,0.0,-0.18000000000000005,0.0
2023-09-08,DOGE-USD,0.0,0,0.0,0,0.0,0.0,-0.07999999999999996,0.0
2023-09-09,DOGE-USD,0.0,0,0.0,0,0.0,0.0,-0.18000000000000005,0.0
2023-09-10,DOGE-USD,0.0,0,0.0,0,0.0,0.0,-0.19999999999999996,0.0
2023-09-11,DOGE-USD,0.0,0,0.0,0,0.0,0.0,-0.19999999999999996,0.0
2023-09-12,DOGE-USD,0.0,0,0.0,0,0.0,0.0,-0.4,0.0
2023-09-13,DOGE-USD,0.0,0,0.0,0,0.0,0.0,-0.18000000000000005,0.0
2023-09-14,DOGE-USD,0.0,0,0.0,0,0.0,0.0,-0.09999999999999998,0.0
2023-09-15,DOGE-USD,0.0,0,0.0,0,0.0,0.0,-0.09999999999999998,0.0
2023-09-16,DOGE-USD,0.0,0,0.0,0,0.0,0.0,-0.14,0.0
2023-09-17,DOGE-USD,0.0,0,0.0,0,0.0,0.0,-0.07999999999999996,0.0
2023-09-18,DOGE-USD,0.0,0,0.0,0,0.0,0.0,-0.07999999999999996,0.0
2023-09-19,DOGE-USD,0.0,0,0.0,0,0.0,0.0,-0.07999999999999996,0.0
2023-09-20,DOGE-USD,0.0,0,0.0,0,0.0,0.0,-0.06000000000000005,0.0
2023-09-21,DOGE-USD,0.0,0,0.0,0,0.0,0.0,-0.06000000000000005,0.0
2023-09-22,DOGE-USD,0.0,0,0.0,0,0.0,0.0,-0.14,0.0
2023-09-23,DOGE-USD,0.0,0,0.0,0,0.0,0.0,-0.06000000000000005,0.0
2023-09-24,DOGE-USD,0.0,0,0.0,0,0.0,0.0,-0.12,0.0
2023-09-25,DOGE-USD,0.0,0,0.0,0,0.0,0.0,-0.06000000000000005,0.0
2023-09-26,DOGE-USD,0.0,0,0.0,0,0.0,0.0,-0.07999999999999996,0.0
2023-09-27,DOGE-USD,0.0,0,0.0,0,0.0,0.0,-0.12,0.0
2023-09-28,DOGE-USD,0.0,0,0.0,0,0.0,0.0,-0.07999999999999996,0.0
2023-09-29,DOGE-USD,0.0,0,0.0,0,0.0,0.0,-0.040000000000000036,0.0
2023-09-30,DOGE-USD,0.0,0,0.0,0,0.0,0.0,-0.06000000000000005,0.0
2023-10-01,DOGE-USD,0.0,0,0.0,0,0.0,0.0,-0.040000000000000036,0.0
2023-10-02,DOGE-USD,0.0,0,0.0,0,0.0,0.0,0.0,0.0
2023-10-03,DOGE-USD,0.0,0,0.0,0,0.0,0.0,0.0,0.0
2023-10-04,DOGE-USD,0.0,0,0.0,0,0.0,0.0,-0.020000000000000018,0.0
2023-10-05,DOGE-USD,0.0,0,0.0,0,0.0,0.0,-0.040000000000000036,0.0
2023-10-06,DOGE-USD,0.0,0,0.0,0,0.0,0.0,0.0,0.0
2023-10-07,DOGE-USD,0.0,0,0.0,0,0.0,0.0,-0.020000000000000018,0.0
2023-10-08,DOGE-USD,0.0,0,0.0,0,0.0,0.0,0.0,0.0
2023-10-09,DOGE-USD,0.0,0,0.0,0,0.0,0.0,0.0,0.0
2023-10-10,DOGE-USD,0.0,0,0.0,0,0.0,0.0,0.0,0.0
2023-10-11,DOGE-USD,0.0,0,0.0,0,0.0,0.0,-0.06000000000000005,0.0
2023-10-12,DOGE-USD,0.0,0,0.0,0,0.0,0.0,-0.09999999999999998,0.0
2023-10-13,DOGE-USD,0.0,0,0.0,0,0.0,0.0,-0.12,0.0
2023-10-14,DOGE-USD,0.0,0,0.0,0,0.0,0.0,-0.06000000000000005,0.0
2023-10-15,DOGE-USD,0.0,0,0.0,0,0.0,0.0,-0.09999999999999998,0.0
2023-10-16,DOGE-USD,0.0,0,0.0,0,0.0,0.0,-0.06000000000000005,0.0
2023-10-17,DOGE-USD,0.0,0,0.0,0,0.0,0.0,0.040000000000000036,0.0
2023-10-18,DOGE-USD,0.0,0,0.0,0,0.0,0.0,0.0,0.0
2023-10-19,DOGE-USD,0.0,0,0.0,0,0.0,0.0,0.040000000000000036,0.0
2023-10-20,DOGE-USD,0.0,0,0.0,0,0.0,0.0,0.06000000000000005,0.0
2023-10-21,DOGE-USD,0.0,0,0.0,0,0.0,0.0,0.26,0.0
2023-10-22,DOGE-USD,0.0,0,0.0,0,0.0,0.0,0.06000000000000005,0.0
2023-10-23,DOGE-USD,0.0,0,0.0,0,0.0,0.0,0.06000000000000005,0.0
2023-10-24,DOGE-USD,0.0,0,0.0,0,0.0,0.0,0.32000000000000006,0.0
2023-10-25,DOGE-USD,0.0,0,0.0,0,0.0,0.0,0.43999999999999995,0.0
2023-10-26,DOGE-USD,0.0,0,0.0,0,0.0,0.0,0.41999999999999993,0.0
2023-10-27,DOGE-USD,0.0,0,0.0,0,0.0,0.0,0.3999999999999999,0.0
2023-10-28,DOGE-USD,0.0,0,0.0,0,0.0,0.0,0.30000000000000004,0.0
2023-10-29,DOGE-USD,0.0,0,0.0,0,0.0,0.0,0.43999999999999995,0.0
2023-10-30,DOGE-USD,0.0,0,0.0,0,0.0,0.0,0.3600000000000001,0.0
2023-10-31,DOGE-USD,0.0,0,0.0,0,0.0,0.0,0.32000000000000006,0.0
2023-11-01,DOGE-USD,0.0,0,0.0,0,0.0,0.0,0.32000000000000006,0.0
2023-11-02,DOGE-USD,0.0,0,0.0,0,0.0,0.0,0.43999999999999995,0.0
2023-11-03,DOGE-USD,0.0,0,0.0,0,0.0,0.0,0.30000000000000004,0.0
2023-11-04,DOGE-USD,0.0,0,0.0,0,0.0,0.0,0.3600000000000001,0.0
2023-11-05,DOGE-USD,0.0,0,0.0,0,0.0,0.0,0.3999999999999999,0.0
2023-11-06,DOGE-USD,0.0,0,0.0,0,0.0,0.0,0.48,0.0
2023-11-07,DOGE-USD,0.0,0,0.0,0,0.0,0.0,0.3600000000000001,0.0
2023-11-08,DOGE-USD,0.0,0,0.0,0,0.0,0.0,0.32000000000000006,0.0
2023-11-09,DOGE-USD,0.0,0,0.0,0,0.0,0.0,0.3799999999999999,0.0
2023-11-10,DOGE-USD,0.0,0,0.0,0,0.0,0.0,0.3999999999999999,0.0
2023-11-11,DOGE-USD,0.0,0,0.0,0,0.0,0.0,0.3999999999999999,0.0
2023-11-12,DOGE-USD,0.0,0,0.0,0,0.0,0.0,0.45999999999999996,0.0
2023-11-13,DOGE-USD,0.0,0,0.0,0,0.0,0.0,0.43999999999999995,0.0
2023-11-14,DOGE-USD,0.0,0,0.0,0,0.0,0.0,0.3799999999999999,0.0
2023-11-15,DOGE-USD,0.0,0,0.0,0,0.0,0.0,0.19999999999999996,0.0
2023-11-16,DOGE-USD,0.0,0,0.0,0,0.0,0.0,0.3999999999999999,0.0
2023-11-17,DOGE-USD,0.0,0,0.0,0,0.0,0.0,0.26,0.0
2023-11-18,DOGE-USD,0.0,0,0.0,0,0.0,0.0,0.3799999999999999,0.0
2023-11-19,DOGE-USD,0.0,0,0.0,0,0.0,0.0,0.32000000000000006,0.0
2023-11-20,DOGE-USD,0.0,0,0.0,0,0.0,0.0,0.3799999999999999,0.0
2023-11-21,DOGE-USD,0.0,0,0.0,0,0.0,0.0,0.41999999999999993,0.0
2023-11-22,DOGE-USD,0.0,0,0.0,0,0.0,0.0,0.24,0.0
2023-11-23,DOGE-USD,0.0,0,0.0,0,0.0,0.0,0.32000000000000006,0.0
2023-11-24,DOGE-USD,0.0,0,0.0,0,0.0,0.0,0.32000000000000006,0.0
2023-11-25,DOGE-USD,0.0,0,0.0,0,0.0,0.0,0.45999999999999996,0.0
2023-11-26,DOGE-USD,0.0,0,0.0,0,0.0,0.0,0.45999999999999996,0.0
2023-11-27,DOGE-USD,0.0,0,0.0,0,0.0,0.0,0.32000000000000006,0.0
2023-11-28,DOGE-USD,0.0,0,0.0,0,0.0,0.0,0.3600000000000001,0.0
2023-11-29,DOGE-USD,0.0,0,0.0,0,0.0,0.0,0.43999999999999995,0.0
2023-11-30,DOGE-USD,0.0,0,0.0,0,0.0,0.0,0.48,0.0
2023-12-01,DOGE-USD,0.0,0,0.0,0,0.0,0.0,0.41999999999999993,0.0
2023-12-02,DOGE-USD,0.0,0,0.0,0,0.0,0.0,0.48,0.0
2023-12-03,DOGE-USD,0.0,0,0.0,0,0.0,0.0,0.45999999999999996,0.0
2023-12-04,DOGE-USD,0.0,0,0.0,0,0.0,0.0,0.48,0.0
2023-12-05,DOGE-USD,0.0,0,0.0,0,0.0,0.0,0.5,0.0
2023-12-06,DOGE-USD,0.0,0,0.0,0,0.0,0.0,0.43999999999999995,0.0
2023-12-07,DOGE-USD,0.0,0,0.0,0,0.0,0.0,0.43999999999999995,0.0
2023-12-08,DOGE-USD,0.0,0,0.0,0,0.0,0.0,0.43999999999999995,0.0
2023-12-09,DOGE-USD,0.0,0,0.0,0,0.0,0.0,0.45999999999999996,0.0
2023-12-10,DOGE-USD,0.0,0,0.0,0,0.0,0.0,0.48,0.0
2023-12-11,DOGE-USD,0.0,0,0.0,0,0.0,0.0,0.48,0.0
2023-12-12,DOGE-USD,0.0,0,0.0,0,0.0,0.0,0.3400000000000001,0.0
2023-12-13,DOGE-USD,0.0,0,0.0,0,0.0,0.0,0.30000000000000004,0.0
2023-12-14,DOGE-USD,0.0,0,0.0,0,0.0,0.0,0.43999999999999995,0.0
2023-12-15,DOGE-USD,0.0,0,0.0,0,0.0,0.0,0.3999999999999999,0.0
2023-12-16,DOGE-USD,0.0,0,0.0,0,0.0,0.0,0.3400000000000001,0.0
2023-12-17,DOGE-USD,0.0,0,0.0,0,0.0,0.0,0.45999999999999996,0.0
2023-12-18,DOGE-USD,0.0,0,0.0,0,0.0,0.0,0.30000000000000004,0.0
2023-12-19,DOGE-USD,0.0,0,0.0,0,0.0,0.0,0.45999999999999996,0.0
2023-12-20,DOGE-USD,0.0,0,0.0,0,0.0,0.0,0.48,0.0
2023-12-21,DOGE-USD,0.0,0,0.0,0,0.0,0.0,0.3999999999999999,0.0
2023-12-22,DOGE-USD,0.0,0,0.0,0,0.0,0.0,0.48,0.0
2023-12-23,DOGE-USD,0.0,0,0.0,0,0.0,0.0,0.3999999999999999,0.0
2023-12-24,DOGE-USD,0.0,0,0.0,0,0.0,0.0,0.41999999999999993,0.0
2023-12-25,DOGE-USD,0.0,0,0.0,0,0.0,0.0,0.45999999999999996,0.0
2023-12-26,DOGE-USD,0.0,0,0.0,0,0.0,0.0,0.41999999999999993,0.0
2023-12-27,DOGE-USD,0.0,0,0.0,0,0.0,0.0,0.45999999999999996,0.0
2023-12-28,DOGE-USD,0.0,0,0.0,0,0.0,0.0,0.45999999999999996,0.0
2023-12-29,DOGE-USD,0.0,0,0.0,0,0.0,0.0,0.30000000000000004,0.0
2023-12-30,DOGE-USD,0.0,0,0.0,0,0.0,0.0,0.3600000000000001,0.0
2023-12-31,DOGE-USD,0.0,0,0.0,0,0.0,0.0,0.3400000000000001,0.0
2024-01-01,DOGE-USD,0.0,0,0.0,0,0.0,0.0,0.30000000000000004,0.0
2024-01-02,DOGE-USD,0.0,0,0.0,0,0.0,0.0,0.41999999999999993,0.0
2024-01-03,DOGE-USD,0.0,0,0.0,0,0.0,0.0,0.3999999999999999,0.0
2024-01-04,DOGE-USD,0.0,0,0.0,0,0.0,0.0,0.3600000000000001,0.0
2024-01-05,DOGE-USD,0.0,0,0.0,0,0.0,0.0,0.43999999999999995,0.0
2024-01-06,DOGE-USD,0.0,0,0.0,0,0.0,0.0,0.3999999999999999,0.0
2024-01-07,DOGE-USD,0.0,0,0.0,0,0.0,0.0,0.41999999999999993,0.0
2024-01-08,DOGE-USD,0.0,0,0.0,0,0.0,0.0,0.41999999999999993,0.0
2024-01-09,DOGE-USD,0.0,0,0.0,0,0.0,0.0,0.52,0.0
2024-01-10,DOGE-USD,0.0,0,0.0,0,0.0,0.0,0.45999999999999996,0.0
2024-01-11,DOGE-USD,0.0,0,0.0,0,0.0,0.0,0.52,0.0
2024-01-12,DOGE-USD,0.0,0,0.0,0,0.0,0.0,0.41999999999999993,0.0
2024-01-13,DOGE-USD,0.0,0,0.0,0,0.0,0.0,0.28,0.0
2024-01-14,DOGE-USD,0.0,0,0.0,0,0.0,0.0,0.19999999999999996,0.0
2024-01-15,DOGE-USD,0.0,0,0.0,0,0.0,0.0,0.040000000000000036,0.0
2024-01-16,DOGE-USD,0.0,0,0.0,0,0.0,0.0,0.28,0.0
2024-01-17,DOGE-USD,0.0,0,0.0,0,0.0,0.0,0.19999999999999996,0.0
2024-01-18,DOGE-USD,0.0,0,0.0,0,0.0,0.0,0.26,0.0
2024-01-19,DOGE-USD,0.0,0,0.0,0,0.0,0.0,0.020000000000000018,0.0
2024-01-20,DOGE-USD,0.0,0,0.0,0,0.0,0.0,0.040000000000000036,0.0
2024-01-21,DOGE-USD,0.0,0,0.0,0,0.0,0.0,0.1200000000000001,0.0
2024-01-22,DOGE-USD,0.0,0,0.0,0,0.0,0.0,0.10000000000000009,0.0
2024-01-23,DOGE-USD,0.0,0,0.0,0,0.0,0.0,0.0,0.0
2024-01-24,DOGE-USD,0.0,0,0.0,0,0.0,0.0,-0.040000000000000036,0.0
2024-01-25,DOGE-USD,0.0,0,0.0,0,0.0,0.0,0.040000000000000036,0.0
2024-01-26,DOGE-USD,0.0,0,0.0,0,0.0,0.0,-0.020000000000000018,0.0
2024-01-27,DOGE-USD,0.0,0,0.0,0,0.0,0.0,0.10000000000000009,0.0
2024-01-28,DOGE-USD,0.0,0,0.0,0,0.0,0.0,0.08000000000000007,0.0
2024-01-29,DOGE-USD,0.0,0,0.0,0,0.0,0.0,0.10000000000000009,0.0
2024-01-30,DOGE-USD,0.0,0,0.0,0,0.0,0.0,0.21999999999999997,0.0
2024-01-31,DOGE-USD,0.0,0,0.0,0,0.0,0.0,0.19999999999999996,0.0
2024-02-01,DOGE-USD,0.0,0,0.0,0,0.0,0.0,0.26,0.0
2024-02-02,DOGE-USD,0.0,0,0.0,0,0.0,0.0,0.26,0.0
2024-02-03,DOGE-USD,0.0,0,0.0,0,0.0,0.0,0.19999999999999996,0.0
2024-02-04,DOGE-USD,0.0,0,0.0,0,0.0,0.0,0.19999999999999996,0.0
2024-02-05,DOGE-USD,0.0,0,0.0,0,0.0,0.0,0.19999999999999996,0.0
2024-02-06,DOGE-USD,0.0,0,0.0,0,0.0,0.0,0.28,0.0
2024-02-07,DOGE-USD,0.0,0,0.0,0,0.0,0.0,0.24,0.0
2024-02-08,DOGE-USD,0.0,0,0.0,0,0.0,0.0,0.32000000000000006,0.0
2024-02-09,DOGE-USD,0.0,0,0.0,0,0.0,0.0,0.43999999999999995,0.0
2024-02-10,DOGE-USD,0.0,0,0.0,0,0.0,0.0,0.48,0.0
2024-02-11,DOGE-USD,0.0,0,0.0,0,0.0,0.0,0.41999999999999993,0.0
2024-02-12,DOGE-USD,0.0,0,0.0,0,0.0,0.0,0.3999999999999999,0.0
2024-02-13,DOGE-USD,0.0,0,0.0,0,0.0,0.0,0.5800000000000001,0.0
2024-02-14,DOGE-USD,0.0,0,0.0,0,0.0,0.0,0.48,0.0
2024-02-15,DOGE-USD,0.0,0,0.0,0,0.0,0.0,0.43999999999999995,0.0
2024-02-16,DOGE-USD,0.0,0,0.0,0,0.0,0.0,0.43999999999999995,0.0
2024-02-17,DOGE-USD,0.0,0,0.0,0,0.0,0.0,0.52,0.0
2024-02-18,DOGE-USD,0.0,0,0.0,0,0.0,0.0,0.43999999999999995,0.0
2024-02-19,DOGE-USD,0.0,0,0.0,0,0.0,0.0,0.5,0.0
2024-02-20,DOGE-USD,0.0,0,0.0,0,0.0,0.0,0.43999999999999995,0.0
2024-02-21,DOGE-USD,0.0,0,0.0,0,0.0,0.0,0.56,0.0
2024-02-22,DOGE-USD,0.0,0,0.0,0,0.0,0.0,0.48,0.0
2024-02-23,DOGE-USD,0.0,0,0.0,0,0.0,0.0,0.52,0.0
2024-02-24,DOGE-USD,0.0,0,0.0,0,0.0,0.0,0.43999999999999995,0.0
2024-02-25,DOGE-USD,0.0,0,0.0,0,0.0,0.0,0.48,0.0
2024-02-26,DOGE-USD,0.0,0,0.0,0,0.0,0.0,0.43999999999999995,0.0
2024-02-27,DOGE-USD,0.0,0,0.0,0,0.0,0.0,0.5800000000000001,0.0
2024-02-28,DOGE-USD,0.0,0,0.0,0,0.0,0.0,0.6399999999999999,0.0
2024-02-29,DOGE-USD,0.0,0,0.0,0,0.0,0.0,0.6000000000000001,0.0
2024-03-01,DOGE-USD,0.0,0,0.0,0,0.0,0.0,0.6000000000000001,0.0
2024-03-02,DOGE-USD,0.0,0,0.0,0,0.0,0.0,0.6000000000000001,0.0
2024-03-03,DOGE-USD,0.0,0,0.0,0,0.0,0.0,0.6599999999999999,0.0
2024-03-04,DOGE-USD,0.0,0,0.0,0,0.0,0.0,0.6399999999999999,0.0
2024-03-05,DOGE-USD,0.0,0,0.0,0,0.0,0.0,0.8,0.0
2024-03-06,DOGE-USD,0.0,0,0.0,0,0.0,0.0,0.5,0.0
2024-03-07,DOGE-USD,0.0,0,0.0,0,0.0,0.0,0.6399999999999999,0.0
2024-03-08,DOGE-USD,0.0,0,0.0,0,0.0,0.0,0.6200000000000001,0.0
2024-03-09,DOGE-USD,0.0,0,0.0,0,0.0,0.0,0.6799999999999999,0.0
2024-03-10,DOGE-USD,0.0,0,0.0,0,0.0,0.0,0.5800000000000001,0.0
2024-03-11,DOGE-USD,0.0,0,0.0,0,0.0,0.0,0.6399999999999999,0.0
2024-03-12,DOGE-USD,0.0,0,0.0,0,0.0,0.0,0.6200000000000001,0.0
2024-03-13,DOGE-USD,0.0,0,0.0,0,0.0,0.0,0.6200000000000001,0.0
2024-03-14,DOGE-USD,0.0,0,0.0,0,0.0,0.0,0.76,0.0
2024-03-15,DOGE-USD,0.0,0,0.0,0,0.0,0.0,0.6599999999999999,0.0
2024-03-16,DOGE-USD,0.0,0,0.0,0,0.0,0.0,0.6200000000000001,0.0
2024-03-17,DOGE-USD,0.0,0,0.0,0,0.0,0.0,0.5800000000000001,0.0
2024-03-18,DOGE-USD,0.0,0,0.0,0,0.0,0.0,0.54,0.0
2024-03-19,DOGE-USD,0.0,0,0.0,0,0.0,0.0,0.5800000000000001,0.0
2024-03-20,DOGE-USD,0.0,0,0.0,0,0.0,0.0,0.48,0.0
2024-03-21,DOGE-USD,0.0,0,0.0,0,0.0,0.0,0.56,0.0
2024-03-22,DOGE-USD,0.0,0,0.0,0,0.0,0.0,0.5,0.0
2024-03-23,DOGE-USD,0.0,0,0.0,0,0.0,0.0,0.45999999999999996,0.0
2024-03-24,DOGE-USD,0.0,0,0.0,0,0.0,0.0,0.48,0.0
2024-03-25,DOGE-USD,0.0,0,0.0,0,0.0,0.0,0.5,0.0
2024-03-26,DOGE-USD,0.0,0,0.0,0,0.0,0.0,0.6200000000000001,0.0
2024-03-27,DOGE-USD,0.0,0,0.0,0,0.0,0.0,0.6599999999999999,0.0
2024-03-28,DOGE-USD,0.0,0,0.0,0,0.0,0.0,0.6000000000000001,0.0
2024-03-29,DOGE-USD,0.0,0,0.0,0,0.0,0.0,0.5800000000000001,0.0
2024-03-30,DOGE-USD,0.0,0,0.0,0,0.0,0.0,0.5,0.0
2024-03-31,DOGE-USD,0.0,0,0.0,0,0.0,0.0,0.5,0.0
2024-04-01,DOGE-USD,0.0,0,0.0,0,0.0,0.0,0.5800000000000001,0.0
2024-04-02,DOGE-USD,0.0,0,0.0,0,0.0,0.0,0.5800000000000001,0.0
2024-04-03,DOGE-USD,0.0,0,0.0,0,0.0,0.0,0.41999999999999993,0.0
2024-04-04,DOGE-USD,0.0,0,0.0,0,0.0,0.0,0.3999999999999999,0.0
2024-04-05,DOGE-USD,0.0,0,0.0,0,0.0,0.0,0.5800000000000001,0.0
2024-04-06,DOGE-USD,0.0,0,0.0,0,0.0,0.0,0.5,0.0
2024-04-07,DOGE-USD,0.0,0,0.0,0,0.0,0.0,0.56,0.0
2024-04-08,DOGE-USD,0.0,0,0.0,0,0.0,0.0,0.52,0.0
2024-04-09,DOGE-USD,0.0,0,0.0,0,0.0,0.0,0.6000000000000001,0.0
2024-04-10,DOGE-USD,0.0,0,0.0,0,0.0,0.0,0.56,0.0
2024-04-11,DOGE-USD,0.0,0,0.0,0,0.0,0.0,0.52,0.0
2024-04-12,DOGE-USD,0.0,0,0.0,0,0.0,0.0,0.5800000000000001,0.0
2024-04-13,DOGE-USD,0.0,0,0.0,0,0.0,0.0,0.43999999999999995,0.0
2024-04-14,DOGE-USD,0.0,0,0.0,0,0.0,0.0,0.43999999999999995,0.0
2024-04-15,DOGE-USD,0.0,0,0.0,0,0.0,0.0,0.48,0.0
2024-04-16,DOGE-USD,0.0,0,0.0,0,0.0,0.0,0.30000000000000004,0.0
2024-04-17,DOGE-USD,0.0,0,0.0,0,0.0,0.0,0.3400000000000001,0.0
2024-04-18,DOGE-USD,0.0,0,0.0,0,0.0,0.0,0.1399999999999999,0.0
2024-04-19,DOGE-USD,0.0,0,0.0,0,0.0,0.0,0.32000000000000006,0.0
2024-04-20,DOGE-USD,0.0,0,0.0,0,0.0,0.0,0.32000000000000006,0.0
2024-04-21,DOGE-USD,0.0,0,0.0,0,0.0,0.0,0.43999999999999995,0.0
2024-04-22,DOGE-USD,0.0,0,0.0,0,0.0,0.0,0.45999999999999996,0.0
2024-04-23,DOGE-USD,0.0,0,0.0,0,0.0,0.0,0.41999999999999993,0.0
2024-04-24,DOGE-USD,0.0,0,0.0,0,0.0,0.0,0.43999999999999995,0.0
2024-04-25,DOGE-USD,0.0,0,0.0,0,0.0,0.0,0.43999999999999995,0.0
2024-04-26,DOGE-USD,0.0,0,0.0,0,0.0,0.0,0.3999999999999999,0.0
2024-04-27,DOGE-USD,0.0,0,0.0,0,0.0,0.0,0.3400000000000001,0.0
2024-04-28,DOGE-USD,0.0,0,0.0,0,0.0,0.0,0.30000000000000004,0.0
2024-04-29,DOGE-USD,0.0,0,0.0,0,0.0,0.0,0.3400000000000001,0.0
2024-04-30,DOGE-USD,0.0,0,0.0,0,0.0,0.0,0.3400000000000001,0.0
2024-05-01,DOGE-USD,0.0,0,0.0,0,0.0,0.0,0.08000000000000007,0.0
2024-05-02,DOGE-USD,0.0,0,0.0,0,0.0,0.0,-0.14,0.0
2024-05-03,DOGE-USD,0.0,0,0.0,0,0.0,0.0,-0.040000000000000036,0.0
2024-05-04,DOGE-USD,0.0,0,0.0,0,0.0,0.0,0.3400000000000001,0.0
2024-05-05,DOGE-USD,0.0,0,0.0,0,0.0,0.0,0.3799999999999999,0.0
2024-05-06,DOGE-USD,0.0,0,0.0,0,0.0,0.0,0.41999999999999993,0.0
2024-05-07,DOGE-USD,0.0,0,0.0,0,0.0,0.0,0.3600000000000001,0.0
2024-05-08,DOGE-USD,0.0,0,0.0,0,0.0,0.0,0.28,0.0
2024-05-09,DOGE-USD,0.0,0,0.0,0,0.0,0.0,0.10000000000000009,0.0
2024-05-10,DOGE-USD,0.0,0,0.0,0,0.0,0.0,0.32000000000000006,0.0
2024-05-11,DOGE-USD,0.0,0,0.0,0,0.0,0.0,0.06000000000000005,0.0
2024-05-12,DOGE-USD,0.0,0,0.0,0,0.0,0.0,0.1200000000000001,0.0
2024-05-13,DOGE-USD,0.0,0,0.0,0,0.0,0.0,0.1399999999999999,0.0
2024-05-14,DOGE-USD,0.0,0,0.0,0,0.0,0.0,0.32000000000000006,0.0
2024-05-15,DOGE-USD,0.0,0,0.0,0,0.0,0.0,0.28,0.0
2024-05-16,DOGE-USD,0.0,0,0.0,0,0.0,0.0,0.3999999999999999,0.0
2024-05-17,DOGE-USD,0.0,0,0.0,0,0.0,0.0,0.48,0.0
2024-05-18,DOGE-USD,0.0,0,0.0,0,0.0,0.0,0.45999999999999996,0.0
2024-05-19,DOGE-USD,0.0,0,0.0,0,0.0,0.0,0.43999999999999995,0.0
2024-05-20,DOGE-USD,0.0,0,0.0,0,0.0,0.0,0.3999999999999999,0.0
2024-05-21,DOGE-USD,0.0,0,0.0,0,0.0,0.0,0.52,0.0
2024-05-22,DOGE-USD,0.0,0,0.0,0,0.0,0.0,0.52,0.0
2024-05-23,DOGE-USD,0.0,0,0.0,0,0.0,0.0,0.52,0.0
2024-05-24,DOGE-USD,0.0,0,0.0,0,0.0,0.0,0.48,0.0
2024-05-25,DOGE-USD,0.0,0,0.0,0,0.0,0.0,0.52,0.0
2024-05-26,DOGE-USD,0.0,0,0.0,0,0.0,0.0,0.5,0.0
2024-05-27,DOGE-USD,0.0,0,0.0,0,0.0,0.0,0.48,0.0
2024-05-28,DOGE-USD,0.0,0,0.0,0,0.0,0.0,0.43999999999999995,0.0
2024-05-29,DOGE-USD,0.0,0,0.0,0,0.0,0.0,0.43999999999999995,0.0
2024-05-30,DOGE-USD,0.0,0,0.0,0,0.0,0.0,0.45999999999999996,0.0
2024-05-31,DOGE-USD,0.0,0,0.0,0,0.0,0.0,0.45999999999999996,0.0
2024-06-01,DOGE-USD,0.0,0,0.0,0,0.0,0.0,0.43999999999999995,0.0
2024-06-02,DOGE-USD,0.0,0,0.0,0,0.0,0.0,0.45999999999999996,0.0
2024-06-03,DOGE-USD,0.0,0,0.0,0,0.0,0.0,0.45999999999999996,0.0
2024-06-04,DOGE-USD,0.0,0,0.0,0,0.0,0.0,0.45999999999999996,0.0
2024-06-05,DOGE-USD,0.0,0,0.0,0,0.0,0.0,0.5,0.0
2024-06-06,DOGE-USD,0.0,0,0.0,0,0.0,0.0,0.56,0.0
2024-06-07,DOGE-USD,0.0,0,0.0,0,0.0,0.0,0.54,0.0
2024-06-08,DOGE-USD,0.0,0,0.0,0,0.0,0.0,0.43999999999999995,0.0
2024-06-09,DOGE-USD,0.0,0,0.0,0,0.0,0.0,0.5,0.0
2024-06-10,DOGE-USD,0.0,0,0.0,0,0.0,0.0,0.43999999999999995,0.0
2024-06-11,DOGE-USD,0.0,0,0.0,0,0.0,0.0,0.48,0.0
2024-06-12,DOGE-USD,0.0,0,0.0,0,0.0,0.0,0.43999999999999995,0.0
2024-06-13,DOGE-USD,0.0,0,0.0,0,0.0,0.0,0.3999999999999999,0.0
2024-06-14,DOGE-USD,0.0,0,0.0,0,0.0,0.0,0.48,0.0
2024-06-15,DOGE-USD,0.0,0,0.0,0,0.0,0.0,0.48,0.0
2024-06-16,DOGE-USD,0.0,0,0.0,0,0.0,0.0,0.41999999999999993,0.0
2024-06-17,DOGE-USD,0.0,0,0.0,0,0.0,0.0,0.41999999999999993,0.0
2024-06-18,DOGE-USD,0.0,0,0.0,0,0.0,0.0,0.48,0.0
2024-06-19,DOGE-USD,0.0,0,0.0,0,0.0,0.0,0.28,0.0
2024-06-20,DOGE-USD,0.0,0,0.0,0,0.0,0.0,0.19999999999999996,0.0
2024-06-21,DOGE-USD,0.0,0,0.0,0,0.0,0.0,0.26,0.0
2024-06-22,DOGE-USD,0.0,0,0.0,0,0.0,0.0,0.06000000000000005,0.0
2024-06-23,DOGE-USD,0.0,0,0.0,0,0.0,0.0,0.10000000000000009,0.0
2024-06-24,DOGE-USD,0.0,0,0.0,0,0.0,0.0,0.020000000000000018,0.0
2024-06-25,DOGE-USD,0.0,0,0.0,0,0.0,0.0,-0.4,0.0
2024-06-26,DOGE-USD,0.0,0,0.0,0,0.0,0.0,-0.07999999999999996,0.0
2024-06-27,DOGE-USD,0.0,0,0.0,0,0.0,0.0,-0.19999999999999996,0.0
2024-06-28,DOGE-USD,0.0,0,0.0,0,0.0,0.0,-0.06000000000000005,0.0
2024-06-29,DOGE-USD,0.0,0,0.0,0,0.0,0.0,-0.4,0.0
2024-06-30,DOGE-USD,0.0,0,0.0,0,0.0,0.0,-0.06000000000000005,0.0
2024-07-01,DOGE-USD,0.0,0,0.0,0,0.0,0.0,0.06000000000000005,0.0
2024-07-02,DOGE-USD,0.0,0,0.0,0,0.0,0.0,0.020000000000000018,0.0
2024-07-03,DOGE-USD,0.0,0,0.0,0,0.0,0.0,0.0,0.0
2024-07-04,DOGE-USD,0.0,0,0.0,0,0.0,0.0,-0.12,0.0
2024-07-05,DOGE-USD,0.0,0,0.0,0,0.0,0.0,-0.42000000000000004,0.0
2024-07-06,DOGE-USD,0.0,0,0.0,0,0.0,0.0,-0.48,0.0
2024-07-07,DOGE-USD,0.0,0,0.0,0,0.0,0.0,-0.42000000000000004,0.0
2024-07-08,DOGE-USD,0.0,0,0.0,0,0.0,0.0,-0.43999999999999995,0.0
2024-07-09,DOGE-USD,0.0,0,0.0,0,0.0,0.0,-0.45999999999999996,0.0
2024-07-10,DOGE-USD,0.0,0,0.0,0,0.0,0.0,-0.43999999999999995,0.0
2024-07-11,DOGE-USD,0.0,0,0.0,0,0.0,0.0,-0.42000000000000004,0.0
2024-07-12,DOGE-USD,0.0,0,0.0,0,0.0,0.0,-0.5,0.0
2024-07-13,DOGE-USD,0.0,0,0.0,0,0.0,0.0,-0.5,0.0
2024-07-14,DOGE-USD,0.0,0,0.0,0,0.0,0.0,-0.33999999999999997,0.0
2024-07-15,DOGE-USD,0.0,0,0.0,0,0.0,0.0,0.040000000000000036,0.0
2024-07-16,DOGE-USD,0.0,0,0.0,0,0.0,0.0,0.30000000000000004,0.0
2024-07-17,DOGE-USD,0.0,0,0.0,0,0.0,0.0,0.3799999999999999,0.0
2024-07-18,DOGE-USD,0.0,0,0.0,0,0.0,0.0,0.21999999999999997,0.0
2024-07-19,DOGE-USD,0.0,0,0.0,0,0.0,0.0,0.19999999999999996,0.0
2024-07-20,DOGE-USD,0.0,0,0.0,0,0.0,0.0,0.48,0.0
2024-07-21,DOGE-USD,0.0,0,0.0,0,0.0,0.0,0.48,0.0
2024-07-22,DOGE-USD,0.0,0,0.0,0,0.0,0.0,0.3999999999999999,0.0
2024-07-23,DOGE-USD,0.0,0,0.0,0,0.0,0.0,0.41999999999999993,0.0
2024-07-24,DOGE-USD,0.0,0,0.0,0,0.0,0.0,0.3799999999999999,0.0
2024-07-25,DOGE-USD,0.0,0,0.0,0,0.0,0.0,0.3600000000000001,0.0
2024-07-26,DOGE-USD,0.0,0,0.0,0,0.0,0.0,0.3600000000000001,0.0
2024-07-27,DOGE-USD,0.0,0,0.0,0,0.0,0.0,0.43999999999999995,0.0
2024-07-28,DOGE-USD,0.0,0,0.0,0,0.0,0.0,0.41999999999999993,0.0
2024-07-29,DOGE-USD,0.0,0,0.0,0,0.0,0.0,0.48,0.0
2024-07-30,DOGE-USD,0.0,0,0.0,0,0.0,0.0,0.3400000000000001,0.0
2024-07-31,DOGE-USD,0.0,0,0.0,0,0.0,0.0,0.21999999999999997,0.0
2024-08-01,DOGE-USD,0.0,0,0.0,0,0.0,0.0,0.040000000000000036,0.0
2024-08-02,DOGE-USD,0.0,0,0.0,0,0.0,0.0,0.1399999999999999,0.0
2024-08-03,DOGE-USD,0.0,0,0.0,0,0.0,0.0,-0.26,0.0
2024-08-04,DOGE-USD,0.0,0,0.0,0,0.0,0.0,-0.31999999999999995,0.0
2024-08-05,DOGE-USD,0.0,0,0.0,0,0.0,0.0,-0.48,0.0
2024-08-06,DOGE-USD,0.0,0,0.0,0,0.0,0.0,-0.6599999999999999,0.0
2024-08-07,DOGE-USD,0.0,0,0.0,0,0.0,0.0,-0.42000000000000004,0.0
2024-08-08,DOGE-USD,0.0,0,0.0,0,0.0,0.0,-0.6,0.0
2024-08-09,DOGE-USD,0.0,0,0.0,0,0.0,0.0,-0.040000000000000036,0.0
2024-08-10,DOGE-USD,0.0,0,0.0,0,0.0,0.0,-0.19999999999999996,0.0
2024-08-11,DOGE-USD,0.0,0,0.0,0,0.0,0.0,-0.21999999999999997,0.0
2024-08-12,DOGE-USD,0.0,0,0.0,0,0.0,0.0,-0.5,0.0
2024-08-13,DOGE-USD,0.0,0,0.0,0,0.0,0.0,-0.38,0.0
2024-08-14,DOGE-USD,0.0,0,0.0,0,0.0,0.0,-0.4,0.0
2024-08-15,DOGE-USD,0.0,0,0.0,0,0.0,0.0,-0.42000000000000004,0.0
2024-08-16,DOGE-USD,0.0,0,0.0,0,0.0,0.0,-0.45999999999999996,0.0
2024-08-17,DOGE-USD,0.0,0,0.0,0,0.0,0.0,-0.5,0.0
2024-08-18,DOGE-USD,0.0,0,0.0,0,0.0,0.0,-0.38,0.0
2024-08-19,DOGE-USD,0.0,0,0.0,0,0.0,0.0,-0.43999999999999995,0.0
2024-08-20,DOGE-USD,0.0,0,0.0,0,0.0,0.0,-0.4,0.0
2024-08-21,DOGE-USD,0.0,0,0.0,0,0.0,0.0,-0.48,0.0
2024-08-22,DOGE-USD,0.0,0,0.0,0,0.0,0.0,-0.21999999999999997,0.0
2024-08-23,DOGE-USD,0.0,0,0.0,0,0.0,0.0,-0.31999999999999995,0.0
2024-08-24,DOGE-USD,0.0,0,0.0,0,0.0,0.0,0.1200000000000001,0.0
2024-08-25,DOGE-USD,0.0,0,0.0,0,0.0,0.0,0.08000000000000007,0.0
2024-08-26,DOGE-USD,0.0,0,0.0,0,0.0,0.0,0.10000000000000009,0.0
2024-08-27,DOGE-USD,0.0,0,0.0,0,0.0,0.0,-0.040000000000000036,0.0
2024-08-28,DOGE-USD,0.0,0,0.0,0,0.0,0.0,-0.4,0.0
2024-08-29,DOGE-USD,0.0,0,0.0,0,0.0,0.0,-0.42000000000000004,0.0
2024-08-30,DOGE-USD,0.0,0,0.0,0,0.0,0.0,-0.31999999999999995,0.0
2024-08-31,DOGE-USD,0.0,0,0.0,0,0.0,0.0,-0.42000000000000004,0.0
2024-09-01,DOGE-USD,0.0,0,0.0,0,0.0,0.0,-0.48,0.0
2024-09-02,DOGE-USD,0.0,0,0.0,0,0.0,0.0,-0.48,0.0
2024-09-03,DOGE-USD,0.0,0,0.0,0,0.0,0.0,-0.48,0.0
2024-09-04,DOGE-USD,0.0,0,0.0,0,0.0,0.0,-0.45999999999999996,0.0
2024-09-05,DOGE-USD,0.0,0,0.0,0,0.0,0.0,-0.42000000000000004,0.0
2024-09-06,DOGE-USD,0.0,0,0.0,0,0.0,0.0,-0.56,0.0
2024-09-07,DOGE-USD,0.0,0,0.0,0,0.0,0.0,-0.54,0.0
2024-09-08,DOGE-USD,0.0,0,0.0,0,0.0,0.0,-0.42000000000000004,0.0
2024-09-09,DOGE-USD,0.0,0,0.0,0,0.0,0.0,-0.48,0.0
2024-09-10,DOGE-USD,0.0,0,0.0,0,0.0,0.0,-0.33999999999999997,0.0
2024-09-11,DOGE-USD,0.0,0,0.0,0,0.0,0.0,-0.26,0.0
2024-09-12,DOGE-USD,0.0,0,0.0,0,0.0,0.0,-0.38,0.0
2024-09-13,DOGE-USD,0.0,0,0.0,0,0.0,0.0,-0.36,0.0
2024-09-14,DOGE-USD,0.0,0,0.0,0,0.0,0.0,0.0,0.0
2024-09-15,DOGE-USD,0.0,0,0.0,0,0.0,0.0,0.020000000000000018,0.0
2024-09-16,DOGE-USD,0.0,0,0.0,0,0.0,0.0,-0.21999999999999997,0.0
2024-09-17,DOGE-USD,0.0,0,0.0,0,0.0,0.0,-0.33999999999999997,0.0
2024-09-18,DOGE-USD,0.0,0,0.0,0,0.0,0.0,-0.09999999999999998,0.0
2024-09-19,DOGE-USD,0.0,0,0.0,0,0.0,0.0,-0.020000000000000018,0.0
2024-09-20,DOGE-USD,0.0,0,0.0,0,0.0,0.0,0.08000000000000007,0.0
2024-09-21,DOGE-USD,0.0,0,0.0,0,0.0,0.0,0.08000000000000007,0.0
2024-09-22,DOGE-USD,0.0,0,0.0,0,0.0,0.0,0.040000000000000036,0.0
2024-09-23,DOGE-USD,0.0,0,0.0,0,0.0,0.0,0.0,0.0
2024-09-24,DOGE-USD,0.0,0,0.0,0,0.0,0.0,0.08000000000000007,0.0
2024-09-25,DOGE-USD,0.0,0,0.0,0,0.0,0.0,0.17999999999999994,0.0
2024-09-26,DOGE-USD,0.0,0,0.0,0,0.0,0.0,0.0,0.0
2024-09-27,DOGE-USD,0.0,0,0.0,0,0.0,0.0,0.21999999999999997,0.0
2024-09-28,DOGE-USD,0.0,0,0.0,0,0.0,0.0,0.28,0.0
2024-09-29,DOGE-USD,0.0,0,0.0,0,0.0,0.0,0.26,0.0
2024-09-30,DOGE-USD,0.0,0,0.0,0,0.0,0.0,0.21999999999999997,0.0
2024-10-01,DOGE-USD,0.0,0,0.0,0,0.0,0.0,0.0,0.0
2024-10-02,DOGE-USD,0.0,0,0.0,0,0.0,0.0,-0.16000000000000003,0.0
2024-10-03,DOGE-USD,0.0,0,0.0,0,0.0,0.0,-0.26,0.0
2024-10-04,DOGE-USD,0.0,0,0.0,0,0.0,0.0,-0.18000000000000005,0.0
2024-10-05,DOGE-USD,0.0,0,0.0,0,0.0,0.0,-0.020000000000000018,0.0
2024-10-06,DOGE-USD,0.0,0,0.0,0,0.0,0.0,0.0,0.0
2024-10-07,DOGE-USD,0.0,0,0.0,0,0.0,0.0,0.0,0.0
2024-10-08,DOGE-USD,0.0,0,0.0,0,0.0,0.0,-0.020000000000000018,0.0
2024-10-09,DOGE-USD,0.0,0,0.0,0,0.0,0.0,-0.020000000000000018,0.0
2024-10-10,DOGE-USD,0.0,0,0.0,0,0.0,0.0,-0.21999999999999997,0.0
2024-10-11,DOGE-USD,0.0,0,0.0,0,0.0,0.0,-0.36,0.0
2024-10-12,DOGE-USD,0.0,0,0.0,0,0.0,0.0,-0.020000000000000018,0.0
2024-10-13,DOGE-USD,0.0,0,0.0,0,0.0,0.0,0.0,0.0
2024-10-14,DOGE-USD,0.0,0,0.0,0,0.0,0.0,-0.040000000000000036,0.0
2024-10-15,DOGE-USD,0.0,0,0.0,0,0.0,0.0,0.30000000000000004,0.0
2024-10-16,DOGE-USD,0.0,0,0.0,0,0.0,0.0,0.45999999999999996,0.0
2024-10-17,DOGE-USD,0.0,0,0.0,0,0.0,0.0,0.41999999999999993,0.0
2024-10-18,DOGE-USD,0.0,0,0.0,0,0.0,0.0,0.45999999999999996,0.0
2024-10-19,DOGE-USD,0.0,0,0.0,0,0.0,0.0,0.43999999999999995,0.0
2024-10-20,DOGE-USD,0.0,0,0.0,0,0.0,0.0,0.45999999999999996,0.0
2024-10-21,DOGE-USD,0.0,0,0.0,0,0.0,0.0,0.43999999999999995,0.0
2024-10-22,DOGE-USD,0.0,0,0.0,0,0.0,0.0,0.3999999999999999,0.0
2024-10-23,DOGE-USD,0.0,0,0.0,0,0.0,0.0,0.41999999999999993,0.0
2024-10-24,DOGE-USD,0.0,0,0.0,0,0.0,0.0,0.3799999999999999,0.0
2024-10-25,DOGE-USD,0.0,0,0.0,0,0.0,0.0,0.43999999999999995,0.0
2024-10-26,DOGE-USD,0.0,0,0.0,0,0.0,0.0,0.0,0.0
2024-10-27,DOGE-USD,0.0,0,0.0,0,0.0,0.0,0.48,0.0
2024-10-28,DOGE-USD,0.0,0,0.0,0,0.0,0.0,0.43999999999999995,0.0
2024-10-29,DOGE-USD,0.0,0,0.0,0,0.0,0.0,0.43999999999999995,0.0
2024-10-30,DOGE-USD,0.0,0,0.0,0,0.0,0.0,0.54,0.0
2024-10-31,DOGE-USD,0.0,0,0.0,0,0.0,0.0,0.54,0.0
2024-11-01,DOGE-USD,0.0,0,0.0,0,0.0,0.0,0.5,0.0
2024-11-02,DOGE-USD,0.0,0,0.0,0,0.0,0.0,0.43999999999999995,0.0
2024-11-03,DOGE-USD,0.0,0,0.0,0,0.0,0.0,0.48,0.0
2024-11-04,DOGE-USD,0.0,0,0.0,0,0.0,0.0,0.3999999999999999,0.0
2024-11-05,DOGE-USD,0.0,0,0.0,0,0.0,0.0,0.3999999999999999,0.0
2024-11-06,DOGE-USD,0.0,0,0.0,0,0.0,0.0,0.3999999999999999,0.0
2024-11-07,DOGE-USD,0.0,0,0.0,0,0.0,0.0,0.54,0.0
2024-11-08,DOGE-USD,0.0,0,0.0,0,0.0,0.0,0.5,0.0
2024-11-09,DOGE-USD,0.0,0,0.0,0,0.0,0.0,0.5,0.0
2024-11-10,DOGE-USD,0.0,0,0.0,0,0.0,0.0,0.56,0.0
2024-11-11,DOGE-USD,0.0,0,0.0,0,0.0,0.0,0.52,0.0
2024-11-12,DOGE-USD,0.0,0,0.0,0,0.0,0.0,0.6000000000000001,0.0
2024-11-13,DOGE-USD,0.0,0,0.0,0,0.0,0.0,0.6799999999999999,0.0
2024-11-14,DOGE-USD,0.0,0,0.0,0,0.0,0.0,0.76,0.0
2024-11-15,DOGE-USD,0.0,0,0.0,0,0.0,0.0,0.6000000000000001,0.0
2024-11-16,DOGE-USD,0.0,0,0.0,0,0.0,0.0,0.72,0.0
2024-11-17,DOGE-USD,0.0,0,0.0,0,0.0,0.0,0.8,0.0
2024-11-18,DOGE-USD,0.0,0,0.0,0,0.0,0.0,0.6599999999999999,0.0
2024-11-19,DOGE-USD,0.0,0,0.0,0,0.0,0.0,0.8,0.0
2024-11-20,DOGE-USD,0.0,0,0.0,0,0.0,0.0,0.6599999999999999,0.0
2024-11-21,DOGE-USD,0.0,0,0.0,0,0.0,0.0,0.6399999999999999,0.0
2024-11-22,DOGE-USD,0.0,0,0.0,0,0.0,0.0,0.8799999999999999,0.0
2024-11-23,DOGE-USD,0.0,0,0.0,0,0.0,0.0,0.8600000000000001,0.0
2024-11-24,DOGE-USD,0.0,0,0.0,0,0.0,0.0,0.6000000000000001,0.0
2024-11-25,DOGE-USD,0.0,0,0.0,0,0.0,0.0,0.6399999999999999,0.0
2024-11-26,DOGE-USD,0.0,0,0.0,0,0.0,0.0,0.5800000000000001,0.0
2024-11-27,DOGE-USD,0.0,0,0.0,0,0.0,0.0,0.5,0.0
2024-11-28,DOGE-USD,0.0,0,0.0,0,0.0,0.0,0.54,0.0
2024-11-29,DOGE-USD,0.0,0,0.0,0,0.0,0.0,0.56,0.0
2024-11-30,DOGE-USD,0.0,0,0.0,0,0.0,0.0,0.6799999999999999,0.0
2024-12-01,DOGE-USD,0.0,0,0.0,0,0.0,0.0,0.6200000000000001,0.0
2024-12-02,DOGE-USD,0.0,0,0.0,0,0.0,0.0,0.6000000000000001,0.0
2024-12-03,DOGE-USD,0.0,0,0.0,0,0.0,0.0,0.52,0.0
2024-12-04,DOGE-USD,0.0,0,0.0,0,0.0,0.0,0.56,0.0
2024-12-05,DOGE-USD,0.0,0,0.0,0,0.0,0.0,0.6799999999999999,0.0
2024-12-06,DOGE-USD,0.0,0,0.0,0,0.0,0.0,0.43999999999999995,0.0
2024-12-07,DOGE-USD,0.0,0,0.0,0,0.0,0.0,0.5,0.0
2024-12-08,DOGE-USD,0.0,0,0.0,0,0.0,0.0,0.5800000000000001,0.0
2024-12-09,DOGE-USD,0.0,0,0.0,0,0.0,0.0,0.56,0.0
2024-12-10,DOGE-USD,0.0,0,0.0,0,0.0,0.0,0.56,0.0
2024-12-11,DOGE-USD,0.0,0,0.0,0,0.0,0.0,0.48,0.0
2024-12-12,DOGE-USD,0.0,0,0.0,0,0.0,0.0,0.6599999999999999,0.0
2024-12-13,DOGE-USD,0.0,0,0.0,0,0.0,0.0,0.52,0.0
2024-12-14,DOGE-USD,0.0,0,0.0,0,0.0,0.0,0.6599999999999999,0.0
2024-12-15,DOGE-USD,0.0,0,0.0,0,0.0,0.0,0.6000000000000001,0.0
2024-12-16,DOGE-USD,0.0,0,0.0,0,0.0,0.0,0.6599999999999999,0.0
2024-12-17,DOGE-USD,0.0,0,0.0,0,0.0,0.0,0.74,0.0
2024-12-18,DOGE-USD,0.0,0,0.0,0,0.0,0.0,0.6200000000000001,0.0
2024-12-19,DOGE-USD,0.0,0,0.0,0,0.0,0.0,0.5,0.0
2024-12-20,DOGE-USD,0.0,0,0.0,0,0.0,0.0,0.48,0.0
2024-12-21,DOGE-USD,0.0,0,0.0,0,0.0,0.0,0.45999999999999996,0.0
2024-12-22,DOGE-USD,0.0,0,0.0,0,0.0,0.0,0.45999999999999996,0.0
2024-12-23,DOGE-USD,0.0,0,0.0,0,0.0,0.0,0.3999999999999999,0.0
2024-12-24,DOGE-USD,0.0,0,0.0,0,0.0,0.0,0.45999999999999996,0.0
2024-12-25,DOGE-USD,0.0,0,0.0,0,0.0,0.0,0.45999999999999996,0.0
2024-12-26,DOGE-USD,0.0,0,0.0,0,0.0,0.0,0.5800000000000001,0.0
2024-12-27,DOGE-USD,0.0,0,0.0,0,0.0,0.0,0.48,0.0
2024-12-28,DOGE-USD,0.0,0,0.0,0,0.0,0.0,0.43999999999999995,0.0
2024-12-29,DOGE-USD,0.0,0,0.0,0,0.0,0.0,0.45999999999999996,0.0
2024-12-30,DOGE-USD,0.0,0,0.0,0,0.0,0.0,0.30000000000000004,0.0
2024-12-31,DOGE-USD,0.0,0,0.0,0,0.0,0.0,0.28,0.0
2020-01-01,ETH-USD,0.0,0,0.0,0,0.0,0.0,-0.26,0.0
2020-01-02,ETH-USD,0.0,0,0.0,0,0.0,0.0,-0.21999999999999997,0.0
2020-01-03,ETH-USD,0.0,0,0.0,0,0.0,0.0,-0.24,0.0
2020-01-04,ETH-USD,0.0,0,0.0,0,0.0,0.0,-0.24,0.0
2020-01-05,ETH-USD,0.0,0,0.0,0,0.0,0.0,-0.21999999999999997,0.0
2020-01-06,ETH-USD,0.0,0,0.0,0,0.0,0.0,-0.18000000000000005,0.0
2020-01-07,ETH-USD,0.0,0,0.0,0,0.0,0.0,-0.19999999999999996,0.0
2020-01-08,ETH-USD,0.0,0,0.0,0,0.0,0.0,0.020000000000000018,0.0
2020-01-09,ETH-USD,0.0,0,0.0,0,0.0,0.0,-0.12,0.0
2020-01-10,ETH-USD,0.0,0,0.0,0,0.0,0.0,-0.18000000000000005,0.0
2020-01-11,ETH-USD,0.0,0,0.0,0,0.0,0.0,0.0,0.0
2020-01-12,ETH-USD,0.0,0,0.0,0,0.0,0.0,-0.09999999999999998,0.0
2020-01-13,ETH-USD,0.0,0,0.0,0,0.0,0.0,-0.020000000000000018,0.0
2020-01-14,ETH-USD,0.0,0,0.0,0,0.0,0.0,0.1200000000000001,0.0
2020-01-15,ETH-USD,0.0,0,0.0,0,0.0,0.0,0.08000000000000007,0.0
2020-01-16,ETH-USD,0.0,0,0.0,0,0.0,0.0,0.10000000000000009,0.0
2020-01-17,ETH-USD,0.0,0,0.0,0,0.0,0.0,0.08000000000000007,0.0
2020-01-18,ETH-USD,0.0,0,0.0,0,0.0,0.0,0.020000000000000018,0.0
2020-01-19,ETH-USD,0.0,0,0.0,0,0.0,0.0,0.06000000000000005,0.0
2020-01-20,ETH-USD,0.0,0,0.0,0,0.0,0.0,-0.040000000000000036,0.0
2020-01-21,ETH-USD,0.0,0,0.0,0,0.0,0.0,-0.020000000000000018,0.0
2020-01-22,ETH-USD,0.0,0,0.0,0,0.0,0.0,0.040000000000000036,0.0
2020-01-23,ETH-USD,0.0,0,0.0,0,0.0,0.0,-0.020000000000000018,0.0
2020-01-24,ETH-USD,0.0,0,0.0,0,0.0,0.0,-0.19999999999999996,0.0
2020-01-25,ETH-USD,0.0,0,0.0,0,0.0,0.0,-0.18000000000000005,0.0
2020-01-26,ETH-USD,0.0,0,0.0,0,0.0,0.0,-0.16000000000000003,0.0
2020-01-27,ETH-USD,0.0,0,0.0,0,0.0,0.0,0.0,0.0
2020-01-28,ETH-USD,0.0,0,0.0,0,0.0,0.0,0.08000000000000007,0.0
2020-01-29,ETH-USD,0.0,0,0.0,0,0.0,0.0,0.1399999999999999,0.0
2020-01-30,ETH-USD,0.0,0,0.0,0,0.0,0.0,0.1399999999999999,0.0
2020-01-31,ETH-USD,0.0,0,0.0,0,0.0,0.0,0.10000000000000009,0.0
2020-02-01,ETH-USD,0.0,0,0.0,0,0.0,0.0,0.1399999999999999,0.0
2020-02-02,ETH-USD,0.0,0,0.0,0,0.0,0.0,0.1399999999999999,0.0
2020-02-03,ETH-USD,0.0,0,0.0,0,0.0,0.0,0.17999999999999994,0.0
2020-02-04,ETH-USD,0.0,0,0.0,0,0.0,0.0,0.1200000000000001,0.0
2020-02-05,ETH-USD,0.0,0,0.0,0,0.0,0.0,0.06000000000000005,0.0
2020-02-06,ETH-USD,0.0,0,0.0,0,0.0,0.0,0.21999999999999997,0.0
2020-02-07,ETH-USD,0.0,0,0.0,0,0.0,0.0,0.1200000000000001,0.0
2020-02-08,ETH-USD,0.0,0,0.0,0,0.0,0.0,0.1200000000000001,0.0
2020-02-09,ETH-USD,0.0,0,0.0,0,0.0,0.0,0.1200000000000001,0.0
2020-02-10,ETH-USD,0.0,0,0.0,0,0.0,0.0,0.1399999999999999,0.0
2020-02-11,ETH-USD,0.0,0,0.0,0,0.0,0.0,0.040000000000000036,0.0
2020-02-12,ETH-USD,0.0,0,0.0,0,0.0,0.0,0.21999999999999997,0.0
2020-02-13,ETH-USD,0.0,0,0.0,0,0.0,0.0,0.30000000000000004,0.0
2020-02-14,ETH-USD,0.0,0,0.0,0,0.0,0.0,0.26,0.0
2020-02-15,ETH-USD,0.0,0,0.0,0,0.0,0.0,0.28,0.0
2020-02-16,ETH-USD,0.0,0,0.0,0,0.0,0.0,0.17999999999999994,0.0
2020-02-17,ETH-USD,0.0,0,0.0,0,0.0,0.0,-0.020000000000000018,0.0
2020-02-18,ETH-USD,0.0,0,0.0,0,0.0,0.0,0.06000000000000005,0.0
2020-02-19,ETH-USD,0.0,0,0.0,0,0.0,0.0,0.0,0.0
2020-02-20,ETH-USD,0.0,0,0.0,0,0.0,0.0,-0.12,0.0
2020-02-21,ETH-USD,0.0,0,0.0,0,0.0,0.0,-0.12,0.0
2020-02-22,ETH-USD,0.0,0,0.0,0,0.0,0.0,-0.14,0.0
2020-02-23,ETH-USD,0.0,0,0.0,0,0.0,0.0,-0.07999999999999996,0.0
2020-02-24,ETH-USD,0.0,0,0.0,0,0.0,0.0,-0.07999999999999996,0.0
2020-02-25,ETH-USD,0.0,0,0.0,0,0.0,0.0,-0.12,0.0
2020-02-26,ETH-USD,0.0,0,0.0,0,0.0,0.0,-0.18000000000000005,0.0
2020-02-27,ETH-USD,0.0,0,0.0,0,0.0,0.0,-0.21999999999999997,0.0
2020-02-28,ETH-USD,0.0,0,0.0,0,0.0,0.0,-0.19999999999999996,0.0
2020-02-29,ETH-USD,0.0,0,0.0,0,0.0,0.0,-0.24,0.0
2020-03-01,ETH-USD,0.0,0,0.0,0,0.0,0.0,-0.21999999999999997,0.0
2020-03-02,ETH-USD,0.0,0,0.0,0,0.0,0.0,-0.24,0.0
2020-03-03,ETH-USD,0.0,0,0.0,0,0.0,0.0,-0.24,0.0
2020-03-04,ETH-USD,0.0,0,0.0,0,0.0,0.0,-0.19999999999999996,0.0
2020-03-05,ETH-USD,0.0,0,0.0,0,0.0,0.0,-0.18000000000000005,0.0
2020-03-06,ETH-USD,0.0,0,0.0,0,0.0,0.0,-0.21999999999999997,0.0
2020-03-07,ETH-USD,0.0,0,0.0,0,0.0,0.0,-0.24,0.0
2020-03-08,ETH-USD,0.0,0,0.0,0,0.0,0.0,-0.33999999999999997,0.0
2020-03-09,ETH-USD,0.0,0,0.0,0,0.0,0.0,-0.6599999999999999,0.0
2020-03-10,ETH-USD,0.0,0,0.0,0,0.0,0.0,-0.6799999999999999,0.0
2020-03-11,ETH-USD,0.0,0,0.0,0,0.0,0.0,-0.6599999999999999,0.0
2020-03-12,ETH-USD,0.0,0,0.0,0,0.0,0.0,-0.72,0.0
2020-03-13,ETH-USD,0.0,0,0.0,0,0.0,0.0,-0.8,0.0
2020-03-14,ETH-USD,0.0,0,0.0,0,0.0,0.0,-0.84,0.0
2020-03-15,ETH-USD,0.0,0,0.0,0,0.0,0.0,-0.76,0.0
2020-03-16,ETH-USD,0.0,0,0.0,0,0.0,0.0,-0.8200000000000001,0.0
2020-03-17,ETH-USD,0.0,0,0.0,0,0.0,0.0,-0.84,0.0
2020-03-18,ETH-USD,0.0,0,0.0,0,0.0,0.0,-0.78,0.0
2020-03-19,ETH-USD,0.0,0,0.0,0,0.0,0.0,-0.76,0.0
2020-03-20,ETH-USD,0.0,0,0.0,0,0.0,0.0,-0.8200000000000001,0.0
2020-03-21,ETH-USD,0.0,0,0.0,0,0.0,0.0,-0.8200000000000001,0.0
2020-03-22,ETH-USD,0.0,0,0.0,0,0.0,0.0,-0.78,0.0
2020-03-23,ETH-USD,0.0,0,0.0,0,0.0,0.0,-0.8,0.0
2020-03-24,ETH-USD,0.0,0,0.0,0,0.0,0.0,-0.76,0.0
2020-03-25,ETH-USD,0.0,0,0.0,0,0.0,0.0,-0.74,0.0
2020-03-26,ETH-USD,0.0,0,0.0,0,0.0,0.0,-0.72,0.0
2020-03-27,ETH-USD,0.0,0,0.0,0,0.0,0.0,-0.76,0.0
2020-03-28,ETH-USD,0.0,0,0.0,0,0.0,0.0,-0.84,0.0
2020-03-29,ETH-USD,0.0,0,0.0,0,0.0,0.0,-0.76,0.0
2020-03-30,ETH-USD,0.0,0,0.0,0,0.0,0.0,-0.8,0.0
2020-03-31,ETH-USD,0.0,0,0.0,0,0.0,0.0,-0.76,0.0
2020-04-01,ETH-USD,0.0,0,0.0,0,0.0,0.0,-0.76,0.0
2020-04-02,ETH-USD,0.0,0,0.0,0,0.0,0.0,-0.72,0.0
2020-04-03,ETH-USD,0.0,0,0.0,0,0.0,0.0,-0.72,0.0
2020-04-04,ETH-USD,0.0,0,0.0,0,0.0,0.0,-0.76,0.0
2020-04-05,ETH-USD,0.0,0,0.0,0,0.0,0.0,-0.76,0.0
2020-04-06,ETH-USD,0.0,0,0.0,0,0.0,0.0,-0.76,0.0
2020-04-07,ETH-USD,0.0,0,0.0,0,0.0,0.0,-0.6,0.0
2020-04-08,ETH-USD,0.0,0,0.0,0,0.0,0.0,-0.5800000000000001,0.0
2020-04-09,ETH-USD,0.0,0,0.0,0,0.0,0.0,-0.56,0.0
2020-04-10,ETH-USD,0.0,0,0.0,0,0.0,0.0,-0.7,0.0
2020-04-11,ETH-USD,0.0,0,0.0,0,0.0,0.0,-0.7,0.0
2020-04-12,ETH-USD,0.0,0,0.0,0,0.0,0.0,-0.8,0.0
2020-04-13,ETH-USD,0.0,0,0.0,0,0.0,0.0,-0.78,0.0
2020-04-14,ETH-USD,0.0,0,0.0,0,0.0,0.0,-0.7,0.0
2020-04-15,ETH-USD,0.0,0,0.0,0,0.0,0.0,-0.64,0.0
2020-04-16,ETH-USD,0.0,0,0.0,0,0.0,0.0,-0.74,0.0
2020-04-17,ETH-USD,0.0,0,0.0,0,0.0,0.0,-0.7,0.0
2020-04-18,ETH-USD,0.0,0,0.0,0,0.0,0.0,-0.64,0.0
2020-04-19,ETH-USD,0.0,0,0.0,0,0.0,0.0,-0.6799999999999999,0.0
2020-04-20,ETH-USD,0.0,0,0.0,0,0.0,0.0,-0.7,0.0
2020-04-21,ETH-USD,0.0,0,0.0,0,0.0,0.0,-0.6599999999999999,0.0
2020-04-22,ETH-USD,0.0,0,0.0,0,0.0,0.0,-0.62,0.0
2020-04-23,ETH-USD,0.0,0,0.0,0,0.0,0.0,-0.62,0.0
2020-04-24,ETH-USD,0.0,0,0.0,0,0.0,0.0,-0.6,0.0
2020-04-25,ETH-USD,0.0,0,0.0,0,0.0,0.0,-0.52,0.0
2020-04-26,ETH-USD,0.0,0,0.0,0,0.0,0.0,-0.5800000000000001,0.0
2020-04-27,ETH-USD,0.0,0,0.0,0,0.0,0.0,-0.43999999999999995,0.0
2020-04-28,ETH-USD,0.0,0,0.0,0,0.0,0.0,-0.48,0.0
2020-04-29,ETH-USD,0.0,0,0.0,0,0.0,0.0,-0.48,0.0
2020-04-30,ETH-USD,0.0,0,0.0,0,0.0,0.0,-0.12,0.0
2020-05-01,ETH-USD,0.0,0,0.0,0,0.0,0.0,-0.19999999999999996,0.0
2020-05-02,ETH-USD,0.0,0,0.0,0,0.0,0.0,-0.19999999999999996,0.0
2020-05-03,ETH-USD,0.0,0,0.0,0,0.0,0.0,-0.09999999999999998,0.0
2020-05-04,ETH-USD,0.0,0,0.0,0,0.0,0.0,-0.12,0.0
2020-05-05,ETH-USD,0.0,0,0.0,0,0.0,0.0,-0.19999999999999996,0.0
2020-05-06,ETH-USD,0.0,0,0.0,0,0.0,0.0,-0.16000000000000003,0.0
2020-05-07,ETH-USD,0.0,0,0.0,0,0.0,0.0,-0.020000000000000018,0.0
2020-05-08,ETH-USD,0.0,0,0.0,0,0.0,0.0,0.10000000000000009,0.0
2020-05-09,ETH-USD,0.0,0,0.0,0,0.0,0.0,0.1200000000000001,0.0
2020-05-10,ETH-USD,0.0,0,0.0,0,0.0,0.0,-0.040000000000000036,0.0
2020-05-11,ETH-USD,0.0,0,0.0,0,0.0,0.0,-0.19999999999999996,0.0
2020-05-12,ETH-USD,0.0,0,0.0,0,0.0,0.0,-0.21999999999999997,0.0
2020-05-13,ETH-USD,0.0,0,0.0,0,0.0,0.0,-0.18000000000000005,0.0
2020-05-14,ETH-USD,0.0,0,0.0,0,0.0,0.0,-0.19999999999999996,0.0
2020-05-15,ETH-USD,0.0,0,0.0,0,0.0,0.0,-0.12,0.0
2020-05-16,ETH-USD,0.0,0,0.0,0,0.0,0.0,-0.18000000000000005,0.0
2020-05-17,ETH-USD,0.0,0,0.0,0,0.0,0.0,-0.19999999999999996,0.0
2020-05-18,ETH-USD,0.0,0,0.0,0,0.0,0.0,0.0,0.0
2020-05-19,ETH-USD,0.0,0,0.0,0,0.0,0.0,0.0,0.0
2020-05-20,ETH-USD,0.0,0,0.0,0,0.0,0.0,0.040000000000000036,0.0
2020-05-21,ETH-USD,0.0,0,0.0,0,0.0,0.0,-0.020000000000000018,0.0
2020-05-22,ETH-USD,0.0,0,0.0,0,0.0,0.0,-0.16000000000000003,0.0
2020-05-23,ETH-USD,0.0,0,0.0,0,0.0,0.0,-0.19999999999999996,0.0
2020-05-24,ETH-USD,0.0,0,0.0,0,0.0,0.0,-0.14,0.0
2020-05-25,ETH-USD,0.0,0,0.0,0,0.0,0.0,-0.18000000000000005,0.0
2020-05-26,ETH-USD,0.0,0,0.0,0,0.0,0.0,-0.21999999999999997,0.0
2020-05-27,ETH-USD,0.0,0,0.0,0,0.0,0.0,-0.21999999999999997,0.0
2020-05-28,ETH-USD,0.0,0,0.0,0,0.0,0.0,-0.18000000000000005,0.0
2020-05-29,ETH-USD,0.0,0,0.0,0,0.0,0.0,-0.040000000000000036,0.0
2020-05-30,ETH-USD,0.0,0,0.0,0,0.0,0.0,-0.040000000000000036,0.0
2020-05-31,ETH-USD,0.0,0,0.0,0,0.0,0.0,0.020000000000000018,0.0
2020-06-01,ETH-USD,0.0,0,0.0,0,0.0,0.0,0.0,0.0
2020-06-02,ETH-USD,0.0,0,0.0,0,0.0,0.0,0.1200000000000001,0.0
2020-06-03,ETH-USD,0.0,0,0.0,0,0.0,0.0,-0.040000000000000036,0.0
2020-06-04,ETH-USD,0.0,0,0.0,0,0.0,0.0,0.08000000000000007,0.0
2020-06-05,ETH-USD,0.0,0,0.0,0,0.0,0.0,0.06000000000000005,0.0
2020-06-06,ETH-USD,0.0,0,0.0,0,0.0,0.0,0.08000000000000007,0.0
2020-06-07,ETH-USD,0.0,0,0.0,0,0.0,0.0,0.08000000000000007,0.0
2020-06-08,ETH-USD,0.0,0,0.0,0,0.0,0.0,0.06000000000000005,0.0
2020-06-09,ETH-USD,0.0,0,0.0,0,0.0,0.0,0.040000000000000036,0.0
2020-06-10,ETH-USD,0.0,0,0.0,0,0.0,0.0,0.08000000000000007,0.0
2020-06-11,ETH-USD,0.0,0,0.0,0,0.0,0.0,0.040000000000000036,0.0
2020-06-12,ETH-USD,0.0,0,0.0,0,0.0,0.0,-0.24,0.0
2020-06-13,ETH-USD,0.0,0,0.0,0,0.0,0.0,-0.24,0.0
2020-06-14,ETH-USD,0.0,0,0.0,0,0.0,0.0,-0.19999999999999996,0.0
2020-06-15,ETH-USD,0.0,0,0.0,0,0.0,0.0,-0.26,0.0
2020-06-16,ETH-USD,0.0,0,0.0,0,0.0,0.0,-0.21999999999999997,0.0
2020-06-17,ETH-USD,0.0,0,0.0,0,0.0,0.0,-0.24,0.0
2020-06-18,ETH-USD,0.0,0,0.0,0,0.0,0.0,-0.19999999999999996,0.0
2020-06-19,ETH-USD,0.0,0,0.0,0,0.0,0.0,-0.21999999999999997,0.0
2020-06-20,ETH-USD,0.0,0,0.0,0,0.0,0.0,-0.24,0.0
2020-06-21,ETH-USD,0.0,0,0.0,0,0.0,0.0,-0.26,0.0
2020-06-22,ETH-USD,0.0,0,0.0,0,0.0,0.0,-0.24,0.0
2020-06-23,ETH-USD,0.0,0,0.0,0,0.0,0.0,-0.18000000000000005,0.0
2020-06-24,ETH-USD,0.0,0,0.0,0,0.0,0.0,0.0,0.0
2020-06-25,ETH-USD,0.0,0,0.0,0,0.0,0.0,-0.14,0.0
2020-06-26,ETH-USD,0.0,0,0.0,0,0.0,0.0,-0.19999999999999996,0.0
2020-06-27,ETH-USD,0.0,0,0.0,0,0.0,0.0,-0.14,0.0
2020-06-28,ETH-USD,0.0,0,0.0,0,0.0,0.0,-0.19999999999999996,0.0
2020-06-29,ETH-USD,0.0,0,0.0,0,0.0,0.0,-0.18000000000000005,0.0
2020-06-30,ETH-USD,0.0,0,0.0,0,0.0,0.0,-0.12,0.0
2020-07-01,ETH-USD,0.0,0,0.0,0,0.0,0.0,-0.16000000000000003,0.0
2020-07-02,ETH-USD,0.0,0,0.0,0,0.0,0.0,-0.16000000000000003,0.0
2020-07-03,ETH-USD,0.0,0,0.0,0,0.0,0.0,-0.18000000000000005,0.0
2020-07-04,ETH-USD,0.0,0,0.0,0,0.0,0.0,-0.19999999999999996,0.0
2020-07-05,ETH-USD,0.0,0,0.0,0,0.0,0.0,-0.24,0.0
2020-07-06,ETH-USD,0.0,0,0.0,0,0.0,0.0,-0.19999999999999996,0.0
2020-07-07,ETH-USD,0.0,0,0.0,0,0.0,0.0,-0.14,0.0
2020-07-08,ETH-USD,0.0,0,0.0,0,0.0,0.0,-0.12,0.0
2020-07-09,ETH-USD,0.0,0,0.0,0,0.0,0.0,-0.12,0.0
2020-07-10,ETH-USD,0.0,0,0.0,0,0.0,0.0,-0.18000000000000005,0.0
2020-07-11,ETH-USD,0.0,0,0.0,0,0.0,0.0,-0.12,0.0
2020-07-12,ETH-USD,0.0,0,0.0,0,0.0,0.0,-0.18000000000000005,0.0
2020-07-13,ETH-USD,0.0,0,0.0,0,0.0,0.0,-0.14,0.0
2020-07-14,ETH-USD,0.0,0,0.0,0,0.0,0.0,-0.14,0.0
2020-07-15,ETH-USD,0.0,0,0.0,0,0.0,0.0,-0.12,0.0
2020-07-16,ETH-USD,0.0,0,0.0,0,0.0,0.0,-0.14,0.0
2020-07-17,ETH-USD,0.0,0,0.0,0,0.0,0.0,-0.18000000000000005,0.0
2020-07-18,ETH-USD,0.0,0,0.0,0,0.0,0.0,-0.12,0.0
2020-07-19,ETH-USD,0.0,0,0.0,0,0.0,0.0,-0.18000000000000005,0.0
2020-07-20,ETH-USD,0.0,0,0.0,0,0.0,0.0,-0.12,0.0
2020-07-21,ETH-USD,0.0,0,0.0,0,0.0,0.0,-0.12,0.0
2020-07-22,ETH-USD,0.0,0,0.0,0,0.0,0.0,0.0,0.0
2020-07-23,ETH-USD,0.0,0,0.0,0,0.0,0.0,0.10000000000000009,0.0
2020-07-24,ETH-USD,0.0,0,0.0,0,0.0,0.0,0.06000000000000005,0.0
2020-07-25,ETH-USD,0.0,0,0.0,0,0.0,0.0,0.10000000000000009,0.0
2020-07-26,ETH-USD,0.0,0,0.0,0,0.0,0.0,0.10000000000000009,0.0
2020-07-27,ETH-USD,0.0,0,0.0,0,0.0,0.0,0.15999999999999992,0.0
2020-07-28,ETH-USD,0.0,0,0.0,0,0.0,0.0,0.52,0.0
2020-07-29,ETH-USD,0.0,0,0.0,0,0.0,0.0,0.41999999999999993,0.0
2020-07-30,ETH-USD,0.0,0,0.0,0,0.0,0.0,0.52,0.0
2020-07-31,ETH-USD,0.0,0,0.0,0,0.0,0.0,0.5,0.0
2020-08-01,ETH-USD,0.0,0,0.0,0,0.0,0.0,0.5,0.0
2020-08-02,ETH-USD,0.0,0,0.0,0,0.0,0.0,0.6000000000000001,0.0
2020-08-03,ETH-USD,0.0,0,0.0,0,0.0,0.0,0.5,0.0
2020-08-04,ETH-USD,0.0,0,0.0,0,0.0,0.0,0.43999999999999995,0.0
2020-08-05,ETH-USD,0.0,0,0.0,0,0.0,0.0,0.5,0.0
2020-08-06,ETH-USD,0.0,0,0.0,0,0.0,0.0,0.5800000000000001,0.0
2020-08-07,ETH-USD,0.0,0,0.0,0,0.0,0.0,0.54,0.0
2020-08-08,ETH-USD,0.0,0,0.0,0,0.0,0.0,0.54,0.0
2020-08-09,ETH-USD,0.0,0,0.0,0,0.0,0.0,0.5800000000000001,0.0
2020-08-10,ETH-USD,0.0,0,0.0,0,0.0,0.0,0.56,0.0
2020-08-11,ETH-USD,0.0,0,0.0,0,0.0,0.0,0.6799999999999999,0.0
2020-08-12,ETH-USD,0.0,0,0.0,0,0.0,0.0,0.5,0.0
2020-08-13,ETH-USD,0.0,0,0.0,0,0.0,0.0,0.5,0.0
2020-08-14,ETH-USD,0.0,0,0.0,0,0.0,0.0,0.56,0.0
2020-08-15,ETH-USD,0.0,0,0.0,0,0.0,0.0,0.5800000000000001,0.0
2020-08-16,ETH-USD,0.0,0,0.0,0,0.0,0.0,0.6399999999999999,0.0
2020-08-17,ETH-USD,0.0,0,0.0,0,0.0,0.0,0.6599999999999999,0.0
2020-08-18,ETH-USD,0.0,0,0.0,0,0.0,0.0,0.6399999999999999,0.0
2020-08-19,ETH-USD,0.0,0,0.0,0,0.0,0.0,0.6000000000000001,0.0
2020-08-20,ETH-USD,0.0,0,0.0,0,0.0,0.0,0.5,0.0
2020-08-21,ETH-USD,0.0,0,0.0,0,0.0,0.0,0.6200000000000001,0.0
2020-08-22,ETH-USD,0.0,0,0.0,0,0.0,0.0,0.56,0.0
2020-08-23,ETH-USD,0.0,0,0.0,0,0.0,0.0,0.52,0.0
2020-08-24,ETH-USD,0.0,0,0.0,0,0.0,0.0,0.56,0.0
2020-08-25,ETH-USD,0.0,0,0.0,0,0.0,0.0,0.5,0.0
2020-08-26,ETH-USD,0.0,0,0.0,0,0.0,0.0,0.52,0.0
2020-08-27,ETH-USD,0.0,0,0.0,0,0.0,0.0,0.5,0.0
2020-08-28,ETH-USD,0.0,0,0.0,0,0.0,0.0,0.48,0.0
2020-08-29,ETH-USD,0.0,0,0.0,0,0.0,0.0,0.5800000000000001,0.0
2020-08-30,ETH-USD,0.0,0,0.0,0,0.0,0.0,0.5,0.0
2020-08-31,ETH-USD,0.0,0,0.0,0,0.0,0.0,0.5,0.0
2020-09-01,ETH-USD,0.0,0,0.0,0,0.0,0.0,0.5,0.0
2020-09-02,ETH-USD,0.0,0,0.0,0,0.0,0.0,0.6599999999999999,0.0
2020-09-03,ETH-USD,0.0,0,0.0,0,0.0,0.0,0.5800000000000001,0.0
2020-09-04,ETH-USD,0.0,0,0.0,0,0.0,0.0,-0.19999999999999996,0.0
2020-09-05,ETH-USD,0.0,0,0.0,0,0.0,0.0,-0.18000000000000005,0.0
2020-09-06,ETH-USD,0.0,0,0.0,0,0.0,0.0,-0.18000000000000005,0.0
2020-09-07,ETH-USD,0.0,0,0.0,0,0.0,0.0,-0.18000000000000005,0.0
2020-09-08,ETH-USD,0.0,0,0.0,0,0.0,0.0,-0.18000000000000005,0.0
2020-09-09,ETH-USD,0.0,0,0.0,0,0.0,0.0,-0.24,0.0
2020-09-10,ETH-USD,0.0,0,0.0,0,0.0,0.0,-0.24,0.0
2020-09-11,ETH-USD,0.0,0,0.0,0,0.0,0.0,-0.18000000000000005,0.0
2020-09-12,ETH-USD,0.0,0,0.0,0,0.0,0.0,-0.18000000000000005,0.0
2020-09-13,ETH-USD,0.0,0,0.0,0,0.0,0.0,-0.24,0.0
2020-09-14,ETH-USD,0.0,0,0.0,0,0.0,0.0,-0.21999999999999997,0.0
2020-09-15,ETH-USD,0.0,0,0.0,0,0.0,0.0,-0.06000000000000005,0.0
2020-09-16,ETH-USD,0.0,0,0.0,0,0.0,0.0,-0.14,0.0
2020-09-17,ETH-USD,0.0,0,0.0,0,0.0,0.0,-0.040000000000000036,0.0
2020-09-18,ETH-USD,0.0,0,0.0,0,0.0,0.0,-0.020000000000000018,0.0
2020-09-19,ETH-USD,0.0,0,0.0,0,0.0,0.0,-0.040000000000000036,0.0
2020-09-20,ETH-USD,0.0,0,0.0,0,0.0,0.0,0.040000000000000036,0.0
2020-09-21,ETH-USD,0.0,0,0.0,0,0.0,0.0,-0.040000000000000036,0.0
2020-09-22,ETH-USD,0.0,0,0.0,0,0.0,0.0,-0.21999999999999997,0.0
2020-09-23,ETH-USD,0.0,0,0.0,0,0.0,0.0,-0.14,0.0
2020-09-24,ETH-USD,0.0,0,0.0,0,0.0,0.0,-0.21999999999999997,0.0
2020-09-25,ETH-USD,0.0,0,0.0,0,0.0,0.0,-0.07999999999999996,0.0
2020-09-26,ETH-USD,0.0,0,0.0,0,0.0,0.0,-0.09999999999999998,0.0
2020-09-27,ETH-USD,0.0,0,0.0,0,0.0,0.0,-0.06000000000000005,0.0
2020-09-28,ETH-USD,0.0,0,0.0,0,0.0,0.0,-0.14,0.0
2020-09-29,ETH-USD,0.0,0,0.0,0,0.0,0.0,-0.09999999999999998,0.0
2020-09-30,ETH-USD,0.0,0,0.0,0,0.0,0.0,-0.020000000000000018,0.0
2020-10-01,ETH-USD,0.0,0,0.0,0,0.0,0.0,-0.09999999999999998,0.0
2020-10-02,ETH-USD,0.0,0,0.0,0,0.0,0.0,-0.18000000000000005,0.0
2020-10-03,ETH-USD,0.0,0,0.0,0,0.0,0.0,-0.19999999999999996,0.0
2020-10-04,ETH-USD,0.0,0,0.0,0,0.0,0.0,-0.16000000000000003,0.0
2020-10-05,ETH-USD,0.0,0,0.0,0,0.0,0.0,-0.16000000000000003,0.0
2020-10-06,ETH-USD,0.0,0,0.0,0,0.0,0.0,-0.06000000000000005,0.0
2020-10-07,ETH-USD,0.0,0,0.0,0,0.0,0.0,-0.14,0.0
2020-10-08,ETH-USD,0.0,0,0.0,0,0.0,0.0,-0.07999999999999996,0.0
2020-10-09,ETH-USD,0.0,0,0.0,0,0.0,0.0,-0.040000000000000036,0.0
2020-10-10,ETH-USD,0.0,0,0.0,0,0.0,0.0,0.06000000000000005,0.0
2020-10-11,ETH-USD,0.0,0,0.0,0,0.0,0.0,0.10000000000000009,0.0
2020-10-12,ETH-USD,0.0,0,0.0,0,0.0,0.0,0.040000000000000036,0.0
2020-10-13,ETH-USD,0.0,0,0.0,0,0.0,0.0,0.1200000000000001,0.0
2020-10-14,ETH-USD,0.0,0,0.0,0,0.0,0.0,0.06000000000000005,0.0
2020-10-15,ETH-USD,0.0,0,0.0,0,0.0,0.0,0.1200000000000001,0.0
2020-10-16,ETH-USD,0.0,0,0.0,0,0.0,0.0,0.040000000000000036,0.0
2020-10-17,ETH-USD,0.0,0,0.0,0,0.0,0.0,0.1200000000000001,0.0
2020-10-18,ETH-USD,0.0,0,0.0,0,0.0,0.0,0.10000000000000009,0.0
2020-10-19,ETH-USD,0.0,0,0.0,0,0.0,0.0,0.10000000000000009,0.0
2020-10-20,ETH-USD,0.0,0,0.0,0,0.0,0.0,0.1200000000000001,0.0
2020-10-21,ETH-USD,0.0,0,0.0,0,0.0,0.0,0.21999999999999997,0.0
2020-10-22,ETH-USD,0.0,0,0.0,0,0.0,0.0,0.45999999999999996,0.0
2020-10-23,ETH-USD,0.0,0,0.0,0,0.0,0.0,0.48,0.0
2020-10-24,ETH-USD,0.0,0,0.0,0,0.0,0.0,0.45999999999999996,0.0
2020-10-25,ETH-USD,0.0,0,0.0,0,0.0,0.0,0.52,0.0
2020-10-26,ETH-USD,0.0,0,0.0,0,0.0,0.0,0.5,0.0
2020-10-27,ETH-USD,0.0,0,0.0,0,0.0,0.0,0.21999999999999997,0.0
2020-10-28,ETH-USD,0.0,0,0.0,0,0.0,0.0,0.3999999999999999,0.0
2020-10-29,ETH-USD,0.0,0,0.0,0,0.0,0.0,0.3400000000000001,0.0
2020-10-30,ETH-USD,0.0,0,0.0,0,0.0,0.0,0.48,0.0
2020-10-31,ETH-USD,0.0,0,0.0,0,0.0,0.0,0.45999999999999996,0.0
2020-11-01,ETH-USD,0.0,0,0.0,0,0.0,0.0,0.43999999999999995,0.0
2020-11-02,ETH-USD,0.0,0,0.0,0,0.0,0.0,0.41999999999999993,0.0
2020-11-03,ETH-USD,0.0,0,0.0,0,0.0,0.0,0.41999999999999993,0.0
2020-11-04,ETH-USD,0.0,0,0.0,0,0.0,0.0,0.48,0.0
2020-11-05,ETH-USD,0.0,0,0.0,0,0.0,0.0,0.43999999999999995,0.0
2020-11-06,ETH-USD,0.0,0,0.0,0,0.0,0.0,0.8,0.0
2020-11-07,ETH-USD,0.0,0,0.0,0,0.0,0.0,0.76,0.0
2020-11-08,ETH-USD,0.0,0,0.0,0,0.0,0.0,0.6399999999999999,0.0
2020-11-09,ETH-USD,0.0,0,0.0,0,0.0,0.0,0.8,0.0
2020-11-10,ETH-USD,0.0,0,0.0,0,0.0,0.0,0.8,0.0
2020-11-11,ETH-USD,0.0,0,0.0,0,0.0,0.0,0.72,0.0
2020-11-12,ETH-USD,0.0,0,0.0,0,0.0,0.0,0.74,0.0
2020-11-13,ETH-USD,0.0,0,0.0,0,0.0,0.0,0.78,0.0
2020-11-14,ETH-USD,0.0,0,0.0,0,0.0,0.0,0.8,0.0
2020-11-15,ETH-USD,0.0,0,0.0,0,0.0,0.0,0.72,0.0
2020-11-16,ETH-USD,0.0,0,0.0,0,0.0,0.0,0.8,0.0
2020-11-17,ETH-USD,0.0,0,0.0,0,0.0,0.0,0.72,0.0
2020-11-18,ETH-USD,0.0,0,0.0,0,0.0,0.0,0.8200000000000001,0.0
2020-11-19,ETH-USD,0.0,0,0.0,0,0.0,0.0,0.8799999999999999,0.0
2020-11-20,ETH-USD,0.0,0,0.0,0,0.0,0.0,0.72,0.0
2020-11-21,ETH-USD,0.0,0,0.0,0,0.0,0.0,0.8200000000000001,0.0
2020-11-22,ETH-USD,0.0,0,0.0,0,0.0,0.0,0.8799999999999999,0.0
2020-11-23,ETH-USD,0.0,0,0.0,0,0.0,0.0,0.8,0.0
2020-11-24,ETH-USD,0.0,0,0.0,0,0.0,0.0,0.76,0.0
2020-11-25,ETH-USD,0.0,0,0.0,0,0.0,0.0,0.8799999999999999,0.0
2020-11-26,ETH-USD,0.0,0,0.0,0,0.0,0.0,0.8600000000000001,0.0
2020-11-27,ETH-USD,0.0,0,0.0,0,0.0,0.0,0.72,0.0
2020-11-28,ETH-USD,0.0,0,0.0,0,0.0,0.0,0.74,0.0
2020-11-29,ETH-USD,0.0,0,0.0,0,0.0,0.0,0.78,0.0
2020-11-30,ETH-USD,0.0,0,0.0,0,0.0,0.0,0.76,0.0
2020-12-01,ETH-USD,0.0,0,0.0,0,0.0,0.0,0.8999999999999999,0.0
2020-12-02,ETH-USD,0.0,0,0.0,0,0.0,0.0,0.8400000000000001,0.0
2020-12-03,ETH-USD,0.0,0,0.0,0,0.0,0.0,0.8400000000000001,0.0
2020-12-04,ETH-USD,0.0,0,0.0,0,0.0,0.0,0.8400000000000001,0.0
2020-12-05,ETH-USD,0.0,0,0.0,0,0.0,0.0,0.8600000000000001,0.0
2020-12-06,ETH-USD,0.0,0,0.0,0,0.0,0.0,0.8999999999999999,0.0
2020-12-07,ETH-USD,0.0,0,0.0,0,0.0,0.0,0.8799999999999999,0.0
2020-12-08,ETH-USD,0.0,0,0.0,0,0.0,0.0,0.8999999999999999,0.0
2020-12-09,ETH-USD,0.0,0,0.0,0,0.0,0.0,0.72,0.0
2020-12-10,ETH-USD,0.0,0,0.0,0,0.0,0.0,0.8799999999999999,0.0
2020-12-11,ETH-USD,0.0,0,0.0,0,0.0,0.0,0.78,0.0
2020-12-12,ETH-USD,0.0,0,0.0,0,0.0,0.0,0.8,0.0
2020-12-13,ETH-USD,0.0,0,0.0,0,0.0,0.0,0.8200000000000001,0.0
2020-12-14,ETH-USD,0.0,0,0.0,0,0.0,0.0,0.8999999999999999,0.0
2020-12-15,ETH-USD,0.0,0,0.0,0,0.0,0.0,0.8200000000000001,0.0
2020-12-16,ETH-USD,0.0,0,0.0,0,0.0,0.0,0.8400000000000001,0.0
2020-12-17,ETH-USD,0.0,0,0.0,0,0.0,0.0,0.8400000000000001,0.0
2020-12-18,ETH-USD,0.0,0,0.0,0,0.0,0.0,0.8999999999999999,0.0
2020-12-19,ETH-USD,0.0,0,0.0,0,0.0,0.0,0.8600000000000001,0.0
2020-12-20,ETH-USD,0.0,0,0.0,0,0.0,0.0,0.8400000000000001,0.0
2020-12-21,ETH-USD,0.0,0,0.0,0,0.0,0.0,0.8400000000000001,0.0
2020-12-22,ETH-USD,0.0,0,0.0,0,0.0,0.0,0.76,0.0
2020-12-23,ETH-USD,0.0,0,0.0,0,0.0,0.0,0.8600000000000001,0.0
2020-12-24,ETH-USD,0.0,0,0.0,0,0.0,0.0,0.72,0.0
2020-12-25,ETH-USD,0.0,0,0.0,0,0.0,0.0,0.8799999999999999,0.0
2020-12-26,ETH-USD,0.0,0,0.0,0,0.0,0.0,0.8600000000000001,0.0
2020-12-27,ETH-USD,0.0,0,0.0,0,0.0,0.0,0.8200000000000001,0.0
2020-12-28,ETH-USD,0.0,0,0.0,0,0.0,0.0,0.8400000000000001,0.0
2020-12-29,ETH-USD,0.0,0,0.0,0,0.0,0.0,0.8200000000000001,0.0
2020-12-30,ETH-USD,0.0,0,0.0,0,0.0,0.0,0.8200000000000001,0.0
2020-12-31,ETH-USD,0.0,0,0.0,0,0.0,0.0,0.8999999999999999,0.0
2021-01-01,ETH-USD,0.0,0,0.0,0,0.0,0.0,0.8799999999999999,0.0
2021-01-02,ETH-USD,0.0,0,0.0,0,0.0,0.0,0.8799999999999999,0.0
2021-01-03,ETH-USD,0.0,0,0.0,0,0.0,0.0,0.8600000000000001,0.0
2021-01-04,ETH-USD,0.0,0,0.0,0,0.0,0.0,0.8799999999999999,0.0
2021-01-05,ETH-USD,0.0,0,0.0,0,0.0,0.0,0.8600000000000001,0.0
2021-01-06,ETH-USD,0.0,0,0.0,0,0.0,0.0,0.8999999999999999,0.0
2021-01-07,ETH-USD,0.0,0,0.0,0,0.0,0.0,0.8200000000000001,0.0
2021-01-08,ETH-USD,0.0,0,0.0,0,0.0,0.0,0.8600000000000001,0.0
2021-01-09,ETH-USD,0.0,0,0.0,0,0.0,0.0,0.8600000000000001,0.0
2021-01-10,ETH-USD,0.0,0,0.0,0,0.0,0.0,0.8799999999999999,0.0
2021-01-11,ETH-USD,0.0,0,0.0,0,0.0,0.0,0.8,0.0
2021-01-12,ETH-USD,0.0,0,0.0,0,0.0,0.0,0.6799999999999999,0.0
2021-01-13,ETH-USD,0.0,0,0.0,0,0.0,0.0,0.56,0.0
2021-01-14,ETH-USD,0.0,0,0.0,0,0.0,0.0,0.6599999999999999,0.0
2021-01-15,ETH-USD,0.0,0,0.0,0,0.0,0.0,0.76,0.0
2021-01-16,ETH-USD,0.0,0,0.0,0,0.0,0.0,0.6799999999999999,0.0
2021-01-17,ETH-USD,0.0,0,0.0,0,0.0,0.0,0.5800000000000001,0.0
2021-01-18,ETH-USD,0.0,0,0.0,0,0.0,0.0,0.5800000000000001,0.0
2021-01-19,ETH-USD,0.0,0,0.0,0,0.0,0.0,0.6000000000000001,0.0
2021-01-20,ETH-USD,0.0,0,0.0,0,0.0,0.0,0.56,0.0
2021-01-21,ETH-USD,0.0,0,0.0,0,0.0,0.0,0.5,0.0
2021-01-22,ETH-USD,0.0,0,0.0,0,0.0,0.0,-0.19999999999999996,0.0
2021-01-23,ETH-USD,0.0,0,0.0,0,0.0,0.0,0.48,0.0
2021-01-24,ETH-USD,0.0,0,0.0,0,0.0,0.0,0.3999999999999999,0.0
2021-01-25,ETH-USD,0.0,0,0.0,0,0.0,0.0,0.48,0.0
2021-01-26,ETH-USD,0.0,0,0.0,0,0.0,0.0,0.41999999999999993,0.0
2021-01-27,ETH-USD,0.0,0,0.0,0,0.0,0.0,0.56,0.0
2021-01-28,ETH-USD,0.0,0,0.0,0,0.0,0.0,0.10000000000000009,0.0
2021-01-29,ETH-USD,0.0,0,0.0,0,0.0,0.0,0.54,0.0
2021-01-30,ETH-USD,0.0,0,0.0,0,0.0,0.0,0.52,0.0
2021-01-31,ETH-USD,0.0,0,0.0,0,0.0,0.0,0.56,0.0
2021-02-01,ETH-USD,0.0,0,0.0,0,0.0,0.0,0.54,0.0
2021-02-02,ETH-USD,0.0,0,0.0,0,0.0,0.0,0.52,0.0
2021-02-03,ETH-USD,0.0,0,0.0,0,0.0,0.0,0.56,0.0
2021-02-04,ETH-USD,0.0,0,0.0,0,0.0,0.0,0.6000000000000001,0.0
2021-02-05,ETH-USD,0.0,0,0.0,0,0.0,0.0,0.6200000000000001,0.0
2021-02-06,ETH-USD,0.0,0,0.0,0,0.0,0.0,0.6799999999999999,0.0
2021-02-07,ETH-USD,0.0,0,0.0,0,0.0,0.0,0.72,0.0
2021-02-08,ETH-USD,0.0,0,0.0,0,0.0,0.0,0.6599999999999999,0.0
2021-02-09,ETH-USD,0.0,0,0.0,0,0.0,0.0,0.8999999999999999,0.0
2021-02-10,ETH-USD,0.0,0,0.0,0,0.0,0.0,0.8400000000000001,0.0
2021-02-11,ETH-USD,0.0,0,0.0,0,0.0,0.0,0.8600000000000001,0.0
2021-02-12,ETH-USD,0.0,0,0.0,0,0.0,0.0,0.8400000000000001,0.0
2021-02-13,ETH-USD,0.0,0,0.0,0,0.0,0.0,0.8400000000000001,0.0
2021-02-14,ETH-USD,0.0,0,0.0,0,0.0,0.0,0.8999999999999999,0.0
2021-02-15,ETH-USD,0.0,0,0.0,0,0.0,0.0,0.8600000000000001,0.0
2021-02-16,ETH-USD,0.0,0,0.0,0,0.0,0.0,0.8999999999999999,0.0
2021-02-17,ETH-USD,0.0,0,0.0,0,0.0,0.0,0.8999999999999999,0.0
2021-02-18,ETH-USD,0.0,0,0.0,0,0.0,0.0,0.8200000000000001,0.0
2021-02-19,ETH-USD,0.0,0,0.0,0,0.0,0.0,0.8600000000000001,0.0
2021-02-20,ETH-USD,0.0,0,0.0,0,0.0,0.0,0.8200000000000001,0.0
2021-02-21,ETH-USD,0.0,0,0.0,0,0.0,0.0,0.8200000000000001,0.0
2021-02-22,ETH-USD,0.0,0,0.0,0,0.0,0.0,0.8799999999999999,0.0
2021-02-23,ETH-USD,0.0,0,0.0,0,0.0,0.0,0.8799999999999999,0.0
2021-02-24,ETH-USD,0.0,0,0.0,0,0.0,0.0,0.52,0.0
2021-02-25,ETH-USD,0.0,0,0.0,0,0.0,0.0,0.5800000000000001,0.0
2021-02-26,ETH-USD,0.0,0,0.0,0,0.0,0.0,0.10000000000000009,0.0
2021-02-27,ETH-USD,0.0,0,0.0,0,0.0,0.0,0.1200000000000001,0.0
2021-02-28,ETH-USD,0.0,0,0.0,0,0.0,0.0,0.10000000000000009,0.0
2021-03-01,ETH-USD,0.0,0,0.0,0,0.0,0.0,-0.24,0.0
2021-03-02,ETH-USD,0.0,0,0.0,0,0.0,0.0,0.56,0.0
2021-03-03,ETH-USD,0.0,0,0.0,0,0.0,0.0,0.56,0.0
2021-03-04,ETH-USD,0.0,0,0.0,0,0.0,0.0,0.6799999999999999,0.0
2021-03-05,ETH-USD,0.0,0,0.0,0,0.0,0.0,0.54,0.0
2021-03-06,ETH-USD,0.0,0,0.0,0,0.0,0.0,0.54,0.0
2021-03-07,ETH-USD,0.0,0,0.0,0,0.0,0.0,0.52,0.0
2021-03-08,ETH-USD,0.0,0,0.0,0,0.0,0.0,0.6200000000000001,0.0
2021-03-09,ETH-USD,0.0,0,0.0,0,0.0,0.0,0.6200000000000001,0.0
2021-03-10,ETH-USD,0.0,0,0.0,0,0.0,0.0,0.3600000000000001,0.0
2021-03-11,ETH-USD,0.0,0,0.0,0,0.0,0.0,0.45999999999999996,0.0
2021-03-12,ETH-USD,0.0,0,0.0,0,0.0,0.0,0.3999999999999999,0.0
2021-03-13,ETH-USD,0.0,0,0.0,0,0.0,0.0,0.48,0.0
2021-03-14,ETH-USD,0.0,0,0.0,0,0.0,0.0,0.56,0.0
2021-03-15,ETH-USD,0.0,0,0.0,0,0.0,0.0,0.52,0.0
2021-03-16,ETH-USD,0.0,0,0.0,0,0.0,0.0,0.41999999999999993,0.0
2021-03-17,ETH-USD,0.0,0,0.0,0,0.0,0.0,0.41999999999999993,0.0
2021-03-18,ETH-USD,0.0,0,0.0,0,0.0,0.0,0.43999999999999995,0.0
2021-03-19,ETH-USD,0.0,0,0.0,0,0.0,0.0,0.41999999999999993,0.0
2021-03-20,ETH-USD,0.0,0,0.0,0,0.0,0.0,0.5,0.0
2021-03-21,ETH-USD,0.0,0,0.0,0,0.0,0.0,0.45999999999999996,0.0
2021-03-22,ETH-USD,0.0,0,0.0,0,0.0,0.0,0.3999999999999999,0.0
2021-03-23,ETH-USD,0.0,0,0.0,0,0.0,0.0,0.32000000000000006,0.0
2021-03-24,ETH-USD,0.0,0,0.0,0,0.0,0.0,0.30000000000000004,0.0
2021-03-25,ETH-USD,0.0,0,0.0,0,0.0,0.0,0.19999999999999996,0.0
2021-03-26,ETH-USD,0.0,0,0.0,0,0.0,0.0,0.08000000000000007,0.0
2021-03-27,ETH-USD,0.0,0,0.0,0,0.0,0.0,0.30000000000000004,0.0
2021-03-28,ETH-USD,0.0,0,0.0,0,0.0,0.0,0.48,0.0
2021-03-29,ETH-USD,0.0,0,0.0,0,0.0,0.0,0.43999999999999995,0.0
2021-03-30,ETH-USD,0.0,0,0.0,0,0.0,0.0,0.43999999999999995,0.0
2021-03-31,ETH-USD,0.0,0,0.0,0,0.0,0.0,0.52,0.0
2021-04-01,ETH-USD,0.0,0,0.0,0,0.0,0.0,0.48,0.0
2021-04-02,ETH-USD,0.0,0,0.0,0,0.0,0.0,0.48,0.0
2021-04-03,ETH-USD,0.0,0,0.0,0,0.0,0.0,0.45999999999999996,0.0
2021-04-04,ETH-USD,0.0,0,0.0,0,0.0,0.0,0.48,0.0
2021-04-05,ETH-USD,0.0,0,0.0,0,0.0,0.0,0.41999999999999993,0.0
2021-04-06,ETH-USD,0.0,0,0.0,0,0.0,0.0,0.5,0.0
2021-04-07,ETH-USD,0.0,0,0.0,0,0.0,0.0,0.43999999999999995,0.0
2021-04-08,ETH-USD,0.0,0,0.0,0,0.0,0.0,0.45999999999999996,0.0
2021-04-09,ETH-USD,0.0,0,0.0,0,0.0,0.0,0.3999999999999999,0.0
2021-04-10,ETH-USD,0.0,0,0.0,0,0.0,0.0,0.3999999999999999,0.0
2021-04-11,ETH-USD,0.0,0,0.0,0,0.0,0.0,0.52,0.0
2021-04-12,ETH-USD,0.0,0,0.0,0,0.0,0.0,0.48,0.0
2021-04-13,ETH-USD,0.0,0,0.0,0,0.0,0.0,0.48,0.0
2021-04-14,ETH-USD,0.0,0,0.0,0,0.0,0.0,0.5,0.0
2021-04-15,ETH-USD,0.0,0,0.0,0,0.0,0.0,0.5800000000000001,0.0
2021-04-16,ETH-USD,0.0,0,0.0,0,0.0,0.0,0.56,0.0
2021-04-17,ETH-USD,0.0,0,0.0,0,0.0,0.0,0.52,0.0
2021-04-18,ETH-USD,0.0,0,0.0,0,0.0,0.0,0.5800000000000001,0.0
2021-04-19,ETH-USD,0.0,0,0.0,0,0.0,0.0,0.48,0.0
2021-04-20,ETH-USD,0.0,0,0.0,0,0.0,0.0,0.45999999999999996,0.0
2021-04-21,ETH-USD,0.0,0,0.0,0,0.0,0.0,0.45999999999999996,0.0
2021-04-22,ETH-USD,0.0,0,0.0,0,0.0,0.0,0.30000000000000004,0.0
2021-04-23,ETH-USD,0.0,0,0.0,0,0.0,0.0,0.10000000000000009,0.0
2021-04-24,ETH-USD,0.0,0,0.0,0,0.0,0.0,-0.26,0.0
2021-04-25,ETH-USD,0.0,0,0.0,0,0.0,0.0,-0.38,0.0
2021-04-26,ETH-USD,0.0,0,0.0,0,0.0,0.0,-0.45999999999999996,0.0
2021-04-27,ETH-USD,0.0,0,0.0,0,0.0,0.0,0.0,0.0
2021-04-28,ETH-USD,0.0,0,0.0,0,0.0,0.0,0.17999999999999994,0.0
2021-04-29,ETH-USD,0.0,0,0.0,0,0.0,0.0,0.040000000000000036,0.0
2021-04-30,ETH-USD,0.0,0,0.0,0,0.0,0.0,0.020000000000000018,0.0
2021-05-01,ETH-USD,0.0,0,0.0,0,0.0,0.0,0.3600000000000001,0.0
2021-05-02,ETH-USD,0.0,0,0.0,0,0.0,0.0,0.32000000000000006,0.0
2021-05-03,ETH-USD,0.0,0,0.0,0,0.0,0.0,0.21999999999999997,0.0
2021-05-04,ETH-USD,0.0,0,0.0,0,0.0,0.0,0.3600000000000001,0.0
2021-05-05,ETH-USD,0.0,0,0.0,0,0.0,0.0,-0.040000000000000036,0.0
2021-05-06,ETH-USD,0.0,0,0.0,0,0.0,0.0,0.30000000000000004,0.0
2021-05-07,ETH-USD,0.0,0,0.0,0,0.0,0.0,0.28,0.0
2021-05-08,ETH-USD,0.0,0,0.0,0,0.0,0.0,0.3400000000000001,0.0
2021-05-09,ETH-USD,0.0,0,0.0,0,0.0,0.0,0.45999999999999996,0.0
2021-05-10,ETH-USD,0.0,0,0.0,0,0.0,0.0,0.43999999999999995,0.0
2021-05-11,ETH-USD,0.0,0,0.0,0,0.0,0.0,0.21999999999999997,0.0
2021-05-12,ETH-USD,0.0,0,0.0,0,0.0,0.0,0.3600000000000001,0.0
2021-05-13,ETH-USD,0.0,0,0.0,0,0.0,0.0,-0.38,0.0
2021-05-14,ETH-USD,0.0,0,0.0,0,0.0,0.0,-0.48,0.0
2021-05-15,ETH-USD,0.0,0,0.0,0,0.0,0.0,-0.45999999999999996,0.0
2021-05-16,ETH-USD,0.0,0,0.0,0,0.0,0.0,-0.6,0.0
2021-05-17,ETH-USD,0.0,0,0.0,0,0.0,0.0,-0.45999999999999996,0.0
2021-05-18,ETH-USD,0.0,0,0.0,0,0.0,0.0,-0.5800000000000001,0.0
2021-05-19,ETH-USD,0.0,0,0.0,0,0.0,0.0,-0.54,0.0
2021-05-20,ETH-USD,0.0,0,0.0,0,0.0,0.0,-0.78,0.0
2021-05-21,ETH-USD,0.0,0,0.0,0,0.0,0.0,-0.62,0.0
2021-05-22,ETH-USD,0.0,0,0.0,0,0.0,0.0,-0.76,0.0
2021-05-23,ETH-USD,0.0,0,0.0,0,0.0,0.0,-0.72,0.0
2021-05-24,ETH-USD,0.0,0,0.0,0,0.0,0.0,-0.8,0.0
2021-05-25,ETH-USD,0.0,0,0.0,0,0.0,0.0,-0.56,0.0
2021-05-26,ETH-USD,0.0,0,0.0,0,0.0,0.0,-0.56,0.0
2021-05-27,ETH-USD,0.0,0,0.0,0,0.0,0.0,-0.45999999999999996,0.0
2021-05-28,ETH-USD,0.0,0,0.0,0,0.0,0.0,-0.5800000000000001,0.0
2021-05-29,ETH-USD,0.0,0,0.0,0,0.0,0.0,-0.64,0.0
2021-05-30,ETH-USD,0.0,0,0.0,0,0.0,0.0,-0.8,0.0
2021-05-31,ETH-USD,0.0,0,0.0,0,0.0,0.0,-0.64,0.0
2021-06-01,ETH-USD,0.0,0,0.0,0,0.0,0.0,-0.6,0.0
2021-06-02,ETH-USD,0.0,0,0.0,0,0.0,0.0,-0.54,0.0
2021-06-03,ETH-USD,0.0,0,0.0,0,0.0,0.0,-0.52,0.0
2021-06-04,ETH-USD,0.0,0,0.0,0,0.0,0.0,-0.45999999999999996,0.0
2021-06-05,ETH-USD,0.0,0,0.0,0,0.0,0.0,-0.52,0.0
2021-06-06,ETH-USD,0.0,0,0.0,0,0.0,0.0,-0.6599999999999999,0.0
2021-06-07,ETH-USD,0.0,0,0.0,0,0.0,0.0,-0.7,0.0
2021-06-08,ETH-USD,0.0,0,0.0,0,0.0,0.0,-0.74,0.0
2021-06-09,ETH-USD,0.0,0,0.0,0,0.0,0.0,-0.72,0.0
2021-06-10,ETH-USD,0.0,0,0.0,0,0.0,0.0,-0.5800000000000001,0.0
2021-06-11,ETH-USD,0.0,0,0.0,0,0.0,0.0,-0.5800000000000001,0.0
2021-06-12,ETH-USD,0.0,0,0.0,0,0.0,0.0,-0.43999999999999995,0.0
2021-06-13,ETH-USD,0.0,0,0.0,0,0.0,0.0,-0.54,0.0
2021-06-14,ETH-USD,0.0,0,0.0,0,0.0,0.0,-0.43999999999999995,0.0
2021-06-15,ETH-USD,0.0,0,0.0,0,0.0,0.0,-0.24,0.0
2021-06-16,ETH-USD,0.0,0,0.0,0,0.0,0.0,-0.33999999999999997,0.0
2021-06-17,ETH-USD,0.0,0,0.0,0,0.0,0.0,-0.48,0.0
2021-06-18,ETH-USD,0.0,0,0.0,0,0.0,0.0,-0.5,0.0
2021-06-19,ETH-USD,0.0,0,0.0,0,0.0,0.0,-0.54,0.0
2021-06-20,ETH-USD,0.0,0,0.0,0,0.0,0.0,-0.5800000000000001,0.0
2021-06-21,ETH-USD,0.0,0,0.0,0,0.0,0.0,-0.54,0.0
2021-06-22,ETH-USD,0.0,0,0.0,0,0.0,0.0,-0.8,0.0
2021-06-23,ETH-USD,0.0,0,0.0,0,0.0,0.0,-0.72,0.0
2021-06-24,ETH-USD,0.0,0,0.0,0,0.0,0.0,-0.56,0.0
2021-06-25,ETH-USD,0.0,0,0.0,0,0.0,0.0,-0.45999999999999996,0.0
2021-06-26,ETH-USD,0.0,0,0.0,0,0.0,0.0,-0.6,0.0
2021-06-27,ETH-USD,0.0,0,0.0,0,0.0,0.0,-0.56,0.0
2021-06-28,ETH-USD,0.0,0,0.0,0,0.0,0.0,-0.5,0.0
2021-06-29,ETH-USD,0.0,0,0.0,0,0.0,0.0,-0.5,0.0
2021-06-30,ETH-USD,0.0,0,0.0,0,0.0,0.0,-0.43999999999999995,0.0
2021-07-01,ETH-USD,0.0,0,0.0,0,0.0,0.0,-0.43999999999999995,0.0
2021-07-02,ETH-USD,0.0,0,0.0,0,0.0,0.0,-0.5800000000000001,0.0
2021-07-03,ETH-USD,0.0,0,0.0,0,0.0,0.0,-0.52,0.0
2021-07-04,ETH-USD,0.0,0,0.0,0,0.0,0.0,-0.45999999999999996,0.0
2021-07-05,ETH-USD,0.0,0,0.0,0,0.0,0.0,-0.42000000000000004,0.0
2021-07-06,ETH-USD,0.0,0,0.0,0,0.0,0.0,-0.6,0.0
2021-07-07,ETH-USD,0.0,0,0.0,0,0.0,0.0,-0.43999999999999995,0.0
2021-07-08,ETH-USD,0.0,0,0.0,0,0.0,0.0,-0.6,0.0
2021-07-09,ETH-USD,0.0,0,0.0,0,0.0,0.0,-0.6,0.0
2021-07-10,ETH-USD,0.0,0,0.0,0,0.0,0.0,-0.6,0.0
2021-07-11,ETH-USD,0.0,0,0.0,0,0.0,0.0,-0.6,0.0
2021-07-12,ETH-USD,0.0,0,0.0,0,0.0,0.0,-0.5,0.0
2021-07-13,ETH-USD,0.0,0,0.0,0,0.0,0.0,-0.6,0.0
2021-07-14,ETH-USD,0.0,0,0.0,0,0.0,0.0,-0.5800000000000001,0.0
2021-07-15,ETH-USD,0.0,0,0.0,0,0.0,0.0,-0.6,0.0
2021-07-16,ETH-USD,0.0,0,0.0,0,0.0,0.0,-0.56,0.0
2021-07-17,ETH-USD,0.0,0,0.0,0,0.0,0.0,-0.7,0.0
2021-07-18,ETH-USD,0.0,0,0.0,0,0.0,0.0,-0.62,0.0
2021-07-19,ETH-USD,0.0,0,0.0,0,0.0,0.0,-0.52,0.0
2021-07-20,ETH-USD,0.0,0,0.0,0,0.0,0.0,-0.62,0.0
2021-07-21,ETH-USD,0.0,0,0.0,0,0.0,0.0,-0.8,0.0
2021-07-22,ETH-USD,0.0,0,0.0,0,0.0,0.0,-0.5800000000000001,0.0
2021-07-23,ETH-USD,0.0,0,0.0,0,0.0,0.0,-0.54,0.0
2021-07-24,ETH-USD,0.0,0,0.0,0,0.0,0.0,-0.56,0.0
2021-07-25,ETH-USD,0.0,0,0.0,0,0.0,0.0,-0.45999999999999996,0.0
2021-07-26,ETH-USD,0.0,0,0.0,0,0.0,0.0,-0.48,0.0
2021-07-27,ETH-USD,0.0,0,0.0,0,0.0,0.0,-0.36,0.0
2021-07-28,ETH-USD,0.0,0,0.0,0,0.0,0.0,0.0,0.0
2021-07-29,ETH-USD,0.0,0,0.0,0,0.0,0.0,0.0,0.0
2021-07-30,ETH-USD,0.0,0,0.0,0,0.0,0.0,0.06000000000000005,0.0
2021-07-31,ETH-USD,0.0,0,0.0,0,0.0,0.0,0.19999999999999996,0.0
2021-08-01,ETH-USD,0.0,0,0.0,0,0.0,0.0,0.19999999999999996,0.0
2021-08-02,ETH-USD,0.0,0,0.0,0,0.0,0.0,-0.040000000000000036,0.0
2021-08-03,ETH-USD,0.0,0,0.0,0,0.0,0.0,-0.040000000000000036,0.0
2021-08-04,ETH-USD,0.0,0,0.0,0,0.0,0.0,-0.16000000000000003,0.0
2021-08-05,ETH-USD,0.0,0,0.0,0,0.0,0.0,0.0,0.0
2021-08-06,ETH-USD,0.0,0,0.0,0,0.0,0.0,0.040000000000000036,0.0
2021-08-07,ETH-USD,0.0,0,0.0,0,0.0,0.0,0.3799999999999999,0.0
2021-08-08,ETH-USD,0.0,0,0.0,0,0.0,0.0,0.48,0.0
2021-08-09,ETH-USD,0.0,0,0.0,0,0.0,0.0,0.30000000000000004,0.0
2021-08-10,ETH-USD,0.0,0,0.0,0,0.0,0.0,0.41999999999999993,0.0
2021-08-11,ETH-USD,0.0,0,0.0,0,0.0,0.0,0.3999999999999999,0.0
2021-08-12,ETH-USD,0.0,0,0.0,0,0.0,0.0,0.3999999999999999,0.0
2021-08-13,ETH-USD,0.0,0,0.0,0,0.0,0.0,0.3999999999999999,0.0
2021-08-14,ETH-USD,0.0,0,0.0,0,0.0,0.0,0.52,0.0
2021-08-15,ETH-USD,0.0,0,0.0,0,0.0,0.0,0.41999999999999993,0.0
2021-08-16,ETH-USD,0.0,0,0.0,0,0.0,0.0,0.43999999999999995,0.0
2021-08-17,ETH-USD,0.0,0,0.0,0,0.0,0.0,0.43999999999999995,0.0
2021-08-18,ETH-USD,0.0,0,0.0,0,0.0,0.0,0.45999999999999996,0.0
2021-08-19,ETH-USD,0.0,0,0.0,0,0.0,0.0,0.3999999999999999,0.0
2021-08-20,ETH-USD,0.0,0,0.0,0,0.0,0.0,0.3999999999999999,0.0
2021-08-21,ETH-USD,0.0,0,0.0,0,0.0,0.0,0.56,0.0
2021-08-22,ETH-USD,0.0,0,0.0,0,0.0,0.0,0.52,0.0
2021-08-23,ETH-USD,0.0,0,0.0,0,0.0,0.0,0.5800000000000001,0.0
2021-08-24,ETH-USD,0.0,0,0.0,0,0.0,0.0,0.5800000000000001,0.0
2021-08-25,ETH-USD,0.0,0,0.0,0,0.0,0.0,0.45999999999999996,0.0
2021-08-26,ETH-USD,0.0,0,0.0,0,0.0,0.0,0.5,0.0
2021-08-27,ETH-USD,0.0,0,0.0,0,0.0,0.0,0.41999999999999993,0.0
2021-08-28,ETH-USD,0.0,0,0.0,0,0.0,0.0,0.56,0.0
2021-08-29,ETH-USD,0.0,0,0.0,0,0.0,0.0,0.43999999999999995,0.0
2021-08-30,ETH-USD,0.0,0,0.0,0,0.0,0.0,0.45999999999999996,0.0
2021-08-31,ETH-USD,0.0,0,0.0,0,0.0,0.0,0.45999999999999996,0.0
2021-09-01,ETH-USD,0.0,0,0.0,0,0.0,0.0,0.41999999999999993,0.0
2021-09-02,ETH-USD,0.0,0,0.0,0,0.0,0.0,0.48,0.0
2021-09-03,ETH-USD,0.0,0,0.0,0,0.0,0.0,0.48,0.0
2021-09-04,ETH-USD,0.0,0,0.0,0,0.0,0.0,0.43999999999999995,0.0
2021-09-05,ETH-USD,0.0,0,0.0,0,0.0,0.0,0.45999999999999996,0.0
2021-09-06,ETH-USD,0.0,0,0.0,0,0.0,0.0,0.5800000000000001,0.0
2021-09-07,ETH-USD,0.0,0,0.0,0,0.0,0.0,0.5800000000000001,0.0
2021-09-08,ETH-USD,0.0,0,0.0,0,0.0,0.0,-0.06000000000000005,0.0
2021-09-09,ETH-USD,0.0,0,0.0,0,0.0,0.0,-0.09999999999999998,0.0
2021-09-10,ETH-USD,0.0,0,0.0,0,0.0,0.0,-0.07999999999999996,0.0
2021-09-11,ETH-USD,0.0,0,0.0,0,0.0,0.0,-0.38,0.0
2021-09-12,ETH-USD,0.0,0,0.0,0,0.0,0.0,-0.36,0.0
2021-09-13,ETH-USD,0.0,0,0.0,0,0.0,0.0,-0.12,0.0
2021-09-14,ETH-USD,0.0,0,0.0,0,0.0,0.0,-0.4,0.0
2021-09-15,ETH-USD,0.0,0,0.0,0,0.0,0.0,-0.020000000000000018,0.0
2021-09-16,ETH-USD,0.0,0,0.0,0,0.0,0.0,0.06000000000000005,0.0
2021-09-17,ETH-USD,0.0,0,0.0,0,0.0,0.0,-0.040000000000000036,0.0
2021-09-18,ETH-USD,0.0,0,0.0,0,0.0,0.0,0.0,0.0
2021-09-19,ETH-USD,0.0,0,0.0,0,0.0,0.0,0.06000000000000005,0.0
2021-09-20,ETH-USD,0.0,0,0.0,0,0.0,0.0,0.0,0.0
2021-09-21,ETH-USD,0.0,0,0.0,0,0.0,0.0,-0.45999999999999996,0.0
2021-09-22,ETH-USD,0.0,0,0.0,0,0.0,0.0,-0.5800000000000001,0.0
2021-09-23,ETH-USD,0.0,0,0.0,0,0.0,0.0,-0.45999999999999996,0.0
2021-09-24,ETH-USD,0.0,0,0.0,0,0.0,0.0,-0.33999999999999997,0.0
2021-09-25,ETH-USD,0.0,0,0.0,0,0.0,0.0,-0.43999999999999995,0.0
2021-09-26,ETH-USD,0.0,0,0.0,0,0.0,0.0,-0.45999999999999996,0.0
2021-09-27,ETH-USD,0.0,0,0.0,0,0.0,0.0,-0.48,0.0
2021-09-28,ETH-USD,0.0,0,0.0,0,0.0,0.0,-0.5,0.0
2021-09-29,ETH-USD,0.0,0,0.0,0,0.0,0.0,-0.52,0.0
2021-09-30,ETH-USD,0.0,0,0.0,0,0.0,0.0,-0.6,0.0
2021-10-01,ETH-USD,0.0,0,0.0,0,0.0,0.0,-0.45999999999999996,0.0
2021-10-02,ETH-USD,0.0,0,0.0,0,0.0,0.0,0.08000000000000007,0.0
2021-10-03,ETH-USD,0.0,0,0.0,0,0.0,0.0,-0.020000000000000018,0.0
2021-10-04,ETH-USD,0.0,0,0.0,0,0.0,0.0,0.08000000000000007,0.0
2021-10-05,ETH-USD,0.0,0,0.0,0,0.0,0.0,0.17999999999999994,0.0
2021-10-06,ETH-USD,0.0,0,0.0,0,0.0,0.0,0.3600000000000001,0.0
2021-10-07,ETH-USD,0.0,0,0.0,0,0.0,0.0,0.52,0.0
2021-10-08,ETH-USD,0.0,0,0.0,0,0.0,0.0,0.48,0.0
2021-10-09,ETH-USD,0.0,0,0.0,0,0.0,0.0,0.43999999999999995,0.0
2021-10-10,ETH-USD,0.0,0,0.0,0,0.0,0.0,0.41999999999999993,0.0
2021-10-11,ETH-USD,0.0,0,0.0,0,0.0,0.0,0.41999999999999993,0.0
2021-10-12,ETH-USD,0.0,0,0.0,0,0.0,0.0,0.56,0.0
2021-10-13,ETH-USD,0.0,0,0.0,0,0.0,0.0,0.3999999999999999,0.0
2021-10-14,ETH-USD,0.0,0,0.0,0,0.0,0.0,0.3999999999999999,0.0
2021-10-15,ETH-USD,0.0,0,0.0,0,0.0,0.0,0.41999999999999993,0.0
2021-10-16,ETH-USD,0.0,0,0.0,0,0.0,0.0,0.56,0.0
2021-10-17,ETH-USD,0.0,0,0.0,0,0.0,0.0,0.5800000000000001,0.0
2021-10-18,ETH-USD,0.0,0,0.0,0,0.0,0.0,0.56,0.0
2021-10-19,ETH-USD,0.0,0,0.0,0,0.0,0.0,0.5,0.0
2021-10-20,ETH-USD,0.0,0,0.0,0,0.0,0.0,0.6399999999999999,0.0
2021-10-21,ETH-USD,0.0,0,0.0,0,0.0,0.0,0.6799999999999999,0.0
2021-10-22,ETH-USD,0.0,0,0.0,0,0.0,0.0,0.5,0.0
2021-10-23,ETH-USD,0.0,0,0.0,0,0.0,0.0,0.48,0.0
2021-10-24,ETH-USD,0.0,0,0.0,0,0.0,0.0,0.45999999999999996,0.0
2021-10-25,ETH-USD,0.0,0,0.0,0,0.0,0.0,0.43999999999999995,0.0
2021-10-26,ETH-USD,0.0,0,0.0,0,0.0,0.0,0.52,0.0
2021-10-27,ETH-USD,0.0,0,0.0,0,0.0,0.0,0.45999999999999996,0.0
2021-10-28,ETH-USD,0.0,0,0.0,0,0.0,0.0,0.32000000000000006,0.0
2021-10-29,ETH-USD,0.0,0,0.0,0,0.0,0.0,0.3999999999999999,0.0
2021-10-30,ETH-USD,0.0,0,0.0,0,0.0,0.0,0.45999999999999996,0.0
2021-10-31,ETH-USD,0.0,0,0.0,0,0.0,0.0,0.48,0.0
2021-11-01,ETH-USD,0.0,0,0.0,0,0.0,0.0,0.48,0.0
2021-11-02,ETH-USD,0.0,0,0.0,0,0.0,0.0,0.45999999999999996,0.0
2021-11-03,ETH-USD,0.0,0,0.0,0,0.0,0.0,0.52,0.0
2021-11-04,ETH-USD,0.0,0,0.0,0,0.0,0.0,0.45999999999999996,0.0
2021-11-05,ETH-USD,0.0,0,0.0,0,0.0,0.0,0.45999999999999996,0.0
2021-11-06,ETH-USD,0.0,0,0.0,0,0.0,0.0,0.41999999999999993,0.0
2021-11-07,ETH-USD,0.0,0,0.0,0,0.0,0.0,0.45999999999999996,0.0
2021-11-08,ETH-USD,0.0,0,0.0,0,0.0,0.0,0.5,0.0
2021-11-09,ETH-USD,0.0,0,0.0,0,0.0,0.0,0.6799999999999999,0.0
2021-11-10,ETH-USD,0.0,0,0.0,0,0.0,0.0,0.5,0.0
2021-11-11,ETH-USD,0.0,0,0.0,0,0.0,0.0,0.54,0.0
2021-11-12,ETH-USD,0.0,0,0.0,0,0.0,0.0,0.48,0.0
2021-11-13,ETH-USD,0.0,0,0.0,0,0.0,0.0,0.43999999999999995,0.0
2021-11-14,ETH-USD,0.0,0,0.0,0,0.0,0.0,0.48,0.0
2021-11-15,ETH-USD,0.0,0,0.0,0,0.0,0.0,0.43999999999999995,0.0
2021-11-16,ETH-USD,0.0,0,0.0,0,0.0,0.0,0.41999999999999993,0.0
2021-11-17,ETH-USD,0.0,0,0.0,0,0.0,0.0,0.040000000000000036,0.0
2021-11-18,ETH-USD,0.0,0,0.0,0,0.0,0.0,0.08000000000000007,0.0
2021-11-19,ETH-USD,0.0,0,0.0,0,0.0,0.0,-0.31999999999999995,0.0
2021-11-20,ETH-USD,0.0,0,0.0,0,0.0,0.0,-0.14,0.0
2021-11-21,ETH-USD,0.0,0,0.0,0,0.0,0.0,-0.020000000000000018,0.0
2021-11-22,ETH-USD,0.0,0,0.0,0,0.0,0.0,0.0,0.0
2021-11-23,ETH-USD,0.0,0,0.0,0,0.0,0.0,-0.33999999999999997,0.0
2021-11-24,ETH-USD,0.0,0,0.0,0,0.0,0.0,-0.16000000000000003,0.0
2021-11-25,ETH-USD,0.0,0,0.0,0,0.0,0.0,-0.36,0.0
2021-11-26,ETH-USD,0.0,0,0.0,0,0.0,0.0,-0.06000000000000005,0.0
2021-11-27,ETH-USD,0.0,0,0.0,0,0.0,0.0,-0.5800000000000001,0.0
2021-11-28,ETH-USD,0.0,0,0.0,0,0.0,0.0,-0.45999999999999996,0.0
2021-11-29,ETH-USD,0.0,0,0.0,0,0.0,0.0,-0.33999999999999997,0.0
2021-11-30,ETH-USD,0.0,0,0.0,0,0.0,0.0,-0.19999999999999996,0.0
2021-12-01,ETH-USD,0.0,0,0.0,0,0.0,0.0,-0.31999999999999995,0.0
2021-12-02,ETH-USD,0.0,0,0.0,0,0.0,0.0,-0.36,0.0
2021-12-03,ETH-USD,0.0,0,0.0,0,0.0,0.0,-0.38,0.0
2021-12-04,ETH-USD,0.0,0,0.0,0,0.0,0.0,-0.5,0.0
2021-12-05,ETH-USD,0.0,0,0.0,0,0.0,0.0,-0.64,0.0
2021-12-06,ETH-USD,0.0,0,0.0,0,0.0,0.0,-0.6799999999999999,0.0
2021-12-07,ETH-USD,0.0,0,0.0,0,0.0,0.0,-0.5,0.0
2021-12-08,ETH-USD,0.0,0,0.0,0,0.0,0.0,-0.43999999999999995,0.0
2021-12-09,ETH-USD,0.0,0,0.0,0,0.0,0.0,-0.42000000000000004,0.0
2021-12-10,ETH-USD,0.0,0,0.0,0,0.0,0.0,-0.52,0.0
2021-12-11,ETH-USD,0.0,0,0.0,0,0.0,0.0,-0.6799999999999999,0.0
2021-12-12,ETH-USD,0.0,0,0.0,0,0.0,0.0,-0.45999999999999996,0.0
2021-12-13,ETH-USD,0.0,0,0.0,0,0.0,0.0,-0.43999999999999995,0.0
2021-12-14,ETH-USD,0.0,0,0.0,0,0.0,0.0,-0.5800000000000001,0.0
2021-12-15,ETH-USD,0.0,0,0.0,0,0.0,0.0,-0.43999999999999995,0.0
2021-12-16,ETH-USD,0.0,0,0.0,0,0.0,0.0,-0.42000000000000004,0.0
2021-12-17,ETH-USD,0.0,0,0.0,0,0.0,0.0,-0.54,0.0
2021-12-18,ETH-USD,0.0,0,0.0,0,0.0,0.0,-0.52,0.0
2021-12-19,ETH-USD,0.0,0,0.0,0,0.0,0.0,-0.42000000000000004,0.0
2021-12-20,ETH-USD,0.0,0,0.0,0,0.0,0.0,-0.5,0.0
2021-12-21,ETH-USD,0.0,0,0.0,0,0.0,0.0,-0.45999999999999996,0.0
2021-12-22,ETH-USD,0.0,0,0.0,0,0.0,0.0,-0.09999999999999998,0.0
2021-12-23,ETH-USD,0.0,0,0.0,0,0.0,0.0,-0.31999999999999995,0.0
2021-12-24,ETH-USD,0.0,0,0.0,0,0.0,0.0,-0.18000000000000005,0.0
2021-12-25,ETH-USD,0.0,0,0.0,0,0.0,0.0,-0.21999999999999997,0.0
2021-12-26,ETH-USD,0.0,0,0.0,0,0.0,0.0,-0.26,0.0
2021-12-27,ETH-USD,0.0,0,0.0,0,0.0,0.0,-0.19999999999999996,0.0
2021-12-28,ETH-USD,0.0,0,0.0,0,0.0,0.0,-0.18000000000000005,0.0
2021-12-29,ETH-USD,0.0,0,0.0,0,0.0,0.0,-0.45999999999999996,0.0
2021-12-30,ETH-USD,0.0,0,0.0,0,0.0,0.0,-0.56,0.0
2021-12-31,ETH-USD,0.0,0,0.0,0,0.0,0.0,-0.43999999999999995,0.0
2022-01-01,ETH-USD,0.0,0,0.0,0,0.0,0.0,-0.5800000000000001,0.0
2022-01-02,ETH-USD,0.0,0,0.0,0,0.0,0.0,-0.42000000000000004,0.0
2022-01-03,ETH-USD,0.0,0,0.0,0,0.0,0.0,-0.42000000000000004,0.0
2022-01-04,ETH-USD,0.0,0,0.0,0,0.0,0.0,-0.54,0.0
2022-01-05,ETH-USD,0.0,0,0.0,0,0.0,0.0,-0.52,0.0
2022-01-06,ETH-USD,0.0,0,0.0,0,0.0,0.0,-0.7,0.0
2022-01-07,ETH-USD,0.0,0,0.0,0,0.0,0.0,-0.64,0.0
2022-01-08,ETH-USD,0.0,0,0.0,0,0.0,0.0,-0.8,0.0
2022-01-09,ETH-USD,0.0,0,0.0,0,0.0,0.0,-0.54,0.0
2022-01-10,ETH-USD,0.0,0,0.0,0,0.0,0.0,-0.54,0.0
2022-01-11,ETH-USD,0.0,0,0.0,0,0.0,0.0,-0.5800000000000001,0.0
2022-01-12,ETH-USD,0.0,0,0.0,0,0.0,0.0,-0.56,0.0
2022-01-13,ETH-USD,0.0,0,0.0,0,0.0,0.0,-0.5800000000000001,0.0
2022-01-14,ETH-USD,0.0,0,0.0,0,0.0,0.0,-0.5800000000000001,0.0
2022-01-15,ETH-USD,0.0,0,0.0,0,0.0,0.0,-0.54,0.0
2022-01-16,ETH-USD,0.0,0,0.0,0,0.0,0.0,-0.5800000000000001,0.0
2022-01-17,ETH-USD,0.0,0,0.0,0,0.0,0.0,-0.56,0.0
2022-01-18,ETH-USD,0.0,0,0.0,0,0.0,0.0,-0.52,0.0
2022-01-19,ETH-USD,0.0,0,0.0,0,0.0,0.0,-0.52,0.0
2022-01-20,ETH-USD,0.0,0,0.0,0,0.0,0.0,-0.52,0.0
2022-01-21,ETH-USD,0.0,0,0.0,0,0.0,0.0,-0.62,0.0
2022-01-22,ETH-USD,0.0,0,0.0,0,0.0,0.0,-0.74,0.0
2022-01-23,ETH-USD,0.0,0,0.0,0,0.0,0.0,-0.78,0.0
2022-01-24,ETH-USD,0.0,0,0.0,0,0.0,0.0,-0.74,0.0
2022-01-25,ETH-USD,0.0,0,0.0,0,0.0,0.0,-0.76,0.0
2022-01-26,ETH-USD,0.0,0,0.0,0,0.0,0.0,-0.54,0.0
2022-01-27,ETH-USD,0.0,0,0.0,0,0.0,0.0,-0.6,0.0
2022-01-28,ETH-USD,0.0,0,0.0,0,0.0,0.0,-0.52,0.0
2022-01-29,ETH-USD,0.0,0,0.0,0,0.0,0.0,-0.52,0.0
2022-01-30,ETH-USD,0.0,0,0.0,0,0.0,0.0,-0.42000000000000004,0.0
2022-01-31,ETH-USD,0.0,0,0.0,0,0.0,0.0,-0.6,0.0
2022-02-01,ETH-USD,0.0,0,0.0,0,0.0,0.0,-0.48,0.0
2022-02-02,ETH-USD,0.0,0,0.0,0,0.0,0.0,-0.43999999999999995,0.0
2022-02-03,ETH-USD,0.0,0,0.0,0,0.0,0.0,-0.6,0.0
2022-02-04,ETH-USD,0.0,0,0.0,0,0.0,0.0,-0.6,0.0
2022-02-05,ETH-USD,0.0,0,0.0,0,0.0,0.0,-0.33999999999999997,0.0
2022-02-06,ETH-USD,0.0,0,0.0,0,0.0,0.0,-0.26,0.0
2022-02-07,ETH-USD,0.0,0,0.0,0,0.0,0.0,-0.09999999999999998,0.0
2022-02-08,ETH-USD,0.0,0,0.0,0,0.0,0.0,-0.040000000000000036,0.0
2022-02-09,ETH-USD,0.0,0,0.0,0,0.0,0.0,0.08000000000000007,0.0
2022-02-10,ETH-USD,0.0,0,0.0,0,0.0,0.0,0.0,0.0
2022-02-11,ETH-USD,0.0,0,0.0,0,0.0,0.0,0.0,0.0
2022-02-12,ETH-USD,0.0,0,0.0,0,0.0,0.0,-0.12,0.0
2022-02-13,ETH-USD,0.0,0,0.0,0,0.0,0.0,-0.12,0.0
2022-02-14,ETH-USD,0.0,0,0.0,0,0.0,0.0,-0.07999999999999996,0.0
2022-02-15,ETH-USD,0.0,0,0.0,0,0.0,0.0,-0.07999999999999996,0.0
2022-02-16,ETH-USD,0.0,0,0.0,0,0.0,0.0,0.020000000000000018,0.0
2022-02-17,ETH-USD,0.0,0,0.0,0,0.0,0.0,0.040000000000000036,0.0
2022-02-18,ETH-USD,0.0,0,0.0,0,0.0,0.0,-0.4,0.0
2022-02-19,ETH-USD,0.0,0,0.0,0,0.0,0.0,-0.5,0.0
2022-02-20,ETH-USD,0.0,0,0.0,0,0.0,0.0,-0.45999999999999996,0.0
2022-02-21,ETH-USD,0.0,0,0.0,0,0.0,0.0,-0.5,0.0
2022-02-22,ETH-USD,0.0,0,0.0,0,0.0,0.0,-0.6,0.0
2022-02-23,ETH-USD,0.0,0,0.0,0,0.0,0.0,-0.5,0.0
2022-02-24,ETH-USD,0.0,0,0.0,0,0.0,0.0,-0.54,0.0
2022-02-25,ETH-USD,0.0,0,0.0,0,0.0,0.0,-0.45999999999999996,0.0
2022-02-26,ETH-USD,0.0,0,0.0,0,0.0,0.0,-0.48,0.0
2022-02-27,ETH-USD,0.0,0,0.0,0,0.0,0.0,-0.48,0.0
2022-02-28,ETH-USD,0.0,0,0.0,0,0.0,0.0,-0.6,0.0
2022-03-01,ETH-USD,0.0,0,0.0,0,0.0,0.0,0.020000000000000018,0.0
2022-03-02,ETH-USD,0.0,0,0.0,0,0.0,0.0,0.040000000000000036,0.0
2022-03-03,ETH-USD,0.0,0,0.0,0,0.0,0.0,-0.21999999999999997,0.0
2022-03-04,ETH-USD,0.0,0,0.0,0,0.0,0.0,-0.33999999999999997,0.0
2022-03-05,ETH-USD,0.0,0,0.0,0,0.0,0.0,-0.56,0.0
2022-03-06,ETH-USD,0.0,0,0.0,0,0.0,0.0,-0.56,0.0
2022-03-07,ETH-USD,0.0,0,0.0,0,0.0,0.0,-0.54,0.0
2022-03-08,ETH-USD,0.0,0,0.0,0,0.0,0.0,-0.5800000000000001,0.0
2022-03-09,ETH-USD,0.0,0,0.0,0,0.0,0.0,-0.56,0.0
2022-03-10,ETH-USD,0.0,0,0.0,0,0.0,0.0,-0.43999999999999995,0.0
2022-03-11,ETH-USD,0.0,0,0.0,0,0.0,0.0,-0.56,0.0
2022-03-12,ETH-USD,0.0,0,0.0,0,0.0,0.0,-0.56,0.0
2022-03-13,ETH-USD,0.0,0,0.0,0,0.0,0.0,-0.5800000000000001,0.0
2022-03-14,ETH-USD,0.0,0,0.0,0,0.0,0.0,-0.54,0.0
2022-03-15,ETH-USD,0.0,0,0.0,0,0.0,0.0,-0.5800000000000001,0.0
2022-03-16,ETH-USD,0.0,0,0.0,0,0.0,0.0,-0.52,0.0
2022-03-17,ETH-USD,0.0,0,0.0,0,0.0,0.0,-0.45999999999999996,0.0
2022-03-18,ETH-USD,0.0,0,0.0,0,0.0,0.0,-0.5,0.0
2022-03-19,ETH-USD,0.0,0,0.0,0,0.0,0.0,-0.43999999999999995,0.0
2022-03-20,ETH-USD,0.0,0,0.0,0,0.0,0.0,-0.38,0.0
2022-03-21,ETH-USD,0.0,0,0.0,0,0.0,0.0,-0.4,0.0
2022-03-22,ETH-USD,0.0,0,0.0,0,0.0,0.0,-0.48,0.0
2022-03-23,ETH-USD,0.0,0,0.0,0,0.0,0.0,-0.38,0.0
2022-03-24,ETH-USD,0.0,0,0.0,0,0.0,0.0,-0.19999999999999996,0.0
2022-03-25,ETH-USD,0.0,0,0.0,0,0.0,0.0,-0.06000000000000005,0.0
2022-03-26,ETH-USD,0.0,0,0.0,0,0.0,0.0,0.020000000000000018,0.0
2022-03-27,ETH-USD,0.0,0,0.0,0,0.0,0.0,-0.020000000000000018,0.0
2022-03-28,ETH-USD,0.0,0,0.0,0,0.0,0.0,0.19999999999999996,0.0
2022-03-29,ETH-USD,0.0,0,0.0,0,0.0,0.0,0.1200000000000001,0.0
2022-03-30,ETH-USD,0.0,0,0.0,0,0.0,0.0,0.10000000000000009,0.0
2022-03-31,ETH-USD,0.0,0,0.0,0,0.0,0.0,0.040000000000000036,0.0
2022-04-01,ETH-USD,0.0,0,0.0,0,0.0,0.0,0.0,0.0
2022-04-02,ETH-USD,0.0,0,0.0,0,0.0,0.0,0.040000000000000036,0.0
2022-04-03,ETH-USD,0.0,0,0.0,0,0.0,0.0,-0.040000000000000036,0.0
2022-04-04,ETH-USD,0.0,0,0.0,0,0.0,0.0,0.040000000000000036,0.0
2022-04-05,ETH-USD,0.0,0,0.0,0,0.0,0.0,0.06000000000000005,0.0
2022-04-06,ETH-USD,0.0,0,0.0,0,0.0,0.0,-0.040000000000000036,0.0
2022-04-07,ETH-USD,0.0,0,0.0,0,0.0,0.0,-0.31999999999999995,0.0
2022-04-08,ETH-USD,0.0,0,0.0,0,0.0,0.0,-0.26,0.0
2022-04-09,ETH-USD,0.0,0,0.0,0,0.0,0.0,-0.4,0.0
2022-04-10,ETH-USD,0.0,0,0.0,0,0.0,0.0,-0.31999999999999995,0.0
2022-04-11,ETH-USD,0.0,0,0.0,0,0.0,0.0,-0.36,0.0
2022-04-12,ETH-USD,0.0,0,0.0,0,0.0,0.0,-0.6,0.0
2022-04-13,ETH-USD,0.0,0,0.0,0,0.0,0.0,-0.5,0.0
2022-04-14,ETH-USD,0.0,0,0.0,0,0.0,0.0,-0.43999999999999995,0.0
2022-04-15,ETH-USD,0.0,0,0.0,0,0.0,0.0,-0.56,0.0
2022-04-16,ETH-USD,0.0,0,0.0,0,0.0,0.0,-0.43999999999999995,0.0
2022-04-17,ETH-USD,0.0,0,0.0,0,0.0,0.0,-0.43999999999999995,0.0
2022-04-18,ETH-USD,0.0,0,0.0,0,0.0,0.0,-0.52,0.0
2022-04-19,ETH-USD,0.0,0,0.0,0,0.0,0.0,-0.45999999999999996,0.0
2022-04-20,ETH-USD,0.0,0,0.0,0,0.0,0.0,-0.45999999999999996,0.0
2022-04-21,ETH-USD,0.0,0,0.0,0,0.0,0.0,-0.45999999999999996,0.0
2022-04-22,ETH-USD,0.0,0,0.0,0,0.0,0.0,-0.48,0.0
2022-04-23,ETH-USD,0.0,0,0.0,0,0.0,0.0,-0.52,0.0
2022-04-24,ETH-USD,0.0,0,0.0,0,0.0,0.0,-0.52,0.0
2022-04-25,ETH-USD,0.0,0,0.0,0,0.0,0.0,-0.54,0.0
2022-04-26,ETH-USD,0.0,0,0.0,0,0.0,0.0,-0.45999999999999996,0.0
2022-04-27,ETH-USD,0.0,0,0.0,0,0.0,0.0,-0.5800000000000001,0.0
2022-04-28,ETH-USD,0.0,0,0.0,0,0.0,0.0,-0.52,0.0
2022-04-29,ETH-USD,0.0,0,0.0,0,0.0,0.0,-0.54,0.0
2022-04-30,ETH-USD,0.0,0,0.0,0,0.0,0.0,-0.6,0.0
2022-05-01,ETH-USD,0.0,0,0.0,0,0.0,0.0,-0.56,0.0
2022-05-02,ETH-USD,0.0,0,0.0,0,0.0,0.0,-0.43999999999999995,0.0
2022-05-03,ETH-USD,0.0,0,0.0,0,0.0,0.0,-0.45999999999999996,0.0
2022-05-04,ETH-USD,0.0,0,0.0,0,0.0,0.0,-0.5800000000000001,0.0
2022-05-05,ETH-USD,0.0,0,0.0,0,0.0,0.0,-0.45999999999999996,0.0
2022-05-06,ETH-USD,0.0,0,0.0,0,0.0,0.0,-0.56,0.0
2022-05-07,ETH-USD,0.0,0,0.0,0,0.0,0.0,-0.54,0.0
2022-05-08,ETH-USD,0.0,0,0.0,0,0.0,0.0,-0.64,0.0
2022-05-09,ETH-USD,0.0,0,0.0,0,0.0,0.0,-0.78,0.0
2022-05-10,ETH-USD,0.0,0,0.0,0,0.0,0.0,-0.8,0.0
2022-05-11,ETH-USD,0.0,0,0.0,0,0.0,0.0,-0.76,0.0
2022-05-12,ETH-USD,0.0,0,0.0,0,0.0,0.0,-0.76,0.0
2022-05-13,ETH-USD,0.0,0,0.0,0,0.0,0.0,-0.8,0.0
2022-05-14,ETH-USD,0.0,0,0.0,0,0.0,0.0,-0.8200000000000001,0.0
2022-05-15,ETH-USD,0.0,0,0.0,0,0.0,0.0,-0.8,0.0
2022-05-16,ETH-USD,0.0,0,0.0,0,0.0,0.0,-0.72,0.0
2022-05-17,ETH-USD,0.0,0,0.0,0,0.0,0.0,-0.84,0.0
2022-05-18,ETH-USD,0.0,0,0.0,0,0.0,0.0,-0.76,0.0
2022-05-19,ETH-USD,0.0,0,0.0,0,0.0,0.0,-0.74,0.0
2022-05-20,ETH-USD,0.0,0,0.0,0,0.0,0.0,-0.74,0.0
2022-05-21,ETH-USD,0.0,0,0.0,0,0.0,0.0,-0.74,0.0
2022-05-22,ETH-USD,0.0,0,0.0,0,0.0,0.0,-0.72,0.0
2022-05-23,ETH-USD,0.0,0,0.0,0,0.0,0.0,-0.8,0.0
2022-05-24,ETH-USD,0.0,0,0.0,0,0.0,0.0,-0.76,0.0
2022-05-25,ETH-USD,0.0,0,0.0,0,0.0,0.0,-0.78,0.0
2022-05-26,ETH-USD,0.0,0,0.0,0,0.0,0.0,-0.76,0.0
2022-05-27,ETH-USD,0.0,0,0.0,0,0.0,0.0,-0.76,0.0
2022-05-28,ETH-USD,0.0,0,0.0,0,0.0,0.0,-0.74,0.0
2022-05-29,ETH-USD,0.0,0,0.0,0,0.0,0.0,-0.72,0.0
2022-05-30,ETH-USD,0.0,0,0.0,0,0.0,0.0,-0.8,0.0
2022-05-31,ETH-USD,0.0,0,0.0,0,0.0,0.0,-0.6799999999999999,0.0
2022-06-01,ETH-USD,0.0,0,0.0,0,0.0,0.0,-0.6599999999999999,0.0
2022-06-02,ETH-USD,0.0,0,0.0,0,0.0,0.0,-0.74,0.0
2022-06-03,ETH-USD,0.0,0,0.0,0,0.0,0.0,-0.8,0.0
2022-06-04,ETH-USD,0.0,0,0.0,0,0.0,0.0,-0.72,0.0
2022-06-05,ETH-USD,0.0,0,0.0,0,0.0,0.0,-0.8,0.0
2022-06-06,ETH-USD,0.0,0,0.0,0,0.0,0.0,-0.74,0.0
2022-06-07,ETH-USD,0.0,0,0.0,0,0.0,0.0,-0.7,0.0
2022-06-08,ETH-USD,0.0,0,0.0,0,0.0,0.0,-0.6599999999999999,0.0
2022-06-09,ETH-USD,0.0,0,0.0,0,0.0,0.0,-0.78,0.0
2022-06-10,ETH-USD,0.0,0,0.0,0,0.0,0.0,-0.74,0.0
2022-06-11,ETH-USD,0.0,0,0.0,0,0.0,0.0,-0.76,0.0
2022-06-12,ETH-USD,0.0,0,0.0,0,0.0,0.0,-0.72,0.0
2022-06-13,ETH-USD,0.0,0,0.0,0,0.0,0.0,-0.78,0.0
2022-06-14,ETH-USD,0.0,0,0.0,0,0.0,0.0,-0.84,0.0
2022-06-15,ETH-USD,0.0,0,0.0,0,0.0,0.0,-0.86,0.0
2022-06-16,ETH-USD,0.0,0,0.0,0,0.0,0.0,-0.86,0.0
2022-06-17,ETH-USD,0.0,0,0.0,0,0.0,0.0,-0.8200000000000001,0.0
2022-06-18,ETH-USD,0.0,0,0.0,0,0.0,0.0,-0.88,0.0
2022-06-19,ETH-USD,0.0,0,0.0,0,0.0,0.0,-0.88,0.0
2022-06-20,ETH-USD,0.0,0,0.0,0,0.0,0.0,-0.8200000000000001,0.0
2022-06-21,ETH-USD,0.0,0,0.0,0,0.0,0.0,-0.8200000000000001,0.0
2022-06-22,ETH-USD,0.0,0,0.0,0,0.0,0.0,-0.78,0.0
2022-06-23,ETH-USD,0.0,0,0.0,0,0.0,0.0,-0.78,0.0
2022-06-24,ETH-USD,0.0,0,0.0,0,0.0,0.0,-0.78,0.0
2022-06-25,ETH-USD,0.0,0,0.0,0,0.0,0.0,-0.72,0.0
2022-06-26,ETH-USD,0.0,0,0.0,0,0.0,0.0,-0.72,0.0
2022-06-27,ETH-USD,0.0,0,0.0,0,0.0,0.0,-0.76,0.0
2022-06-28,ETH-USD,0.0,0,0.0,0,0.0,0.0,-0.8,0.0
2022-06-29,ETH-USD,0.0,0,0.0,0,0.0,0.0,-0.74,0.0
2022-06-30,ETH-USD,0.0,0,0.0,0,0.0,0.0,-0.78,0.0
2022-07-01,ETH-USD,0.0,0,0.0,0,0.0,0.0,-0.78,0.0
2022-07-02,ETH-USD,0.0,0,0.0,0,0.0,0.0,-0.72,0.0
2022-07-03,ETH-USD,0.0,0,0.0,0,0.0,0.0,-0.78,0.0
2022-07-04,ETH-USD,0.0,0,0.0,0,0.0,0.0,-0.72,0.0
2022-07-05,ETH-USD,0.0,0,0.0,0,0.0,0.0,-0.62,0.0
2022-07-06,ETH-USD,0.0,0,0.0,0,0.0,0.0,-0.64,0.0
2022-07-07,ETH-USD,0.0,0,0.0,0,0.0,0.0,-0.64,0.0
2022-07-08,ETH-USD,0.0,0,0.0,0,0.0,0.0,-0.6,0.0
2022-07-09,ETH-USD,0.0,0,0.0,0,0.0,0.0,-0.52,0.0
2022-07-10,ETH-USD,0.0,0,0.0,0,0.0,0.0,-0.52,0.0
2022-07-11,ETH-USD,0.0,0,0.0,0,0.0,0.0,-0.56,0.0
2022-07-12,ETH-USD,0.0,0,0.0,0,0.0,0.0,-0.6799999999999999,0.0
2022-07-13,ETH-USD,0.0,0,0.0,0,0.0,0.0,-0.7,0.0
2022-07-14,ETH-USD,0.0,0,0.0,0,0.0,0.0,-0.64,0.0
2022-07-15,ETH-USD,0.0,0,0.0,0,0.0,0.0,-0.7,0.0
2022-07-16,ETH-USD,0.0,0,0.0,0,0.0,0.0,-0.5800000000000001,0.0
2022-07-17,ETH-USD,0.0,0,0.0,0,0.0,0.0,-0.52,0.0
2022-07-18,ETH-USD,0.0,0,0.0,0,0.0,0.0,-0.6,0.0
2022-07-19,ETH-USD,0.0,0,0.0,0,0.0,0.0,-0.4,0.0
2022-07-20,ETH-USD,0.0,0,0.0,0,0.0,0.0,-0.38,0.0
2022-07-21,ETH-USD,0.0,0,0.0,0,0.0,0.0,-0.31999999999999995,0.0
2022-07-22,ETH-USD,0.0,0,0.0,0,0.0,0.0,-0.33999999999999997,0.0
2022-07-23,ETH-USD,0.0,0,0.0,0,0.0,0.0,-0.38,0.0
2022-07-24,ETH-USD,0.0,0,0.0,0,0.0,0.0,-0.4,0.0
2022-07-25,ETH-USD,0.0,0,0.0,0,0.0,0.0,-0.4,0.0
2022-07-26,ETH-USD,0.0,0,0.0,0,0.0,0.0,-0.48,0.0
2022-07-27,ETH-USD,0.0,0,0.0,0,0.0,0.0,-0.43999999999999995,0.0
2022-07-28,ETH-USD,0.0,0,0.0,0,0.0,0.0,-0.36,0.0
2022-07-29,ETH-USD,0.0,0,0.0,0,0.0,0.0,-0.21999999999999997,0.0
2022-07-30,ETH-USD,0.0,0,0.0,0,0.0,0.0,-0.16000000000000003,0.0
2022-07-31,ETH-USD,0.0,0,0.0,0,0.0,0.0,-0.21999999999999997,0.0
2022-08-01,ETH-USD,0.0,0,0.0,0,0.0,0.0,-0.33999999999999997,0.0
2022-08-02,ETH-USD,0.0,0,0.0,0,0.0,0.0,-0.38,0.0
2022-08-03,ETH-USD,0.0,0,0.0,0,0.0,0.0,-0.31999999999999995,0.0
2022-08-04,ETH-USD,0.0,0,0.0,0,0.0,0.0,-0.4,0.0
2022-08-05,ETH-USD,0.0,0,0.0,0,0.0,0.0,-0.38,0.0
2022-08-06,ETH-USD,0.0,0,0.0,0,0.0,0.0,-0.38,0.0
2022-08-07,ETH-USD,0.0,0,0.0,0,0.0,0.0,-0.4,0.0
2022-08-08,ETH-USD,0.0,0,0.0,0,0.0,0.0,-0.4,0.0
2022-08-09,ETH-USD,0.0,0,0.0,0,0.0,0.0,-0.16000000000000003,0.0
2022-08-10,ETH-USD,0.0,0,0.0,0,0.0,0.0,-0.38,0.0
2022-08-11,ETH-USD,0.0,0,0.0,0,0.0,0.0,-0.18000000000000005,0.0
2022-08-12,ETH-USD,0.0,0,0.0,0,0.0,0.0,-0.16000000000000003,0.0
2022-08-13,ETH-USD,0.0,0,0.0,0,0.0,0.0,-0.07999999999999996,0.0
2022-08-14,ETH-USD,0.0,0,0.0,0,0.0,0.0,-0.06000000000000005,0.0
2022-08-15,ETH-USD,0.0,0,0.0,0,0.0,0.0,-0.09999999999999998,0.0
2022-08-16,ETH-USD,0.0,0,0.0,0,0.0,0.0,-0.12,0.0
2022-08-17,ETH-USD,0.0,0,0.0,0,0.0,0.0,-0.18000000000000005,0.0
2022-08-18,ETH-USD,0.0,0,0.0,0,0.0,0.0,-0.4,0.0
2022-08-19,ETH-USD,0.0,0,0.0,0,0.0,0.0,-0.33999999999999997,0.0
2022-08-20,ETH-USD,0.0,0,0.0,0,0.0,0.0,-0.42000000000000004,0.0
2022-08-21,ETH-USD,0.0,0,0.0,0,0.0,0.0,-0.45999999999999996,0.0
2022-08-22,ETH-USD,0.0,0,0.0,0,0.0,0.0,-0.42000000000000004,0.0
2022-08-23,ETH-USD,0.0,0,0.0,0,0.0,0.0,-0.43999999999999995,0.0
2022-08-24,ETH-USD,0.0,0,0.0,0,0.0,0.0,-0.5,0.0
2022-08-25,ETH-USD,0.0,0,0.0,0,0.0,0.0,-0.5,0.0
2022-08-26,ETH-USD,0.0,0,0.0,0,0.0,0.0,-0.45999999999999996,0.0
2022-08-27,ETH-USD,0.0,0,0.0,0,0.0,0.0,-0.43999999999999995,0.0
2022-08-28,ETH-USD,0.0,0,0.0,0,0.0,0.0,-0.43999999999999995,0.0
2022-08-29,ETH-USD,0.0,0,0.0,0,0.0,0.0,-0.52,0.0
2022-08-30,ETH-USD,0.0,0,0.0,0,0.0,0.0,-0.45999999999999996,0.0
2022-08-31,ETH-USD,0.0,0,0.0,0,0.0,0.0,-0.54,0.0
2022-09-01,ETH-USD,0.0,0,0.0,0,0.0,0.0,-0.6,0.0
2022-09-02,ETH-USD,0.0,0,0.0,0,0.0,0.0,-0.5,0.0
2022-09-03,ETH-USD,0.0,0,0.0,0,0.0,0.0,-0.5800000000000001,0.0
2022-09-04,ETH-USD,0.0,0,0.0,0,0.0,0.0,-0.6,0.0
2022-09-05,ETH-USD,0.0,0,0.0,0,0.0,0.0,-0.54,0.0
2022-09-06,ETH-USD,0.0,0,0.0,0,0.0,0.0,-0.56,0.0
2022-09-07,ETH-USD,0.0,0,0.0,0,0.0,0.0,-0.52,0.0
2022-09-08,ETH-USD,0.0,0,0.0,0,0.0,0.0,-0.6,0.0
2022-09-09,ETH-USD,0.0,0,0.0,0,0.0,0.0,-0.56,0.0
2022-09-10,ETH-USD,0.0,0,0.0,0,0.0,0.0,-0.43999999999999995,0.0
2022-09-11,ETH-USD,0.0,0,0.0,0,0.0,0.0,-0.48,0.0
2022-09-12,ETH-USD,0.0,0,0.0,0,0.0,0.0,-0.5,0.0
2022-09-13,ETH-USD,0.0,0,0.0,0,0.0,0.0,-0.31999999999999995,0.0
2022-09-14,ETH-USD,0.0,0,0.0,0,0.0,0.0,-0.45999999999999996,0.0
2022-09-15,ETH-USD,0.0,0,0.0,0,0.0,0.0,-0.43999999999999995,0.0
2022-09-16,ETH-USD,0.0,0,0.0,0,0.0,0.0,-0.6,0.0
2022-09-17,ETH-USD,0.0,0,0.0,0,0.0,0.0,-0.56,0.0
2022-09-18,ETH-USD,0.0,0,0.0,0,0.0,0.0,-0.45999999999999996,0.0
2022-09-19,ETH-USD,0.0,0,0.0,0,0.0,0.0,-0.5800000000000001,0.0
2022-09-20,ETH-USD,0.0,0,0.0,0,0.0,0.0,-0.54,0.0
2022-09-21,ETH-USD,0.0,0,0.0,0,0.0,0.0,-0.54,0.0
2022-09-22,ETH-USD,0.0,0,0.0,0,0.0,0.0,-0.56,0.0
2022-09-23,ETH-USD,0.0,0,0.0,0,0.0,0.0,-0.6,0.0
2022-09-24,ETH-USD,0.0,0,0.0,0,0.0,0.0,-0.52,0.0
2022-09-25,ETH-USD,0.0,0,0.0,0,0.0,0.0,-0.52,0.0
2022-09-26,ETH-USD,0.0,0,0.0,0,0.0,0.0,-0.5800000000000001,0.0
2022-09-27,ETH-USD,0.0,0,0.0,0,0.0,0.0,-0.6,0.0
2022-09-28,ETH-USD,0.0,0,0.0,0,0.0,0.0,-0.6,0.0
2022-09-29,ETH-USD,0.0,0,0.0,0,0.0,0.0,-0.56,0.0
2022-09-30,ETH-USD,0.0,0,0.0,0,0.0,0.0,-0.5800000000000001,0.0
2022-10-01,ETH-USD,0.0,0,0.0,0,0.0,0.0,-0.6,0.0
2022-10-02,ETH-USD,0.0,0,0.0,0,0.0,0.0,-0.52,0.0
2022-10-03,ETH-USD,0.0,0,0.0,0,0.0,0.0,-0.52,0.0
2022-10-04,ETH-USD,0.0,0,0.0,0,0.0,0.0,-0.6,0.0
2022-10-05,ETH-USD,0.0,0,0.0,0,0.0,0.0,-0.5,0.0
2022-10-06,ETH-USD,0.0,0,0.0,0,0.0,0.0,-0.48,0.0
2022-10-07,ETH-USD,0.0,0,0.0,0,0.0,0.0,-0.54,0.0
2022-10-08,ETH-USD,0.0,0,0.0,0,0.0,0.0,-0.52,0.0
2022-10-09,ETH-USD,0.0,0,0.0,0,0.0,0.0,-0.56,0.0
2022-10-10,ETH-USD,0.0,0,0.0,0,0.0,0.0,-0.56,0.0
2022-10-11,ETH-USD,0.0,0,0.0,0,0.0,0.0,-0.52,0.0
2022-10-12,ETH-USD,0.0,0,0.0,0,0.0,0.0,-0.6,0.0
2022-10-13,ETH-USD,0.0,0,0.0,0,0.0,0.0,-0.6,0.0
2022-10-14,ETH-USD,0.0,0,0.0,0,0.0,0.0,-0.52,0.0
2022-10-15,ETH-USD,0.0,0,0.0,0,0.0,0.0,-0.52,0.0
2022-10-16,ETH-USD,0.0,0,0.0,0,0.0,0.0,-0.52,0.0
2022-10-17,ETH-USD,0.0,0,0.0,0,0.0,0.0,-0.6,0.0
2022-10-18,ETH-USD,0.0,0,0.0,0,0.0,0.0,-0.56,0.0
2022-10-19,ETH-USD,0.0,0,0.0,0,0.0,0.0,-0.54,0.0
2022-10-20,ETH-USD,0.0,0,0.0,0,0.0,0.0,-0.54,0.0
2022-10-21,ETH-USD,0.0,0,0.0,0,0.0,0.0,-0.54,0.0
2022-10-22,ETH-USD,0.0,0,0.0,0,0.0,0.0,-0.6,0.0
2022-10-23,ETH-USD,0.0,0,0.0,0,0.0,0.0,-0.54,0.0
2022-10-24,ETH-USD,0.0,0,0.0,0,0.0,0.0,-0.56,0.0
2022-10-25,ETH-USD,0.0,0,0.0,0,0.0,0.0,-0.6,0.0
2022-10-26,ETH-USD,0.0,0,0.0,0,0.0,0.0,-0.33999999999999997,0.0
2022-10-27,ETH-USD,0.0,0,0.0,0,0.0,0.0,-0.36,0.0
2022-10-28,ETH-USD,0.0,0,0.0,0,0.0,0.0,-0.4,0.0
2022-10-29,ETH-USD,0.0,0,0.0,0,0.0,0.0,-0.31999999999999995,0.0
2022-10-30,ETH-USD,0.0,0,0.0,0,0.0,0.0,-0.31999999999999995,0.0
2022-10-31,ETH-USD,0.0,0,0.0,0,0.0,0.0,-0.38,0.0
2022-11-01,ETH-USD,0.0,0,0.0,0,0.0,0.0,-0.4,0.0
2022-11-02,ETH-USD,0.0,0,0.0,0,0.0,0.0,-0.4,0.0
2022-11-03,ETH-USD,0.0,0,0.0,0,0.0,0.0,-0.4,0.0
2022-11-04,ETH-USD,0.0,0,0.0,0,0.0,0.0,-0.4,0.0
2022-11-05,ETH-USD,0.0,0,0.0,0,0.0,0.0,-0.24,0.0
2022-11-06,ETH-USD,0.0,0,0.0,0,0.0,0.0,-0.19999999999999996,0.0
2022-11-07,ETH-USD,0.0,0,0.0,0,0.0,0.0,-0.33999999999999997,0.0
2022-11-08,ETH-USD,0.0,0,0.0,0,0.0,0.0,-0.38,0.0
2022-11-09,ETH-USD,0.0,0,0.0,0,0.0,0.0,-0.42000000000000004,0.0
2022-11-10,ETH-USD,0.0,0,0.0,0,0.0,0.0,-0.56,0.0
2022-11-11,ETH-USD,0.0,0,0.0,0,0.0,0.0,-0.5,0.0
2022-11-12,ETH-USD,0.0,0,0.0,0,0.0,0.0,-0.5800000000000001,0.0
2022-11-13,ETH-USD,0.0,0,0.0,0,0.0,0.0,-0.56,0.0
2022-11-14,ETH-USD,0.0,0,0.0,0,0.0,0.0,-0.52,0.0
2022-11-15,ETH-USD,0.0,0,0.0,0,0.0,0.0,-0.56,0.0
2022-11-16,ETH-USD,0.0,0,0.0,0,0.0,0.0,-0.54,0.0
2022-11-17,ETH-USD,0.0,0,0.0,0,0.0,0.0,-0.6,0.0
2022-11-18,ETH-USD,0.0,0,0.0,0,0.0,0.0,-0.54,0.0
2022-11-19,ETH-USD,0.0,0,0.0,0,0.0,0.0,-0.54,0.0
2022-11-20,ETH-USD,0.0,0,0.0,0,0.0,0.0,-0.52,0.0
2022-11-21,ETH-USD,0.0,0,0.0,0,0.0,0.0,-0.5800000000000001,0.0
2022-11-22,ETH-USD,0.0,0,0.0,0,0.0,0.0,-0.56,0.0
2022-11-23,ETH-USD,0.0,0,0.0,0,0.0,0.0,-0.56,0.0
2022-11-24,ETH-USD,0.0,0,0.0,0,0.0,0.0,-0.6,0.0
2022-11-25,ETH-USD,0.0,0,0.0,0,0.0,0.0,-0.6,0.0
2022-11-26,ETH-USD,0.0,0,0.0,0,0.0,0.0,-0.56,0.0
2022-11-27,ETH-USD,0.0,0,0.0,0,0.0,0.0,-0.48,0.0
2022-11-28,ETH-USD,0.0,0,0.0,0,0.0,0.0,-0.43999999999999995,0.0
2022-11-29,ETH-USD,0.0,0,0.0,0,0.0,0.0,-0.48,0.0
2022-11-30,ETH-USD,0.0,0,0.0,0,0.0,0.0,-0.42000000000000004,0.0
2022-12-01,ETH-USD,0.0,0,0.0,0,0.0,0.0,-0.45999999999999996,0.0
2022-12-02,ETH-USD,0.0,0,0.0,0,0.0,0.0,-0.45999999999999996,0.0
2022-12-03,ETH-USD,0.0,0,0.0,0,0.0,0.0,-0.45999999999999996,0.0
2022-12-04,ETH-USD,0.0,0,0.0,0,0.0,0.0,-0.48,0.0
2022-12-05,ETH-USD,0.0,0,0.0,0,0.0,0.0,-0.48,0.0
2022-12-06,ETH-USD,0.0,0,0.0,0,0.0,0.0,-0.5,0.0
2022-12-07,ETH-USD,0.0,0,0.0,0,0.0,0.0,-0.42000000000000004,0.0
2022-12-08,ETH-USD,0.0,0,0.0,0,0.0,0.0,-0.5,0.0
2022-12-09,ETH-USD,0.0,0,0.0,0,0.0,0.0,-0.48,0.0
2022-12-10,ETH-USD,0.0,0,0.0,0,0.0,0.0,-0.45999999999999996,0.0
2022-12-11,ETH-USD,0.0,0,0.0,0,0.0,0.0,-0.48,0.0
2022-12-12,ETH-USD,0.0,0,0.0,0,0.0,0.0,-0.45999999999999996,0.0
2022-12-13,ETH-USD,0.0,0,0.0,0,0.0,0.0,-0.45999999999999996,0.0
2022-12-14,ETH-USD,0.0,0,0.0,0,0.0,0.0,-0.4,0.0
2022-12-15,ETH-USD,0.0,0,0.0,0,0.0,0.0,-0.38,0.0
2022-12-16,ETH-USD,0.0,0,0.0,0,0.0,0.0,-0.42000000000000004,0.0
2022-12-17,ETH-USD,0.0,0,0.0,0,0.0,0.0,-0.43999999999999995,0.0
2022-12-18,ETH-USD,0.0,0,0.0,0,0.0,0.0,-0.48,0.0
2022-12-19,ETH-USD,0.0,0,0.0,0,0.0,0.0,-0.42000000000000004,0.0
2022-12-20,ETH-USD,0.0,0,0.0,0,0.0,0.0,-0.42000000000000004,0.0
2022-12-21,ETH-USD,0.0,0,0.0,0,0.0,0.0,-0.48,0.0
2022-12-22,ETH-USD,0.0,0,0.0,0,0.0,0.0,-0.43999999999999995,0.0
2022-12-23,ETH-USD,0.0,0,0.0,0,0.0,0.0,-0.45999999999999996,0.0
2022-12-24,ETH-USD,0.0,0,0.0,0,0.0,0.0,-0.42000000000000004,0.0
2022-12-25,ETH-USD,0.0,0,0.0,0,0.0,0.0,-0.42000000000000004,0.0
2022-12-26,ETH-USD,0.0,0,0.0,0,0.0,0.0,-0.43999999999999995,0.0
2022-12-27,ETH-USD,0.0,0,0.0,0,0.0,0.0,-0.45999999999999996,0.0
2022-12-28,ETH-USD,0.0,0,0.0,0,0.0,0.0,-0.43999999999999995,0.0
2022-12-29,ETH-USD,0.0,0,0.0,0,0.0,0.0,-0.43999999999999995,0.0
2022-12-30,ETH-USD,0.0,0,0.0,0,0.0,0.0,-0.43999999999999995,0.0
2022-12-31,ETH-USD,0.0,0,0.0,0,0.0,0.0,-0.5,0.0
2023-01-01,ETH-USD,0.0,0,0.0,0,0.0,0.0,-0.48,0.0
2023-01-02,ETH-USD,0.0,0,0.0,0,0.0,0.0,-0.45999999999999996,0.0
2023-01-03,ETH-USD,0.0,0,0.0,0,0.0,0.0,-0.48,0.0
2023-01-04,ETH-USD,0.0,0,0.0,0,0.0,0.0,-0.42000000000000004,0.0
2023-01-05,ETH-USD,0.0,0,0.0,0,0.0,0.0,-0.42000000000000004,0.0
2023-01-06,ETH-USD,0.0,0,0.0,0,0.0,0.0,-0.48,0.0
2023-01-07,ETH-USD,0.0,0,0.0,0,0.0,0.0,-0.5,0.0
2023-01-08,ETH-USD,0.0,0,0.0,0,0.0,0.0,-0.5,0.0
2023-01-09,ETH-USD,0.0,0,0.0,0,0.0,0.0,-0.5,0.0
2023-01-10,ETH-USD,0.0,0,0.0,0,0.0,0.0,-0.48,0.0
2023-01-11,ETH-USD,0.0,0,0.0,0,0.0,0.0,-0.48,0.0
2023-01-12,ETH-USD,0.0,0,0.0,0,0.0,0.0,-0.4,0.0
2023-01-13,ETH-USD,0.0,0,0.0,0,0.0,0.0,-0.38,0.0
2023-01-14,ETH-USD,0.0,0,0.0,0,0.0,0.0,-0.07999999999999996,0.0
2023-01-15,ETH-USD,0.0,0,0.0,0,0.0,0.0,0.040000000000000036,0.0
2023-01-16,ETH-USD,0.0,0,0.0,0,0.0,0.0,-0.09999999999999998,0.0
2023-01-17,ETH-USD,0.0,0,0.0,0,0.0,0.0,0.020000000000000018,0.0
2023-01-18,ETH-USD,0.0,0,0.0,0,0.0,0.0,0.040000000000000036,0.0
2023-01-19,ETH-USD,0.0,0,0.0,0,0.0,0.0,-0.09999999999999998,0.0
2023-01-20,ETH-USD,0.0,0,0.0,0,0.0,0.0,0.020000000000000018,0.0
2023-01-21,ETH-USD,0.0,0,0.0,0,0.0,0.0,0.06000000000000005,0.0
2023-01-22,ETH-USD,0.0,0,0.0,0,0.0,0.0,0.06000000000000005,0.0
2023-01-23,ETH-USD,0.0,0,0.0,0,0.0,0.0,0.0,0.0
2023-01-24,ETH-USD,0.0,0,0.0,0,0.0,0.0,0.040000000000000036,0.0
2023-01-25,ETH-USD,0.0,0,0.0,0,0.0,0.0,0.020000000000000018,0.0
2023-01-26,ETH-USD,0.0,0,0.0,0,0.0,0.0,0.08000000000000007,0.0
2023-01-27,ETH-USD,0.0,0,0.0,0,0.0,0.0,0.10000000000000009,0.0
2023-01-28,ETH-USD,0.0,0,0.0,0,0.0,0.0,0.040000000000000036,0.0
2023-01-29,ETH-USD,0.0,0,0.0,0,0.0,0.0,0.10000000000000009,0.0
2023-01-30,ETH-USD,0.0,0,0.0,0,0.0,0.0,0.21999999999999997,0.0
2023-01-31,ETH-USD,0.0,0,0.0,0,0.0,0.0,0.020000000000000018,0.0
2023-02-01,ETH-USD,0.0,0,0.0,0,0.0,0.0,0.1200000000000001,0.0
2023-02-02,ETH-USD,0.0,0,0.0,0,0.0,0.0,0.19999999999999996,0.0
2023-02-03,ETH-USD,0.0,0,0.0,0,0.0,0.0,0.19999999999999996,0.0
2023-02-04,ETH-USD,0.0,0,0.0,0,0.0,0.0,0.15999999999999992,0.0
2023-02-05,ETH-USD,0.0,0,0.0,0,0.0,0.0,0.15999999999999992,0.0
2023-02-06,ETH-USD,0.0,0,0.0,0,0.0,0.0,0.1200000000000001,0.0
2023-02-07,ETH-USD,0.0,0,0.0,0,0.0,0.0,0.08000000000000007,0.0
2023-02-08,ETH-USD,0.0,0,0.0,0,0.0,0.0,0.15999999999999992,0.0
2023-02-09,ETH-USD,0.0,0,0.0,0,0.0,0.0,0.10000000000000009,0.0
2023-02-10,ETH-USD,0.0,0,0.0,0,0.0,0.0,-0.040000000000000036,0.0
2023-02-11,ETH-USD,0.0,0,0.0,0,0.0,0.0,-0.020000000000000018,0.0
2023-02-12,ETH-USD,0.0,0,0.0,0,0.0,0.0,0.0,0.0
2023-02-13,ETH-USD,0.0,0,0.0,0,0.0,0.0,-0.040000000000000036,0.0
2023-02-14,ETH-USD,0.0,0,0.0,0,0.0,0.0,0.0,0.0
2023-02-15,ETH-USD,0.0,0,0.0,0,0.0,0.0,0.06000000000000005,0.0
2023-02-16,ETH-USD,0.0,0,0.0,0,0.0,0.0,0.24,0.0
2023-02-17,ETH-USD,0.0,0,0.0,0,0.0,0.0,0.21999999999999997,0.0
2023-02-18,ETH-USD,0.0,0,0.0,0,0.0,0.0,0.19999999999999996,0.0
2023-02-19,ETH-USD,0.0,0,0.0,0,0.0,0.0,0.19999999999999996,0.0
2023-02-20,ETH-USD,0.0,0,0.0,0,0.0,0.0,0.15999999999999992,0.0
2023-02-21,ETH-USD,0.0,0,0.0,0,0.0,0.0,0.19999999999999996,0.0
2023-02-22,ETH-USD,0.0,0,0.0,0,0.0,0.0,0.17999999999999994,0.0
2023-02-23,ETH-USD,0.0,0,0.0,0,0.0,0.0,0.1200000000000001,0.0
2023-02-24,ETH-USD,0.0,0,0.0,0,0.0,0.0,0.06000000000000005,0.0
2023-02-25,ETH-USD,0.0,0,0.0,0,0.0,0.0,0.040000000000000036,0.0
2023-02-26,ETH-USD,0.0,0,0.0,0,0.0,0.0,0.020000000000000018,0.0
2023-02-27,ETH-USD,0.0,0,0.0,0,0.0,0.0,0.0,0.0
2023-02-28,ETH-USD,0.0,0,0.0,0,0.0,0.0,0.06000000000000005,0.0
2023-03-01,ETH-USD,0.0,0,0.0,0,0.0,0.0,0.0,0.0
2023-03-02,ETH-USD,0.0,0,0.0,0,0.0,0.0,0.020000000000000018,0.0
2023-03-03,ETH-USD,0.0,0,0.0,0,0.0,0.0,0.0,0.0
2023-03-04,ETH-USD,0.0,0,0.0,0,0.0,0.0,0.0,0.0
2023-03-05,ETH-USD,0.0,0,0.0,0,0.0,0.0,-0.06000000000000005,0.0
2023-03-06,ETH-USD,0.0,0,0.0,0,0.0,0.0,-0.040000000000000036,0.0
2023-03-07,ETH-USD,0.0,0,0.0,0,0.0,0.0,-0.020000000000000018,0.0
2023-03-08,ETH-USD,0.0,0,0.0,0,0.0,0.0,0.0,0.0
2023-03-09,ETH-USD,0.0,0,0.0,0,0.0,0.0,-0.12,0.0
2023-03-10,ETH-USD,0.0,0,0.0,0,0.0,0.0,-0.31999999999999995,0.0
2023-03-11,ETH-USD,0.0,0,0.0,0,0.0,0.0,-0.33999999999999997,0.0
2023-03-12,ETH-USD,0.0,0,0.0,0,0.0,0.0,-0.33999999999999997,0.0
2023-03-13,ETH-USD,0.0,0,0.0,0,0.0,0.0,-0.020000000000000018,0.0
2023-03-14,ETH-USD,0.0,0,0.0,0,0.0,0.0,0.1200000000000001,0.0
2023-03-15,ETH-USD,0.0,0,0.0,0,0.0,0.0,0.0,0.0
2023-03-16,ETH-USD,0.0,0,0.0,0,0.0,0.0,0.040000000000000036,0.0
2023-03-17,ETH-USD,0.0,0,0.0,0,0.0,0.0,0.020000000000000018,0.0
2023-03-18,ETH-USD,0.0,0,0.0,0,0.0,0.0,0.28,0.0
2023-03-19,ETH-USD,0.0,0,0.0,0,0.0,0.0,0.26,0.0
2023-03-20,ETH-USD,0.0,0,0.0,0,0.0,0.0,0.32000000000000006,0.0
2023-03-21,ETH-USD,0.0,0,0.0,0,0.0,0.0,0.3600000000000001,0.0
2023-03-22,ETH-USD,0.0,0,0.0,0,0.0,0.0,0.24,0.0
2023-03-23,ETH-USD,0.0,0,0.0,0,0.0,0.0,0.1399999999999999,0.0
2023-03-24,ETH-USD,0.0,0,0.0,0,0.0,0.0,0.21999999999999997,0.0
2023-03-25,ETH-USD,0.0,0,0.0,0,0.0,0.0,0.28,0.0
2023-03-26,ETH-USD,0.0,0,0.0,0,0.0,0.0,0.28,0.0
2023-03-27,ETH-USD,0.0,0,0.0,0,0.0,0.0,0.28,0.0
2023-03-28,ETH-USD,0.0,0,0.0,0,0.0,0.0,0.17999999999999994,0.0
2023-03-29,ETH-USD,0.0,0,0.0,0,0.0,0.0,0.1399999999999999,0.0
2023-03-30,ETH-USD,0.0,0,0.0,0,0.0,0.0,0.19999999999999996,0.0
2023-03-31,ETH-USD,0.0,0,0.0,0,0.0,0.0,0.26,0.0
2023-04-01,ETH-USD,0.0,0,0.0,0,0.0,0.0,0.21999999999999997,0.0
2023-04-02,ETH-USD,0.0,0,0.0,0,0.0,0.0,0.26,0.0
2023-04-03,ETH-USD,0.0,0,0.0,0,0.0,0.0,0.26,0.0
2023-04-04,ETH-USD,0.0,0,0.0,0,0.0,0.0,0.24,0.0
2023-04-05,ETH-USD,0.0,0,0.0,0,0.0,0.0,0.24,0.0
2023-04-06,ETH-USD,0.0,0,0.0,0,0.0,0.0,0.26,0.0
2023-04-07,ETH-USD,0.0,0,0.0,0,0.0,0.0,0.28,0.0
2023-04-08,ETH-USD,0.0,0,0.0,0,0.0,0.0,0.21999999999999997,0.0
2023-04-09,ETH-USD,0.0,0,0.0,0,0.0,0.0,0.21999999999999997,0.0
2023-04-10,ETH-USD,0.0,0,0.0,0,0.0,0.0,0.24,0.0
2023-04-11,ETH-USD,0.0,0,0.0,0,0.0,0.0,0.3600000000000001,0.0
2023-04-12,ETH-USD,0.0,0,0.0,0,0.0,0.0,0.30000000000000004,0.0
2023-04-13,ETH-USD,0.0,0,0.0,0,0.0,0.0,0.21999999999999997,0.0
2023-04-14,ETH-USD,0.0,0,0.0,0,0.0,0.0,0.3600000000000001,0.0
2023-04-15,ETH-USD,0.0,0,0.0,0,0.0,0.0,0.3600000000000001,0.0
2023-04-16,ETH-USD,0.0,0,0.0,0,0.0,0.0,0.3600000000000001,0.0
2023-04-17,ETH-USD,0.0,0,0.0,0,0.0,0.0,0.3799999999999999,0.0
2023-04-18,ETH-USD,0.0,0,0.0,0,0.0,0.0,0.15999999999999992,0.0
2023-04-19,ETH-USD,0.0,0,0.0,0,0.0,0.0,0.26,0.0
2023-04-20,ETH-USD,0.0,0,0.0,0,0.0,0.0,0.040000000000000036,0.0
2023-04-21,ETH-USD,0.0,0,0.0,0,0.0,0.0,0.0,0.0
2023-04-22,ETH-USD,0.0,0,0.0,0,0.0,0.0,0.06000000000000005,0.0
2023-04-23,ETH-USD,0.0,0,0.0,0,0.0,0.0,0.1200000000000001,0.0
2023-04-24,ETH-USD,0.0,0,0.0,0,0.0,0.0,0.06000000000000005,0.0
2023-04-25,ETH-USD,0.0,0,0.0,0,0.0,0.0,0.06000000000000005,0.0
2023-04-26,ETH-USD,0.0,0,0.0,0,0.0,0.0,0.1200000000000001,0.0
2023-04-27,ETH-USD,0.0,0,0.0,0,0.0,0.0,0.17999999999999994,0.0
2023-04-28,ETH-USD,0.0,0,0.0,0,0.0,0.0,0.28,0.0
2023-04-29,ETH-USD,0.0,0,0.0,0,0.0,0.0,0.28,0.0
2023-04-30,ETH-USD,0.0,0,0.0,0,0.0,0.0,0.19999999999999996,0.0
2023-05-01,ETH-USD,0.0,0,0.0,0,0.0,0.0,0.26,0.0
2023-05-02,ETH-USD,0.0,0,0.0,0,0.0,0.0,0.10000000000000009,0.0
2023-05-03,ETH-USD,0.0,0,0.0,0,0.0,0.0,0.28,0.0
2023-05-04,ETH-USD,0.0,0,0.0,0,0.0,0.0,0.28,0.0
2023-05-05,ETH-USD,0.0,0,0.0,0,0.0,0.0,0.21999999999999997,0.0
2023-05-06,ETH-USD,0.0,0,0.0,0,0.0,0.0,0.19999999999999996,0.0
2023-05-07,ETH-USD,0.0,0,0.0,0,0.0,0.0,0.28,0.0
2023-05-08,ETH-USD,0.0,0,0.0,0,0.0,0.0,0.19999999999999996,0.0
2023-05-09,ETH-USD,0.0,0,0.0,0,0.0,0.0,0.020000000000000018,0.0
2023-05-10,ETH-USD,0.0,0,0.0,0,0.0,0.0,0.040000000000000036,0.0
2023-05-11,ETH-USD,0.0,0,0.0,0,0.0,0.0,0.040000000000000036,0.0
2023-05-12,ETH-USD,0.0,0,0.0,0,0.0,0.0,-0.020000000000000018,0.0
2023-05-13,ETH-USD,0.0,0,0.0,0,0.0,0.0,-0.040000000000000036,0.0
2023-05-14,ETH-USD,0.0,0,0.0,0,0.0,0.0,-0.040000000000000036,0.0
2023-05-15,ETH-USD,0.0,0,0.0,0,0.0,0.0,0.0,0.0
2023-05-16,ETH-USD,0.0,0,0.0,0,0.0,0.0,0.08000000000000007,0.0
2023-05-17,ETH-USD,0.0,0,0.0,0,0.0,0.0,0.0,0.0
2023-05-18,ETH-USD,0.0,0,0.0,0,0.0,0.0,0.020000000000000018,0.0
2023-05-19,ETH-USD,0.0,0,0.0,0,0.0,0.0,-0.040000000000000036,0.0
2023-05-20,ETH-USD,0.0,0,0.0,0,0.0,0.0,-0.040000000000000036,0.0
2023-05-21,ETH-USD,0.0,0,0.0,0,0.0,0.0,0.040000000000000036,0.0
2023-05-22,ETH-USD,0.0,0,0.0,0,0.0,0.0,-0.020000000000000018,0.0
2023-05-23,ETH-USD,0.0,0,0.0,0,0.0,0.0,0.0,0.0
2023-05-24,ETH-USD,0.0,0,0.0,0,0.0,0.0,0.0,0.0
2023-05-25,ETH-USD,0.0,0,0.0,0,0.0,0.0,0.020000000000000018,0.0
2023-05-26,ETH-USD,0.0,0,0.0,0,0.0,0.0,-0.020000000000000018,0.0
2023-05-27,ETH-USD,0.0,0,0.0,0,0.0,0.0,-0.040000000000000036,0.0
2023-05-28,ETH-USD,0.0,0,0.0,0,0.0,0.0,0.0,0.0
2023-05-29,ETH-USD,0.0,0,0.0,0,0.0,0.0,0.040000000000000036,0.0
2023-05-30,ETH-USD,0.0,0,0.0,0,0.0,0.0,0.020000000000000018,0.0
2023-05-31,ETH-USD,0.0,0,0.0,0,0.0,0.0,0.020000000000000018,0.0
2023-06-01,ETH-USD,0.0,0,0.0,0,0.0,0.0,0.040000000000000036,0.0
2023-06-02,ETH-USD,0.0,0,0.0,0,0.0,0.0,0.0,0.0
2023-06-03,ETH-USD,0.0,0,0.0,0,0.0,0.0,0.06000000000000005,0.0
2023-06-04,ETH-USD,0.0,0,0.0,0,0.0,0.0,0.040000000000000036,0.0
2023-06-05,ETH-USD,0.0,0,0.0,0,0.0,0.0,0.06000000000000005,0.0
2023-06-06,ETH-USD,0.0,0,0.0,0,0.0,0.0,-0.12,0.0
2023-06-07,ETH-USD,0.0,0,0.0,0,0.0,0.0,0.06000000000000005,0.0
2023-06-08,ETH-USD,0.0,0,0.0,0,0.0,0.0,0.0,0.0
2023-06-09,ETH-USD,0.0,0,0.0,0,0.0,0.0,0.0,0.0
2023-06-10,ETH-USD,0.0,0,0.0,0,0.0,0.0,-0.020000000000000018,0.0
2023-06-11,ETH-USD,0.0,0,0.0,0,0.0,0.0,-0.06000000000000005,0.0
2023-06-12,ETH-USD,0.0,0,0.0,0,0.0,0.0,-0.06000000000000005,0.0
2023-06-13,ETH-USD,0.0,0,0.0,0,0.0,0.0,-0.09999999999999998,0.0
2023-06-14,ETH-USD,0.0,0,0.0,0,0.0,0.0,-0.07999999999999996,0.0
2023-06-15,ETH-USD,0.0,0,0.0,0,0.0,0.0,-0.18000000000000005,0.0
2023-06-16,ETH-USD,0.0,0,0.0,0,0.0,0.0,-0.06000000000000005,0.0
2023-06-17,ETH-USD,0.0,0,0.0,0,0.0,0.0,-0.06000000000000005,0.0
2023-06-18,ETH-USD,0.0,0,0.0,0,0.0,0.0,-0.020000000000000018,0.0
2023-06-19,ETH-USD,0.0,0,0.0,0,0.0,0.0,-0.06000000000000005,0.0
2023-06-20,ETH-USD,0.0,0,0.0,0,0.0,0.0,-0.020000000000000018,0.0
2023-06-21,ETH-USD,0.0,0,0.0,0,0.0,0.0,0.17999999999999994,0.0
2023-06-22,ETH-USD,0.0,0,0.0,0,0.0,0.0,0.30000000000000004,0.0
2023-06-23,ETH-USD,0.0,0,0.0,0,0.0,0.0,0.30000000000000004,0.0
2023-06-24,ETH-USD,0.0,0,0.0,0,0.0,0.0,0.24,0.0
2023-06-25,ETH-USD,0.0,0,0.0,0,0.0,0.0,0.28,0.0
2023-06-26,ETH-USD,0.0,0,0.0,0,0.0,0.0,0.10000000000000009,0.0
2023-06-27,ETH-USD,0.0,0,0.0,0,0.0,0.0,0.17999999999999994,0.0
2023-06-28,ETH-USD,0.0,0,0.0,0,0.0,0.0,0.24,0.0
2023-06-29,ETH-USD,0.0,0,0.0,0,0.0,0.0,0.08000000000000007,0.0
2023-06-30,ETH-USD,0.0,0,0.0,0,0.0,0.0,0.1200000000000001,0.0
2023-07-01,ETH-USD,0.0,0,0.0,0,0.0,0.0,0.17999999999999994,0.0
2023-07-02,ETH-USD,0.0,0,0.0,0,0.0,0.0,0.26,0.0
2023-07-03,ETH-USD,0.0,0,0.0,0,0.0,0.0,0.24,0.0
2023-07-04,ETH-USD,0.0,0,0.0,0,0.0,0.0,0.28,0.0
2023-07-05,ETH-USD,0.0,0,0.0,0,0.0,0.0,0.21999999999999997,0.0
2023-07-06,ETH-USD,0.0,0,0.0,0,0.0,0.0,0.1200000000000001,0.0
2023-07-07,ETH-USD,0.0,0,0.0,0,0.0,0.0,0.10000000000000009,0.0
2023-07-08,ETH-USD,0.0,0,0.0,0,0.0,0.0,0.15999999999999992,0.0
2023-07-09,ETH-USD,0.0,0,0.0,0,0.0,0.0,0.10000000000000009,0.0
2023-07-10,ETH-USD,0.0,0,0.0,0,0.0,0.0,0.1200000000000001,0.0
2023-07-11,ETH-USD,0.0,0,0.0,0,0.0,0.0,0.1399999999999999,0.0
2023-07-12,ETH-USD,0.0,0,0.0,0,0.0,0.0,0.28,0.0
2023-07-13,ETH-USD,0.0,0,0.0,0,0.0,0.0,0.1399999999999999,0.0
2023-07-14,ETH-USD,0.0,0,0.0,0,0.0,0.0,0.19999999999999996,0.0
2023-07-15,ETH-USD,0.0,0,0.0,0,0.0,0.0,0.1200000000000001,0.0
2023-07-16,ETH-USD,0.0,0,0.0,0,0.0,0.0,0.1399999999999999,0.0
2023-07-17,ETH-USD,0.0,0,0.0,0,0.0,0.0,0.08000000000000007,0.0
2023-07-18,ETH-USD,0.0,0,0.0,0,0.0,0.0,0.1200000000000001,0.0
2023-07-19,ETH-USD,0.0,0,0.0,0,0.0,0.0,0.0,0.0
2023-07-20,ETH-USD,0.0,0,0.0,0,0.0,0.0,0.1200000000000001,0.0
2023-07-21,ETH-USD,0.0,0,0.0,0,0.0,0.0,0.0,0.0
2023-07-22,ETH-USD,0.0,0,0.0,0,0.0,0.0,0.040000000000000036,0.0
2023-07-23,ETH-USD,0.0,0,0.0,0,0.0,0.0,0.08000000000000007,0.0
2023-07-24,ETH-USD,0.0,0,0.0,0,0.0,0.0,0.10000000000000009,0.0
2023-07-25,ETH-USD,0.0,0,0.0,0,0.0,0.0,0.0,0.0
2023-07-26,ETH-USD,0.0,0,0.0,0,0.0,0.0,0.020000000000000018,0.0
2023-07-27,ETH-USD,0.0,0,0.0,0,0.0,0.0,0.020000000000000018,0.0
2023-07-28,ETH-USD,0.0,0,0.0,0,0.0,0.0,0.040000000000000036,0.0
2023-07-29,ETH-USD,0.0,0,0.0,0,0.0,0.0,0.040000000000000036,0.0
2023-07-30,ETH-USD,0.0,0,0.0,0,0.0,0.0,0.040000000000000036,0.0
2023-07-31,ETH-USD,0.0,0,0.0,0,0.0,0.0,0.0,0.0
2023-08-01,ETH-USD,0.0,0,0.0,0,0.0,0.0,0.06000000000000005,0.0
2023-08-02,ETH-USD,0.0,0,0.0,0,0.0,0.0,0.06000000000000005,0.0
2023-08-03,ETH-USD,0.0,0,0.0,0,0.0,0.0,0.040000000000000036,0.0
2023-08-04,ETH-USD,0.0,0,0.0,0,0.0,0.0,0.08000000000000007,0.0
2023-08-05,ETH-USD,0.0,0,0.0,0,0.0,0.0,0.0,0.0
2023-08-06,ETH-USD,0.0,0,0.0,0,0.0,0.0,-0.020000000000000018,0.0
2023-08-07,ETH-USD,0.0,0,0.0,0,0.0,0.0,-0.020000000000000018,0.0
2023-08-08,ETH-USD,0.0,0,0.0,0,0.0,0.0,0.08000000000000007,0.0
2023-08-09,ETH-USD,0.0,0,0.0,0,0.0,0.0,0.0,0.0
2023-08-10,ETH-USD,0.0,0,0.0,0,0.0,0.0,0.06000000000000005,0.0
2023-08-11,ETH-USD,0.0,0,0.0,0,0.0,0.0,0.020000000000000018,0.0
2023-08-12,ETH-USD,0.0,0,0.0,0,0.0,0.0,0.08000000000000007,0.0
2023-08-13,ETH-USD,0.0,0,0.0,0,0.0,0.0,0.08000000000000007,0.0
2023-08-14,ETH-USD,0.0,0,0.0,0,0.0,0.0,0.0,0.0
2023-08-15,ETH-USD,0.0,0,0.0,0,0.0,0.0,0.06000000000000005,0.0
2023-08-16,ETH-USD,0.0,0,0.0,0,0.0,0.0,0.040000000000000036,0.0
2023-08-17,ETH-USD,0.0,0,0.0,0,0.0,0.0,0.0,0.0
2023-08-18,ETH-USD,0.0,0,0.0,0,0.0,0.0,-0.26,0.0
2023-08-19,ETH-USD,0.0,0,0.0,0,0.0,0.0,-0.21999999999999997,0.0
2023-08-20,ETH-USD,0.0,0,0.0,0,0.0,0.0,-0.26,0.0
2023-08-21,ETH-USD,0.0,0,0.0,0,0.0,0.0,-0.24,0.0
2023-08-22,ETH-USD,0.0,0,0.0,0,0.0,0.0,-0.26,0.0
2023-08-23,ETH-USD,0.0,0,0.0,0,0.0,0.0,-0.26,0.0
2023-08-24,ETH-USD,0.0,0,0.0,0,0.0,0.0,-0.18000000000000005,0.0
2023-08-25,ETH-USD,0.0,0,0.0,0,0.0,0.0,-0.21999999999999997,0.0
2023-08-26,ETH-USD,0.0,0,0.0,0,0.0,0.0,-0.24,0.0
2023-08-27,ETH-USD,0.0,0,0.0,0,0.0,0.0,-0.24,0.0
2023-08-28,ETH-USD,0.0,0,0.0,0,0.0,0.0,-0.21999999999999997,0.0
2023-08-29,ETH-USD,0.0,0,0.0,0,0.0,0.0,-0.21999999999999997,0.0
2023-08-30,ETH-USD,0.0,0,0.0,0,0.0,0.0,-0.020000000000000018,0.0
2023-08-31,ETH-USD,0.0,0,0.0,0,0.0,0.0,0.040000000000000036,0.0
2023-09-01,ETH-USD,0.0,0,0.0,0,0.0,0.0,-0.19999999999999996,0.0
2023-09-02,ETH-USD,0.0,0,0.0,0,0.0,0.0,-0.21999999999999997,0.0
2023-09-03,ETH-USD,0.0,0,0.0,0,0.0,0.0,-0.19999999999999996,0.0
2023-09-04,ETH-USD,0.0,0,0.0,0,0.0,0.0,-0.19999999999999996,0.0
2023-09-05,ETH-USD,0.0,0,0.0,0,0.0,0.0,-0.19999999999999996,0.0
2023-09-06,ETH-USD,0.0,0,0.0,0,0.0,0.0,-0.16000000000000003,0.0
2023-09-07,ETH-USD,0.0,0,0.0,0,0.0,0.0,-0.18000000000000005,0.0
2023-09-08,ETH-USD,0.0,0,0.0,0,0.0,0.0,-0.07999999999999996,0.0
2023-09-09,ETH-USD,0.0,0,0.0,0,0.0,0.0,-0.18000000000000005,0.0
2023-09-10,ETH-USD,0.0,0,0.0,0,0.0,0.0,-0.19999999999999996,0.0
2023-09-11,ETH-USD,0.0,0,0.0,0,0.0,0.0,-0.19999999999999996,0.0
2023-09-12,ETH-USD,0.0,0,0.0,0,0.0,0.0,-0.4,0.0
2023-09-13,ETH-USD,0.0,0,0.0,0,0.0,0.0,-0.18000000000000005,0.0
2023-09-14,ETH-USD,0.0,0,0.0,0,0.0,0.0,-0.09999999999999998,0.0
2023-09-15,ETH-USD,0.0,0,0.0,0,0.0,0.0,-0.09999999999999998,0.0
2023-09-16,ETH-USD,0.0,0,0.0,0,0.0,0.0,-0.14,0.0
2023-09-17,ETH-USD,0.0,0,0.0,0,0.0,0.0,-0.07999999999999996,0.0
2023-09-18,ETH-USD,0.0,0,0.0,0,0.0,0.0,-0.07999999999999996,0.0
2023-09-19,ETH-USD,0.0,0,0.0,0,0.0,0.0,-0.07999999999999996,0.0
2023-09-20,ETH-USD,0.0,0,0.0,0,0.0,0.0,-0.06000000000000005,0.0
2023-09-21,ETH-USD,0.0,0,0.0,0,0.0,0.0,-0.06000000000000005,0.0
2023-09-22,ETH-USD,0.0,0,0.0,0,0.0,0.0,-0.14,0.0
2023-09-23,ETH-USD,0.0,0,0.0,0,0.0,0.0,-0.06000000000000005,0.0
2023-09-24,ETH-USD,0.0,0,0.0,0,0.0,0.0,-0.12,0.0
2023-09-25,ETH-USD,0.0,0,0.0,0,0.0,0.0,-0.06000000000000005,0.0
2023-09-26,ETH-USD,0.0,0,0.0,0,0.0,0.0,-0.07999999999999996,0.0
2023-09-27,ETH-USD,0.0,0,0.0,0,0.0,0.0,-0.12,0.0
2023-09-28,ETH-USD,0.0,0,0.0,0,0.0,0.0,-0.07999999999999996,0.0
2023-09-29,ETH-USD,0.0,0,0.0,0,0.0,0.0,-0.040000000000000036,0.0
2023-09-30,ETH-USD,0.0,0,0.0,0,0.0,0.0,-0.06000000000000005,0.0
2023-10-01,ETH-USD,0.0,0,0.0,0,0.0,0.0,-0.040000000000000036,0.0
2023-10-02,ETH-USD,0.0,0,0.0,0,0.0,0.0,0.0,0.0
2023-10-03,ETH-USD,0.0,0,0.0,0,0.0,0.0,0.0,0.0
2023-10-04,ETH-USD,0.0,0,0.0,0,0.0,0.0,-0.020000000000000018,0.0
2023-10-05,ETH-USD,0.0,0,0.0,0,0.0,0.0,-0.040000000000000036,0.0
2023-10-06,ETH-USD,0.0,0,0.0,0,0.0,0.0,0.0,0.0
2023-10-07,ETH-USD,0.0,0,0.0,0,0.0,0.0,-0.020000000000000018,0.0
2023-10-08,ETH-USD,0.0,0,0.0,0,0.0,0.0,0.0,0.0
2023-10-09,ETH-USD,0.0,0,0.0,0,0.0,0.0,0.0,0.0
2023-10-10,ETH-USD,0.0,0,0.0,0,0.0,0.0,0.0,0.0
2023-10-11,ETH-USD,0.0,0,0.0,0,0.0,0.0,-0.06000000000000005,0.0
2023-10-12,ETH-USD,0.0,0,0.0,0,0.0,0.0,-0.09999999999999998,0.0
2023-10-13,ETH-USD,0.0,0,0.0,0,0.0,0.0,-0.12,0.0
2023-10-14,ETH-USD,0.0,0,0.0,0,0.0,0.0,-0.06000000000000005,0.0
2023-10-15,ETH-USD,0.0,0,0.0,0,0.0,0.0,-0.09999999999999998,0.0
2023-10-16,ETH-USD,0.0,0,0.0,0,0.0,0.0,-0.06000000000000005,0.0
2023-10-17,ETH-USD,0.0,0,0.0,0,0.0,0.0,0.040000000000000036,0.0
2023-10-18,ETH-USD,0.0,0,0.0,0,0.0,0.0,0.0,0.0
2023-10-19,ETH-USD,0.0,0,0.0,0,0.0,0.0,0.040000000000000036,0.0
2023-10-20,ETH-USD,0.0,0,0.0,0,0.0,0.0,0.06000000000000005,0.0
2023-10-21,ETH-USD,0.0,0,0.0,0,0.0,0.0,0.26,0.0
2023-10-22,ETH-USD,0.0,0,0.0,0,0.0,0.0,0.06000000000000005,0.0
2023-10-23,ETH-USD,0.0,0,0.0,0,0.0,0.0,0.06000000000000005,0.0
2023-10-24,ETH-USD,0.0,0,0.0,0,0.0,0.0,0.32000000000000006,0.0
2023-10-25,ETH-USD,0.0,0,0.0,0,0.0,0.0,0.43999999999999995,0.0
2023-10-26,ETH-USD,0.0,0,0.0,0,0.0,0.0,0.41999999999999993,0.0
2023-10-27,ETH-USD,0.0,0,0.0,0,0.0,0.0,0.3999999999999999,0.0
2023-10-28,ETH-USD,0.0,0,0.0,0,0.0,0.0,0.30000000000000004,0.0
2023-10-29,ETH-USD,0.0,0,0.0,0,0.0,0.0,0.43999999999999995,0.0
2023-10-30,ETH-USD,0.0,0,0.0,0,0.0,0.0,0.3600000000000001,0.0
2023-10-31,ETH-USD,0.0,0,0.0,0,0.0,0.0,0.32000000000000006,0.0
2023-11-01,ETH-USD,0.0,0,0.0,0,0.0,0.0,0.32000000000000006,0.0
2023-11-02,ETH-USD,0.0,0,0.0,0,0.0,0.0,0.43999999999999995,0.0
2023-11-03,ETH-USD,0.0,0,0.0,0,0.0,0.0,0.30000000000000004,0.0
2023-11-04,ETH-USD,0.0,0,0.0,0,0.0,0.0,0.3600000000000001,0.0
2023-11-05,ETH-USD,0.0,0,0.0,0,0.0,0.0,0.3999999999999999,0.0
2023-11-06,ETH-USD,0.0,0,0.0,0,0.0,0.0,0.48,0.0
2023-11-07,ETH-USD,0.0,0,0.0,0,0.0,0.0,0.3600000000000001,0.0
2023-11-08,ETH-USD,0.0,0,0.0,0,0.0,0.0,0.32000000000000006,0.0
2023-11-09,ETH-USD,0.0,0,0.0,0,0.0,0.0,0.3799999999999999,0.0
2023-11-10,ETH-USD,0.0,0,0.0,0,0.0,0.0,0.3999999999999999,0.0
2023-11-11,ETH-USD,0.0,0,0.0,0,0.0,0.0,0.3999999999999999,0.0
2023-11-12,ETH-USD,0.0,0,0.0,0,0.0,0.0,0.45999999999999996,0.0
2023-11-13,ETH-USD,0.0,0,0.0,0,0.0,0.0,0.43999999999999995,0.0
2023-11-14,ETH-USD,0.0,0,0.0,0,0.0,0.0,0.3799999999999999,0.0
2023-11-15,ETH-USD,0.0,0,0.0,0,0.0,0.0,0.19999999999999996,0.0
2023-11-16,ETH-USD,0.0,0,0.0,0,0.0,0.0,0.3999999999999999,0.0
2023-11-17,ETH-USD,0.0,0,0.0,0,0.0,0.0,0.26,0.0
2023-11-18,ETH-USD,0.0,0,0.0,0,0.0,0.0,0.3799999999999999,0.0
2023-11-19,ETH-USD,0.0,0,0.0,0,0.0,0.0,0.32000000000000006,0.0
2023-11-20,ETH-USD,0.0,0,0.0,0,0.0,0.0,0.3799999999999999,0.0
2023-11-21,ETH-USD,0.0,0,0.0,0,0.0,0.0,0.41999999999999993,0.0
2023-11-22,ETH-USD,0.0,0,0.0,0,0.0,0.0,0.24,0.0
2023-11-23,ETH-USD,0.0,0,0.0,0,0.0,0.0,0.32000000000000006,0.0
2023-11-24,ETH-USD,0.0,0,0.0,0,0.0,0.0,0.32000000000000006,0.0
2023-11-25,ETH-USD,0.0,0,0.0,0,0.0,0.0,0.45999999999999996,0.0
2023-11-26,ETH-USD,0.0,0,0.0,0,0.0,0.0,0.45999999999999996,0.0
2023-11-27,ETH-USD,0.0,0,0.0,0,0.0,0.0,0.32000000000000006,0.0
2023-11-28,ETH-USD,0.0,0,0.0,0,0.0,0.0,0.3600000000000001,0.0
2023-11-29,ETH-USD,0.0,0,0.0,0,0.0,0.0,0.43999999999999995,0.0
2023-11-30,ETH-USD,0.0,0,0.0,0,0.0,0.0,0.48,0.0
2023-12-01,ETH-USD,0.0,0,0.0,0,0.0,0.0,0.41999999999999993,0.0
2023-12-02,ETH-USD,0.0,0,0.0,0,0.0,0.0,0.48,0.0
2023-12-03,ETH-USD,0.0,0,0.0,0,0.0,0.0,0.45999999999999996,0.0
2023-12-04,ETH-USD,0.0,0,0.0,0,0.0,0.0,0.48,0.0
2023-12-05,ETH-USD,0.0,0,0.0,0,0.0,0.0,0.5,0.0
2023-12-06,ETH-USD,0.0,0,0.0,0,0.0,0.0,0.43999999999999995,0.0
2023-12-07,ETH-USD,0.0,0,0.0,0,0.0,0.0,0.43999999999999995,0.0
2023-12-08,ETH-USD,0.0,0,0.0,0,0.0,0.0,0.43999999999999995,0.0
2023-12-09,ETH-USD,0.0,0,0.0,0,0.0,0.0,0.45999999999999996,0.0
2023-12-10,ETH-USD,0.0,0,0.0,0,0.0,0.0,0.48,0.0
2023-12-11,ETH-USD,0.0,0,0.0,0,0.0,0.0,0.48,0.0
2023-12-12,ETH-USD,0.0,0,0.0,0,0.0,0.0,0.3400000000000001,0.0
2023-12-13,ETH-USD,0.0,0,0.0,0,0.0,0.0,0.30000000000000004,0.0
2023-12-14,ETH-USD,0.0,0,0.0,0,0.0,0.0,0.43999999999999995,0.0
2023-12-15,ETH-USD,0.0,0,0.0,0,0.0,0.0,0.3999999999999999,0.0
2023-12-16,ETH-USD,0.0,0,0.0,0,0.0,0.0,0.3400000000000001,0.0
2023-12-17,ETH-USD,0.0,0,0.0,0,0.0,0.0,0.45999999999999996,0.0
2023-12-18,ETH-USD,0.0,0,0.0,0,0.0,0.0,0.30000000000000004,0.0
2023-12-19,ETH-USD,0.0,0,0.0,0,0.0,0.0,0.45999999999999996,0.0
2023-12-20,ETH-USD,0.0,0,0.0,0,0.0,0.0,0.48,0.0
2023-12-21,ETH-USD,0.0,0,0.0,0,0.0,0.0,0.3999999999999999,0.0
2023-12-22,ETH-USD,0.0,0,0.0,0,0.0,0.0,0.48,0.0
2023-12-23,ETH-USD,0.0,0,0.0,0,0.0,0.0,0.3999999999999999,0.0
2023-12-24,ETH-USD,0.0,0,0.0,0,0.0,0.0,0.41999999999999993,0.0
2023-12-25,ETH-USD,0.0,0,0.0,0,0.0,0.0,0.45999999999999996,0.0
2023-12-26,ETH-USD,0.0,0,0.0,0,0.0,0.0,0.41999999999999993,0.0
2023-12-27,ETH-USD,0.0,0,0.0,0,0.0,0.0,0.45999999999999996,0.0
2023-12-28,ETH-USD,0.0,0,0.0,0,0.0,0.0,0.45999999999999996,0.0
2023-12-29,ETH-USD,0.0,0,0.0,0,0.0,0.0,0.30000000000000004,0.0
2023-12-30,ETH-USD,0.0,0,0.0,0,0.0,0.0,0.3600000000000001,0.0
2023-12-31,ETH-USD,0.0,0,0.0,0,0.0,0.0,0.3400000000000001,0.0
2024-01-01,ETH-USD,0.0,0,0.0,0,0.0,0.0,0.30000000000000004,0.0
2024-01-02,ETH-USD,0.0,0,0.0,0,0.0,0.0,0.41999999999999993,0.0
2024-01-03,ETH-USD,0.0,0,0.0,0,0.0,0.0,0.3999999999999999,0.0
2024-01-04,ETH-USD,0.0,0,0.0,0,0.0,0.0,0.3600000000000001,0.0
2024-01-05,ETH-USD,0.0,0,0.0,0,0.0,0.0,0.43999999999999995,0.0
2024-01-06,ETH-USD,0.0,0,0.0,0,0.0,0.0,0.3999999999999999,0.0
2024-01-07,ETH-USD,0.0,0,0.0,0,0.0,0.0,0.41999999999999993,0.0
2024-01-08,ETH-USD,0.0,0,0.0,0,0.0,0.0,0.41999999999999993,0.0
2024-01-09,ETH-USD,0.0,0,0.0,0,0.0,0.0,0.52,0.0
2024-01-10,ETH-USD,0.0,0,0.0,0,0.0,0.0,0.45999999999999996,0.0
2024-01-11,ETH-USD,0.0,0,0.0,0,0.0,0.0,0.52,0.0
2024-01-12,ETH-USD,0.0,0,0.0,0,0.0,0.0,0.41999999999999993,0.0
2024-01-13,ETH-USD,0.0,0,0.0,0,0.0,0.0,0.28,0.0
2024-01-14,ETH-USD,0.0,0,0.0,0,0.0,0.0,0.19999999999999996,0.0
2024-01-15,ETH-USD,0.0,0,0.0,0,0.0,0.0,0.040000000000000036,0.0
2024-01-16,ETH-USD,0.0,0,0.0,0,0.0,0.0,0.28,0.0
2024-01-17,ETH-USD,0.0,0,0.0,0,0.0,0.0,0.19999999999999996,0.0
2024-01-18,ETH-USD,0.0,0,0.0,0,0.0,0.0,0.26,0.0
2024-01-19,ETH-USD,0.0,0,0.0,0,0.0,0.0,0.020000000000000018,0.0
2024-01-20,ETH-USD,0.0,0,0.0,0,0.0,0.0,0.040000000000000036,0.0
2024-01-21,ETH-USD,0.0,0,0.0,0,0.0,0.0,0.1200000000000001,0.0
2024-01-22,ETH-USD,0.0,0,0.0,0,0.0,0.0,0.10000000000000009,0.0
2024-01-23,ETH-USD,0.0,0,0.0,0,0.0,0.0,0.0,0.0
2024-01-24,ETH-USD,0.0,0,0.0,0,0.0,0.0,-0.040000000000000036,0.0
2024-01-25,ETH-USD,0.0,0,0.0,0,0.0,0.0,0.040000000000000036,0.0
2024-01-26,ETH-USD,0.0,0,0.0,0,0.0,0.0,-0.020000000000000018,0.0
2024-01-27,ETH-USD,0.0,0,0.0,0,0.0,0.0,0.10000000000000009,0.0
2024-01-28,ETH-USD,0.0,0,0.0,0,0.0,0.0,0.08000000000000007,0.0
2024-01-29,ETH-USD,0.0,0,0.0,0,0.0,0.0,0.10000000000000009,0.0
2024-01-30,ETH-USD,0.0,0,0.0,0,0.0,0.0,0.21999999999999997,0.0
2024-01-31,ETH-USD,0.0,0,0.0,0,0.0,0.0,0.19999999999999996,0.0
2024-02-01,ETH-USD,0.0,0,0.0,0,0.0,0.0,0.26,0.0
2024-02-02,ETH-USD,0.0,0,0.0,0,0.0,0.0,0.26,0.0
2024-02-03,ETH-USD,0.0,0,0.0,0,0.0,0.0,0.19999999999999996,0.0
2024-02-04,ETH-USD,0.0,0,0.0,0,0.0,0.0,0.19999999999999996,0.0
2024-02-05,ETH-USD,0.0,0,0.0,0,0.0,0.0,0.19999999999999996,0.0
2024-02-06,ETH-USD,0.0,0,0.0,0,0.0,0.0,0.28,0.0
2024-02-07,ETH-USD,0.0,0,0.0,0,0.0,0.0,0.24,0.0
2024-02-08,ETH-USD,0.0,0,0.0,0,0.0,0.0,0.32000000000000006,0.0
2024-02-09,ETH-USD,0.0,0,0.0,0,0.0,0.0,0.43999999999999995,0.0
2024-02-10,ETH-USD,0.0,0,0.0,0,0.0,0.0,0.48,0.0
2024-02-11,ETH-USD,0.0,0,0.0,0,0.0,0.0,0.41999999999999993,0.0
2024-02-12,ETH-USD,0.0,0,0.0,0,0.0,0.0,0.3999999999999999,0.0
2024-02-13,ETH-USD,0.0,0,0.0,0,0.0,0.0,0.5800000000000001,0.0
2024-02-14,ETH-USD,0.0,0,0.0,0,0.0,0.0,0.48,0.0
2024-02-15,ETH-USD,0.0,0,0.0,0,0.0,0.0,0.43999999999999995,0.0
2024-02-16,ETH-USD,0.0,0,0.0,0,0.0,0.0,0.43999999999999995,0.0
2024-02-17,ETH-USD,0.0,0,0.0,0,0.0,0.0,0.52,0.0
2024-02-18,ETH-USD,0.0,0,0.0,0,0.0,0.0,0.43999999999999995,0.0
2024-02-19,ETH-USD,0.0,0,0.0,0,0.0,0.0,0.5,0.0
2024-02-20,ETH-USD,0.0,0,0.0,0,0.0,0.0,0.43999999999999995,0.0
2024-02-21,ETH-USD,0.0,0,0.0,0,0.0,0.0,0.56,0.0
2024-02-22,ETH-USD,0.0,0,0.0,0,0.0,0.0,0.48,0.0
2024-02-23,ETH-USD,0.0,0,0.0,0,0.0,0.0,0.52,0.0
2024-02-24,ETH-USD,0.0,0,0.0,0,0.0,0.0,0.43999999999999995,0.0
2024-02-25,ETH-USD,0.0,0,0.0,0,0.0,0.0,0.48,0.0
2024-02-26,ETH-USD,0.0,0,0.0,0,0.0,0.0,0.43999999999999995,0.0
2024-02-27,ETH-USD,0.0,0,0.0,0,0.0,0.0,0.5800000000000001,0.0
2024-02-28,ETH-USD,0.0,0,0.0,0,0.0,0.0,0.6399999999999999,0.0
2024-02-29,ETH-USD,0.0,0,0.0,0,0.0,0.0,0.6000000000000001,0.0
2024-03-01,ETH-USD,0.0,0,0.0,0,0.0,0.0,0.6000000000000001,0.0
2024-03-02,ETH-USD,0.0,0,0.0,0,0.0,0.0,0.6000000000000001,0.0
2024-03-03,ETH-USD,0.0,0,0.0,0,0.0,0.0,0.6599999999999999,0.0
2024-03-04,ETH-USD,0.0,0,0.0,0,0.0,0.0,0.6399999999999999,0.0
2024-03-05,ETH-USD,0.0,0,0.0,0,0.0,0.0,0.8,0.0
2024-03-06,ETH-USD,0.0,0,0.0,0,0.0,0.0,0.5,0.0
2024-03-07,ETH-USD,0.0,0,0.0,0,0.0,0.0,0.6399999999999999,0.0
2024-03-08,ETH-USD,0.0,0,0.0,0,0.0,0.0,0.6200000000000001,0.0
2024-03-09,ETH-USD,0.0,0,0.0,0,0.0,0.0,0.6799999999999999,0.0
2024-03-10,ETH-USD,0.0,0,0.0,0,0.0,0.0,0.5800000000000001,0.0
2024-03-11,ETH-USD,0.0,0,0.0,0,0.0,0.0,0.6399999999999999,0.0
2024-03-12,ETH-USD,0.0,0,0.0,0,0.0,0.0,0.6200000000000001,0.0
2024-03-13,ETH-USD,0.0,0,0.0,0,0.0,0.0,0.6200000000000001,0.0
2024-03-14,ETH-USD,0.0,0,0.0,0,0.0,0.0,0.76,0.0
2024-03-15,ETH-USD,0.0,0,0.0,0,0.0,0.0,0.6599999999999999,0.0
2024-03-16,ETH-USD,0.0,0,0.0,0,0.0,0.0,0.6200000000000001,0.0
2024-03-17,ETH-USD,0.0,0,0.0,0,0.0,0.0,0.5800000000000001,0.0
2024-03-18,ETH-USD,0.0,0,0.0,0,0.0,0.0,0.54,0.0
2024-03-19,ETH-USD,0.0,0,0.0,0,0.0,0.0,0.5800000000000001,0.0
2024-03-20,ETH-USD,0.0,0,0.0,0,0.0,0.0,0.48,0.0
2024-03-21,ETH-USD,0.0,0,0.0,0,0.0,0.0,0.56,0.0
2024-03-22,ETH-USD,0.0,0,0.0,0,0.0,0.0,0.5,0.0
2024-03-23,ETH-USD,0.0,0,0.0,0,0.0,0.0,0.45999999999999996,0.0
2024-03-24,ETH-USD,0.0,0,0.0,0,0.0,0.0,0.48,0.0
2024-03-25,ETH-USD,0.0,0,0.0,0,0.0,0.0,0.5,0.0
2024-03-26,ETH-USD,0.0,0,0.0,0,0.0,0.0,0.6200000000000001,0.0
2024-03-27,ETH-USD,0.0,0,0.0,0,0.0,0.0,0.6599999999999999,0.0
2024-03-28,ETH-USD,0.0,0,0.0,0,0.0,0.0,0.6000000000000001,0.0
2024-03-29,ETH-USD,0.0,0,0.0,0,0.0,0.0,0.5800000000000001,0.0
2024-03-30,ETH-USD,0.0,0,0.0,0,0.0,0.0,0.5,0.0
2024-03-31,ETH-USD,0.0,0,0.0,0,0.0,0.0,0.5,0.0
2024-04-01,ETH-USD,0.0,0,0.0,0,0.0,0.0,0.5800000000000001,0.0
2024-04-02,ETH-USD,0.0,0,0.0,0,0.0,0.0,0.5800000000000001,0.0
2024-04-03,ETH-USD,0.0,0,0.0,0,0.0,0.0,0.41999999999999993,0.0
2024-04-04,ETH-USD,0.0,0,0.0,0,0.0,0.0,0.3999999999999999,0.0
2024-04-05,ETH-USD,0.0,0,0.0,0,0.0,0.0,0.5800000000000001,0.0
2024-04-06,ETH-USD,0.0,0,0.0,0,0.0,0.0,0.5,0.0
2024-04-07,ETH-USD,0.0,0,0.0,0,0.0,0.0,0.56,0.0
2024-04-08,ETH-USD,0.0,0,0.0,0,0.0,0.0,0.52,0.0
2024-04-09,ETH-USD,0.0,0,0.0,0,0.0,0.0,0.6000000000000001,0.0
2024-04-10,ETH-USD,0.0,0,0.0,0,0.0,0.0,0.56,0.0
2024-04-11,ETH-USD,0.0,0,0.0,0,0.0,0.0,0.52,0.0
2024-04-12,ETH-USD,0.0,0,0.0,0,0.0,0.0,0.5800000000000001,0.0
2024-04-13,ETH-USD,0.0,0,0.0,0,0.0,0.0,0.43999999999999995,0.0
2024-04-14,ETH-USD,0.0,0,0.0,0,0.0,0.0,0.43999999999999995,0.0
2024-04-15,ETH-USD,0.0,0,0.0,0,0.0,0.0,0.48,0.0
2024-04-16,ETH-USD,0.0,0,0.0,0,0.0,0.0,0.30000000000000004,0.0
2024-04-17,ETH-USD,0.0,0,0.0,0,0.0,0.0,0.3400000000000001,0.0
2024-04-18,ETH-USD,0.0,0,0.0,0,0.0,0.0,0.1399999999999999,0.0
2024-04-19,ETH-USD,0.0,0,0.0,0,0.0,0.0,0.32000000000000006,0.0
2024-04-20,ETH-USD,0.0,0,0.0,0,0.0,0.0,0.32000000000000006,0.0
2024-04-21,ETH-USD,0.0,0,0.0,0,0.0,0.0,0.43999999999999995,0.0
2024-04-22,ETH-USD,0.0,0,0.0,0,0.0,0.0,0.45999999999999996,0.0
2024-04-23,ETH-USD,0.0,0,0.0,0,0.0,0.0,0.41999999999999993,0.0
2024-04-24,ETH-USD,0.0,0,0.0,0,0.0,0.0,0.43999999999999995,0.0
2024-04-25,ETH-USD,0.0,0,0.0,0,0.0,0.0,0.43999999999999995,0.0
2024-04-26,ETH-USD,0.0,0,0.0,0,0.0,0.0,0.3999999999999999,0.0
2024-04-27,ETH-USD,0.0,0,0.0,0,0.0,0.0,0.3400000000000001,0.0
2024-04-28,ETH-USD,0.0,0,0.0,0,0.0,0.0,0.30000000000000004,0.0
2024-04-29,ETH-USD,0.0,0,0.0,0,0.0,0.0,0.3400000000000001,0.0
2024-04-30,ETH-USD,0.0,0,0.0,0,0.0,0.0,0.3400000000000001,0.0
2024-05-01,ETH-USD,0.0,0,0.0,0,0.0,0.0,0.08000000000000007,0.0
2024-05-02,ETH-USD,0.0,0,0.0,0,0.0,0.0,-0.14,0.0
2024-05-03,ETH-USD,0.0,0,0.0,0,0.0,0.0,-0.040000000000000036,0.0
2024-05-04,ETH-USD,0.0,0,0.0,0,0.0,0.0,0.3400000000000001,0.0
2024-05-05,ETH-USD,0.0,0,0.0,0,0.0,0.0,0.3799999999999999,0.0
2024-05-06,ETH-USD,0.0,0,0.0,0,0.0,0.0,0.41999999999999993,0.0
2024-05-07,ETH-USD,0.0,0,0.0,0,0.0,0.0,0.3600000000000001,0.0
2024-05-08,ETH-USD,0.0,0,0.0,0,0.0,0.0,0.28,0.0
2024-05-09,ETH-USD,0.0,0,0.0,0,0.0,0.0,0.10000000000000009,0.0
2024-05-10,ETH-USD,0.0,0,0.0,0,0.0,0.0,0.32000000000000006,0.0
2024-05-11,ETH-USD,0.0,0,0.0,0,0.0,0.0,0.06000000000000005,0.0
2024-05-12,ETH-USD,0.0,0,0.0,0,0.0,0.0,0.1200000000000001,0.0
2024-05-13,ETH-USD,0.0,0,0.0,0,0.0,0.0,0.1399999999999999,0.0
2024-05-14,ETH-USD,0.0,0,0.0,0,0.0,0.0,0.32000000000000006,0.0
2024-05-15,ETH-USD,0.0,0,0.0,0,0.0,0.0,0.28,0.0
2024-05-16,ETH-USD,0.0,0,0.0,0,0.0,0.0,0.3999999999999999,0.0
2024-05-17,ETH-USD,0.0,0,0.0,0,0.0,0.0,0.48,0.0
2024-05-18,ETH-USD,0.0,0,0.0,0,0.0,0.0,0.45999999999999996,0.0
2024-05-19,ETH-USD,0.0,0,0.0,0,0.0,0.0,0.43999999999999995,0.0
2024-05-20,ETH-USD,0.0,0,0.0,0,0.0,0.0,0.3999999999999999,0.0
2024-05-21,ETH-USD,0.0,0,0.0,0,0.0,0.0,0.52,0.0
2024-05-22,ETH-USD,0.0,0,0.0,0,0.0,0.0,0.52,0.0
2024-05-23,ETH-USD,0.0,0,0.0,0,0.0,0.0,0.52,0.0
2024-05-24,ETH-USD,0.0,0,0.0,0,0.0,0.0,0.48,0.0
2024-05-25,ETH-USD,0.0,0,0.0,0,0.0,0.0,0.52,0.0
2024-05-26,ETH-USD,0.0,0,0.0,0,0.0,0.0,0.5,0.0
2024-05-27,ETH-USD,0.0,0,0.0,0,0.0,0.0,0.48,0.0
2024-05-28,ETH-USD,0.0,0,0.0,0,0.0,0.0,0.43999999999999995,0.0
2024-05-29,ETH-USD,0.0,0,0.0,0,0.0,0.0,0.43999999999999995,0.0
2024-05-30,ETH-USD,0.0,0,0.0,0,0.0,0.0,0.45999999999999996,0.0
2024-05-31,ETH-USD,0.0,0,0.0,0,0.0,0.0,0.45999999999999996,0.0
2024-06-01,ETH-USD,0.0,0,0.0,0,0.0,0.0,0.43999999999999995,0.0
2024-06-02,ETH-USD,0.0,0,0.0,0,0.0,0.0,0.45999999999999996,0.0
2024-06-03,ETH-USD,0.0,0,0.0,0,0.0,0.0,0.45999999999999996,0.0
2024-06-04,ETH-USD,0.0,0,0.0,0,0.0,0.0,0.45999999999999996,0.0
2024-06-05,ETH-USD,0.0,0,0.0,0,0.0,0.0,0.5,0.0
2024-06-06,ETH-USD,0.0,0,0.0,0,0.0,0.0,0.56,0.0
2024-06-07,ETH-USD,0.0,0,0.0,0,0.0,0.0,0.54,0.0
2024-06-08,ETH-USD,0.0,0,0.0,0,0.0,0.0,0.43999999999999995,0.0
2024-06-09,ETH-USD,0.0,0,0.0,0,0.0,0.0,0.5,0.0
2024-06-10,ETH-USD,0.0,0,0.0,0,0.0,0.0,0.43999999999999995,0.0
2024-06-11,ETH-USD,0.0,0,0.0,0,0.0,0.0,0.48,0.0
2024-06-12,ETH-USD,0.0,0,0.0,0,0.0,0.0,0.43999999999999995,0.0
2024-06-13,ETH-USD,0.0,0,0.0,0,0.0,0.0,0.3999999999999999,0.0
2024-06-14,ETH-USD,0.0,0,0.0,0,0.0,0.0,0.48,0.0
2024-06-15,ETH-USD,0.0,0,0.0,0,0.0,0.0,0.48,0.0
2024-06-16,ETH-USD,0.0,0,0.0,0,0.0,0.0,0.41999999999999993,0.0
2024-06-17,ETH-USD,0.0,0,0.0,0,0.0,0.0,0.41999999999999993,0.0
2024-06-18,ETH-USD,0.0,0,0.0,0,0.0,0.0,0.48,0.0
2024-06-19,ETH-USD,0.0,0,0.0,0,0.0,0.0,0.28,0.0
2024-06-20,ETH-USD,0.0,0,0.0,0,0.0,0.0,0.19999999999999996,0.0
2024-06-21,ETH-USD,0.0,0,0.0,0,0.0,0.0,0.26,0.0
2024-06-22,ETH-USD,0.0,0,0.0,0,0.0,0.0,0.06000000000000005,0.0
2024-06-23,ETH-USD,0.0,0,0.0,0,0.0,0.0,0.10000000000000009,0.0
2024-06-24,ETH-USD,0.0,0,0.0,0,0.0,0.0,0.020000000000000018,0.0
2024-06-25,ETH-USD,0.0,0,0.0,0,0.0,0.0,-0.4,0.0
2024-06-26,ETH-USD,0.0,0,0.0,0,0.0,0.0,-0.07999999999999996,0.0
2024-06-27,ETH-USD,0.0,0,0.0,0,0.0,0.0,-0.19999999999999996,0.0
2024-06-28,ETH-USD,0.0,0,0.0,0,0.0,0.0,-0.06000000000000005,0.0
2024-06-29,ETH-USD,0.0,0,0.0,0,0.0,0.0,-0.4,0.0
2024-06-30,ETH-USD,0.0,0,0.0,0,0.0,0.0,-0.06000000000000005,0.0
2024-07-01,ETH-USD,0.0,0,0.0,0,0.0,0.0,0.06000000000000005,0.0
2024-07-02,ETH-USD,0.0,0,0.0,0,0.0,0.0,0.020000000000000018,0.0
2024-07-03,ETH-USD,0.0,0,0.0,0,0.0,0.0,0.0,0.0
2024-07-04,ETH-USD,0.0,0,0.0,0,0.0,0.0,-0.12,0.0
2024-07-05,ETH-USD,0.0,0,0.0,0,0.0,0.0,-0.42000000000000004,0.0
2024-07-06,ETH-USD,0.0,0,0.0,0,0.0,0.0,-0.48,0.0
2024-07-07,ETH-USD,0.0,0,0.0,0,0.0,0.0,-0.42000000000000004,0.0
2024-07-08,ETH-USD,0.0,0,0.0,0,0.0,0.0,-0.43999999999999995,0.0
2024-07-09,ETH-USD,0.0,0,0.0,0,0.0,0.0,-0.45999999999999996,0.0
2024-07-10,ETH-USD,0.0,0,0.0,0,0.0,0.0,-0.43999999999999995,0.0
2024-07-11,ETH-USD,0.0,0,0.0,0,0.0,0.0,-0.42000000000000004,0.0
2024-07-12,ETH-USD,0.0,0,0.0,0,0.0,0.0,-0.5,0.0
2024-07-13,ETH-USD,0.0,0,0.0,0,0.0,0.0,-0.5,0.0
2024-07-14,ETH-USD,0.0,0,0.0,0,0.0,0.0,-0.33999999999999997,0.0
2024-07-15,ETH-USD,0.0,0,0.0,0,0.0,0.0,0.040000000000000036,0.0
2024-07-16,ETH-USD,0.0,0,0.0,0,0.0,0.0,0.30000000000000004,0.0
2024-07-17,ETH-USD,0.0,0,0.0,0,0.0,0.0,0.3799999999999999,0.0
2024-07-18,ETH-USD,0.0,0,0.0,0,0.0,0.0,0.21999999999999997,0.0
2024-07-19,ETH-USD,0.0,0,0.0,0,0.0,0.0,0.19999999999999996,0.0
2024-07-20,ETH-USD,0.0,0,0.0,0,0.0,0.0,0.48,0.0
2024-07-21,ETH-USD,0.0,0,0.0,0,0.0,0.0,0.48,0.0
2024-07-22,ETH-USD,0.0,0,0.0,0,0.0,0.0,0.3999999999999999,0.0
2024-07-23,ETH-USD,0.0,0,0.0,0,0.0,0.0,0.41999999999999993,0.0
2024-07-24,ETH-USD,0.0,0,0.0,0,0.0,0.0,0.3799999999999999,0.0
2024-07-25,ETH-USD,0.0,0,0.0,0,0.0,0.0,0.3600000000000001,0.0
2024-07-26,ETH-USD,0.0,0,0.0,0,0.0,0.0,0.3600000000000001,0.0
2024-07-27,ETH-USD,0.0,0,0.0,0,0.0,0.0,0.43999999999999995,0.0
2024-07-28,ETH-USD,0.0,0,0.0,0,0.0,0.0,0.41999999999999993,0.0
2024-07-29,ETH-USD,0.0,0,0.0,0,0.0,0.0,0.48,0.0
2024-07-30,ETH-USD,0.0,0,0.0,0,0.0,0.0,0.3400000000000001,0.0
2024-07-31,ETH-USD,0.0,0,0.0,0,0.0,0.0,0.21999999999999997,0.0
2024-08-01,ETH-USD,0.0,0,0.0,0,0.0,0.0,0.040000000000000036,0.0
2024-08-02,ETH-USD,0.0,0,0.0,0,0.0,0.0,0.1399999999999999,0.0
2024-08-03,ETH-USD,0.0,0,0.0,0,0.0,0.0,-0.26,0.0
2024-08-04,ETH-USD,0.0,0,0.0,0,0.0,0.0,-0.31999999999999995,0.0
2024-08-05,ETH-USD,0.0,0,0.0,0,0.0,0.0,-0.48,0.0
2024-08-06,ETH-USD,0.0,0,0.0,0,0.0,0.0,-0.6599999999999999,0.0
2024-08-07,ETH-USD,0.0,0,0.0,0,0.0,0.0,-0.42000000000000004,0.0
2024-08-08,ETH-USD,0.0,0,0.0,0,0.0,0.0,-0.6,0.0
2024-08-09,ETH-USD,0.0,0,0.0,0,0.0,0.0,-0.040000000000000036,0.0
2024-08-10,ETH-USD,0.0,0,0.0,0,0.0,0.0,-0.19999999999999996,0.0
2024-08-11,ETH-USD,0.0,0,0.0,0,0.0,0.0,-0.21999999999999997,0.0
2024-08-12,ETH-USD,0.0,0,0.0,0,0.0,0.0,-0.5,0.0
2024-08-13,ETH-USD,0.0,0,0.0,0,0.0,0.0,-0.38,0.0
2024-08-14,ETH-USD,0.0,0,0.0,0,0.0,0.0,-0.4,0.0
2024-08-15,ETH-USD,0.0,0,0.0,0,0.0,0.0,-0.42000000000000004,0.0
2024-08-16,ETH-USD,0.0,0,0.0,0,0.0,0.0,-0.45999999999999996,0.0
2024-08-17,ETH-USD,0.0,0,0.0,0,0.0,0.0,-0.5,0.0
2024-08-18,ETH-USD,0.0,0,0.0,0,0.0,0.0,-0.38,0.0
2024-08-19,ETH-USD,0.0,0,0.0,0,0.0,0.0,-0.43999999999999995,0.0
2024-08-20,ETH-USD,0.0,0,0.0,0,0.0,0.0,-0.4,0.0
2024-08-21,ETH-USD,0.0,0,0.0,0,0.0,0.0,-0.48,0.0
2024-08-22,ETH-USD,0.0,0,0.0,0,0.0,0.0,-0.21999999999999997,0.0
2024-08-23,ETH-USD,0.0,0,0.0,0,0.0,0.0,-0.31999999999999995,0.0
2024-08-24,ETH-USD,0.0,0,0.0,0,0.0,0.0,0.1200000000000001,0.0
2024-08-25,ETH-USD,0.0,0,0.0,0,0.0,0.0,0.08000000000000007,0.0
2024-08-26,ETH-USD,0.0,0,0.0,0,0.0,0.0,0.10000000000000009,0.0
2024-08-27,ETH-USD,0.0,0,0.0,0,0.0,0.0,-0.040000000000000036,0.0
2024-08-28,ETH-USD,0.0,0,0.0,0,0.0,0.0,-0.4,0.0
2024-08-29,ETH-USD,0.0,0,0.0,0,0.0,0.0,-0.42000000000000004,0.0
2024-08-30,ETH-USD,0.0,0,0.0,0,0.0,0.0,-0.31999999999999995,0.0
2024-08-31,ETH-USD,0.0,0,0.0,0,0.0,0.0,-0.42000000000000004,0.0
2024-09-01,ETH-USD,0.0,0,0.0,0,0.0,0.0,-0.48,0.0
2024-09-02,ETH-USD,0.0,0,0.0,0,0.0,0.0,-0.48,0.0
2024-09-03,ETH-USD,0.0,0,0.0,0,0.0,0.0,-0.48,0.0
2024-09-04,ETH-USD,0.0,0,0.0,0,0.0,0.0,-0.45999999999999996,0.0
2024-09-05,ETH-USD,0.0,0,0.0,0,0.0,0.0,-0.42000000000000004,0.0
2024-09-06,ETH-USD,0.0,0,0.0,0,0.0,0.0,-0.56,0.0
2024-09-07,ETH-USD,0.0,0,0.0,0,0.0,0.0,-0.54,0.0
2024-09-08,ETH-USD,0.0,0,0.0,0,0.0,0.0,-0.42000000000000004,0.0
2024-09-09,ETH-USD,0.0,0,0.0,0,0.0,0.0,-0.48,0.0
2024-09-10,ETH-USD,0.0,0,0.0,0,0.0,0.0,-0.33999999999999997,0.0
2024-09-11,ETH-USD,0.0,0,0.0,0,0.0,0.0,-0.26,0.0
2024-09-12,ETH-USD,0.0,0,0.0,0,0.0,0.0,-0.38,0.0
2024-09-13,ETH-USD,0.0,0,0.0,0,0.0,0.0,-0.36,0.0
2024-09-14,ETH-USD,0.0,0,0.0,0,0.0,0.0,0.0,0.0
2024-09-15,ETH-USD,0.0,0,0.0,0,0.0,0.0,0.020000000000000018,0.0
2024-09-16,ETH-USD,0.0,0,0.0,0,0.0,0.0,-0.21999999999999997,0.0
2024-09-17,ETH-USD,0.0,0,0.0,0,0.0,0.0,-0.33999999999999997,0.0
2024-09-18,ETH-USD,0.0,0,0.0,0,0.0,0.0,-0.09999999999999998,0.0
2024-09-19,ETH-USD,0.0,0,0.0,0,0.0,0.0,-0.020000000000000018,0.0
2024-09-20,ETH-USD,0.0,0,0.0,0,0.0,0.0,0.08000000000000007,0.0
2024-09-21,ETH-USD,0.0,0,0.0,0,0.0,0.0,0.08000000000000007,0.0
2024-09-22,ETH-USD,0.0,0,0.0,0,0.0,0.0,0.040000000000000036,0.0
2024-09-23,ETH-USD,0.0,0,0.0,0,0.0,0.0,0.0,0.0
2024-09-24,ETH-USD,0.0,0,0.0,0,0.0,0.0,0.08000000000000007,0.0
2024-09-25,ETH-USD,0.0,0,0.0,0,0.0,0.0,0.17999999999999994,0.0
2024-09-26,ETH-USD,0.0,0,0.0,0,0.0,0.0,0.0,0.0
2024-09-27,ETH-USD,0.0,0,0.0,0,0.0,0.0,0.21999999999999997,0.0
2024-09-28,ETH-USD,0.0,0,0.0,0,0.0,0.0,0.28,0.0
2024-09-29,ETH-USD,0.0,0,0.0,0,0.0,0.0,0.26,0.0
2024-09-30,ETH-USD,0.0,0,0.0,0,0.0,0.0,0.21999999999999997,0.0
2024-10-01,ETH-USD,0.0,0,0.0,0,0.0,0.0,0.0,0.0
2024-10-02,ETH-USD,0.0,0,0.0,0,0.0,0.0,-0.16000000000000003,0.0
2024-10-03,ETH-USD,0.0,0,0.0,0,0.0,0.0,-0.26,0.0
2024-10-04,ETH-USD,0.0,0,0.0,0,0.0,0.0,-0.18000000000000005,0.0
2024-10-05,ETH-USD,0.0,0,0.0,0,0.0,0.0,-0.020000000000000018,0.0
2024-10-06,ETH-USD,0.0,0,0.0,0,0.0,0.0,0.0,0.0
2024-10-07,ETH-USD,0.0,0,0.0,0,0.0,0.0,0.0,0.0
2024-10-08,ETH-USD,0.0,0,0.0,0,0.0,0.0,-0.020000000000000018,0.0
2024-10-09,ETH-USD,0.0,0,0.0,0,0.0,0.0,-0.020000000000000018,0.0
2024-10-10,ETH-USD,0.0,0,0.0,0,0.0,0.0,-0.21999999999999997,0.0
2024-10-11,ETH-USD,0.0,0,0.0,0,0.0,0.0,-0.36,0.0
2024-10-12,ETH-USD,0.0,0,0.0,0,0.0,0.0,-0.020000000000000018,0.0
2024-10-13,ETH-USD,0.0,0,0.0,0,0.0,0.0,0.0,0.0
2024-10-14,ETH-USD,0.0,0,0.0,0,0.0,0.0,-0.040000000000000036,0.0
2024-10-15,ETH-USD,0.0,0,0.0,0,0.0,0.0,0.30000000000000004,0.0
2024-10-16,ETH-USD,0.0,0,0.0,0,0.0,0.0,0.45999999999999996,0.0
2024-10-17,ETH-USD,0.0,0,0.0,0,0.0,0.0,0.41999999999999993,0.0
2024-10-18,ETH-USD,0.0,0,0.0,0,0.0,0.0,0.45999999999999996,0.0
2024-10-19,ETH-USD,0.0,0,0.0,0,0.0,0.0,0.43999999999999995,0.0
2024-10-20,ETH-USD,0.0,0,0.0,0,0.0,0.0,0.45999999999999996,0.0
2024-10-21,ETH-USD,0.0,0,0.0,0,0.0,0.0,0.43999999999999995,0.0
2024-10-22,ETH-USD,0.0,0,0.0,0,0.0,0.0,0.3999999999999999,0.0
2024-10-23,ETH-USD,0.0,0,0.0,0,0.0,0.0,0.41999999999999993,0.0
2024-10-24,ETH-USD,0.0,0,0.0,0,0.0,0.0,0.3799999999999999,0.0
2024-10-25,ETH-USD,0.0,0,0.0,0,0.0,0.0,0.43999999999999995,0.0
2024-10-26,ETH-USD,0.0,0,0.0,0,0.0,0.0,0.0,0.0
2024-10-27,ETH-USD,0.0,0,0.0,0,0.0,0.0,0.48,0.0
2024-10-28,ETH-USD,0.0,0,0.0,0,0.0,0.0,0.43999999999999995,0.0
2024-10-29,ETH-USD,0.0,0,0.0,0,0.0,0.0,0.43999999999999995,0.0
2024-10-30,ETH-USD,0.0,0,0.0,0,0.0,0.0,0.54,0.0
2024-10-31,ETH-USD,0.0,0,0.0,0,0.0,0.0,0.54,0.0
2024-11-01,ETH-USD,0.0,0,0.0,0,0.0,0.0,0.5,0.0
2024-11-02,ETH-USD,0.0,0,0.0,0,0.0,0.0,0.43999999999999995,0.0
2024-11-03,ETH-USD,0.0,0,0.0,0,0.0,0.0,0.48,0.0
2024-11-04,ETH-USD,0.0,0,0.0,0,0.0,0.0,0.3999999999999999,0.0
2024-11-05,ETH-USD,0.0,0,0.0,0,0.0,0.0,0.3999999999999999,0.0
2024-11-06,ETH-USD,0.0,0,0.0,0,0.0,0.0,0.3999999999999999,0.0
2024-11-07,ETH-USD,0.0,0,0.0,0,0.0,0.0,0.54,0.0
2024-11-08,ETH-USD,0.0,0,0.0,0,0.0,0.0,0.5,0.0
2024-11-09,ETH-USD,0.0,0,0.0,0,0.0,0.0,0.5,0.0
2024-11-10,ETH-USD,0.0,0,0.0,0,0.0,0.0,0.56,0.0
2024-11-11,ETH-USD,0.0,0,0.0,0,0.0,0.0,0.52,0.0
2024-11-12,ETH-USD,0.0,0,0.0,0,0.0,0.0,0.6000000000000001,0.0
2024-11-13,ETH-USD,0.0,0,0.0,0,0.0,0.0,0.6799999999999999,0.0
2024-11-14,ETH-USD,0.0,0,0.0,0,0.0,0.0,0.76,0.0
2024-11-15,ETH-USD,0.0,0,0.0,0,0.0,0.0,0.6000000000000001,0.0
2024-11-16,ETH-USD,0.0,0,0.0,0,0.0,0.0,0.72,0.0
2024-11-17,ETH-USD,0.0,0,0.0,0,0.0,0.0,0.8,0.0
2024-11-18,ETH-USD,0.0,0,0.0,0,0.0,0.0,0.6599999999999999,0.0
2024-11-19,ETH-USD,0.0,0,0.0,0,0.0,0.0,0.8,0.0
2024-11-20,ETH-USD,0.0,0,0.0,0,0.0,0.0,0.6599999999999999,0.0
2024-11-21,ETH-USD,0.0,0,0.0,0,0.0,0.0,0.6399999999999999,0.0
2024-11-22,ETH-USD,0.0,0,0.0,0,0.0,0.0,0.8799999999999999,0.0
2024-11-23,ETH-USD,0.0,0,0.0,0,0.0,0.0,0.8600000000000001,0.0
2024-11-24,ETH-USD,0.0,0,0.0,0,0.0,0.0,0.6000000000000001,0.0
2024-11-25,ETH-USD,0.0,0,0.0,0,0.0,0.0,0.6399999999999999,0.0
2024-11-26,ETH-USD,0.0,0,0.0,0,0.0,0.0,0.5800000000000001,0.0
2024-11-27,ETH-USD,0.0,0,0.0,0,0.0,0.0,0.5,0.0
2024-11-28,ETH-USD,0.0,0,0.0,0,0.0,0.0,0.54,0.0
2024-11-29,ETH-USD,0.0,0,0.0,0,0.0,0.0,0.56,0.0
2024-11-30,ETH-USD,0.0,0,0.0,0,0.0,0.0,0.6799999999999999,0.0
2024-12-01,ETH-USD,0.0,0,0.0,0,0.0,0.0,0.6200000000000001,0.0
2024-12-02,ETH-USD,0.0,0,0.0,0,0.0,0.0,0.6000000000000001,0.0
2024-12-03,ETH-USD,0.0,0,0.0,0,0.0,0.0,0.52,0.0
2024-12-04,ETH-USD,0.0,0,0.0,0,0.0,0.0,0.56,0.0
2024-12-05,ETH-USD,0.0,0,0.0,0,0.0,0.0,0.6799999999999999,0.0
2024-12-06,ETH-USD,0.0,0,0.0,0,0.0,0.0,0.43999999999999995,0.0
2024-12-07,ETH-USD,0.0,0,0.0,0,0.0,0.0,0.5,0.0
2024-12-08,ETH-USD,0.0,0,0.0,0,0.0,0.0,0.5800000000000001,0.0
2024-12-09,ETH-USD,0.0,0,0.0,0,0.0,0.0,0.56,0.0
2024-12-10,ETH-USD,0.0,0,0.0,0,0.0,0.0,0.56,0.0
2024-12-11,ETH-USD,0.0,0,0.0,0,0.0,0.0,0.48,0.0
2024-12-12,ETH-USD,0.0,0,0.0,0,0.0,0.0,0.6599999999999999,0.0
2024-12-13,ETH-USD,0.0,0,0.0,0,0.0,0.0,0.52,0.0
2024-12-14,ETH-USD,0.0,0,0.0,0,0.0,0.0,0.6599999999999999,0.0
2024-12-15,ETH-USD,0.0,0,0.0,0,0.0,0.0,0.6000000000000001,0.0
2024-12-16,ETH-USD,0.0,0,0.0,0,0.0,0.0,0.6599999999999999,0.0
2024-12-17,ETH-USD,0.0,0,0.0,0,0.0,0.0,0.74,0.0
2024-12-18,ETH-USD,0.0,0,0.0,0,0.0,0.0,0.6200000000000001,0.0
2024-12-19,ETH-USD,0.0,0,0.0,0,0.0,0.0,0.5,0.0
2024-12-20,ETH-USD,0.0,0,0.0,0,0.0,0.0,0.48,0.0
2024-12-21,ETH-USD,0.0,0,0.0,0,0.0,0.0,0.45999999999999996,0.0
2024-12-22,ETH-USD,0.0,0,0.0,0,0.0,0.0,0.45999999999999996,0.0
2024-12-23,ETH-USD,0.0,0,0.0,0,0.0,0.0,0.3999999999999999,0.0
2024-12-24,ETH-USD,0.0,0,0.0,0,0.0,0.0,0.45999999999999996,0.0
2024-12-25,ETH-USD,0.0,0,0.0,0,0.0,0.0,0.45999999999999996,0.0
2024-12-26,ETH-USD,0.0,0,0.0,0,0.0,0.0,0.5800000000000001,0.0
2024-12-27,ETH-USD,0.0,0,0.0,0,0.0,0.0,0.48,0.0
2024-12-28,ETH-USD,0.0,0,0.0,0,0.0,0.0,0.43999999999999995,0.0
2024-12-29,ETH-USD,0.0,0,0.0,0,0.0,0.0,0.45999999999999996,0.0
2024-12-30,ETH-USD,0.0,0,0.0,0,0.0,0.0,0.30000000000000004,0.0
2024-12-31,ETH-USD,0.0,0,0.0,0,0.0,0.0,0.28,0.0
2020-01-01,XRP-USD,0.0,0,0.0,0,0.0,0.0,-0.26,0.0
2020-01-02,XRP-USD,0.0,0,0.0,0,0.0,0.0,-0.21999999999999997,0.0
2020-01-03,XRP-USD,0.0,0,0.0,0,0.0,0.0,-0.24,0.0
2020-01-04,XRP-USD,0.0,0,0.0,0,0.0,0.0,-0.24,0.0
2020-01-05,XRP-USD,0.0,0,0.0,0,0.0,0.0,-0.21999999999999997,0.0
2020-01-06,XRP-USD,0.0,0,0.0,0,0.0,0.0,-0.18000000000000005,0.0
2020-01-07,XRP-USD,0.0,0,0.0,0,0.0,0.0,-0.19999999999999996,0.0
2020-01-08,XRP-USD,0.0,0,0.0,0,0.0,0.0,0.020000000000000018,0.0
2020-01-09,XRP-USD,0.0,0,0.0,0,0.0,0.0,-0.12,0.0
2020-01-10,XRP-USD,0.0,0,0.0,0,0.0,0.0,-0.18000000000000005,0.0
2020-01-11,XRP-USD,0.0,0,0.0,0,0.0,0.0,0.0,0.0
2020-01-12,XRP-USD,0.0,0,0.0,0,0.0,0.0,-0.09999999999999998,0.0
2020-01-13,XRP-USD,0.0,0,0.0,0,0.0,0.0,-0.020000000000000018,0.0
2020-01-14,XRP-USD,0.0,0,0.0,0,0.0,0.0,0.1200000000000001,0.0
2020-01-15,XRP-USD,0.0,0,0.0,0,0.0,0.0,0.08000000000000007,0.0
2020-01-16,XRP-USD,0.0,0,0.0,0,0.0,0.0,0.10000000000000009,0.0
2020-01-17,XRP-USD,0.0,0,0.0,0,0.0,0.0,0.08000000000000007,0.0
2020-01-18,XRP-USD,0.0,0,0.0,0,0.0,0.0,0.020000000000000018,0.0
2020-01-19,XRP-USD,0.0,0,0.0,0,0.0,0.0,0.06000000000000005,0.0
2020-01-20,XRP-USD,0.0,0,0.0,0,0.0,0.0,-0.040000000000000036,0.0
2020-01-21,XRP-USD,0.0,0,0.0,0,0.0,0.0,-0.020000000000000018,0.0
2020-01-22,XRP-USD,0.0,0,0.0,0,0.0,0.0,0.040000000000000036,0.0
2020-01-23,XRP-USD,0.0,0,0.0,0,0.0,0.0,-0.020000000000000018,0.0
2020-01-24,XRP-USD,0.0,0,0.0,0,0.0,0.0,-0.19999999999999996,0.0
2020-01-25,XRP-USD,0.0,0,0.0,0,0.0,0.0,-0.18000000000000005,0.0
2020-01-26,XRP-USD,0.0,0,0.0,0,0.0,0.0,-0.16000000000000003,0.0
2020-01-27,XRP-USD,0.0,0,0.0,0,0.0,0.0,0.0,0.0
2020-01-28,XRP-USD,0.0,0,0.0,0,0.0,0.0,0.08000000000000007,0.0
2020-01-29,XRP-USD,0.0,0,0.0,0,0.0,0.0,0.1399999999999999,0.0
2020-01-30,XRP-USD,0.0,0,0.0,0,0.0,0.0,0.1399999999999999,0.0
2020-01-31,XRP-USD,0.0,0,0.0,0,0.0,0.0,0.10000000000000009,0.0
2020-02-01,XRP-USD,0.0,0,0.0,0,0.0,0.0,0.1399999999999999,0.0
2020-02-02,XRP-USD,0.0,0,0.0,0,0.0,0.0,0.1399999999999999,0.0
2020-02-03,XRP-USD,0.0,0,0.0,0,0.0,0.0,0.17999999999999994,0.0
2020-02-04,XRP-USD,0.0,0,0.0,0,0.0,0.0,0.1200000000000001,0.0
2020-02-05,XRP-USD,0.0,0,0.0,0,0.0,0.0,0.06000000000000005,0.0
2020-02-06,XRP-USD,0.0,0,0.0,0,0.0,0.0,0.21999999999999997,0.0
2020-02-07,XRP-USD,0.0,0,0.0,0,0.0,0.0,0.1200000000000001,0.0
2020-02-08,XRP-USD,0.0,0,0.0,0,0.0,0.0,0.1200000000000001,0.0
2020-02-09,XRP-USD,0.0,0,0.0,0,0.0,0.0,0.1200000000000001,0.0
2020-02-10,XRP-USD,0.0,0,0.0,0,0.0,0.0,0.1399999999999999,0.0
2020-02-11,XRP-USD,0.0,0,0.0,0,0.0,0.0,0.040000000000000036,0.0
2020-02-12,XRP-USD,0.0,0,0.0,0,0.0,0.0,0.21999999999999997,0.0
2020-02-13,XRP-USD,0.0,0,0.0,0,0.0,0.0,0.30000000000000004,0.0
2020-02-14,XRP-USD,0.0,0,0.0,0,0.0,0.0,0.26,0.0
2020-02-15,XRP-USD,0.0,0,0.0,0,0.0,0.0,0.28,0.0
2020-02-16,XRP-USD,0.0,0,0.0,0,0.0,0.0,0.17999999999999994,0.0
2020-02-17,XRP-USD,0.0,0,0.0,0,0.0,0.0,-0.020000000000000018,0.0
2020-02-18,XRP-USD,0.0,0,0.0,0,0.0,0.0,0.06000000000000005,0.0
2020-02-19,XRP-USD,0.0,0,0.0,0,0.0,0.0,0.0,0.0
2020-02-20,XRP-USD,0.0,0,0.0,0,0.0,0.0,-0.12,0.0
2020-02-21,XRP-USD,0.0,0,0.0,0,0.0,0.0,-0.12,0.0
2020-02-22,XRP-USD,0.0,0,0.0,0,0.0,0.0,-0.14,0.0
2020-02-23,XRP-USD,0.0,0,0.0,0,0.0,0.0,-0.07999999999999996,0.0
2020-02-24,XRP-USD,0.0,0,0.0,0,0.0,0.0,-0.07999999999999996,0.0
2020-02-25,XRP-USD,0.0,0,0.0,0,0.0,0.0,-0.12,0.0
2020-02-26,XRP-USD,0.0,0,0.0,0,0.0,0.0,-0.18000000000000005,0.0
2020-02-27,XRP-USD,0.0,0,0.0,0,0.0,0.0,-0.21999999999999997,0.0
2020-02-28,XRP-USD,0.0,0,0.0,0,0.0,0.0,-0.19999999999999996,0.0
2020-02-29,XRP-USD,0.0,0,0.0,0,0.0,0.0,-0.24,0.0
2020-03-01,XRP-USD,0.0,0,0.0,0,0.0,0.0,-0.21999999999999997,0.0
2020-03-02,XRP-USD,0.0,0,0.0,0,0.0,0.0,-0.24,0.0
2020-03-03,XRP-USD,0.0,0,0.0,0,0.0,0.0,-0.24,0.0
2020-03-04,XRP-USD,0.0,0,0.0,0,0.0,0.0,-0.19999999999999996,0.0
2020-03-05,XRP-USD,0.0,0,0.0,0,0.0,0.0,-0.18000000000000005,0.0
2020-03-06,XRP-USD,0.0,0,0.0,0,0.0,0.0,-0.21999999999999997,0.0
2020-03-07,XRP-USD,0.0,0,0.0,0,0.0,0.0,-0.24,0.0
2020-03-08,XRP-USD,0.0,0,0.0,0,0.0,0.0,-0.33999999999999997,0.0
2020-03-09,XRP-USD,0.0,0,0.0,0,0.0,0.0,-0.6599999999999999,0.0
2020-03-10,XRP-USD,0.0,0,0.0,0,0.0,0.0,-0.6799999999999999,0.0
2020-03-11,XRP-USD,0.0,0,0.0,0,0.0,0.0,-0.6599999999999999,0.0
2020-03-12,XRP-USD,0.0,0,0.0,0,0.0,0.0,-0.72,0.0
2020-03-13,XRP-USD,0.0,0,0.0,0,0.0,0.0,-0.8,0.0
2020-03-14,XRP-USD,0.0,0,0.0,0,0.0,0.0,-0.84,0.0
2020-03-15,XRP-USD,0.0,0,0.0,0,0.0,0.0,-0.76,0.0
2020-03-16,XRP-USD,0.0,0,0.0,0,0.0,0.0,-0.8200000000000001,0.0
2020-03-17,XRP-USD,0.0,0,0.0,0,0.0,0.0,-0.84,0.0
2020-03-18,XRP-USD,0.0,0,0.0,0,0.0,0.0,-0.78,0.0
2020-03-19,XRP-USD,0.0,0,0.0,0,0.0,0.0,-0.76,0.0
2020-03-20,XRP-USD,0.0,0,0.0,0,0.0,0.0,-0.8200000000000001,0.0
2020-03-21,XRP-USD,0.0,0,0.0,0,0.0,0.0,-0.8200000000000001,0.0
2020-03-22,XRP-USD,0.0,0,0.0,0,0.0,0.0,-0.78,0.0
2020-03-23,XRP-USD,0.0,0,0.0,0,0.0,0.0,-0.8,0.0
2020-03-24,XRP-USD,0.0,0,0.0,0,0.0,0.0,-0.76,0.0
2020-03-25,XRP-USD,0.0,0,0.0,0,0.0,0.0,-0.74,0.0
2020-03-26,XRP-USD,0.0,0,0.0,0,0.0,0.0,-0.72,0.0
2020-03-27,XRP-USD,0.0,0,0.0,0,0.0,0.0,-0.76,0.0
2020-03-28,XRP-USD,0.0,0,0.0,0,0.0,0.0,-0.84,0.0
2020-03-29,XRP-USD,0.0,0,0.0,0,0.0,0.0,-0.76,0.0
2020-03-30,XRP-USD,0.0,0,0.0,0,0.0,0.0,-0.8,0.0
2020-03-31,XRP-USD,0.0,0,0.0,0,0.0,0.0,-0.76,0.0
2020-04-01,XRP-USD,0.0,0,0.0,0,0.0,0.0,-0.76,0.0
2020-04-02,XRP-USD,0.0,0,0.0,0,0.0,0.0,-0.72,0.0
2020-04-03,XRP-USD,0.0,0,0.0,0,0.0,0.0,-0.72,0.0
2020-04-04,XRP-USD,0.0,0,0.0,0,0.0,0.0,-0.76,0.0
2020-04-05,XRP-USD,0.0,0,0.0,0,0.0,0.0,-0.76,0.0
2020-04-06,XRP-USD,0.0,0,0.0,0,0.0,0.0,-0.76,0.0
2020-04-07,XRP-USD,0.0,0,0.0,0,0.0,0.0,-0.6,0.0
2020-04-08,XRP-USD,0.0,0,0.0,0,0.0,0.0,-0.5800000000000001,0.0
2020-04-09,XRP-USD,0.0,0,0.0,0,0.0,0.0,-0.56,0.0
2020-04-10,XRP-USD,0.0,0,0.0,0,0.0,0.0,-0.7,0.0
2020-04-11,XRP-USD,0.0,0,0.0,0,0.0,0.0,-0.7,0.0
2020-04-12,XRP-USD,0.0,0,0.0,0,0.0,0.0,-0.8,0.0
2020-04-13,XRP-USD,0.0,0,0.0,0,0.0,0.0,-0.78,0.0
2020-04-14,XRP-USD,0.0,0,0.0,0,0.0,0.0,-0.7,0.0
2020-04-15,XRP-USD,0.0,0,0.0,0,0.0,0.0,-0.64,0.0
2020-04-16,XRP-USD,0.0,0,0.0,0,0.0,0.0,-0.74,0.0
2020-04-17,XRP-USD,0.0,0,0.0,0,0.0,0.0,-0.7,0.0
2020-04-18,XRP-USD,0.0,0,0.0,0,0.0,0.0,-0.64,0.0
2020-04-19,XRP-USD,0.0,0,0.0,0,0.0,0.0,-0.6799999999999999,0.0
2020-04-20,XRP-USD,0.0,0,0.0,0,0.0,0.0,-0.7,0.0
2020-04-21,XRP-USD,0.0,0,0.0,0,0.0,0.0,-0.6599999999999999,0.0
2020-04-22,XRP-USD,0.0,0,0.0,0,0.0,0.0,-0.62,0.0
2020-04-23,XRP-USD,0.0,0,0.0,0,0.0,0.0,-0.62,0.0
2020-04-24,XRP-USD,0.0,0,0.0,0,0.0,0.0,-0.6,0.0
2020-04-25,XRP-USD,0.0,0,0.0,0,0.0,0.0,-0.52,0.0
2020-04-26,XRP-USD,0.0,0,0.0,0,0.0,0.0,-0.5800000000000001,0.0
2020-04-27,XRP-USD,0.0,0,0.0,0,0.0,0.0,-0.43999999999999995,0.0
2020-04-28,XRP-USD,0.0,0,0.0,0,0.0,0.0,-0.48,0.0
2020-04-29,XRP-USD,0.0,0,0.0,0,0.0,0.0,-0.48,0.0
2020-04-30,XRP-USD,0.0,0,0.0,0,0.0,0.0,-0.12,0.0
2020-05-01,XRP-USD,0.0,0,0.0,0,0.0,0.0,-0.19999999999999996,0.0
2020-05-02,XRP-USD,0.0,0,0.0,0,0.0,0.0,-0.19999999999999996,0.0
2020-05-03,XRP-USD,0.0,0,0.0,0,0.0,0.0,-0.09999999999999998,0.0
2020-05-04,XRP-USD,0.0,0,0.0,0,0.0,0.0,-0.12,0.0
2020-05-05,XRP-USD,0.0,0,0.0,0,0.0,0.0,-0.19999999999999996,0.0
2020-05-06,XRP-USD,0.0,0,0.0,0,0.0,0.0,-0.16000000000000003,0.0
2020-05-07,XRP-USD,0.0,0,0.0,0,0.0,0.0,-0.020000000000000018,0.0
2020-05-08,XRP-USD,0.0,0,0.0,0,0.0,0.0,0.10000000000000009,0.0
2020-05-09,XRP-USD,0.0,0,0.0,0,0.0,0.0,0.1200000000000001,0.0
2020-05-10,XRP-USD,0.0,0,0.0,0,0.0,0.0,-0.040000000000000036,0.0
2020-05-11,XRP-USD,0.0,0,0.0,0,0.0,0.0,-0.19999999999999996,0.0
2020-05-12,XRP-USD,0.0,0,0.0,0,0.0,0.0,-0.21999999999999997,0.0
2020-05-13,XRP-USD,0.0,0,0.0,0,0.0,0.0,-0.18000000000000005,0.0
2020-05-14,XRP-USD,0.0,0,0.0,0,0.0,0.0,-0.19999999999999996,0.0
2020-05-15,XRP-USD,0.0,0,0.0,0,0.0,0.0,-0.12,0.0
2020-05-16,XRP-USD,0.0,0,0.0,0,0.0,0.0,-0.18000000000000005,0.0
2020-05-17,XRP-USD,0.0,0,0.0,0,0.0,0.0,-0.19999999999999996,0.0
2020-05-18,XRP-USD,0.0,0,0.0,0,0.0,0.0,0.0,0.0
2020-05-19,XRP-USD,0.0,0,0.0,0,0.0,0.0,0.0,0.0
2020-05-20,XRP-USD,0.0,0,0.0,0,0.0,0.0,0.040000000000000036,0.0
2020-05-21,XRP-USD,0.0,0,0.0,0,0.0,0.0,-0.020000000000000018,0.0
2020-05-22,XRP-USD,0.0,0,0.0,0,0.0,0.0,-0.16000000000000003,0.0
2020-05-23,XRP-USD,0.0,0,0.0,0,0.0,0.0,-0.19999999999999996,0.0
2020-05-24,XRP-USD,0.0,0,0.0,0,0.0,0.0,-0.14,0.0
2020-05-25,XRP-USD,0.0,0,0.0,0,0.0,0.0,-0.18000000000000005,0.0
2020-05-26,XRP-USD,0.0,0,0.0,0,0.0,0.0,-0.21999999999999997,0.0
2020-05-27,XRP-USD,0.0,0,0.0,0,0.0,0.0,-0.21999999999999997,0.0
2020-05-28,XRP-USD,0.0,0,0.0,0,0.0,0.0,-0.18000000000000005,0.0
2020-05-29,XRP-USD,0.0,0,0.0,0,0.0,0.0,-0.040000000000000036,0.0
2020-05-30,XRP-USD,0.0,0,0.0,0,0.0,0.0,-0.040000000000000036,0.0
2020-05-31,XRP-USD,0.0,0,0.0,0,0.0,0.0,0.020000000000000018,0.0
2020-06-01,XRP-USD,0.0,0,0.0,0,0.0,0.0,0.0,0.0
2020-06-02,XRP-USD,0.0,0,0.0,0,0.0,0.0,0.1200000000000001,0.0
2020-06-03,XRP-USD,0.0,0,0.0,0,0.0,0.0,-0.040000000000000036,0.0
2020-06-04,XRP-USD,0.0,0,0.0,0,0.0,0.0,0.08000000000000007,0.0
2020-06-05,XRP-USD,0.0,0,0.0,0,0.0,0.0,0.06000000000000005,0.0
2020-06-06,XRP-USD,0.0,0,0.0,0,0.0,0.0,0.08000000000000007,0.0
2020-06-07,XRP-USD,0.0,0,0.0,0,0.0,0.0,0.08000000000000007,0.0
2020-06-08,XRP-USD,0.0,0,0.0,0,0.0,0.0,0.06000000000000005,0.0
2020-06-09,XRP-USD,0.0,0,0.0,0,0.0,0.0,0.040000000000000036,0.0
2020-06-10,XRP-USD,0.0,0,0.0,0,0.0,0.0,0.08000000000000007,0.0
2020-06-11,XRP-USD,0.0,0,0.0,0,0.0,0.0,0.040000000000000036,0.0
2020-06-12,XRP-USD,0.0,0,0.0,0,0.0,0.0,-0.24,0.0
2020-06-13,XRP-USD,0.0,0,0.0,0,0.0,0.0,-0.24,0.0
2020-06-14,XRP-USD,0.0,0,0.0,0,0.0,0.0,-0.19999999999999996,0.0
2020-06-15,XRP-USD,0.0,0,0.0,0,0.0,0.0,-0.26,0.0
2020-06-16,XRP-USD,0.0,0,0.0,0,0.0,0.0,-0.21999999999999997,0.0
2020-06-17,XRP-USD,0.0,0,0.0,0,0.0,0.0,-0.24,0.0
2020-06-18,XRP-USD,0.0,0,0.0,0,0.0,0.0,-0.19999999999999996,0.0
2020-06-19,XRP-USD,0.0,0,0.0,0,0.0,0.0,-0.21999999999999997,0.0
2020-06-20,XRP-USD,0.0,0,0.0,0,0.0,0.0,-0.24,0.0
2020-06-21,XRP-USD,0.0,0,0.0,0,0.0,0.0,-0.26,0.0
2020-06-22,XRP-USD,0.0,0,0.0,0,0.0,0.0,-0.24,0.0
2020-06-23,XRP-USD,0.0,0,0.0,0,0.0,0.0,-0.18000000000000005,0.0
2020-06-24,XRP-USD,0.0,0,0.0,0,0.0,0.0,0.0,0.0
2020-06-25,XRP-USD,0.0,0,0.0,0,0.0,0.0,-0.14,0.0
2020-06-26,XRP-USD,0.0,0,0.0,0,0.0,0.0,-0.19999999999999996,0.0
2020-06-27,XRP-USD,0.0,0,0.0,0,0.0,0.0,-0.14,0.0
2020-06-28,XRP-USD,0.0,0,0.0,0,0.0,0.0,-0.19999999999999996,0.0
2020-06-29,XRP-USD,0.0,0,0.0,0,0.0,0.0,-0.18000000000000005,0.0
2020-06-30,XRP-USD,0.0,0,0.0,0,0.0,0.0,-0.12,0.0
2020-07-01,XRP-USD,0.0,0,0.0,0,0.0,0.0,-0.16000000000000003,0.0
2020-07-02,XRP-USD,0.0,0,0.0,0,0.0,0.0,-0.16000000000000003,0.0
2020-07-03,XRP-USD,0.0,0,0.0,0,0.0,0.0,-0.18000000000000005,0.0
2020-07-04,XRP-USD,0.0,0,0.0,0,0.0,0.0,-0.19999999999999996,0.0
2020-07-05,XRP-USD,0.0,0,0.0,0,0.0,0.0,-0.24,0.0
2020-07-06,XRP-USD,0.0,0,0.0,0,0.0,0.0,-0.19999999999999996,0.0
2020-07-07,XRP-USD,0.0,0,0.0,0,0.0,0.0,-0.14,0.0
2020-07-08,XRP-USD,0.0,0,0.0,0,0.0,0.0,-0.12,0.0
2020-07-09,XRP-USD,0.0,0,0.0,0,0.0,0.0,-0.12,0.0
2020-07-10,XRP-USD,0.0,0,0.0,0,0.0,0.0,-0.18000000000000005,0.0
2020-07-11,XRP-USD,0.0,0,0.0,0,0.0,0.0,-0.12,0.0
2020-07-12,XRP-USD,0.0,0,0.0,0,0.0,0.0,-0.18000000000000005,0.0
2020-07-13,XRP-USD,0.0,0,0.0,0,0.0,0.0,-0.14,0.0
2020-07-14,XRP-USD,0.0,0,0.0,0,0.0,0.0,-0.14,0.0
2020-07-15,XRP-USD,0.0,0,0.0,0,0.0,0.0,-0.12,0.0
2020-07-16,XRP-USD,0.0,0,0.0,0,0.0,0.0,-0.14,0.0
2020-07-17,XRP-USD,0.0,0,0.0,0,0.0,0.0,-0.18000000000000005,0.0
2020-07-18,XRP-USD,0.0,0,0.0,0,0.0,0.0,-0.12,0.0
2020-07-19,XRP-USD,0.0,0,0.0,0,0.0,0.0,-0.18000000000000005,0.0
2020-07-20,XRP-USD,0.0,0,0.0,0,0.0,0.0,-0.12,0.0
2020-07-21,XRP-USD,0.0,0,0.0,0,0.0,0.0,-0.12,0.0
2020-07-22,XRP-USD,0.0,0,0.0,0,0.0,0.0,0.0,0.0
2020-07-23,XRP-USD,0.0,0,0.0,0,0.0,0.0,0.10000000000000009,0.0
2020-07-24,XRP-USD,0.0,0,0.0,0,0.0,0.0,0.06000000000000005,0.0
2020-07-25,XRP-USD,0.0,0,0.0,0,0.0,0.0,0.10000000000000009,0.0
2020-07-26,XRP-USD,0.0,0,0.0,0,0.0,0.0,0.10000000000000009,0.0
2020-07-27,XRP-USD,0.0,0,0.0,0,0.0,0.0,0.15999999999999992,0.0
2020-07-28,XRP-USD,0.0,0,0.0,0,0.0,0.0,0.52,0.0
2020-07-29,XRP-USD,0.0,0,0.0,0,0.0,0.0,0.41999999999999993,0.0
2020-07-30,XRP-USD,0.0,0,0.0,0,0.0,0.0,0.52,0.0
2020-07-31,XRP-USD,0.0,0,0.0,0,0.0,0.0,0.5,0.0
2020-08-01,XRP-USD,0.0,0,0.0,0,0.0,0.0,0.5,0.0
2020-08-02,XRP-USD,0.0,0,0.0,0,0.0,0.0,0.6000000000000001,0.0
2020-08-03,XRP-USD,0.0,0,0.0,0,0.0,0.0,0.5,0.0
2020-08-04,XRP-USD,0.0,0,0.0,0,0.0,0.0,0.43999999999999995,0.0
2020-08-05,XRP-USD,0.0,0,0.0,0,0.0,0.0,0.5,0.0
2020-08-06,XRP-USD,0.0,0,0.0,0,0.0,0.0,0.5800000000000001,0.0
2020-08-07,XRP-USD,0.0,0,0.0,0,0.0,0.0,0.54,0.0
2020-08-08,XRP-USD,0.0,0,0.0,0,0.0,0.0,0.54,0.0
2020-08-09,XRP-USD,0.0,0,0.0,0,0.0,0.0,0.5800000000000001,0.0
2020-08-10,XRP-USD,0.0,0,0.0,0,0.0,0.0,0.56,0.0
2020-08-11,XRP-USD,0.0,0,0.0,0,0.0,0.0,0.6799999999999999,0.0
2020-08-12,XRP-USD,0.0,0,0.0,0,0.0,0.0,0.5,0.0
2020-08-13,XRP-USD,0.0,0,0.0,0,0.0,0.0,0.5,0.0
2020-08-14,XRP-USD,0.0,0,0.0,0,0.0,0.0,0.56,0.0
2020-08-15,XRP-USD,0.0,0,0.0,0,0.0,0.0,0.5800000000000001,0.0
2020-08-16,XRP-USD,0.0,0,0.0,0,0.0,0.0,0.6399999999999999,0.0
2020-08-17,XRP-USD,0.0,0,0.0,0,0.0,0.0,0.6599999999999999,0.0
2020-08-18,XRP-USD,0.0,0,0.0,0,0.0,0.0,0.6399999999999999,0.0
2020-08-19,XRP-USD,0.0,0,0.0,0,0.0,0.0,0.6000000000000001,0.0
2020-08-20,XRP-USD,0.0,0,0.0,0,0.0,0.0,0.5,0.0
2020-08-21,XRP-USD,0.0,0,0.0,0,0.0,0.0,0.6200000000000001,0.0
2020-08-22,XRP-USD,0.0,0,0.0,0,0.0,0.0,0.56,0.0
2020-08-23,XRP-USD,0.0,0,0.0,0,0.0,0.0,0.52,0.0
2020-08-24,XRP-USD,0.0,0,0.0,0,0.0,0.0,0.56,0.0
2020-08-25,XRP-USD,0.0,0,0.0,0,0.0,0.0,0.5,0.0
2020-08-26,XRP-USD,0.0,0,0.0,0,0.0,0.0,0.52,0.0
2020-08-27,XRP-USD,0.0,0,0.0,0,0.0,0.0,0.5,0.0
2020-08-28,XRP-USD,0.0,0,0.0,0,0.0,0.0,0.48,0.0
2020-08-29,XRP-USD,0.0,0,0.0,0,0.0,0.0,0.5800000000000001,0.0
2020-08-30,XRP-USD,0.0,0,0.0,0,0.0,0.0,0.5,0.0
2020-08-31,XRP-USD,0.0,0,0.0,0,0.0,0.0,0.5,0.0
2020-09-01,XRP-USD,0.0,0,0.0,0,0.0,0.0,0.5,0.0
2020-09-02,XRP-USD,0.0,0,0.0,0,0.0,0.0,0.6599999999999999,0.0
2020-09-03,XRP-USD,0.0,0,0.0,0,0.0,0.0,0.5800000000000001,0.0
2020-09-04,XRP-USD,0.0,0,0.0,0,0.0,0.0,-0.19999999999999996,0.0
2020-09-05,XRP-USD,0.0,0,0.0,0,0.0,0.0,-0.18000000000000005,0.0
2020-09-06,XRP-USD,0.0,0,0.0,0,0.0,0.0,-0.18000000000000005,0.0
2020-09-07,XRP-USD,0.0,0,0.0,0,0.0,0.0,-0.18000000000000005,0.0
2020-09-08,XRP-USD,0.0,0,0.0,0,0.0,0.0,-0.18000000000000005,0.0
2020-09-09,XRP-USD,0.0,0,0.0,0,0.0,0.0,-0.24,0.0
2020-09-10,XRP-USD,0.0,0,0.0,0,0.0,0.0,-0.24,0.0
2020-09-11,XRP-USD,0.0,0,0.0,0,0.0,0.0,-0.18000000000000005,0.0
2020-09-12,XRP-USD,0.0,0,0.0,0,0.0,0.0,-0.18000000000000005,0.0
2020-09-13,XRP-USD,0.0,0,0.0,0,0.0,0.0,-0.24,0.0
2020-09-14,XRP-USD,0.0,0,0.0,0,0.0,0.0,-0.21999999999999997,0.0
2020-09-15,XRP-USD,0.0,0,0.0,0,0.0,0.0,-0.06000000000000005,0.0
2020-09-16,XRP-USD,0.0,0,0.0,0,0.0,0.0,-0.14,0.0
2020-09-17,XRP-USD,0.0,0,0.0,0,0.0,0.0,-0.040000000000000036,0.0
2020-09-18,XRP-USD,0.0,0,0.0,0,0.0,0.0,-0.020000000000000018,0.0
2020-09-19,XRP-USD,0.0,0,0.0,0,0.0,0.0,-0.040000000000000036,0.0
2020-09-20,XRP-USD,0.0,0,0.0,0,0.0,0.0,0.040000000000000036,0.0
2020-09-21,XRP-USD,0.0,0,0.0,0,0.0,0.0,-0.040000000000000036,0.0
2020-09-22,XRP-USD,0.0,0,0.0,0,0.0,0.0,-0.21999999999999997,0.0
2020-09-23,XRP-USD,0.0,0,0.0,0,0.0,0.0,-0.14,0.0
2020-09-24,XRP-USD,0.0,0,0.0,0,0.0,0.0,-0.21999999999999997,0.0
2020-09-25,XRP-USD,0.0,0,0.0,0,0.0,0.0,-0.07999999999999996,0.0
2020-09-26,XRP-USD,0.0,0,0.0,0,0.0,0.0,-0.09999999999999998,0.0
2020-09-27,XRP-USD,0.0,0,0.0,0,0.0,0.0,-0.06000000000000005,0.0
2020-09-28,XRP-USD,0.0,0,0.0,0,0.0,0.0,-0.14,0.0
2020-09-29,XRP-USD,0.0,0,0.0,0,0.0,0.0,-0.09999999999999998,0.0
2020-09-30,XRP-USD,0.0,0,0.0,0,0.0,0.0,-0.020000000000000018,0.0
2020-10-01,XRP-USD,0.0,0,0.0,0,0.0,0.0,-0.09999999999999998,0.0
2020-10-02,XRP-USD,0.0,0,0.0,0,0.0,0.0,-0.18000000000000005,0.0
2020-10-03,XRP-USD,0.0,0,0.0,0,0.0,0.0,-0.19999999999999996,0.0
2020-10-04,XRP-USD,0.0,0,0.0,0,0.0,0.0,-0.16000000000000003,0.0
2020-10-05,XRP-USD,0.0,0,0.0,0,0.0,0.0,-0.16000000000000003,0.0
2020-10-06,XRP-USD,0.0,0,0.0,0,0.0,0.0,-0.06000000000000005,0.0
2020-10-07,XRP-USD,0.0,0,0.0,0,0.0,0.0,-0.14,0.0
2020-10-08,XRP-USD,0.0,0,0.0,0,0.0,0.0,-0.07999999999999996,0.0
2020-10-09,XRP-USD,0.0,0,0.0,0,0.0,0.0,-0.040000000000000036,0.0
2020-10-10,XRP-USD,0.0,0,0.0,0,0.0,0.0,0.06000000000000005,0.0
2020-10-11,XRP-USD,0.0,0,0.0,0,0.0,0.0,0.10000000000000009,0.0
2020-10-12,XRP-USD,0.0,0,0.0,0,0.0,0.0,0.040000000000000036,0.0
2020-10-13,XRP-USD,0.0,0,0.0,0,0.0,0.0,0.1200000000000001,0.0
2020-10-14,XRP-USD,0.0,0,0.0,0,0.0,0.0,0.06000000000000005,0.0
2020-10-15,XRP-USD,0.0,0,0.0,0,0.0,0.0,0.1200000000000001,0.0
2020-10-16,XRP-USD,0.0,0,0.0,0,0.0,0.0,0.040000000000000036,0.0
2020-10-17,XRP-USD,0.0,0,0.0,0,0.0,0.0,0.1200000000000001,0.0
2020-10-18,XRP-USD,0.0,0,0.0,0,0.0,0.0,0.10000000000000009,0.0
2020-10-19,XRP-USD,0.0,0,0.0,0,0.0,0.0,0.10000000000000009,0.0
2020-10-20,XRP-USD,0.0,0,0.0,0,0.0,0.0,0.1200000000000001,0.0
2020-10-21,XRP-USD,0.0,0,0.0,0,0.0,0.0,0.21999999999999997,0.0
2020-10-22,XRP-USD,0.0,0,0.0,0,0.0,0.0,0.45999999999999996,0.0
2020-10-23,XRP-USD,0.0,0,0.0,0,0.0,0.0,0.48,0.0
2020-10-24,XRP-USD,0.0,0,0.0,0,0.0,0.0,0.45999999999999996,0.0
2020-10-25,XRP-USD,0.0,0,0.0,0,0.0,0.0,0.52,0.0
2020-10-26,XRP-USD,0.0,0,0.0,0,0.0,0.0,0.5,0.0
2020-10-27,XRP-USD,0.0,0,0.0,0,0.0,0.0,0.21999999999999997,0.0
2020-10-28,XRP-USD,0.0,0,0.0,0,0.0,0.0,0.3999999999999999,0.0
2020-10-29,XRP-USD,0.0,0,0.0,0,0.0,0.0,0.3400000000000001,0.0
2020-10-30,XRP-USD,0.0,0,0.0,0,0.0,0.0,0.48,0.0
2020-10-31,XRP-USD,0.0,0,0.0,0,0.0,0.0,0.45999999999999996,0.0
2020-11-01,XRP-USD,0.0,0,0.0,0,0.0,0.0,0.43999999999999995,0.0
2020-11-02,XRP-USD,0.0,0,0.0,0,0.0,0.0,0.41999999999999993,0.0
2020-11-03,XRP-USD,0.0,0,0.0,0,0.0,0.0,0.41999999999999993,0.0
2020-11-04,XRP-USD,0.0,0,0.0,0,0.0,0.0,0.48,0.0
2020-11-05,XRP-USD,0.0,0,0.0,0,0.0,0.0,0.43999999999999995,0.0
2020-11-06,XRP-USD,0.0,0,0.0,0,0.0,0.0,0.8,0.0
2020-11-07,XRP-USD,0.0,0,0.0,0,0.0,0.0,0.76,0.0
2020-11-08,XRP-USD,0.0,0,0.0,0,0.0,0.0,0.6399999999999999,0.0
2020-11-09,XRP-USD,0.0,0,0.0,0,0.0,0.0,0.8,0.0
2020-11-10,XRP-USD,0.0,0,0.0,0,0.0,0.0,0.8,0.0
2020-11-11,XRP-USD,0.0,0,0.0,0,0.0,0.0,0.72,0.0
2020-11-12,XRP-USD,0.0,0,0.0,0,0.0,0.0,0.74,0.0
2020-11-13,XRP-USD,0.0,0,0.0,0,0.0,0.0,0.78,0.0
2020-11-14,XRP-USD,0.0,0,0.0,0,0.0,0.0,0.8,0.0
2020-11-15,XRP-USD,0.0,0,0.0,0,0.0,0.0,0.72,0.0
2020-11-16,XRP-USD,0.0,0,0.0,0,0.0,0.0,0.8,0.0
2020-11-17,XRP-USD,0.0,0,0.0,0,0.0,0.0,0.72,0.0
2020-11-18,XRP-USD,0.0,0,0.0,0,0.0,0.0,0.8200000000000001,0.0
2020-11-19,XRP-USD,0.0,0,0.0,0,0.0,0.0,0.8799999999999999,0.0
2020-11-20,XRP-USD,0.0,0,0.0,0,0.0,0.0,0.72,0.0
2020-11-21,XRP-USD,0.0,0,0.0,0,0.0,0.0,0.8200000000000001,0.0
2020-11-22,XRP-USD,0.0,0,0.0,0,0.0,0.0,0.8799999999999999,0.0
2020-11-23,XRP-USD,0.0,0,0.0,0,0.0,0.0,0.8,0.0
2020-11-24,XRP-USD,0.0,0,0.0,0,0.0,0.0,0.76,0.0
2020-11-25,XRP-USD,0.0,0,0.0,0,0.0,0.0,0.8799999999999999,0.0
2020-11-26,XRP-USD,0.0,0,0.0,0,0.0,0.0,0.8600000000000001,0.0
2020-11-27,XRP-USD,0.0,0,0.0,0,0.0,0.0,0.72,0.0
2020-11-28,XRP-USD,0.0,0,0.0,0,0.0,0.0,0.74,0.0
2020-11-29,XRP-USD,0.0,0,0.0,0,0.0,0.0,0.78,0.0
2020-11-30,XRP-USD,0.0,0,0.0,0,0.0,0.0,0.76,0.0
2020-12-01,XRP-USD,0.0,0,0.0,0,0.0,0.0,0.8999999999999999,0.0
2020-12-02,XRP-USD,0.0,0,0.0,0,0.0,0.0,0.8400000000000001,0.0
2020-12-03,XRP-USD,0.0,0,0.0,0,0.0,0.0,0.8400000000000001,0.0
2020-12-04,XRP-USD,0.0,0,0.0,0,0.0,0.0,0.8400000000000001,0.0
2020-12-05,XRP-USD,0.0,0,0.0,0,0.0,0.0,0.8600000000000001,0.0
2020-12-06,XRP-USD,0.0,0,0.0,0,0.0,0.0,0.8999999999999999,0.0
2020-12-07,XRP-USD,0.0,0,0.0,0,0.0,0.0,0.8799999999999999,0.0
2020-12-08,XRP-USD,0.0,0,0.0,0,0.0,0.0,0.8999999999999999,0.0
2020-12-09,XRP-USD,0.0,0,0.0,0,0.0,0.0,0.72,0.0
2020-12-10,XRP-USD,0.0,0,0.0,0,0.0,0.0,0.8799999999999999,0.0
2020-12-11,XRP-USD,0.0,0,0.0,0,0.0,0.0,0.78,0.0
2020-12-12,XRP-USD,0.0,0,0.0,0,0.0,0.0,0.8,0.0
2020-12-13,XRP-USD,0.0,0,0.0,0,0.0,0.0,0.8200000000000001,0.0
2020-12-14,XRP-USD,0.0,0,0.0,0,0.0,0.0,0.8999999999999999,0.0
2020-12-15,XRP-USD,0.0,0,0.0,0,0.0,0.0,0.8200000000000001,0.0
2020-12-16,XRP-USD,0.0,0,0.0,0,0.0,0.0,0.8400000000000001,0.0
2020-12-17,XRP-USD,0.0,0,0.0,0,0.0,0.0,0.8400000000000001,0.0
2020-12-18,XRP-USD,0.0,0,0.0,0,0.0,0.0,0.8999999999999999,0.0
2020-12-19,XRP-USD,0.0,0,0.0,0,0.0,0.0,0.8600000000000001,0.0
2020-12-20,XRP-USD,0.0,0,0.0,0,0.0,0.0,0.8400000000000001,0.0
2020-12-21,XRP-USD,0.0,0,0.0,0,0.0,0.0,0.8400000000000001,0.0
2020-12-22,XRP-USD,0.0,0,0.0,0,0.0,0.0,0.76,0.0
2020-12-23,XRP-USD,0.0,0,0.0,0,0.0,0.0,0.8600000000000001,0.0
2020-12-24,XRP-USD,0.0,0,0.0,0,0.0,0.0,0.72,0.0
2020-12-25,XRP-USD,0.0,0,0.0,0,0.0,0.0,0.8799999999999999,0.0
2020-12-26,XRP-USD,0.0,0,0.0,0,0.0,0.0,0.8600000000000001,0.0
2020-12-27,XRP-USD,0.0,0,0.0,0,0.0,0.0,0.8200000000000001,0.0
2020-12-28,XRP-USD,0.0,0,0.0,0,0.0,0.0,0.8400000000000001,0.0
2020-12-29,XRP-USD,0.0,0,0.0,0,0.0,0.0,0.8200000000000001,0.0
2020-12-30,XRP-USD,0.0,0,0.0,0,0.0,0.0,0.8200000000000001,0.0
2020-12-31,XRP-USD,0.0,0,0.0,0,0.0,0.0,0.8999999999999999,0.0
2021-01-01,XRP-USD,0.0,0,0.0,0,0.0,0.0,0.8799999999999999,0.0
2021-01-02,XRP-USD,0.0,0,0.0,0,0.0,0.0,0.8799999999999999,0.0
2021-01-03,XRP-USD,0.0,0,0.0,0,0.0,0.0,0.8600000000000001,0.0
2021-01-04,XRP-USD,0.0,0,0.0,0,0.0,0.0,0.8799999999999999,0.0
2021-01-05,XRP-USD,0.0,0,0.0,0,0.0,0.0,0.8600000000000001,0.0
2021-01-06,XRP-USD,0.0,0,0.0,0,0.0,0.0,0.8999999999999999,0.0
2021-01-07,XRP-USD,0.0,0,0.0,0,0.0,0.0,0.8200000000000001,0.0
2021-01-08,XRP-USD,0.0,0,0.0,0,0.0,0.0,0.8600000000000001,0.0
2021-01-09,XRP-USD,0.0,0,0.0,0,0.0,0.0,0.8600000000000001,0.0
2021-01-10,XRP-USD,0.0,0,0.0,0,0.0,0.0,0.8799999999999999,0.0
2021-01-11,XRP-USD,0.0,0,0.0,0,0.0,0.0,0.8,0.0
2021-01-12,XRP-USD,0.0,0,0.0,0,0.0,0.0,0.6799999999999999,0.0
2021-01-13,XRP-USD,0.0,0,0.0,0,0.0,0.0,0.56,0.0
2021-01-14,XRP-USD,0.0,0,0.0,0,0.0,0.0,0.6599999999999999,0.0
2021-01-15,XRP-USD,0.0,0,0.0,0,0.0,0.0,0.76,0.0
2021-01-16,XRP-USD,0.0,0,0.0,0,0.0,0.0,0.6799999999999999,0.0
2021-01-17,XRP-USD,0.0,0,0.0,0,0.0,0.0,0.5800000000000001,0.0
2021-01-18,XRP-USD,0.0,0,0.0,0,0.0,0.0,0.5800000000000001,0.0
2021-01-19,XRP-USD,0.0,0,0.0,0,0.0,0.0,0.6000000000000001,0.0
2021-01-20,XRP-USD,0.0,0,0.0,0,0.0,0.0,0.56,0.0
2021-01-21,XRP-USD,0.0,0,0.0,0,0.0,0.0,0.5,0.0
2021-01-22,XRP-USD,0.0,0,0.0,0,0.0,0.0,-0.19999999999999996,0.0
2021-01-23,XRP-USD,0.0,0,0.0,0,0.0,0.0,0.48,0.0
2021-01-24,XRP-USD,0.0,0,0.0,0,0.0,0.0,0.3999999999999999,0.0
2021-01-25,XRP-USD,0.0,0,0.0,0,0.0,0.0,0.48,0.0
2021-01-26,XRP-USD,0.0,0,0.0,0,0.0,0.0,0.41999999999999993,0.0
2021-01-27,XRP-USD,0.0,0,0.0,0,0.0,0.0,0.56,0.0
2021-01-28,XRP-USD,0.0,0,0.0,0,0.0,0.0,0.10000000000000009,0.0
2021-01-29,XRP-USD,0.0,0,0.0,0,0.0,0.0,0.54,0.0
2021-01-30,XRP-USD,0.0,0,0.0,0,0.0,0.0,0.52,0.0
2021-01-31,XRP-USD,0.0,0,0.0,0,0.0,0.0,0.56,0.0
2021-02-01,XRP-USD,0.0,0,0.0,0,0.0,0.0,0.54,0.0
2021-02-02,XRP-USD,0.0,0,0.0,0,0.0,0.0,0.52,0.0
2021-02-03,XRP-USD,0.0,0,0.0,0,0.0,0.0,0.56,0.0
2021-02-04,XRP-USD,0.0,0,0.0,0,0.0,0.0,0.6000000000000001,0.0
2021-02-05,XRP-USD,0.0,0,0.0,0,0.0,0.0,0.6200000000000001,0.0
2021-02-06,XRP-USD,0.0,0,0.0,0,0.0,0.0,0.6799999999999999,0.0
2021-02-07,XRP-USD,0.0,0,0.0,0,0.0,0.0,0.72,0.0
2021-02-08,XRP-USD,0.0,0,0.0,0,0.0,0.0,0.6599999999999999,0.0
2021-02-09,XRP-USD,0.0,0,0.0,0,0.0,0.0,0.8999999999999999,0.0
2021-02-10,XRP-USD,0.0,0,0.0,0,0.0,0.0,0.8400000000000001,0.0
2021-02-11,XRP-USD,0.0,0,0.0,0,0.0,0.0,0.8600000000000001,0.0
2021-02-12,XRP-USD,0.0,0,0.0,0,0.0,0.0,0.8400000000000001,0.0
2021-02-13,XRP-USD,0.0,0,0.0,0,0.0,0.0,0.8400000000000001,0.0
2021-02-14,XRP-USD,0.0,0,0.0,0,0.0,0.0,0.8999999999999999,0.0
2021-02-15,XRP-USD,0.0,0,0.0,0,0.0,0.0,0.8600000000000001,0.0
2021-02-16,XRP-USD,0.0,0,0.0,0,0.0,0.0,0.8999999999999999,0.0
2021-02-17,XRP-USD,0.0,0,0.0,0,0.0,0.0,0.8999999999999999,0.0
2021-02-18,XRP-USD,0.0,0,0.0,0,0.0,0.0,0.8200000000000001,0.0
2021-02-19,XRP-USD,0.0,0,0.0,0,0.0,0.0,0.8600000000000001,0.0
2021-02-20,XRP-USD,0.0,0,0.0,0,0.0,0.0,0.8200000000000001,0.0
2021-02-21,XRP-USD,0.0,0,0.0,0,0.0,0.0,0.8200000000000001,0.0
2021-02-22,XRP-USD,0.0,0,0.0,0,0.0,0.0,0.8799999999999999,0.0
2021-02-23,XRP-USD,0.0,0,0.0,0,0.0,0.0,0.8799999999999999,0.0
2021-02-24,XRP-USD,0.0,0,0.0,0,0.0,0.0,0.52,0.0
2021-02-25,XRP-USD,0.0,0,0.0,0,0.0,0.0,0.5800000000000001,0.0
2021-02-26,XRP-USD,0.0,0,0.0,0,0.0,0.0,0.10000000000000009,0.0
2021-02-27,XRP-USD,0.0,0,0.0,0,0.0,0.0,0.1200000000000001,0.0
2021-02-28,XRP-USD,0.0,0,0.0,0,0.0,0.0,0.10000000000000009,0.0
2021-03-01,XRP-USD,0.0,0,0.0,0,0.0,0.0,-0.24,0.0
2021-03-02,XRP-USD,0.0,0,0.0,0,0.0,0.0,0.56,0.0
2021-03-03,XRP-USD,0.0,0,0.0,0,0.0,0.0,0.56,0.0
2021-03-04,XRP-USD,0.0,0,0.0,0,0.0,0.0,0.6799999999999999,0.0
2021-03-05,XRP-USD,0.0,0,0.0,0,0.0,0.0,0.54,0.0
2021-03-06,XRP-USD,0.0,0,0.0,0,0.0,0.0,0.54,0.0
2021-03-07,XRP-USD,0.0,0,0.0,0,0.0,0.0,0.52,0.0
2021-03-08,XRP-USD,0.0,0,0.0,0,0.0,0.0,0.6200000000000001,0.0
2021-03-09,XRP-USD,0.0,0,0.0,0,0.0,0.0,0.6200000000000001,0.0
2021-03-10,XRP-USD,0.0,0,0.0,0,0.0,0.0,0.3600000000000001,0.0
2021-03-11,XRP-USD,0.0,0,0.0,0,0.0,0.0,0.45999999999999996,0.0
2021-03-12,XRP-USD,0.0,0,0.0,0,0.0,0.0,0.3999999999999999,0.0
2021-03-13,XRP-USD,0.0,0,0.0,0,0.0,0.0,0.48,0.0
2021-03-14,XRP-USD,0.0,0,0.0,0,0.0,0.0,0.56,0.0
2021-03-15,XRP-USD,0.0,0,0.0,0,0.0,0.0,0.52,0.0
2021-03-16,XRP-USD,0.0,0,0.0,0,0.0,0.0,0.41999999999999993,0.0
2021-03-17,XRP-USD,0.0,0,0.0,0,0.0,0.0,0.41999999999999993,0.0
2021-03-18,XRP-USD,0.0,0,0.0,0,0.0,0.0,0.43999999999999995,0.0
2021-03-19,XRP-USD,0.0,0,0.0,0,0.0,0.0,0.41999999999999993,0.0
2021-03-20,XRP-USD,0.0,0,0.0,0,0.0,0.0,0.5,0.0
2021-03-21,XRP-USD,0.0,0,0.0,0,0.0,0.0,0.45999999999999996,0.0
2021-03-22,XRP-USD,0.0,0,0.0,0,0.0,0.0,0.3999999999999999,0.0
2021-03-23,XRP-USD,0.0,0,0.0,0,0.0,0.0,0.32000000000000006,0.0
2021-03-24,XRP-USD,0.0,0,0.0,0,0.0,0.0,0.30000000000000004,0.0
2021-03-25,XRP-USD,0.0,0,0.0,0,0.0,0.0,0.19999999999999996,0.0
2021-03-26,XRP-USD,0.0,0,0.0,0,0.0,0.0,0.08000000000000007,0.0
2021-03-27,XRP-USD,0.0,0,0.0,0,0.0,0.0,0.30000000000000004,0.0
2021-03-28,XRP-USD,0.0,0,0.0,0,0.0,0.0,0.48,0.0
2021-03-29,XRP-USD,0.0,0,0.0,0,0.0,0.0,0.43999999999999995,0.0
2021-03-30,XRP-USD,0.0,0,0.0,0,0.0,0.0,0.43999999999999995,0.0
2021-03-31,XRP-USD,0.0,0,0.0,0,0.0,0.0,0.52,0.0
2021-04-01,XRP-USD,0.0,0,0.0,0,0.0,0.0,0.48,0.0
2021-04-02,XRP-USD,0.0,0,0.0,0,0.0,0.0,0.48,0.0
2021-04-03,XRP-USD,0.0,0,0.0,0,0.0,0.0,0.45999999999999996,0.0
2021-04-04,XRP-USD,0.0,0,0.0,0,0.0,0.0,0.48,0.0
2021-04-05,XRP-USD,0.0,0,0.0,0,0.0,0.0,0.41999999999999993,0.0
2021-04-06,XRP-USD,0.0,0,0.0,0,0.0,0.0,0.5,0.0
2021-04-07,XRP-USD,0.0,0,0.0,0,0.0,0.0,0.43999999999999995,0.0
2021-04-08,XRP-USD,0.0,0,0.0,0,0.0,0.0,0.45999999999999996,0.0
2021-04-09,XRP-USD,0.0,0,0.0,0,0.0,0.0,0.3999999999999999,0.0
2021-04-10,XRP-USD,0.0,0,0.0,0,0.0,0.0,0.3999999999999999,0.0
2021-04-11,XRP-USD,0.0,0,0.0,0,0.0,0.0,0.52,0.0
2021-04-12,XRP-USD,0.0,0,0.0,0,0.0,0.0,0.48,0.0
2021-04-13,XRP-USD,0.0,0,0.0,0,0.0,0.0,0.48,0.0
2021-04-14,XRP-USD,0.0,0,0.0,0,0.0,0.0,0.5,0.0
2021-04-15,XRP-USD,0.0,0,0.0,0,0.0,0.0,0.5800000000000001,0.0
2021-04-16,XRP-USD,0.0,0,0.0,0,0.0,0.0,0.56,0.0
2021-04-17,XRP-USD,0.0,0,0.0,0,0.0,0.0,0.52,0.0
2021-04-18,XRP-USD,0.0,0,0.0,0,0.0,0.0,0.5800000000000001,0.0
2021-04-19,XRP-USD,0.0,0,0.0,0,0.0,0.0,0.48,0.0
2021-04-20,XRP-USD,0.0,0,0.0,0,0.0,0.0,0.45999999999999996,0.0
2021-04-21,XRP-USD,0.0,0,0.0,0,0.0,0.0,0.45999999999999996,0.0
2021-04-22,XRP-USD,0.0,0,0.0,0,0.0,0.0,0.30000000000000004,0.0
2021-04-23,XRP-USD,0.0,0,0.0,0,0.0,0.0,0.10000000000000009,0.0
2021-04-24,XRP-USD,0.0,0,0.0,0,0.0,0.0,-0.26,0.0
2021-04-25,XRP-USD,0.0,0,0.0,0,0.0,0.0,-0.38,0.0
2021-04-26,XRP-USD,0.0,0,0.0,0,0.0,0.0,-0.45999999999999996,0.0
2021-04-27,XRP-USD,0.0,0,0.0,0,0.0,0.0,0.0,0.0
2021-04-28,XRP-USD,0.0,0,0.0,0,0.0,0.0,0.17999999999999994,0.0
2021-04-29,XRP-USD,0.0,0,0.0,0,0.0,0.0,0.040000000000000036,0.0
2021-04-30,XRP-USD,0.0,0,0.0,0,0.0,0.0,0.020000000000000018,0.0
2021-05-01,XRP-USD,0.0,0,0.0,0,0.0,0.0,0.3600000000000001,0.0
2021-05-02,XRP-USD,0.0,0,0.0,0,0.0,0.0,0.32000000000000006,0.0
2021-05-03,XRP-USD,0.0,0,0.0,0,0.0,0.0,0.21999999999999997,0.0
2021-05-04,XRP-USD,0.0,0,0.0,0,0.0,0.0,0.3600000000000001,0.0
2021-05-05,XRP-USD,0.0,0,0.0,0,0.0,0.0,-0.040000000000000036,0.0
2021-05-06,XRP-USD,0.0,0,0.0,0,0.0,0.0,0.30000000000000004,0.0
2021-05-07,XRP-USD,0.0,0,0.0,0,0.0,0.0,0.28,0.0
2021-05-08,XRP-USD,0.0,0,0.0,0,0.0,0.0,0.3400000000000001,0.0
2021-05-09,XRP-USD,0.0,0,0.0,0,0.0,0.0,0.45999999999999996,0.0
2021-05-10,XRP-USD,0.0,0,0.0,0,0.0,0.0,0.43999999999999995,0.0
2021-05-11,XRP-USD,0.0,0,0.0,0,0.0,0.0,0.21999999999999997,0.0
2021-05-12,XRP-USD,0.0,0,0.0,0,0.0,0.0,0.3600000000000001,0.0
2021-05-13,XRP-USD,0.0,0,0.0,0,0.0,0.0,-0.38,0.0
2021-05-14,XRP-USD,0.0,0,0.0,0,0.0,0.0,-0.48,0.0
2021-05-15,XRP-USD,0.0,0,0.0,0,0.0,0.0,-0.45999999999999996,0.0
2021-05-16,XRP-USD,0.0,0,0.0,0,0.0,0.0,-0.6,0.0
2021-05-17,XRP-USD,0.0,0,0.0,0,0.0,0.0,-0.45999999999999996,0.0
2021-05-18,XRP-USD,0.0,0,0.0,0,0.0,0.0,-0.5800000000000001,0.0
2021-05-19,XRP-USD,0.0,0,0.0,0,0.0,0.0,-0.54,0.0
2021-05-20,XRP-USD,0.0,0,0.0,0,0.0,0.0,-0.78,0.0
2021-05-21,XRP-USD,0.0,0,0.0,0,0.0,0.0,-0.62,0.0
2021-05-22,XRP-USD,0.0,0,0.0,0,0.0,0.0,-0.76,0.0
2021-05-23,XRP-USD,0.0,0,0.0,0,0.0,0.0,-0.72,0.0
2021-05-24,XRP-USD,0.0,0,0.0,0,0.0,0.0,-0.8,0.0
2021-05-25,XRP-USD,0.0,0,0.0,0,0.0,0.0,-0.56,0.0
2021-05-26,XRP-USD,0.0,0,0.0,0,0.0,0.0,-0.56,0.0
2021-05-27,XRP-USD,0.0,0,0.0,0,0.0,0.0,-0.45999999999999996,0.0
2021-05-28,XRP-USD,0.0,0,0.0,0,0.0,0.0,-0.5800000000000001,0.0
2021-05-29,XRP-USD,0.0,0,0.0,0,0.0,0.0,-0.64,0.0
2021-05-30,XRP-USD,0.0,0,0.0,0,0.0,0.0,-0.8,0.0
2021-05-31,XRP-USD,0.0,0,0.0,0,0.0,0.0,-0.64,0.0
2021-06-01,XRP-USD,0.0,0,0.0,0,0.0,0.0,-0.6,0.0
2021-06-02,XRP-USD,0.0,0,0.0,0,0.0,0.0,-0.54,0.0
2021-06-03,XRP-USD,0.0,0,0.0,0,0.0,0.0,-0.52,0.0
2021-06-04,XRP-USD,0.0,0,0.0,0,0.0,0.0,-0.45999999999999996,0.0
2021-06-05,XRP-USD,0.0,0,0.0,0,0.0,0.0,-0.52,0.0
2021-06-06,XRP-USD,0.0,0,0.0,0,0.0,0.0,-0.6599999999999999,0.0
2021-06-07,XRP-USD,0.0,0,0.0,0,0.0,0.0,-0.7,0.0
2021-06-08,XRP-USD,0.0,0,0.0,0,0.0,0.0,-0.74,0.0
2021-06-09,XRP-USD,0.0,0,0.0,0,0.0,0.0,-0.72,0.0
2021-06-10,XRP-USD,0.0,0,0.0,0,0.0,0.0,-0.5800000000000001,0.0
2021-06-11,XRP-USD,0.0,0,0.0,0,0.0,0.0,-0.5800000000000001,0.0
2021-06-12,XRP-USD,0.0,0,0.0,0,0.0,0.0,-0.43999999999999995,0.0
2021-06-13,XRP-USD,0.0,0,0.0,0,0.0,0.0,-0.54,0.0
2021-06-14,XRP-USD,0.0,0,0.0,0,0.0,0.0,-0.43999999999999995,0.0
2021-06-15,XRP-USD,0.0,0,0.0,0,0.0,0.0,-0.24,0.0
2021-06-16,XRP-USD,0.0,0,0.0,0,0.0,0.0,-0.33999999999999997,0.0
2021-06-17,XRP-USD,0.0,0,0.0,0,0.0,0.0,-0.48,0.0
2021-06-18,XRP-USD,0.0,0,0.0,0,0.0,0.0,-0.5,0.0
2021-06-19,XRP-USD,0.0,0,0.0,0,0.0,0.0,-0.54,0.0
2021-06-20,XRP-USD,0.0,0,0.0,0,0.0,0.0,-0.5800000000000001,0.0
2021-06-21,XRP-USD,0.0,0,0.0,0,0.0,0.0,-0.54,0.0
2021-06-22,XRP-USD,0.0,0,0.0,0,0.0,0.0,-0.8,0.0
2021-06-23,XRP-USD,0.0,0,0.0,0,0.0,0.0,-0.72,0.0
2021-06-24,XRP-USD,0.0,0,0.0,0,0.0,0.0,-0.56,0.0
2021-06-25,XRP-USD,0.0,0,0.0,0,0.0,0.0,-0.45999999999999996,0.0
2021-06-26,XRP-USD,0.0,0,0.0,0,0.0,0.0,-0.6,0.0
2021-06-27,XRP-USD,0.0,0,0.0,0,0.0,0.0,-0.56,0.0
2021-06-28,XRP-USD,0.0,0,0.0,0,0.0,0.0,-0.5,0.0
2021-06-29,XRP-USD,0.0,0,0.0,0,0.0,0.0,-0.5,0.0
2021-06-30,XRP-USD,0.0,0,0.0,0,0.0,0.0,-0.43999999999999995,0.0
2021-07-01,XRP-USD,0.0,0,0.0,0,0.0,0.0,-0.43999999999999995,0.0
2021-07-02,XRP-USD,0.0,0,0.0,0,0.0,0.0,-0.5800000000000001,0.0
2021-07-03,XRP-USD,0.0,0,0.0,0,0.0,0.0,-0.52,0.0
2021-07-04,XRP-USD,0.0,0,0.0,0,0.0,0.0,-0.45999999999999996,0.0
2021-07-05,XRP-USD,0.0,0,0.0,0,0.0,0.0,-0.42000000000000004,0.0
2021-07-06,XRP-USD,0.0,0,0.0,0,0.0,0.0,-0.6,0.0
2021-07-07,XRP-USD,0.0,0,0.0,0,0.0,0.0,-0.43999999999999995,0.0
2021-07-08,XRP-USD,0.0,0,0.0,0,0.0,0.0,-0.6,0.0
2021-07-09,XRP-USD,0.0,0,0.0,0,0.0,0.0,-0.6,0.0
2021-07-10,XRP-USD,0.0,0,0.0,0,0.0,0.0,-0.6,0.0
2021-07-11,XRP-USD,0.0,0,0.0,0,0.0,0.0,-0.6,0.0
2021-07-12,XRP-USD,0.0,0,0.0,0,0.0,0.0,-0.5,0.0
2021-07-13,XRP-USD,0.0,0,0.0,0,0.0,0.0,-0.6,0.0
2021-07-14,XRP-USD,0.0,0,0.0,0,0.0,0.0,-0.5800000000000001,0.0
2021-07-15,XRP-USD,0.0,0,0.0,0,0.0,0.0,-0.6,0.0
2021-07-16,XRP-USD,0.0,0,0.0,0,0.0,0.0,-0.56,0.0
2021-07-17,XRP-USD,0.0,0,0.0,0,0.0,0.0,-0.7,0.0
2021-07-18,XRP-USD,0.0,0,0.0,0,0.0,0.0,-0.62,0.0
2021-07-19,XRP-USD,0.0,0,0.0,0,0.0,0.0,-0.52,0.0
2021-07-20,XRP-USD,0.0,0,0.0,0,0.0,0.0,-0.62,0.0
2021-07-21,XRP-USD,0.0,0,0.0,0,0.0,0.0,-0.8,0.0
2021-07-22,XRP-USD,0.0,0,0.0,0,0.0,0.0,-0.5800000000000001,0.0
2021-07-23,XRP-USD,0.0,0,0.0,0,0.0,0.0,-0.54,0.0
2021-07-24,XRP-USD,0.0,0,0.0,0,0.0,0.0,-0.56,0.0
2021-07-25,XRP-USD,0.0,0,0.0,0,0.0,0.0,-0.45999999999999996,0.0
2021-07-26,XRP-USD,0.0,0,0.0,0,0.0,0.0,-0.48,0.0
2021-07-27,XRP-USD,0.0,0,0.0,0,0.0,0.0,-0.36,0.0
2021-07-28,XRP-USD,0.0,0,0.0,0,0.0,0.0,0.0,0.0
2021-07-29,XRP-USD,0.0,0,0.0,0,0.0,0.0,0.0,0.0
2021-07-30,XRP-USD,0.0,0,0.0,0,0.0,0.0,0.06000000000000005,0.0
2021-07-31,XRP-USD,0.0,0,0.0,0,0.0,0.0,0.19999999999999996,0.0
2021-08-01,XRP-USD,0.0,0,0.0,0,0.0,0.0,0.19999999999999996,0.0
2021-08-02,XRP-USD,0.0,0,0.0,0,0.0,0.0,-0.040000000000000036,0.0
2021-08-03,XRP-USD,0.0,0,0.0,0,0.0,0.0,-0.040000000000000036,0.0
2021-08-04,XRP-USD,0.0,0,0.0,0,0.0,0.0,-0.16000000000000003,0.0
2021-08-05,XRP-USD,0.0,0,0.0,0,0.0,0.0,0.0,0.0
2021-08-06,XRP-USD,0.0,0,0.0,0,0.0,0.0,0.040000000000000036,0.0
2021-08-07,XRP-USD,0.0,0,0.0,0,0.0,0.0,0.3799999999999999,0.0
2021-08-08,XRP-USD,0.0,0,0.0,0,0.0,0.0,0.48,0.0
2021-08-09,XRP-USD,0.0,0,0.0,0,0.0,0.0,0.30000000000000004,0.0
2021-08-10,XRP-USD,0.0,0,0.0,0,0.0,0.0,0.41999999999999993,0.0
2021-08-11,XRP-USD,0.0,0,0.0,0,0.0,0.0,0.3999999999999999,0.0
2021-08-12,XRP-USD,0.0,0,0.0,0,0.0,0.0,0.3999999999999999,0.0
2021-08-13,XRP-USD,0.0,0,0.0,0,0.0,0.0,0.3999999999999999,0.0
2021-08-14,XRP-USD,0.0,0,0.0,0,0.0,0.0,0.52,0.0
2021-08-15,XRP-USD,0.0,0,0.0,0,0.0,0.0,0.41999999999999993,0.0
2021-08-16,XRP-USD,0.0,0,0.0,0,0.0,0.0,0.43999999999999995,0.0
2021-08-17,XRP-USD,0.0,0,0.0,0,0.0,0.0,0.43999999999999995,0.0
2021-08-18,XRP-USD,0.0,0,0.0,0,0.0,0.0,0.45999999999999996,0.0
2021-08-19,XRP-USD,0.0,0,0.0,0,0.0,0.0,0.3999999999999999,0.0
2021-08-20,XRP-USD,0.0,0,0.0,0,0.0,0.0,0.3999999999999999,0.0
2021-08-21,XRP-USD,0.0,0,0.0,0,0.0,0.0,0.56,0.0
2021-08-22,XRP-USD,0.0,0,0.0,0,0.0,0.0,0.52,0.0
2021-08-23,XRP-USD,0.0,0,0.0,0,0.0,0.0,0.5800000000000001,0.0
2021-08-24,XRP-USD,0.0,0,0.0,0,0.0,0.0,0.5800000000000001,0.0
2021-08-25,XRP-USD,0.0,0,0.0,0,0.0,0.0,0.45999999999999996,0.0
2021-08-26,XRP-USD,0.0,0,0.0,0,0.0,0.0,0.5,0.0
2021-08-27,XRP-USD,0.0,0,0.0,0,0.0,0.0,0.41999999999999993,0.0
2021-08-28,XRP-USD,0.0,0,0.0,0,0.0,0.0,0.56,0.0
2021-08-29,XRP-USD,0.0,0,0.0,0,0.0,0.0,0.43999999999999995,0.0
2021-08-30,XRP-USD,0.0,0,0.0,0,0.0,0.0,0.45999999999999996,0.0
2021-08-31,XRP-USD,0.0,0,0.0,0,0.0,0.0,0.45999999999999996,0.0
2021-09-01,XRP-USD,0.0,0,0.0,0,0.0,0.0,0.41999999999999993,0.0
2021-09-02,XRP-USD,0.0,0,0.0,0,0.0,0.0,0.48,0.0
2021-09-03,XRP-USD,0.0,0,0.0,0,0.0,0.0,0.48,0.0
2021-09-04,XRP-USD,0.0,0,0.0,0,0.0,0.0,0.43999999999999995,0.0
2021-09-05,XRP-USD,0.0,0,0.0,0,0.0,0.0,0.45999999999999996,0.0
2021-09-06,XRP-USD,0.0,0,0.0,0,0.0,0.0,0.5800000000000001,0.0
2021-09-07,XRP-USD,0.0,0,0.0,0,0.0,0.0,0.5800000000000001,0.0
2021-09-08,XRP-USD,0.0,0,0.0,0,0.0,0.0,-0.06000000000000005,0.0
2021-09-09,XRP-USD,0.0,0,0.0,0,0.0,0.0,-0.09999999999999998,0.0
2021-09-10,XRP-USD,0.0,0,0.0,0,0.0,0.0,-0.07999999999999996,0.0
2021-09-11,XRP-USD,0.0,0,0.0,0,0.0,0.0,-0.38,0.0
2021-09-12,XRP-USD,0.0,0,0.0,0,0.0,0.0,-0.36,0.0
2021-09-13,XRP-USD,0.0,0,0.0,0,0.0,0.0,-0.12,0.0
2021-09-14,XRP-USD,0.0,0,0.0,0,0.0,0.0,-0.4,0.0
2021-09-15,XRP-USD,0.0,0,0.0,0,0.0,0.0,-0.020000000000000018,0.0
2021-09-16,XRP-USD,0.0,0,0.0,0,0.0,0.0,0.06000000000000005,0.0
2021-09-17,XRP-USD,0.0,0,0.0,0,0.0,0.0,-0.040000000000000036,0.0
2021-09-18,XRP-USD,0.0,0,0.0,0,0.0,0.0,0.0,0.0
2021-09-19,XRP-USD,0.0,0,0.0,0,0.0,0.0,0.06000000000000005,0.0
2021-09-20,XRP-USD,0.0,0,0.0,0,0.0,0.0,0.0,0.0
2021-09-21,XRP-USD,0.0,0,0.0,0,0.0,0.0,-0.45999999999999996,0.0
2021-09-22,XRP-USD,0.0,0,0.0,0,0.0,0.0,-0.5800000000000001,0.0
2021-09-23,XRP-USD,0.0,0,0.0,0,0.0,0.0,-0.45999999999999996,0.0
2021-09-24,XRP-USD,0.0,0,0.0,0,0.0,0.0,-0.33999999999999997,0.0
2021-09-25,XRP-USD,0.0,0,0.0,0,0.0,0.0,-0.43999999999999995,0.0
2021-09-26,XRP-USD,0.0,0,0.0,0,0.0,0.0,-0.45999999999999996,0.0
2021-09-27,XRP-USD,0.0,0,0.0,0,0.0,0.0,-0.48,0.0
2021-09-28,XRP-USD,0.0,0,0.0,0,0.0,0.0,-0.5,0.0
2021-09-29,XRP-USD,0.0,0,0.0,0,0.0,0.0,-0.52,0.0
2021-09-30,XRP-USD,0.0,0,0.0,0,0.0,0.0,-0.6,0.0
2021-10-01,XRP-USD,0.0,0,0.0,0,0.0,0.0,-0.45999999999999996,0.0
2021-10-02,XRP-USD,0.0,0,0.0,0,0.0,0.0,0.08000000000000007,0.0
2021-10-03,XRP-USD,0.0,0,0.0,0,0.0,0.0,-0.020000000000000018,0.0
2021-10-04,XRP-USD,0.0,0,0.0,0,0.0,0.0,0.08000000000000007,0.0
2021-10-05,XRP-USD,0.0,0,0.0,0,0.0,0.0,0.17999999999999994,0.0
2021-10-06,XRP-USD,0.0,0,0.0,0,0.0,0.0,0.3600000000000001,0.0
2021-10-07,XRP-USD,0.0,0,0.0,0,0.0,0.0,0.52,0.0
2021-10-08,XRP-USD,0.0,0,0.0,0,0.0,0.0,0.48,0.0
2021-10-09,XRP-USD,0.0,0,0.0,0,0.0,0.0,0.43999999999999995,0.0
2021-10-10,XRP-USD,0.0,0,0.0,0,0.0,0.0,0.41999999999999993,0.0
2021-10-11,XRP-USD,0.0,0,0.0,0,0.0,0.0,0.41999999999999993,0.0
2021-10-12,XRP-USD,0.0,0,0.0,0,0.0,0.0,0.56,0.0
2021-10-13,XRP-USD,0.0,0,0.0,0,0.0,0.0,0.3999999999999999,0.0
2021-10-14,XRP-USD,0.0,0,0.0,0,0.0,0.0,0.3999999999999999,0.0
2021-10-15,XRP-USD,0.0,0,0.0,0,0.0,0.0,0.41999999999999993,0.0
2021-10-16,XRP-USD,0.0,0,0.0,0,0.0,0.0,0.56,0.0
2021-10-17,XRP-USD,0.0,0,0.0,0,0.0,0.0,0.5800000000000001,0.0
2021-10-18,XRP-USD,0.0,0,0.0,0,0.0,0.0,0.56,0.0
2021-10-19,XRP-USD,0.0,0,0.0,0,0.0,0.0,0.5,0.0
2021-10-20,XRP-USD,0.0,0,0.0,0,0.0,0.0,0.6399999999999999,0.0
2021-10-21,XRP-USD,0.0,0,0.0,0,0.0,0.0,0.6799999999999999,0.0
2021-10-22,XRP-USD,0.0,0,0.0,0,0.0,0.0,0.5,0.0
2021-10-23,XRP-USD,0.0,0,0.0,0,0.0,0.0,0.48,0.0
2021-10-24,XRP-USD,0.0,0,0.0,0,0.0,0.0,0.45999999999999996,0.0
2021-10-25,XRP-USD,0.0,0,0.0,0,0.0,0.0,0.43999999999999995,0.0
2021-10-26,XRP-USD,0.0,0,0.0,0,0.0,0.0,0.52,0.0
2021-10-27,XRP-USD,0.0,0,0.0,0,0.0,0.0,0.45999999999999996,0.0
2021-10-28,XRP-USD,0.0,0,0.0,0,0.0,0.0,0.32000000000000006,0.0
2021-10-29,XRP-USD,0.0,0,0.0,0,0.0,0.0,0.3999999999999999,0.0
2021-10-30,XRP-USD,0.0,0,0.0,0,0.0,0.0,0.45999999999999996,0.0
2021-10-31,XRP-USD,0.0,0,0.0,0,0.0,0.0,0.48,0.0
2021-11-01,XRP-USD,0.0,0,0.0,0,0.0,0.0,0.48,0.0
2021-11-02,XRP-USD,0.0,0,0.0,0,0.0,0.0,0.45999999999999996,0.0
2021-11-03,XRP-USD,0.0,0,0.0,0,0.0,0.0,0.52,0.0
2021-11-04,XRP-USD,0.0,0,0.0,0,0.0,0.0,0.45999999999999996,0.0
2021-11-05,XRP-USD,0.0,0,0.0,0,0.0,0.0,0.45999999999999996,0.0
2021-11-06,XRP-USD,0.0,0,0.0,0,0.0,0.0,0.41999999999999993,0.0
2021-11-07,XRP-USD,0.0,0,0.0,0,0.0,0.0,0.45999999999999996,0.0
2021-11-08,XRP-USD,0.0,0,0.0,0,0.0,0.0,0.5,0.0
2021-11-09,XRP-USD,0.0,0,0.0,0,0.0,0.0,0.6799999999999999,0.0
2021-11-10,XRP-USD,0.0,0,0.0,0,0.0,0.0,0.5,0.0
2021-11-11,XRP-USD,0.0,0,0.0,0,0.0,0.0,0.54,0.0
2021-11-12,XRP-USD,0.0,0,0.0,0,0.0,0.0,0.48,0.0
2021-11-13,XRP-USD,0.0,0,0.0,0,0.0,0.0,0.43999999999999995,0.0
2021-11-14,XRP-USD,0.0,0,0.0,0,0.0,0.0,0.48,0.0
2021-11-15,XRP-USD,0.0,0,0.0,0,0.0,0.0,0.43999999999999995,0.0
2021-11-16,XRP-USD,0.0,0,0.0,0,0.0,0.0,0.41999999999999993,0.0
2021-11-17,XRP-USD,0.0,0,0.0,0,0.0,0.0,0.040000000000000036,0.0
2021-11-18,XRP-USD,0.0,0,0.0,0,0.0,0.0,0.08000000000000007,0.0
2021-11-19,XRP-USD,0.0,0,0.0,0,0.0,0.0,-0.31999999999999995,0.0
2021-11-20,XRP-USD,0.0,0,0.0,0,0.0,0.0,-0.14,0.0
2021-11-21,XRP-USD,0.0,0,0.0,0,0.0,0.0,-0.020000000000000018,0.0
2021-11-22,XRP-USD,0.0,0,0.0,0,0.0,0.0,0.0,0.0
2021-11-23,XRP-USD,0.0,0,0.0,0,0.0,0.0,-0.33999999999999997,0.0
2021-11-24,XRP-USD,0.0,0,0.0,0,0.0,0.0,-0.16000000000000003,0.0
2021-11-25,XRP-USD,0.0,0,0.0,0,0.0,0.0,-0.36,0.0
2021-11-26,XRP-USD,0.0,0,0.0,0,0.0,0.0,-0.06000000000000005,0.0
2021-11-27,XRP-USD,0.0,0,0.0,0,0.0,0.0,-0.5800000000000001,0.0
2021-11-28,XRP-USD,0.0,0,0.0,0,0.0,0.0,-0.45999999999999996,0.0
2021-11-29,XRP-USD,0.0,0,0.0,0,0.0,0.0,-0.33999999999999997,0.0
2021-11-30,XRP-USD,0.0,0,0.0,0,0.0,0.0,-0.19999999999999996,0.0
2021-12-01,XRP-USD,0.0,0,0.0,0,0.0,0.0,-0.31999999999999995,0.0
2021-12-02,XRP-USD,0.0,0,0.0,0,0.0,0.0,-0.36,0.0
2021-12-03,XRP-USD,0.0,0,0.0,0,0.0,0.0,-0.38,0.0
2021-12-04,XRP-USD,0.0,0,0.0,0,0.0,0.0,-0.5,0.0
2021-12-05,XRP-USD,0.0,0,0.0,0,0.0,0.0,-0.64,0.0
2021-12-06,XRP-USD,0.0,0,0.0,0,0.0,0.0,-0.6799999999999999,0.0
2021-12-07,XRP-USD,0.0,0,0.0,0,0.0,0.0,-0.5,0.0
2021-12-08,XRP-USD,0.0,0,0.0,0,0.0,0.0,-0.43999999999999995,0.0
2021-12-09,XRP-USD,0.0,0,0.0,0,0.0,0.0,-0.42000000000000004,0.0
2021-12-10,XRP-USD,0.0,0,0.0,0,0.0,0.0,-0.52,0.0
2021-12-11,XRP-USD,0.0,0,0.0,0,0.0,0.0,-0.6799999999999999,0.0
2021-12-12,XRP-USD,0.0,0,0.0,0,0.0,0.0,-0.45999999999999996,0.0
2021-12-13,XRP-USD,0.0,0,0.0,0,0.0,0.0,-0.43999999999999995,0.0
2021-12-14,XRP-USD,0.0,0,0.0,0,0.0,0.0,-0.5800000000000001,0.0
2021-12-15,XRP-USD,0.0,0,0.0,0,0.0,0.0,-0.43999999999999995,0.0
2021-12-16,XRP-USD,0.0,0,0.0,0,0.0,0.0,-0.42000000000000004,0.0
2021-12-17,XRP-USD,0.0,0,0.0,0,0.0,0.0,-0.54,0.0
2021-12-18,XRP-USD,0.0,0,0.0,0,0.0,0.0,-0.52,0.0
2021-12-19,XRP-USD,0.0,0,0.0,0,0.0,0.0,-0.42000000000000004,0.0
2021-12-20,XRP-USD,0.0,0,0.0,0,0.0,0.0,-0.5,0.0
2021-12-21,XRP-USD,0.0,0,0.0,0,0.0,0.0,-0.45999999999999996,0.0
2021-12-22,XRP-USD,0.0,0,0.0,0,0.0,0.0,-0.09999999999999998,0.0
2021-12-23,XRP-USD,0.0,0,0.0,0,0.0,0.0,-0.31999999999999995,0.0
2021-12-24,XRP-USD,0.0,0,0.0,0,0.0,0.0,-0.18000000000000005,0.0
2021-12-25,XRP-USD,0.0,0,0.0,0,0.0,0.0,-0.21999999999999997,0.0
2021-12-26,XRP-USD,0.0,0,0.0,0,0.0,0.0,-0.26,0.0
2021-12-27,XRP-USD,0.0,0,0.0,0,0.0,0.0,-0.19999999999999996,0.0
2021-12-28,XRP-USD,0.0,0,0.0,0,0.0,0.0,-0.18000000000000005,0.0
2021-12-29,XRP-USD,0.0,0,0.0,0,0.0,0.0,-0.45999999999999996,0.0
2021-12-30,XRP-USD,0.0,0,0.0,0,0.0,0.0,-0.56,0.0
2021-12-31,XRP-USD,0.0,0,0.0,0,0.0,0.0,-0.43999999999999995,0.0
2022-01-01,XRP-USD,0.0,0,0.0,0,0.0,0.0,-0.5800000000000001,0.0
2022-01-02,XRP-USD,0.0,0,0.0,0,0.0,0.0,-0.42000000000000004,0.0
2022-01-03,XRP-USD,0.0,0,0.0,0,0.0,0.0,-0.42000000000000004,0.0
2022-01-04,XRP-USD,0.0,0,0.0,0,0.0,0.0,-0.54,0.0
2022-01-05,XRP-USD,0.0,0,0.0,0,0.0,0.0,-0.52,0.0
2022-01-06,XRP-USD,0.0,0,0.0,0,0.0,0.0,-0.7,0.0
2022-01-07,XRP-USD,0.0,0,0.0,0,0.0,0.0,-0.64,0.0
2022-01-08,XRP-USD,0.0,0,0.0,0,0.0,0.0,-0.8,0.0
2022-01-09,XRP-USD,0.0,0,0.0,0,0.0,0.0,-0.54,0.0
2022-01-10,XRP-USD,0.0,0,0.0,0,0.0,0.0,-0.54,0.0
2022-01-11,XRP-USD,0.0,0,0.0,0,0.0,0.0,-0.5800000000000001,0.0
2022-01-12,XRP-USD,0.0,0,0.0,0,0.0,0.0,-0.56,0.0
2022-01-13,XRP-USD,0.0,0,0.0,0,0.0,0.0,-0.5800000000000001,0.0
2022-01-14,XRP-USD,0.0,0,0.0,0,0.0,0.0,-0.5800000000000001,0.0
2022-01-15,XRP-USD,0.0,0,0.0,0,0.0,0.0,-0.54,0.0
2022-01-16,XRP-USD,0.0,0,0.0,0,0.0,0.0,-0.5800000000000001,0.0
2022-01-17,XRP-USD,0.0,0,0.0,0,0.0,0.0,-0.56,0.0
2022-01-18,XRP-USD,0.0,0,0.0,0,0.0,0.0,-0.52,0.0
2022-01-19,XRP-USD,0.0,0,0.0,0,0.0,0.0,-0.52,0.0
2022-01-20,XRP-USD,0.0,0,0.0,0,0.0,0.0,-0.52,0.0
2022-01-21,XRP-USD,0.0,0,0.0,0,0.0,0.0,-0.62,0.0
2022-01-22,XRP-USD,0.0,0,0.0,0,0.0,0.0,-0.74,0.0
2022-01-23,XRP-USD,0.0,0,0.0,0,0.0,0.0,-0.78,0.0
2022-01-24,XRP-USD,0.0,0,0.0,0,0.0,0.0,-0.74,0.0
2022-01-25,XRP-USD,0.0,0,0.0,0,0.0,0.0,-0.76,0.0
2022-01-26,XRP-USD,0.0,0,0.0,0,0.0,0.0,-0.54,0.0
2022-01-27,XRP-USD,0.0,0,0.0,0,0.0,0.0,-0.6,0.0
2022-01-28,XRP-USD,0.0,0,0.0,0,0.0,0.0,-0.52,0.0
2022-01-29,XRP-USD,0.0,0,0.0,0,0.0,0.0,-0.52,0.0
2022-01-30,XRP-USD,0.0,0,0.0,0,0.0,0.0,-0.42000000000000004,0.0
2022-01-31,XRP-USD,0.0,0,0.0,0,0.0,0.0,-0.6,0.0
2022-02-01,XRP-USD,0.0,0,0.0,0,0.0,0.0,-0.48,0.0
2022-02-02,XRP-USD,0.0,0,0.0,0,0.0,0.0,-0.43999999999999995,0.0
2022-02-03,XRP-USD,0.0,0,0.0,0,0.0,0.0,-0.6,0.0
2022-02-04,XRP-USD,0.0,0,0.0,0,0.0,0.0,-0.6,0.0
2022-02-05,XRP-USD,0.0,0,0.0,0,0.0,0.0,-0.33999999999999997,0.0
2022-02-06,XRP-USD,0.0,0,0.0,0,0.0,0.0,-0.26,0.0
2022-02-07,XRP-USD,0.0,0,0.0,0,0.0,0.0,-0.09999999999999998,0.0
2022-02-08,XRP-USD,0.0,0,0.0,0,0.0,0.0,-0.040000000000000036,0.0
2022-02-09,XRP-USD,0.0,0,0.0,0,0.0,0.0,0.08000000000000007,0.0
2022-02-10,XRP-USD,0.0,0,0.0,0,0.0,0.0,0.0,0.0
2022-02-11,XRP-USD,0.0,0,0.0,0,0.0,0.0,0.0,0.0
2022-02-12,XRP-USD,0.0,0,0.0,0,0.0,0.0,-0.12,0.0
2022-02-13,XRP-USD,0.0,0,0.0,0,0.0,0.0,-0.12,0.0
2022-02-14,XRP-USD,0.0,0,0.0,0,0.0,0.0,-0.07999999999999996,0.0
2022-02-15,XRP-USD,0.0,0,0.0,0,0.0,0.0,-0.07999999999999996,0.0
2022-02-16,XRP-USD,0.0,0,0.0,0,0.0,0.0,0.020000000000000018,0.0
2022-02-17,XRP-USD,0.0,0,0.0,0,0.0,0.0,0.040000000000000036,0.0
2022-02-18,XRP-USD,0.0,0,0.0,0,0.0,0.0,-0.4,0.0
2022-02-19,XRP-USD,0.0,0,0.0,0,0.0,0.0,-0.5,0.0
2022-02-20,XRP-USD,0.0,0,0.0,0,0.0,0.0,-0.45999999999999996,0.0
2022-02-21,XRP-USD,0.0,0,0.0,0,0.0,0.0,-0.5,0.0
2022-02-22,XRP-USD,0.0,0,0.0,0,0.0,0.0,-0.6,0.0
2022-02-23,XRP-USD,0.0,0,0.0,0,0.0,0.0,-0.5,0.0
2022-02-24,XRP-USD,0.0,0,0.0,0,0.0,0.0,-0.54,0.0
2022-02-25,XRP-USD,0.0,0,0.0,0,0.0,0.0,-0.45999999999999996,0.0
2022-02-26,XRP-USD,0.0,0,0.0,0,0.0,0.0,-0.48,0.0
2022-02-27,XRP-USD,0.0,0,0.0,0,0.0,0.0,-0.48,0.0
2022-02-28,XRP-USD,0.0,0,0.0,0,0.0,0.0,-0.6,0.0
2022-03-01,XRP-USD,0.0,0,0.0,0,0.0,0.0,0.020000000000000018,0.0
2022-03-02,XRP-USD,0.0,0,0.0,0,0.0,0.0,0.040000000000000036,0.0
2022-03-03,XRP-USD,0.0,0,0.0,0,0.0,0.0,-0.21999999999999997,0.0
2022-03-04,XRP-USD,0.0,0,0.0,0,0.0,0.0,-0.33999999999999997,0.0
2022-03-05,XRP-USD,0.0,0,0.0,0,0.0,0.0,-0.56,0.0
2022-03-06,XRP-USD,0.0,0,0.0,0,0.0,0.0,-0.56,0.0
2022-03-07,XRP-USD,0.0,0,0.0,0,0.0,0.0,-0.54,0.0
2022-03-08,XRP-USD,0.0,0,0.0,0,0.0,0.0,-0.5800000000000001,0.0
2022-03-09,XRP-USD,0.0,0,0.0,0,0.0,0.0,-0.56,0.0
2022-03-10,XRP-USD,0.0,0,0.0,0,0.0,0.0,-0.43999999999999995,0.0
2022-03-11,XRP-USD,0.0,0,0.0,0,0.0,0.0,-0.56,0.0
2022-03-12,XRP-USD,0.0,0,0.0,0,0.0,0.0,-0.56,0.0
2022-03-13,XRP-USD,0.0,0,0.0,0,0.0,0.0,-0.5800000000000001,0.0
2022-03-14,XRP-USD,0.0,0,0.0,0,0.0,0.0,-0.54,0.0
2022-03-15,XRP-USD,0.0,0,0.0,0,0.0,0.0,-0.5800000000000001,0.0
2022-03-16,XRP-USD,0.0,0,0.0,0,0.0,0.0,-0.52,0.0
2022-03-17,XRP-USD,0.0,0,0.0,0,0.0,0.0,-0.45999999999999996,0.0
2022-03-18,XRP-USD,0.0,0,0.0,0,0.0,0.0,-0.5,0.0
2022-03-19,XRP-USD,0.0,0,0.0,0,0.0,0.0,-0.43999999999999995,0.0
2022-03-20,XRP-USD,0.0,0,0.0,0,0.0,0.0,-0.38,0.0
2022-03-21,XRP-USD,0.0,0,0.0,0,0.0,0.0,-0.4,0.0
2022-03-22,XRP-USD,0.0,0,0.0,0,0.0,0.0,-0.48,0.0
2022-03-23,XRP-USD,0.0,0,0.0,0,0.0,0.0,-0.38,0.0
2022-03-24,XRP-USD,0.0,0,0.0,0,0.0,0.0,-0.19999999999999996,0.0
2022-03-25,XRP-USD,0.0,0,0.0,0,0.0,0.0,-0.06000000000000005,0.0
2022-03-26,XRP-USD,0.0,0,0.0,0,0.0,0.0,0.020000000000000018,0.0
2022-03-27,XRP-USD,0.0,0,0.0,0,0.0,0.0,-0.020000000000000018,0.0
2022-03-28,XRP-USD,0.0,0,0.0,0,0.0,0.0,0.19999999999999996,0.0
2022-03-29,XRP-USD,0.0,0,0.0,0,0.0,0.0,0.1200000000000001,0.0
2022-03-30,XRP-USD,0.0,0,0.0,0,0.0,0.0,0.10000000000000009,0.0
2022-03-31,XRP-USD,0.0,0,0.0,0,0.0,0.0,0.040000000000000036,0.0
2022-04-01,XRP-USD,0.0,0,0.0,0,0.0,0.0,0.0,0.0
2022-04-02,XRP-USD,0.0,0,0.0,0,0.0,0.0,0.040000000000000036,0.0
2022-04-03,XRP-USD,0.0,0,0.0,0,0.0,0.0,-0.040000000000000036,0.0
2022-04-04,XRP-USD,0.0,0,0.0,0,0.0,0.0,0.040000000000000036,0.0
2022-04-05,XRP-USD,0.0,0,0.0,0,0.0,0.0,0.06000000000000005,0.0
2022-04-06,XRP-USD,0.0,0,0.0,0,0.0,0.0,-0.040000000000000036,0.0
2022-04-07,XRP-USD,0.0,0,0.0,0,0.0,0.0,-0.31999999999999995,0.0
2022-04-08,XRP-USD,0.0,0,0.0,0,0.0,0.0,-0.26,0.0
2022-04-09,XRP-USD,0.0,0,0.0,0,0.0,0.0,-0.4,0.0
2022-04-10,XRP-USD,0.0,0,0.0,0,0.0,0.0,-0.31999999999999995,0.0
2022-04-11,XRP-USD,0.0,0,0.0,0,0.0,0.0,-0.36,0.0
2022-04-12,XRP-USD,0.0,0,0.0,0,0.0,0.0,-0.6,0.0
2022-04-13,XRP-USD,0.0,0,0.0,0,0.0,0.0,-0.5,0.0
2022-04-14,XRP-USD,0.0,0,0.0,0,0.0,0.0,-0.43999999999999995,0.0
2022-04-15,XRP-USD,0.0,0,0.0,0,0.0,0.0,-0.56,0.0
2022-04-16,XRP-USD,0.0,0,0.0,0,0.0,0.0,-0.43999999999999995,0.0
2022-04-17,XRP-USD,0.0,0,0.0,0,0.0,0.0,-0.43999999999999995,0.0
2022-04-18,XRP-USD,0.0,0,0.0,0,0.0,0.0,-0.52,0.0
2022-04-19,XRP-USD,0.0,0,0.0,0,0.0,0.0,-0.45999999999999996,0.0
2022-04-20,XRP-USD,0.0,0,0.0,0,0.0,0.0,-0.45999999999999996,0.0
2022-04-21,XRP-USD,0.0,0,0.0,0,0.0,0.0,-0.45999999999999996,0.0
2022-04-22,XRP-USD,0.0,0,0.0,0,0.0,0.0,-0.48,0.0
2022-04-23,XRP-USD,0.0,0,0.0,0,0.0,0.0,-0.52,0.0
2022-04-24,XRP-USD,0.0,0,0.0,0,0.0,0.0,-0.52,0.0
2022-04-25,XRP-USD,0.0,0,0.0,0,0.0,0.0,-0.54,0.0
2022-04-26,XRP-USD,0.0,0,0.0,0,0.0,0.0,-0.45999999999999996,0.0
2022-04-27,XRP-USD,0.0,0,0.0,0,0.0,0.0,-0.5800000000000001,0.0
2022-04-28,XRP-USD,0.0,0,0.0,0,0.0,0.0,-0.52,0.0
2022-04-29,XRP-USD,0.0,0,0.0,0,0.0,0.0,-0.54,0.0
2022-04-30,XRP-USD,0.0,0,0.0,0,0.0,0.0,-0.6,0.0
2022-05-01,XRP-USD,0.0,0,0.0,0,0.0,0.0,-0.56,0.0
2022-05-02,XRP-USD,0.0,0,0.0,0,0.0,0.0,-0.43999999999999995,0.0
2022-05-03,XRP-USD,0.0,0,0.0,0,0.0,0.0,-0.45999999999999996,0.0
2022-05-04,XRP-USD,0.0,0,0.0,0,0.0,0.0,-0.5800000000000001,0.0
2022-05-05,XRP-USD,0.0,0,0.0,0,0.0,0.0,-0.45999999999999996,0.0
2022-05-06,XRP-USD,0.0,0,0.0,0,0.0,0.0,-0.56,0.0
2022-05-07,XRP-USD,0.0,0,0.0,0,0.0,0.0,-0.54,0.0
2022-05-08,XRP-USD,0.0,0,0.0,0,0.0,0.0,-0.64,0.0
2022-05-09,XRP-USD,0.0,0,0.0,0,0.0,0.0,-0.78,0.0
2022-05-10,XRP-USD,0.0,0,0.0,0,0.0,0.0,-0.8,0.0
2022-05-11,XRP-USD,0.0,0,0.0,0,0.0,0.0,-0.76,0.0
2022-05-12,XRP-USD,0.0,0,0.0,0,0.0,0.0,-0.76,0.0
2022-05-13,XRP-USD,0.0,0,0.0,0,0.0,0.0,-0.8,0.0
2022-05-14,XRP-USD,0.0,0,0.0,0,0.0,0.0,-0.8200000000000001,0.0
2022-05-15,XRP-USD,0.0,0,0.0,0,0.0,0.0,-0.8,0.0
2022-05-16,XRP-USD,0.0,0,0.0,0,0.0,0.0,-0.72,0.0
2022-05-17,XRP-USD,0.0,0,0.0,0,0.0,0.0,-0.84,0.0
2022-05-18,XRP-USD,0.0,0,0.0,0,0.0,0.0,-0.76,0.0
2022-05-19,XRP-USD,0.0,0,0.0,0,0.0,0.0,-0.74,0.0
2022-05-20,XRP-USD,0.0,0,0.0,0,0.0,0.0,-0.74,0.0
2022-05-21,XRP-USD,0.0,0,0.0,0,0.0,0.0,-0.74,0.0
2022-05-22,XRP-USD,0.0,0,0.0,0,0.0,0.0,-0.72,0.0
2022-05-23,XRP-USD,0.0,0,0.0,0,0.0,0.0,-0.8,0.0
2022-05-24,XRP-USD,0.0,0,0.0,0,0.0,0.0,-0.76,0.0
2022-05-25,XRP-USD,0.0,0,0.0,0,0.0,0.0,-0.78,0.0
2022-05-26,XRP-USD,0.0,0,0.0,0,0.0,0.0,-0.76,0.0
2022-05-27,XRP-USD,0.0,0,0.0,0,0.0,0.0,-0.76,0.0
2022-05-28,XRP-USD,0.0,0,0.0,0,0.0,0.0,-0.74,0.0
2022-05-29,XRP-USD,0.0,0,0.0,0,0.0,0.0,-0.72,0.0
2022-05-30,XRP-USD,0.0,0,0.0,0,0.0,0.0,-0.8,0.0
2022-05-31,XRP-USD,0.0,0,0.0,0,0.0,0.0,-0.6799999999999999,0.0
2022-06-01,XRP-USD,0.0,0,0.0,0,0.0,0.0,-0.6599999999999999,0.0
2022-06-02,XRP-USD,0.0,0,0.0,0,0.0,0.0,-0.74,0.0
2022-06-03,XRP-USD,0.0,0,0.0,0,0.0,0.0,-0.8,0.0
2022-06-04,XRP-USD,0.0,0,0.0,0,0.0,0.0,-0.72,0.0
2022-06-05,XRP-USD,0.0,0,0.0,0,0.0,0.0,-0.8,0.0
2022-06-06,XRP-USD,0.0,0,0.0,0,0.0,0.0,-0.74,0.0
2022-06-07,XRP-USD,0.0,0,0.0,0,0.0,0.0,-0.7,0.0
2022-06-08,XRP-USD,0.0,0,0.0,0,0.0,0.0,-0.6599999999999999,0.0
2022-06-09,XRP-USD,0.0,0,0.0,0,0.0,0.0,-0.78,0.0
2022-06-10,XRP-USD,0.0,0,0.0,0,0.0,0.0,-0.74,0.0
2022-06-11,XRP-USD,0.0,0,0.0,0,0.0,0.0,-0.76,0.0
2022-06-12,XRP-USD,0.0,0,0.0,0,0.0,0.0,-0.72,0.0
2022-06-13,XRP-USD,0.0,0,0.0,0,0.0,0.0,-0.78,0.0
2022-06-14,XRP-USD,0.0,0,0.0,0,0.0,0.0,-0.84,0.0
2022-06-15,XRP-USD,0.0,0,0.0,0,0.0,0.0,-0.86,0.0
2022-06-16,XRP-USD,0.0,0,0.0,0,0.0,0.0,-0.86,0.0
2022-06-17,XRP-USD,0.0,0,0.0,0,0.0,0.0,-0.8200000000000001,0.0
2022-06-18,XRP-USD,0.0,0,0.0,0,0.0,0.0,-0.88,0.0
2022-06-19,XRP-USD,0.0,0,0.0,0,0.0,0.0,-0.88,0.0
2022-06-20,XRP-USD,0.0,0,0.0,0,0.0,0.0,-0.8200000000000001,0.0
2022-06-21,XRP-USD,0.0,0,0.0,0,0.0,0.0,-0.8200000000000001,0.0
2022-06-22,XRP-USD,0.0,0,0.0,0,0.0,0.0,-0.78,0.0
2022-06-23,XRP-USD,0.0,0,0.0,0,0.0,0.0,-0.78,0.0
2022-06-24,XRP-USD,0.0,0,0.0,0,0.0,0.0,-0.78,0.0
2022-06-25,XRP-USD,0.0,0,0.0,0,0.0,0.0,-0.72,0.0
2022-06-26,XRP-USD,0.0,0,0.0,0,0.0,0.0,-0.72,0.0
2022-06-27,XRP-USD,0.0,0,0.0,0,0.0,0.0,-0.76,0.0
2022-06-28,XRP-USD,0.0,0,0.0,0,0.0,0.0,-0.8,0.0
2022-06-29,XRP-USD,0.0,0,0.0,0,0.0,0.0,-0.74,0.0
2022-06-30,XRP-USD,0.0,0,0.0,0,0.0,0.0,-0.78,0.0
2022-07-01,XRP-USD,0.0,0,0.0,0,0.0,0.0,-0.78,0.0
2022-07-02,XRP-USD,0.0,0,0.0,0,0.0,0.0,-0.72,0.0
2022-07-03,XRP-USD,0.0,0,0.0,0,0.0,0.0,-0.78,0.0
2022-07-04,XRP-USD,0.0,0,0.0,0,0.0,0.0,-0.72,0.0
2022-07-05,XRP-USD,0.0,0,0.0,0,0.0,0.0,-0.62,0.0
2022-07-06,XRP-USD,0.0,0,0.0,0,0.0,0.0,-0.64,0.0
2022-07-07,XRP-USD,0.0,0,0.0,0,0.0,0.0,-0.64,0.0
2022-07-08,XRP-USD,0.0,0,0.0,0,0.0,0.0,-0.6,0.0
2022-07-09,XRP-USD,0.0,0,0.0,0,0.0,0.0,-0.52,0.0
2022-07-10,XRP-USD,0.0,0,0.0,0,0.0,0.0,-0.52,0.0
2022-07-11,XRP-USD,0.0,0,0.0,0,0.0,0.0,-0.56,0.0
2022-07-12,XRP-USD,0.0,0,0.0,0,0.0,0.0,-0.6799999999999999,0.0
2022-07-13,XRP-USD,0.0,0,0.0,0,0.0,0.0,-0.7,0.0
2022-07-14,XRP-USD,0.0,0,0.0,0,0.0,0.0,-0.64,0.0
2022-07-15,XRP-USD,0.0,0,0.0,0,0.0,0.0,-0.7,0.0
2022-07-16,XRP-USD,0.0,0,0.0,0,0.0,0.0,-0.5800000000000001,0.0
2022-07-17,XRP-USD,0.0,0,0.0,0,0.0,0.0,-0.52,0.0
2022-07-18,XRP-USD,0.0,0,0.0,0,0.0,0.0,-0.6,0.0
2022-07-19,XRP-USD,0.0,0,0.0,0,0.0,0.0,-0.4,0.0
2022-07-20,XRP-USD,0.0,0,0.0,0,0.0,0.0,-0.38,0.0
2022-07-21,XRP-USD,0.0,0,0.0,0,0.0,0.0,-0.31999999999999995,0.0
2022-07-22,XRP-USD,0.0,0,0.0,0,0.0,0.0,-0.33999999999999997,0.0
2022-07-23,XRP-USD,0.0,0,0.0,0,0.0,0.0,-0.38,0.0
2022-07-24,XRP-USD,0.0,0,0.0,0,0.0,0.0,-0.4,0.0
2022-07-25,XRP-USD,0.0,0,0.0,0,0.0,0.0,-0.4,0.0
2022-07-26,XRP-USD,0.0,0,0.0,0,0.0,0.0,-0.48,0.0
2022-07-27,XRP-USD,0.0,0,0.0,0,0.0,0.0,-0.43999999999999995,0.0
2022-07-28,XRP-USD,0.0,0,0.0,0,0.0,0.0,-0.36,0.0
2022-07-29,XRP-USD,0.0,0,0.0,0,0.0,0.0,-0.21999999999999997,0.0
2022-07-30,XRP-USD,0.0,0,0.0,0,0.0,0.0,-0.16000000000000003,0.0
2022-07-31,XRP-USD,0.0,0,0.0,0,0.0,0.0,-0.21999999999999997,0.0
2022-08-01,XRP-USD,0.0,0,0.0,0,0.0,0.0,-0.33999999999999997,0.0
2022-08-02,XRP-USD,0.0,0,0.0,0,0.0,0.0,-0.38,0.0
2022-08-03,XRP-USD,0.0,0,0.0,0,0.0,0.0,-0.31999999999999995,0.0
2022-08-04,XRP-USD,0.0,0,0.0,0,0.0,0.0,-0.4,0.0
2022-08-05,XRP-USD,0.0,0,0.0,0,0.0,0.0,-0.38,0.0
2022-08-06,XRP-USD,0.0,0,0.0,0,0.0,0.0,-0.38,0.0
2022-08-07,XRP-USD,0.0,0,0.0,0,0.0,0.0,-0.4,0.0
2022-08-08,XRP-USD,0.0,0,0.0,0,0.0,0.0,-0.4,0.0
2022-08-09,XRP-USD,0.0,0,0.0,0,0.0,0.0,-0.16000000000000003,0.0
2022-08-10,XRP-USD,0.0,0,0.0,0,0.0,0.0,-0.38,0.0
2022-08-11,XRP-USD,0.0,0,0.0,0,0.0,0.0,-0.18000000000000005,0.0
2022-08-12,XRP-USD,0.0,0,0.0,0,0.0,0.0,-0.16000000000000003,0.0
2022-08-13,XRP-USD,0.0,0,0.0,0,0.0,0.0,-0.07999999999999996,0.0
2022-08-14,XRP-USD,0.0,0,0.0,0,0.0,0.0,-0.06000000000000005,0.0
2022-08-15,XRP-USD,0.0,0,0.0,0,0.0,0.0,-0.09999999999999998,0.0
2022-08-16,XRP-USD,0.0,0,0.0,0,0.0,0.0,-0.12,0.0
2022-08-17,XRP-USD,0.0,0,0.0,0,0.0,0.0,-0.18000000000000005,0.0
2022-08-18,XRP-USD,0.0,0,0.0,0,0.0,0.0,-0.4,0.0
2022-08-19,XRP-USD,0.0,0,0.0,0,0.0,0.0,-0.33999999999999997,0.0
2022-08-20,XRP-USD,0.0,0,0.0,0,0.0,0.0,-0.42000000000000004,0.0
2022-08-21,XRP-USD,0.0,0,0.0,0,0.0,0.0,-0.45999999999999996,0.0
2022-08-22,XRP-USD,0.0,0,0.0,0,0.0,0.0,-0.42000000000000004,0.0
2022-08-23,XRP-USD,0.0,0,0.0,0,0.0,0.0,-0.43999999999999995,0.0
2022-08-24,XRP-USD,0.0,0,0.0,0,0.0,0.0,-0.5,0.0
2022-08-25,XRP-USD,0.0,0,0.0,0,0.0,0.0,-0.5,0.0
2022-08-26,XRP-USD,0.0,0,0.0,0,0.0,0.0,-0.45999999999999996,0.0
2022-08-27,XRP-USD,0.0,0,0.0,0,0.0,0.0,-0.43999999999999995,0.0
2022-08-28,XRP-USD,0.0,0,0.0,0,0.0,0.0,-0.43999999999999995,0.0
2022-08-29,XRP-USD,0.0,0,0.0,0,0.0,0.0,-0.52,0.0
2022-08-30,XRP-USD,0.0,0,0.0,0,0.0,0.0,-0.45999999999999996,0.0
2022-08-31,XRP-USD,0.0,0,0.0,0,0.0,0.0,-0.54,0.0
2022-09-01,XRP-USD,0.0,0,0.0,0,0.0,0.0,-0.6,0.0
2022-09-02,XRP-USD,0.0,0,0.0,0,0.0,0.0,-0.5,0.0
2022-09-03,XRP-USD,0.0,0,0.0,0,0.0,0.0,-0.5800000000000001,0.0
2022-09-04,XRP-USD,0.0,0,0.0,0,0.0,0.0,-0.6,0.0
2022-09-05,XRP-USD,0.0,0,0.0,0,0.0,0.0,-0.54,0.0
2022-09-06,XRP-USD,0.0,0,0.0,0,0.0,0.0,-0.56,0.0
2022-09-07,XRP-USD,0.0,0,0.0,0,0.0,0.0,-0.52,0.0
2022-09-08,XRP-USD,0.0,0,0.0,0,0.0,0.0,-0.6,0.0
2022-09-09,XRP-USD,0.0,0,0.0,0,0.0,0.0,-0.56,0.0
2022-09-10,XRP-USD,0.0,0,0.0,0,0.0,0.0,-0.43999999999999995,0.0
2022-09-11,XRP-USD,0.0,0,0.0,0,0.0,0.0,-0.48,0.0
2022-09-12,XRP-USD,0.0,0,0.0,0,0.0,0.0,-0.5,0.0
2022-09-13,XRP-USD,0.0,0,0.0,0,0.0,0.0,-0.31999999999999995,0.0
2022-09-14,XRP-USD,0.0,0,0.0,0,0.0,0.0,-0.45999999999999996,0.0
2022-09-15,XRP-USD,0.0,0,0.0,0,0.0,0.0,-0.43999999999999995,0.0
2022-09-16,XRP-USD,0.0,0,0.0,0,0.0,0.0,-0.6,0.0
2022-09-17,XRP-USD,0.0,0,0.0,0,0.0,0.0,-0.56,0.0
2022-09-18,XRP-USD,0.0,0,0.0,0,0.0,0.0,-0.45999999999999996,0.0
2022-09-19,XRP-USD,0.0,0,0.0,0,0.0,0.0,-0.5800000000000001,0.0
2022-09-20,XRP-USD,0.0,0,0.0,0,0.0,0.0,-0.54,0.0
2022-09-21,XRP-USD,0.0,0,0.0,0,0.0,0.0,-0.54,0.0
2022-09-22,XRP-USD,0.0,0,0.0,0,0.0,0.0,-0.56,0.0
2022-09-23,XRP-USD,0.0,0,0.0,0,0.0,0.0,-0.6,0.0
2022-09-24,XRP-USD,0.0,0,0.0,0,0.0,0.0,-0.52,0.0
2022-09-25,XRP-USD,0.0,0,0.0,0,0.0,0.0,-0.52,0.0
2022-09-26,XRP-USD,0.0,0,0.0,0,0.0,0.0,-0.5800000000000001,0.0
2022-09-27,XRP-USD,0.0,0,0.0,0,0.0,0.0,-0.6,0.0
2022-09-28,XRP-USD,0.0,0,0.0,0,0.0,0.0,-0.6,0.0
2022-09-29,XRP-USD,0.0,0,0.0,0,0.0,0.0,-0.56,0.0
2022-09-30,XRP-USD,0.0,0,0.0,0,0.0,0.0,-0.5800000000000001,0.0
2022-10-01,XRP-USD,0.0,0,0.0,0,0.0,0.0,-0.6,0.0
2022-10-02,XRP-USD,0.0,0,0.0,0,0.0,0.0,-0.52,0.0
2022-10-03,XRP-USD,0.0,0,0.0,0,0.0,0.0,-0.52,0.0
2022-10-04,XRP-USD,0.0,0,0.0,0,0.0,0.0,-0.6,0.0
2022-10-05,XRP-USD,0.0,0,0.0,0,0.0,0.0,-0.5,0.0
2022-10-06,XRP-USD,0.0,0,0.0,0,0.0,0.0,-0.48,0.0
2022-10-07,XRP-USD,0.0,0,0.0,0,0.0,0.0,-0.54,0.0
2022-10-08,XRP-USD,0.0,0,0.0,0,0.0,0.0,-0.52,0.0
2022-10-09,XRP-USD,0.0,0,0.0,0,0.0,0.0,-0.56,0.0
2022-10-10,XRP-USD,0.0,0,0.0,0,0.0,0.0,-0.56,0.0
2022-10-11,XRP-USD,0.0,0,0.0,0,0.0,0.0,-0.52,0.0
2022-10-12,XRP-USD,0.0,0,0.0,0,0.0,0.0,-0.6,0.0
2022-10-13,XRP-USD,0.0,0,0.0,0,0.0,0.0,-0.6,0.0
2022-10-14,XRP-USD,0.0,0,0.0,0,0.0,0.0,-0.52,0.0
2022-10-15,XRP-USD,0.0,0,0.0,0,0.0,0.0,-0.52,0.0
2022-10-16,XRP-USD,0.0,0,0.0,0,0.0,0.0,-0.52,0.0
2022-10-17,XRP-USD,0.0,0,0.0,0,0.0,0.0,-0.6,0.0
2022-10-18,XRP-USD,0.0,0,0.0,0,0.0,0.0,-0.56,0.0
2022-10-19,XRP-USD,0.0,0,0.0,0,0.0,0.0,-0.54,0.0
2022-10-20,XRP-USD,0.0,0,0.0,0,0.0,0.0,-0.54,0.0
2022-10-21,XRP-USD,0.0,0,0.0,0,0.0,0.0,-0.54,0.0
2022-10-22,XRP-USD,0.0,0,0.0,0,0.0,0.0,-0.6,0.0
2022-10-23,XRP-USD,0.0,0,0.0,0,0.0,0.0,-0.54,0.0
2022-10-24,XRP-USD,0.0,0,0.0,0,0.0,0.0,-0.56,0.0
2022-10-25,XRP-USD,0.0,0,0.0,0,0.0,0.0,-0.6,0.0
2022-10-26,XRP-USD,0.0,0,0.0,0,0.0,0.0,-0.33999999999999997,0.0
2022-10-27,XRP-USD,0.0,0,0.0,0,0.0,0.0,-0.36,0.0
2022-10-28,XRP-USD,0.0,0,0.0,0,0.0,0.0,-0.4,0.0
2022-10-29,XRP-USD,0.0,0,0.0,0,0.0,0.0,-0.31999999999999995,0.0
2022-10-30,XRP-USD,0.0,0,0.0,0,0.0,0.0,-0.31999999999999995,0.0
2022-10-31,XRP-USD,0.0,0,0.0,0,0.0,0.0,-0.38,0.0
2022-11-01,XRP-USD,0.0,0,0.0,0,0.0,0.0,-0.4,0.0
2022-11-02,XRP-USD,0.0,0,0.0,0,0.0,0.0,-0.4,0.0
2022-11-03,XRP-USD,0.0,0,0.0,0,0.0,0.0,-0.4,0.0
2022-11-04,XRP-USD,0.0,0,0.0,0,0.0,0.0,-0.4,0.0
2022-11-05,XRP-USD,0.0,0,0.0,0,0.0,0.0,-0.24,0.0
2022-11-06,XRP-USD,0.0,0,0.0,0,0.0,0.0,-0.19999999999999996,0.0
2022-11-07,XRP-USD,0.0,0,0.0,0,0.0,0.0,-0.33999999999999997,0.0
2022-11-08,XRP-USD,0.0,0,0.0,0,0.0,0.0,-0.38,0.0
2022-11-09,XRP-USD,0.0,0,0.0,0,0.0,0.0,-0.42000000000000004,0.0
2022-11-10,XRP-USD,0.0,0,0.0,0,0.0,0.0,-0.56,0.0
2022-11-11,XRP-USD,0.0,0,0.0,0,0.0,0.0,-0.5,0.0
2022-11-12,XRP-USD,0.0,0,0.0,0,0.0,0.0,-0.5800000000000001,0.0
2022-11-13,XRP-USD,0.0,0,0.0,0,0.0,0.0,-0.56,0.0
2022-11-14,XRP-USD,0.0,0,0.0,0,0.0,0.0,-0.52,0.0
2022-11-15,XRP-USD,0.0,0,0.0,0,0.0,0.0,-0.56,0.0
2022-11-16,XRP-USD,0.0,0,0.0,0,0.0,0.0,-0.54,0.0
2022-11-17,XRP-USD,0.0,0,0.0,0,0.0,0.0,-0.6,0.0
2022-11-18,XRP-USD,0.0,0,0.0,0,0.0,0.0,-0.54,0.0
2022-11-19,XRP-USD,0.0,0,0.0,0,0.0,0.0,-0.54,0.0
2022-11-20,XRP-USD,0.0,0,0.0,0,0.0,0.0,-0.52,0.0
2022-11-21,XRP-USD,0.0,0,0.0,0,0.0,0.0,-0.5800000000000001,0.0
2022-11-22,XRP-USD,0.0,0,0.0,0,0.0,0.0,-0.56,0.0
2022-11-23,XRP-USD,0.0,0,0.0,0,0.0,0.0,-0.56,0.0
2022-11-24,XRP-USD,0.0,0,0.0,0,0.0,0.0,-0.6,0.0
2022-11-25,XRP-USD,0.0,0,0.0,0,0.0,0.0,-0.6,0.0
2022-11-26,XRP-USD,0.0,0,0.0,0,0.0,0.0,-0.56,0.0
2022-11-27,XRP-USD,0.0,0,0.0,0,0.0,0.0,-0.48,0.0
2022-11-28,XRP-USD,0.0,0,0.0,0,0.0,0.0,-0.43999999999999995,0.0
2022-11-29,XRP-USD,0.0,0,0.0,0,0.0,0.0,-0.48,0.0
2022-11-30,XRP-USD,0.0,0,0.0,0,0.0,0.0,-0.42000000000000004,0.0
2022-12-01,XRP-USD,0.0,0,0.0,0,0.0,0.0,-0.45999999999999996,0.0
2022-12-02,XRP-USD,0.0,0,0.0,0,0.0,0.0,-0.45999999999999996,0.0
2022-12-03,XRP-USD,0.0,0,0.0,0,0.0,0.0,-0.45999999999999996,0.0
2022-12-04,XRP-USD,0.0,0,0.0,0,0.0,0.0,-0.48,0.0
2022-12-05,XRP-USD,0.0,0,0.0,0,0.0,0.0,-0.48,0.0
2022-12-06,XRP-USD,0.0,0,0.0,0,0.0,0.0,-0.5,0.0
2022-12-07,XRP-USD,0.0,0,0.0,0,0.0,0.0,-0.42000000000000004,0.0
2022-12-08,XRP-USD,0.0,0,0.0,0,0.0,0.0,-0.5,0.0
2022-12-09,XRP-USD,0.0,0,0.0,0,0.0,0.0,-0.48,0.0
2022-12-10,XRP-USD,0.0,0,0.0,0,0.0,0.0,-0.45999999999999996,0.0
2022-12-11,XRP-USD,0.0,0,0.0,0,0.0,0.0,-0.48,0.0
2022-12-12,XRP-USD,0.0,0,0.0,0,0.0,0.0,-0.45999999999999996,0.0
2022-12-13,XRP-USD,0.0,0,0.0,0,0.0,0.0,-0.45999999999999996,0.0
2022-12-14,XRP-USD,0.0,0,0.0,0,0.0,0.0,-0.4,0.0
2022-12-15,XRP-USD,0.0,0,0.0,0,0.0,0.0,-0.38,0.0
2022-12-16,XRP-USD,0.0,0,0.0,0,0.0,0.0,-0.42000000000000004,0.0
2022-12-17,XRP-USD,0.0,0,0.0,0,0.0,0.0,-0.43999999999999995,0.0
2022-12-18,XRP-USD,0.0,0,0.0,0,0.0,0.0,-0.48,0.0
2022-12-19,XRP-USD,0.0,0,0.0,0,0.0,0.0,-0.42000000000000004,0.0
2022-12-20,XRP-USD,0.0,0,0.0,0,0.0,0.0,-0.42000000000000004,0.0
2022-12-21,XRP-USD,0.0,0,0.0,0,0.0,0.0,-0.48,0.0
2022-12-22,XRP-USD,0.0,0,0.0,0,0.0,0.0,-0.43999999999999995,0.0
2022-12-23,XRP-USD,0.0,0,0.0,0,0.0,0.0,-0.45999999999999996,0.0
2022-12-24,XRP-USD,0.0,0,0.0,0,0.0,0.0,-0.42000000000000004,0.0
2022-12-25,XRP-USD,0.0,0,0.0,0,0.0,0.0,-0.42000000000000004,0.0
2022-12-26,XRP-USD,0.0,0,0.0,0,0.0,0.0,-0.43999999999999995,0.0
2022-12-27,XRP-USD,0.0,0,0.0,0,0.0,0.0,-0.45999999999999996,0.0
2022-12-28,XRP-USD,0.0,0,0.0,0,0.0,0.0,-0.43999999999999995,0.0
2022-12-29,XRP-USD,0.0,0,0.0,0,0.0,0.0,-0.43999999999999995,0.0
2022-12-30,XRP-USD,0.0,0,0.0,0,0.0,0.0,-0.43999999999999995,0.0
2022-12-31,XRP-USD,0.0,0,0.0,0,0.0,0.0,-0.5,0.0
2023-01-01,XRP-USD,0.0,0,0.0,0,0.0,0.0,-0.48,0.0
2023-01-02,XRP-USD,0.0,0,0.0,0,0.0,0.0,-0.45999999999999996,0.0
2023-01-03,XRP-USD,0.0,0,0.0,0,0.0,0.0,-0.48,0.0
2023-01-04,XRP-USD,0.0,0,0.0,0,0.0,0.0,-0.42000000000000004,0.0
2023-01-05,XRP-USD,0.0,0,0.0,0,0.0,0.0,-0.42000000000000004,0.0
2023-01-06,XRP-USD,0.0,0,0.0,0,0.0,0.0,-0.48,0.0
2023-01-07,XRP-USD,0.0,0,0.0,0,0.0,0.0,-0.5,0.0
2023-01-08,XRP-USD,0.0,0,0.0,0,0.0,0.0,-0.5,0.0
2023-01-09,XRP-USD,0.0,0,0.0,0,0.0,0.0,-0.5,0.0
2023-01-10,XRP-USD,0.0,0,0.0,0,0.0,0.0,-0.48,0.0
2023-01-11,XRP-USD,0.0,0,0.0,0,0.0,0.0,-0.48,0.0
2023-01-12,XRP-USD,0.0,0,0.0,0,0.0,0.0,-0.4,0.0
2023-01-13,XRP-USD,0.0,0,0.0,0,0.0,0.0,-0.38,0.0
2023-01-14,XRP-USD,0.0,0,0.0,0,0.0,0.0,-0.07999999999999996,0.0
2023-01-15,XRP-USD,0.0,0,0.0,0,0.0,0.0,0.040000000000000036,0.0
2023-01-16,XRP-USD,0.0,0,0.0,0,0.0,0.0,-0.09999999999999998,0.0
2023-01-17,XRP-USD,0.0,0,0.0,0,0.0,0.0,0.020000000000000018,0.0
2023-01-18,XRP-USD,0.0,0,0.0,0,0.0,0.0,0.040000000000000036,0.0
2023-01-19,XRP-USD,0.0,0,0.0,0,0.0,0.0,-0.09999999999999998,0.0
2023-01-20,XRP-USD,0.0,0,0.0,0,0.0,0.0,0.020000000000000018,0.0
2023-01-21,XRP-USD,0.0,0,0.0,0,0.0,0.0,0.06000000000000005,0.0
2023-01-22,XRP-USD,0.0,0,0.0,0,0.0,0.0,0.06000000000000005,0.0
2023-01-23,XRP-USD,0.0,0,0.0,0,0.0,0.0,0.0,0.0
2023-01-24,XRP-USD,0.0,0,0.0,0,0.0,0.0,0.040000000000000036,0.0
2023-01-25,XRP-USD,0.0,0,0.0,0,0.0,0.0,0.020000000000000018,0.0
2023-01-26,XRP-USD,0.0,0,0.0,0,0.0,0.0,0.08000000000000007,0.0
2023-01-27,XRP-USD,0.0,0,0.0,0,0.0,0.0,0.10000000000000009,0.0
2023-01-28,XRP-USD,0.0,0,0.0,0,0.0,0.0,0.040000000000000036,0.0
2023-01-29,XRP-USD,0.0,0,0.0,0,0.0,0.0,0.10000000000000009,0.0
2023-01-30,XRP-USD,0.0,0,0.0,0,0.0,0.0,0.21999999999999997,0.0
2023-01-31,XRP-USD,0.0,0,0.0,0,0.0,0.0,0.020000000000000018,0.0
2023-02-01,XRP-USD,0.0,0,0.0,0,0.0,0.0,0.1200000000000001,0.0
2023-02-02,XRP-USD,0.0,0,0.0,0,0.0,0.0,0.19999999999999996,0.0
2023-02-03,XRP-USD,0.0,0,0.0,0,0.0,0.0,0.19999999999999996,0.0
2023-02-04,XRP-USD,0.0,0,0.0,0,0.0,0.0,0.15999999999999992,0.0
2023-02-05,XRP-USD,0.0,0,0.0,0,0.0,0.0,0.15999999999999992,0.0
2023-02-06,XRP-USD,0.0,0,0.0,0,0.0,0.0,0.1200000000000001,0.0
2023-02-07,XRP-USD,0.0,0,0.0,0,0.0,0.0,0.08000000000000007,0.0
2023-02-08,XRP-USD,0.0,0,0.0,0,0.0,0.0,0.15999999999999992,0.0
2023-02-09,XRP-USD,0.0,0,0.0,0,0.0,0.0,0.10000000000000009,0.0
2023-02-10,XRP-USD,0.0,0,0.0,0,0.0,0.0,-0.040000000000000036,0.0
2023-02-11,XRP-USD,0.0,0,0.0,0,0.0,0.0,-0.020000000000000018,0.0
2023-02-12,XRP-USD,0.0,0,0.0,0,0.0,0.0,0.0,0.0
2023-02-13,XRP-USD,0.0,0,0.0,0,0.0,0.0,-0.040000000000000036,0.0
2023-02-14,XRP-USD,0.0,0,0.0,0,0.0,0.0,0.0,0.0
2023-02-15,XRP-USD,0.0,0,0.0,0,0.0,0.0,0.06000000000000005,0.0
2023-02-16,XRP-USD,0.0,0,0.0,0,0.0,0.0,0.24,0.0
2023-02-17,XRP-USD,0.0,0,0.0,0,0.0,0.0,0.21999999999999997,0.0
2023-02-18,XRP-USD,0.0,0,0.0,0,0.0,0.0,0.19999999999999996,0.0
2023-02-19,XRP-USD,0.0,0,0.0,0,0.0,0.0,0.19999999999999996,0.0
2023-02-20,XRP-USD,0.0,0,0.0,0,0.0,0.0,0.15999999999999992,0.0
2023-02-21,XRP-USD,0.0,0,0.0,0,0.0,0.0,0.19999999999999996,0.0
2023-02-22,XRP-USD,0.0,0,0.0,0,0.0,0.0,0.17999999999999994,0.0
2023-02-23,XRP-USD,0.0,0,0.0,0,0.0,0.0,0.1200000000000001,0.0
2023-02-24,XRP-USD,0.0,0,0.0,0,0.0,0.0,0.06000000000000005,0.0
2023-02-25,XRP-USD,0.0,0,0.0,0,0.0,0.0,0.040000000000000036,0.0
2023-02-26,XRP-USD,0.0,0,0.0,0,0.0,0.0,0.020000000000000018,0.0
2023-02-27,XRP-USD,0.0,0,0.0,0,0.0,0.0,0.0,0.0
2023-02-28,XRP-USD,0.0,0,0.0,0,0.0,0.0,0.06000000000000005,0.0
2023-03-01,XRP-USD,0.0,0,0.0,0,0.0,0.0,0.0,0.0
2023-03-02,XRP-USD,0.0,0,0.0,0,0.0,0.0,0.020000000000000018,0.0
2023-03-03,XRP-USD,0.0,0,0.0,0,0.0,0.0,0.0,0.0
2023-03-04,XRP-USD,0.0,0,0.0,0,0.0,0.0,0.0,0.0
2023-03-05,XRP-USD,0.0,0,0.0,0,0.0,0.0,-0.06000000000000005,0.0
2023-03-06,XRP-USD,0.0,0,0.0,0,0.0,0.0,-0.040000000000000036,0.0
2023-03-07,XRP-USD,0.0,0,0.0,0,0.0,0.0,-0.020000000000000018,0.0
2023-03-08,XRP-USD,0.0,0,0.0,0,0.0,0.0,0.0,0.0
2023-03-09,XRP-USD,0.0,0,0.0,0,0.0,0.0,-0.12,0.0
2023-03-10,XRP-USD,0.0,0,0.0,0,0.0,0.0,-0.31999999999999995,0.0
2023-03-11,XRP-USD,0.0,0,0.0,0,0.0,0.0,-0.33999999999999997,0.0
2023-03-12,XRP-USD,0.0,0,0.0,0,0.0,0.0,-0.33999999999999997,0.0
2023-03-13,XRP-USD,0.0,0,0.0,0,0.0,0.0,-0.020000000000000018,0.0
2023-03-14,XRP-USD,0.0,0,0.0,0,0.0,0.0,0.1200000000000001,0.0
2023-03-15,XRP-USD,0.0,0,0.0,0,0.0,0.0,0.0,0.0
2023-03-16,XRP-USD,0.0,0,0.0,0,0.0,0.0,0.040000000000000036,0.0
2023-03-17,XRP-USD,0.0,0,0.0,0,0.0,0.0,0.020000000000000018,0.0
2023-03-18,XRP-USD,0.0,0,0.0,0,0.0,0.0,0.28,0.0
2023-03-19,XRP-USD,0.0,0,0.0,0,0.0,0.0,0.26,0.0
2023-03-20,XRP-USD,0.0,0,0.0,0,0.0,0.0,0.32000000000000006,0.0
2023-03-21,XRP-USD,0.0,0,0.0,0,0.0,0.0,0.3600000000000001,0.0
2023-03-22,XRP-USD,0.0,0,0.0,0,0.0,0.0,0.24,0.0
2023-03-23,XRP-USD,0.0,0,0.0,0,0.0,0.0,0.1399999999999999,0.0
2023-03-24,XRP-USD,0.0,0,0.0,0,0.0,0.0,0.21999999999999997,0.0
2023-03-25,XRP-USD,0.0,0,0.0,0,0.0,0.0,0.28,0.0
2023-03-26,XRP-USD,0.0,0,0.0,0,0.0,0.0,0.28,0.0
2023-03-27,XRP-USD,0.0,0,0.0,0,0.0,0.0,0.28,0.0
2023-03-28,XRP-USD,0.0,0,0.0,0,0.0,0.0,0.17999999999999994,0.0
2023-03-29,XRP-USD,0.0,0,0.0,0,0.0,0.0,0.1399999999999999,0.0
2023-03-30,XRP-USD,0.0,0,0.0,0,0.0,0.0,0.19999999999999996,0.0
2023-03-31,XRP-USD,0.0,0,0.0,0,0.0,0.0,0.26,0.0
2023-04-01,XRP-USD,0.0,0,0.0,0,0.0,0.0,0.21999999999999997,0.0
2023-04-02,XRP-USD,0.0,0,0.0,0,0.0,0.0,0.26,0.0
2023-04-03,XRP-USD,0.0,0,0.0,0,0.0,0.0,0.26,0.0
2023-04-04,XRP-USD,0.0,0,0.0,0,0.0,0.0,0.24,0.0
2023-04-05,XRP-USD,0.0,0,0.0,0,0.0,0.0,0.24,0.0
2023-04-06,XRP-USD,0.0,0,0.0,0,0.0,0.0,0.26,0.0
2023-04-07,XRP-USD,0.0,0,0.0,0,0.0,0.0,0.28,0.0
2023-04-08,XRP-USD,0.0,0,0.0,0,0.0,0.0,0.21999999999999997,0.0
2023-04-09,XRP-USD,0.0,0,0.0,0,0.0,0.0,0.21999999999999997,0.0
2023-04-10,XRP-USD,0.0,0,0.0,0,0.0,0.0,0.24,0.0
2023-04-11,XRP-USD,0.0,0,0.0,0,0.0,0.0,0.3600000000000001,0.0
2023-04-12,XRP-USD,0.0,0,0.0,0,0.0,0.0,0.30000000000000004,0.0
2023-04-13,XRP-USD,0.0,0,0.0,0,0.0,0.0,0.21999999999999997,0.0
2023-04-14,XRP-USD,0.0,0,0.0,0,0.0,0.0,0.3600000000000001,0.0
2023-04-15,XRP-USD,0.0,0,0.0,0,0.0,0.0,0.3600000000000001,0.0
2023-04-16,XRP-USD,0.0,0,0.0,0,0.0,0.0,0.3600000000000001,0.0
2023-04-17,XRP-USD,0.0,0,0.0,0,0.0,0.0,0.3799999999999999,0.0
2023-04-18,XRP-USD,0.0,0,0.0,0,0.0,0.0,0.15999999999999992,0.0
2023-04-19,XRP-USD,0.0,0,0.0,0,0.0,0.0,0.26,0.0
2023-04-20,XRP-USD,0.0,0,0.0,0,0.0,0.0,0.040000000000000036,0.0
2023-04-21,XRP-USD,0.0,0,0.0,0,0.0,0.0,0.0,0.0
2023-04-22,XRP-USD,0.0,0,0.0,0,0.0,0.0,0.06000000000000005,0.0
2023-04-23,XRP-USD,0.0,0,0.0,0,0.0,0.0,0.1200000000000001,0.0
2023-04-24,XRP-USD,0.0,0,0.0,0,0.0,0.0,0.06000000000000005,0.0
2023-04-25,XRP-USD,0.0,0,0.0,0,0.0,0.0,0.06000000000000005,0.0
2023-04-26,XRP-USD,0.0,0,0.0,0,0.0,0.0,0.1200000000000001,0.0
2023-04-27,XRP-USD,0.0,0,0.0,0,0.0,0.0,0.17999999999999994,0.0
2023-04-28,XRP-USD,0.0,0,0.0,0,0.0,0.0,0.28,0.0
2023-04-29,XRP-USD,0.0,0,0.0,0,0.0,0.0,0.28,0.0
2023-04-30,XRP-USD,0.0,0,0.0,0,0.0,0.0,0.19999999999999996,0.0
2023-05-01,XRP-USD,0.0,0,0.0,0,0.0,0.0,0.26,0.0
2023-05-02,XRP-USD,0.0,0,0.0,0,0.0,0.0,0.10000000000000009,0.0
2023-05-03,XRP-USD,0.0,0,0.0,0,0.0,0.0,0.28,0.0
2023-05-04,XRP-USD,0.0,0,0.0,0,0.0,0.0,0.28,0.0
2023-05-05,XRP-USD,0.0,0,0.0,0,0.0,0.0,0.21999999999999997,0.0
2023-05-06,XRP-USD,0.0,0,0.0,0,0.0,0.0,0.19999999999999996,0.0
2023-05-07,XRP-USD,0.0,0,0.0,0,0.0,0.0,0.28,0.0
2023-05-08,XRP-USD,0.0,0,0.0,0,0.0,0.0,0.19999999999999996,0.0
2023-05-09,XRP-USD,0.0,0,0.0,0,0.0,0.0,0.020000000000000018,0.0
2023-05-10,XRP-USD,0.0,0,0.0,0,0.0,0.0,0.040000000000000036,0.0
2023-05-11,XRP-USD,0.0,0,0.0,0,0.0,0.0,0.040000000000000036,0.0
2023-05-12,XRP-USD,0.0,0,0.0,0,0.0,0.0,-0.020000000000000018,0.0
2023-05-13,XRP-USD,0.0,0,0.0,0,0.0,0.0,-0.040000000000000036,0.0
2023-05-14,XRP-USD,0.0,0,0.0,0,0.0,0.0,-0.040000000000000036,0.0
2023-05-15,XRP-USD,0.0,0,0.0,0,0.0,0.0,0.0,0.0
2023-05-16,XRP-USD,0.0,0,0.0,0,0.0,0.0,0.08000000000000007,0.0
2023-05-17,XRP-USD,0.0,0,0.0,0,0.0,0.0,0.0,0.0
2023-05-18,XRP-USD,0.0,0,0.0,0,0.0,0.0,0.020000000000000018,0.0
2023-05-19,XRP-USD,0.0,0,0.0,0,0.0,0.0,-0.040000000000000036,0.0
2023-05-20,XRP-USD,0.0,0,0.0,0,0.0,0.0,-0.040000000000000036,0.0
2023-05-21,XRP-USD,0.0,0,0.0,0,0.0,0.0,0.040000000000000036,0.0
2023-05-22,XRP-USD,0.0,0,0.0,0,0.0,0.0,-0.020000000000000018,0.0
2023-05-23,XRP-USD,0.0,0,0.0,0,0.0,0.0,0.0,0.0
2023-05-24,XRP-USD,0.0,0,0.0,0,0.0,0.0,0.0,0.0
2023-05-25,XRP-USD,0.0,0,0.0,0,0.0,0.0,0.020000000000000018,0.0
2023-05-26,XRP-USD,0.0,0,0.0,0,0.0,0.0,-0.020000000000000018,0.0
2023-05-27,XRP-USD,0.0,0,0.0,0,0.0,0.0,-0.040000000000000036,0.0
2023-05-28,XRP-USD,0.0,0,0.0,0,0.0,0.0,0.0,0.0
2023-05-29,XRP-USD,0.0,0,0.0,0,0.0,0.0,0.040000000000000036,0.0
2023-05-30,XRP-USD,0.0,0,0.0,0,0.0,0.0,0.020000000000000018,0.0
2023-05-31,XRP-USD,0.0,0,0.0,0,0.0,0.0,0.020000000000000018,0.0
2023-06-01,XRP-USD,0.0,0,0.0,0,0.0,0.0,0.040000000000000036,0.0
2023-06-02,XRP-USD,0.0,0,0.0,0,0.0,0.0,0.0,0.0
2023-06-03,XRP-USD,0.0,0,0.0,0,0.0,0.0,0.06000000000000005,0.0
2023-06-04,XRP-USD,0.0,0,0.0,0,0.0,0.0,0.040000000000000036,0.0
2023-06-05,XRP-USD,0.0,0,0.0,0,0.0,0.0,0.06000000000000005,0.0
2023-06-06,XRP-USD,0.0,0,0.0,0,0.0,0.0,-0.12,0.0
2023-06-07,XRP-USD,0.0,0,0.0,0,0.0,0.0,0.06000000000000005,0.0
2023-06-08,XRP-USD,0.0,0,0.0,0,0.0,0.0,0.0,0.0
2023-06-09,XRP-USD,0.0,0,0.0,0,0.0,0.0,0.0,0.0
2023-06-10,XRP-USD,0.0,0,0.0,0,0.0,0.0,-0.020000000000000018,0.0
2023-06-11,XRP-USD,0.0,0,0.0,0,0.0,0.0,-0.06000000000000005,0.0
2023-06-12,XRP-USD,0.0,0,0.0,0,0.0,0.0,-0.06000000000000005,0.0
2023-06-13,XRP-USD,0.0,0,0.0,0,0.0,0.0,-0.09999999999999998,0.0
2023-06-14,XRP-USD,0.0,0,0.0,0,0.0,0.0,-0.07999999999999996,0.0
2023-06-15,XRP-USD,0.0,0,0.0,0,0.0,0.0,-0.18000000000000005,0.0
2023-06-16,XRP-USD,0.0,0,0.0,0,0.0,0.0,-0.06000000000000005,0.0
2023-06-17,XRP-USD,0.0,0,0.0,0,0.0,0.0,-0.06000000000000005,0.0
2023-06-18,XRP-USD,0.0,0,0.0,0,0.0,0.0,-0.020000000000000018,0.0
2023-06-19,XRP-USD,0.0,0,0.0,0,0.0,0.0,-0.06000000000000005,0.0
2023-06-20,XRP-USD,0.0,0,0.0,0,0.0,0.0,-0.020000000000000018,0.0
2023-06-21,XRP-USD,0.0,0,0.0,0,0.0,0.0,0.17999999999999994,0.0
2023-06-22,XRP-USD,0.0,0,0.0,0,0.0,0.0,0.30000000000000004,0.0
2023-06-23,XRP-USD,0.0,0,0.0,0,0.0,0.0,0.30000000000000004,0.0
2023-06-24,XRP-USD,0.0,0,0.0,0,0.0,0.0,0.24,0.0
2023-06-25,XRP-USD,0.0,0,0.0,0,0.0,0.0,0.28,0.0
2023-06-26,XRP-USD,0.0,0,0.0,0,0.0,0.0,0.10000000000000009,0.0
2023-06-27,XRP-USD,0.0,0,0.0,0,0.0,0.0,0.17999999999999994,0.0
2023-06-28,XRP-USD,0.0,0,0.0,0,0.0,0.0,0.24,0.0
2023-06-29,XRP-USD,0.0,0,0.0,0,0.0,0.0,0.08000000000000007,0.0
2023-06-30,XRP-USD,0.0,0,0.0,0,0.0,0.0,0.1200000000000001,0.0
2023-07-01,XRP-USD,0.0,0,0.0,0,0.0,0.0,0.17999999999999994,0.0
2023-07-02,XRP-USD,0.0,0,0.0,0,0.0,0.0,0.26,0.0
2023-07-03,XRP-USD,0.0,0,0.0,0,0.0,0.0,0.24,0.0
2023-07-04,XRP-USD,0.0,0,0.0,0,0.0,0.0,0.28,0.0
2023-07-05,XRP-USD,0.0,0,0.0,0,0.0,0.0,0.21999999999999997,0.0
2023-07-06,XRP-USD,0.0,0,0.0,0,0.0,0.0,0.1200000000000001,0.0
2023-07-07,XRP-USD,0.0,0,0.0,0,0.0,0.0,0.10000000000000009,0.0
2023-07-08,XRP-USD,0.0,0,0.0,0,0.0,0.0,0.15999999999999992,0.0
2023-07-09,XRP-USD,0.0,0,0.0,0,0.0,0.0,0.10000000000000009,0.0
2023-07-10,XRP-USD,0.0,0,0.0,0,0.0,0.0,0.1200000000000001,0.0
2023-07-11,XRP-USD,0.0,0,0.0,0,0.0,0.0,0.1399999999999999,0.0
2023-07-12,XRP-USD,0.0,0,0.0,0,0.0,0.0,0.28,0.0
2023-07-13,XRP-USD,0.0,0,0.0,0,0.0,0.0,0.1399999999999999,0.0
2023-07-14,XRP-USD,0.0,0,0.0,0,0.0,0.0,0.19999999999999996,0.0
2023-07-15,XRP-USD,0.0,0,0.0,0,0.0,0.0,0.1200000000000001,0.0
2023-07-16,XRP-USD,0.0,0,0.0,0,0.0,0.0,0.1399999999999999,0.0
2023-07-17,XRP-USD,0.0,0,0.0,0,0.0,0.0,0.08000000000000007,0.0
2023-07-18,XRP-USD,0.0,0,0.0,0,0.0,0.0,0.1200000000000001,0.0
2023-07-19,XRP-USD,0.0,0,0.0,0,0.0,0.0,0.0,0.0
2023-07-20,XRP-USD,0.0,0,0.0,0,0.0,0.0,0.1200000000000001,0.0
2023-07-21,XRP-USD,0.0,0,0.0,0,0.0,0.0,0.0,0.0
2023-07-22,XRP-USD,0.0,0,0.0,0,0.0,0.0,0.040000000000000036,0.0
2023-07-23,XRP-USD,0.0,0,0.0,0,0.0,0.0,0.08000000000000007,0.0
2023-07-24,XRP-USD,0.0,0,0.0,0,0.0,0.0,0.10000000000000009,0.0
2023-07-25,XRP-USD,0.0,0,0.0,0,0.0,0.0,0.0,0.0
2023-07-26,XRP-USD,0.0,0,0.0,0,0.0,0.0,0.020000000000000018,0.0
2023-07-27,XRP-USD,0.0,0,0.0,0,0.0,0.0,0.020000000000000018,0.0
2023-07-28,XRP-USD,0.0,0,0.0,0,0.0,0.0,0.040000000000000036,0.0
2023-07-29,XRP-USD,0.0,0,0.0,0,0.0,0.0,0.040000000000000036,0.0
2023-07-30,XRP-USD,0.0,0,0.0,0,0.0,0.0,0.040000000000000036,0.0
2023-07-31,XRP-USD,0.0,0,0.0,0,0.0,0.0,0.0,0.0
2023-08-01,XRP-USD,0.0,0,0.0,0,0.0,0.0,0.06000000000000005,0.0
2023-08-02,XRP-USD,0.0,0,0.0,0,0.0,0.0,0.06000000000000005,0.0
2023-08-03,XRP-USD,0.0,0,0.0,0,0.0,0.0,0.040000000000000036,0.0
2023-08-04,XRP-USD,0.0,0,0.0,0,0.0,0.0,0.08000000000000007,0.0
2023-08-05,XRP-USD,0.0,0,0.0,0,0.0,0.0,0.0,0.0
2023-08-06,XRP-USD,0.0,0,0.0,0,0.0,0.0,-0.020000000000000018,0.0
2023-08-07,XRP-USD,0.0,0,0.0,0,0.0,0.0,-0.020000000000000018,0.0
2023-08-08,XRP-USD,0.0,0,0.0,0,0.0,0.0,0.08000000000000007,0.0
2023-08-09,XRP-USD,0.0,0,0.0,0,0.0,0.0,0.0,0.0
2023-08-10,XRP-USD,0.0,0,0.0,0,0.0,0.0,0.06000000000000005,0.0
2023-08-11,XRP-USD,0.0,0,0.0,0,0.0,0.0,0.020000000000000018,0.0
2023-08-12,XRP-USD,0.0,0,0.0,0,0.0,0.0,0.08000000000000007,0.0
2023-08-13,XRP-USD,0.0,0,0.0,0,0.0,0.0,0.08000000000000007,0.0
2023-08-14,XRP-USD,0.0,0,0.0,0,0.0,0.0,0.0,0.0
2023-08-15,XRP-USD,0.0,0,0.0,0,0.0,0.0,0.06000000000000005,0.0
2023-08-16,XRP-USD,0.0,0,0.0,0,0.0,0.0,0.040000000000000036,0.0
2023-08-17,XRP-USD,0.0,0,0.0,0,0.0,0.0,0.0,0.0
2023-08-18,XRP-USD,0.0,0,0.0,0,0.0,0.0,-0.26,0.0
2023-08-19,XRP-USD,0.0,0,0.0,0,0.0,0.0,-0.21999999999999997,0.0
2023-08-20,XRP-USD,0.0,0,0.0,0,0.0,0.0,-0.26,0.0
2023-08-21,XRP-USD,0.0,0,0.0,0,0.0,0.0,-0.24,0.0
2023-08-22,XRP-USD,0.0,0,0.0,0,0.0,0.0,-0.26,0.0
2023-08-23,XRP-USD,0.0,0,0.0,0,0.0,0.0,-0.26,0.0
2023-08-24,XRP-USD,0.0,0,0.0,0,0.0,0.0,-0.18000000000000005,0.0
2023-08-25,XRP-USD,0.0,0,0.0,0,0.0,0.0,-0.21999999999999997,0.0
2023-08-26,XRP-USD,0.0,0,0.0,0,0.0,0.0,-0.24,0.0
2023-08-27,XRP-USD,0.0,0,0.0,0,0.0,0.0,-0.24,0.0
2023-08-28,XRP-USD,0.0,0,0.0,0,0.0,0.0,-0.21999999999999997,0.0
2023-08-29,XRP-USD,0.0,0,0.0,0,0.0,0.0,-0.21999999999999997,0.0
2023-08-30,XRP-USD,0.0,0,0.0,0,0.0,0.0,-0.020000000000000018,0.0
2023-08-31,XRP-USD,0.0,0,0.0,0,0.0,0.0,0.040000000000000036,0.0
2023-09-01,XRP-USD,0.0,0,0.0,0,0.0,0.0,-0.19999999999999996,0.0
2023-09-02,XRP-USD,0.0,0,0.0,0,0.0,0.0,-0.21999999999999997,0.0
2023-09-03,XRP-USD,0.0,0,0.0,0,0.0,0.0,-0.19999999999999996,0.0
2023-09-04,XRP-USD,0.0,0,0.0,0,0.0,0.0,-0.19999999999999996,0.0
2023-09-05,XRP-USD,0.0,0,0.0,0,0.0,0.0,-0.19999999999999996,0.0
2023-09-06,XRP-USD,0.0,0,0.0,0,0.0,0.0,-0.16000000000000003,0.0
2023-09-07,XRP-USD,0.0,0,0.0,0,0.0,0.0,-0.18000000000000005,0.0
2023-09-08,XRP-USD,0.0,0,0.0,0,0.0,0.0,-0.07999999999999996,0.0
2023-09-09,XRP-USD,0.0,0,0.0,0,0.0,0.0,-0.18000000000000005,0.0
2023-09-10,XRP-USD,0.0,0,0.0,0,0.0,0.0,-0.19999999999999996,0.0
2023-09-11,XRP-USD,0.0,0,0.0,0,0.0,0.0,-0.19999999999999996,0.0
2023-09-12,XRP-USD,0.0,0,0.0,0,0.0,0.0,-0.4,0.0
2023-09-13,XRP-USD,0.0,0,0.0,0,0.0,0.0,-0.18000000000000005,0.0
2023-09-14,XRP-USD,0.0,0,0.0,0,0.0,0.0,-0.09999999999999998,0.0
2023-09-15,XRP-USD,0.0,0,0.0,0,0.0,0.0,-0.09999999999999998,0.0
2023-09-16,XRP-USD,0.0,0,0.0,0,0.0,0.0,-0.14,0.0
2023-09-17,XRP-USD,0.0,0,0.0,0,0.0,0.0,-0.07999999999999996,0.0
2023-09-18,XRP-USD,0.0,0,0.0,0,0.0,0.0,-0.07999999999999996,0.0
2023-09-19,XRP-USD,0.0,0,0.0,0,0.0,0.0,-0.07999999999999996,0.0
2023-09-20,XRP-USD,0.0,0,0.0,0,0.0,0.0,-0.06000000000000005,0.0
2023-09-21,XRP-USD,0.0,0,0.0,0,0.0,0.0,-0.06000000000000005,0.0
2023-09-22,XRP-USD,0.0,0,0.0,0,0.0,0.0,-0.14,0.0
2023-09-23,XRP-USD,0.0,0,0.0,0,0.0,0.0,-0.06000000000000005,0.0
2023-09-24,XRP-USD,0.0,0,0.0,0,0.0,0.0,-0.12,0.0
2023-09-25,XRP-USD,0.0,0,0.0,0,0.0,0.0,-0.06000000000000005,0.0
2023-09-26,XRP-USD,0.0,0,0.0,0,0.0,0.0,-0.07999999999999996,0.0
2023-09-27,XRP-USD,0.0,0,0.0,0,0.0,0.0,-0.12,0.0
2023-09-28,XRP-USD,0.0,0,0.0,0,0.0,0.0,-0.07999999999999996,0.0
2023-09-29,XRP-USD,0.0,0,0.0,0,0.0,0.0,-0.040000000000000036,0.0
2023-09-30,XRP-USD,0.0,0,0.0,0,0.0,0.0,-0.06000000000000005,0.0
2023-10-01,XRP-USD,0.0,0,0.0,0,0.0,0.0,-0.040000000000000036,0.0
2023-10-02,XRP-USD,0.0,0,0.0,0,0.0,0.0,0.0,0.0
2023-10-03,XRP-USD,0.0,0,0.0,0,0.0,0.0,0.0,0.0
2023-10-04,XRP-USD,0.0,0,0.0,0,0.0,0.0,-0.020000000000000018,0.0
2023-10-05,XRP-USD,0.0,0,0.0,0,0.0,0.0,-0.040000000000000036,0.0
2023-10-06,XRP-USD,0.0,0,0.0,0,0.0,0.0,0.0,0.0
2023-10-07,XRP-USD,0.0,0,0.0,0,0.0,0.0,-0.020000000000000018,0.0
2023-10-08,XRP-USD,0.0,0,0.0,0,0.0,0.0,0.0,0.0
2023-10-09,XRP-USD,0.0,0,0.0,0,0.0,0.0,0.0,0.0
2023-10-10,XRP-USD,0.0,0,0.0,0,0.0,0.0,0.0,0.0
2023-10-11,XRP-USD,0.0,0,0.0,0,0.0,0.0,-0.06000000000000005,0.0
2023-10-12,XRP-USD,0.0,0,0.0,0,0.0,0.0,-0.09999999999999998,0.0
2023-10-13,XRP-USD,0.0,0,0.0,0,0.0,0.0,-0.12,0.0
2023-10-14,XRP-USD,0.0,0,0.0,0,0.0,0.0,-0.06000000000000005,0.0
2023-10-15,XRP-USD,0.0,0,0.0,0,0.0,0.0,-0.09999999999999998,0.0
2023-10-16,XRP-USD,0.0,0,0.0,0,0.0,0.0,-0.06000000000000005,0.0
2023-10-17,XRP-USD,0.0,0,0.0,0,0.0,0.0,0.040000000000000036,0.0
2023-10-18,XRP-USD,0.0,0,0.0,0,0.0,0.0,0.0,0.0
2023-10-19,XRP-USD,0.0,0,0.0,0,0.0,0.0,0.040000000000000036,0.0
2023-10-20,XRP-USD,0.0,0,0.0,0,0.0,0.0,0.06000000000000005,0.0
2023-10-21,XRP-USD,0.0,0,0.0,0,0.0,0.0,0.26,0.0
2023-10-22,XRP-USD,0.0,0,0.0,0,0.0,0.0,0.06000000000000005,0.0
2023-10-23,XRP-USD,0.0,0,0.0,0,0.0,0.0,0.06000000000000005,0.0
2023-10-24,XRP-USD,0.0,0,0.0,0,0.0,0.0,0.32000000000000006,0.0
2023-10-25,XRP-USD,0.0,0,0.0,0,0.0,0.0,0.43999999999999995,0.0
2023-10-26,XRP-USD,0.0,0,0.0,0,0.0,0.0,0.41999999999999993,0.0
2023-10-27,XRP-USD,0.0,0,0.0,0,0.0,0.0,0.3999999999999999,0.0
2023-10-28,XRP-USD,0.0,0,0.0,0,0.0,0.0,0.30000000000000004,0.0
2023-10-29,XRP-USD,0.0,0,0.0,0,0.0,0.0,0.43999999999999995,0.0
2023-10-30,XRP-USD,0.0,0,0.0,0,0.0,0.0,0.3600000000000001,0.0
2023-10-31,XRP-USD,0.0,0,0.0,0,0.0,0.0,0.32000000000000006,0.0
2023-11-01,XRP-USD,0.0,0,0.0,0,0.0,0.0,0.32000000000000006,0.0
2023-11-02,XRP-USD,0.0,0,0.0,0,0.0,0.0,0.43999999999999995,0.0
2023-11-03,XRP-USD,0.0,0,0.0,0,0.0,0.0,0.30000000000000004,0.0
2023-11-04,XRP-USD,0.0,0,0.0,0,0.0,0.0,0.3600000000000001,0.0
2023-11-05,XRP-USD,0.0,0,0.0,0,0.0,0.0,0.3999999999999999,0.0
2023-11-06,XRP-USD,0.0,0,0.0,0,0.0,0.0,0.48,0.0
2023-11-07,XRP-USD,0.0,0,0.0,0,0.0,0.0,0.3600000000000001,0.0
2023-11-08,XRP-USD,0.0,0,0.0,0,0.0,0.0,0.32000000000000006,0.0
2023-11-09,XRP-USD,0.0,0,0.0,0,0.0,0.0,0.3799999999999999,0.0
2023-11-10,XRP-USD,0.0,0,0.0,0,0.0,0.0,0.3999999999999999,0.0
2023-11-11,XRP-USD,0.0,0,0.0,0,0.0,0.0,0.3999999999999999,0.0
2023-11-12,XRP-USD,0.0,0,0.0,0,0.0,0.0,0.45999999999999996,0.0
2023-11-13,XRP-USD,0.0,0,0.0,0,0.0,0.0,0.43999999999999995,0.0
2023-11-14,XRP-USD,0.0,0,0.0,0,0.0,0.0,0.3799999999999999,0.0
2023-11-15,XRP-USD,0.0,0,0.0,0,0.0,0.0,0.19999999999999996,0.0
2023-11-16,XRP-USD,0.0,0,0.0,0,0.0,0.0,0.3999999999999999,0.0
2023-11-17,XRP-USD,0.0,0,0.0,0,0.0,0.0,0.26,0.0
2023-11-18,XRP-USD,0.0,0,0.0,0,0.0,0.0,0.3799999999999999,0.0
2023-11-19,XRP-USD,0.0,0,0.0,0,0.0,0.0,0.32000000000000006,0.0
2023-11-20,XRP-USD,0.0,0,0.0,0,0.0,0.0,0.3799999999999999,0.0
2023-11-21,XRP-USD,0.0,0,0.0,0,0.0,0.0,0.41999999999999993,0.0
2023-11-22,XRP-USD,0.0,0,0.0,0,0.0,0.0,0.24,0.0
2023-11-23,XRP-USD,0.0,0,0.0,0,0.0,0.0,0.32000000000000006,0.0
2023-11-24,XRP-USD,0.0,0,0.0,0,0.0,0.0,0.32000000000000006,0.0
2023-11-25,XRP-USD,0.0,0,0.0,0,0.0,0.0,0.45999999999999996,0.0
2023-11-26,XRP-USD,0.0,0,0.0,0,0.0,0.0,0.45999999999999996,0.0
2023-11-27,XRP-USD,0.0,0,0.0,0,0.0,0.0,0.32000000000000006,0.0
2023-11-28,XRP-USD,0.0,0,0.0,0,0.0,0.0,0.3600000000000001,0.0
2023-11-29,XRP-USD,0.0,0,0.0,0,0.0,0.0,0.43999999999999995,0.0
2023-11-30,XRP-USD,0.0,0,0.0,0,0.0,0.0,0.48,0.0
2023-12-01,XRP-USD,0.0,0,0.0,0,0.0,0.0,0.41999999999999993,0.0
2023-12-02,XRP-USD,0.0,0,0.0,0,0.0,0.0,0.48,0.0
2023-12-03,XRP-USD,0.0,0,0.0,0,0.0,0.0,0.45999999999999996,0.0
2023-12-04,XRP-USD,0.0,0,0.0,0,0.0,0.0,0.48,0.0
2023-12-05,XRP-USD,0.0,0,0.0,0,0.0,0.0,0.5,0.0
2023-12-06,XRP-USD,0.0,0,0.0,0,0.0,0.0,0.43999999999999995,0.0
2023-12-07,XRP-USD,0.0,0,0.0,0,0.0,0.0,0.43999999999999995,0.0
2023-12-08,XRP-USD,0.0,0,0.0,0,0.0,0.0,0.43999999999999995,0.0
2023-12-09,XRP-USD,0.0,0,0.0,0,0.0,0.0,0.45999999999999996,0.0
2023-12-10,XRP-USD,0.0,0,0.0,0,0.0,0.0,0.48,0.0
2023-12-11,XRP-USD,0.0,0,0.0,0,0.0,0.0,0.48,0.0
2023-12-12,XRP-USD,0.0,0,0.0,0,0.0,0.0,0.3400000000000001,0.0
2023-12-13,XRP-USD,0.0,0,0.0,0,0.0,0.0,0.30000000000000004,0.0
2023-12-14,XRP-USD,0.0,0,0.0,0,0.0,0.0,0.43999999999999995,0.0
2023-12-15,XRP-USD,0.0,0,0.0,0,0.0,0.0,0.3999999999999999,0.0
2023-12-16,XRP-USD,0.0,0,0.0,0,0.0,0.0,0.3400000000000001,0.0
2023-12-17,XRP-USD,0.0,0,0.0,0,0.0,0.0,0.45999999999999996,0.0
2023-12-18,XRP-USD,0.0,0,0.0,0,0.0,0.0,0.30000000000000004,0.0
2023-12-19,XRP-USD,0.0,0,0.0,0,0.0,0.0,0.45999999999999996,0.0
2023-12-20,XRP-USD,0.0,0,0.0,0,0.0,0.0,0.48,0.0
2023-12-21,XRP-USD,0.0,0,0.0,0,0.0,0.0,0.3999999999999999,0.0
2023-12-22,XRP-USD,0.0,0,0.0,0,0.0,0.0,0.48,0.0
2023-12-23,XRP-USD,0.0,0,0.0,0,0.0,0.0,0.3999999999999999,0.0
2023-12-24,XRP-USD,0.0,0,0.0,0,0.0,0.0,0.41999999999999993,0.0
2023-12-25,XRP-USD,0.0,0,0.0,0,0.0,0.0,0.45999999999999996,0.0
2023-12-26,XRP-USD,0.0,0,0.0,0,0.0,0.0,0.41999999999999993,0.0
2023-12-27,XRP-USD,0.0,0,0.0,0,0.0,0.0,0.45999999999999996,0.0
2023-12-28,XRP-USD,0.0,0,0.0,0,0.0,0.0,0.45999999999999996,0.0
2023-12-29,XRP-USD,0.0,0,0.0,0,0.0,0.0,0.30000000000000004,0.0
2023-12-30,XRP-USD,0.0,0,0.0,0,0.0,0.0,0.3600000000000001,0.0
2023-12-31,XRP-USD,0.0,0,0.0,0,0.0,0.0,0.3400000000000001,0.0
2024-01-01,XRP-USD,0.0,0,0.0,0,0.0,0.0,0.30000000000000004,0.0
2024-01-02,XRP-USD,0.0,0,0.0,0,0.0,0.0,0.41999999999999993,0.0
2024-01-03,XRP-USD,0.0,0,0.0,0,0.0,0.0,0.3999999999999999,0.0
2024-01-04,XRP-USD,0.0,0,0.0,0,0.0,0.0,0.3600000000000001,0.0
2024-01-05,XRP-USD,0.0,0,0.0,0,0.0,0.0,0.43999999999999995,0.0
2024-01-06,XRP-USD,0.0,0,0.0,0,0.0,0.0,0.3999999999999999,0.0
2024-01-07,XRP-USD,0.0,0,0.0,0,0.0,0.0,0.41999999999999993,0.0
2024-01-08,XRP-USD,0.0,0,0.0,0,0.0,0.0,0.41999999999999993,0.0
2024-01-09,XRP-USD,0.0,0,0.0,0,0.0,0.0,0.52,0.0
2024-01-10,XRP-USD,0.0,0,0.0,0,0.0,0.0,0.45999999999999996,0.0
2024-01-11,XRP-USD,0.0,0,0.0,0,0.0,0.0,0.52,0.0
2024-01-12,XRP-USD,0.0,0,0.0,0,0.0,0.0,0.41999999999999993,0.0
2024-01-13,XRP-USD,0.0,0,0.0,0,0.0,0.0,0.28,0.0
2024-01-14,XRP-USD,0.0,0,0.0,0,0.0,0.0,0.19999999999999996,0.0
2024-01-15,XRP-USD,0.0,0,0.0,0,0.0,0.0,0.040000000000000036,0.0
2024-01-16,XRP-USD,0.0,0,0.0,0,0.0,0.0,0.28,0.0
2024-01-17,XRP-USD,0.0,0,0.0,0,0.0,0.0,0.19999999999999996,0.0
2024-01-18,XRP-USD,0.0,0,0.0,0,0.0,0.0,0.26,0.0
2024-01-19,XRP-USD,0.0,0,0.0,0,0.0,0.0,0.020000000000000018,0.0
2024-01-20,XRP-USD,0.0,0,0.0,0,0.0,0.0,0.040000000000000036,0.0
2024-01-21,XRP-USD,0.0,0,0.0,0,0.0,0.0,0.1200000000000001,0.0
2024-01-22,XRP-USD,0.0,0,0.0,0,0.0,0.0,0.10000000000000009,0.0
2024-01-23,XRP-USD,0.0,0,0.0,0,0.0,0.0,0.0,0.0
2024-01-24,XRP-USD,0.0,0,0.0,0,0.0,0.0,-0.040000000000000036,0.0
2024-01-25,XRP-USD,0.0,0,0.0,0,0.0,0.0,0.040000000000000036,0.0
2024-01-26,XRP-USD,0.0,0,0.0,0,0.0,0.0,-0.020000000000000018,0.0
2024-01-27,XRP-USD,0.0,0,0.0,0,0.0,0.0,0.10000000000000009,0.0
2024-01-28,XRP-USD,0.0,0,0.0,0,0.0,0.0,0.08000000000000007,0.0
2024-01-29,XRP-USD,0.0,0,0.0,0,0.0,0.0,0.10000000000000009,0.0
2024-01-30,XRP-USD,0.0,0,0.0,0,0.0,0.0,0.21999999999999997,0.0
2024-01-31,XRP-USD,0.0,0,0.0,0,0.0,0.0,0.19999999999999996,0.0
2024-02-01,XRP-USD,0.0,0,0.0,0,0.0,0.0,0.26,0.0
2024-02-02,XRP-USD,0.0,0,0.0,0,0.0,0.0,0.26,0.0
2024-02-03,XRP-USD,0.0,0,0.0,0,0.0,0.0,0.19999999999999996,0.0
2024-02-04,XRP-USD,0.0,0,0.0,0,0.0,0.0,0.19999999999999996,0.0
2024-02-05,XRP-USD,0.0,0,0.0,0,0.0,0.0,0.19999999999999996,0.0
2024-02-06,XRP-USD,0.0,0,0.0,0,0.0,0.0,0.28,0.0
2024-02-07,XRP-USD,0.0,0,0.0,0,0.0,0.0,0.24,0.0
2024-02-08,XRP-USD,0.0,0,0.0,0,0.0,0.0,0.32000000000000006,0.0
2024-02-09,XRP-USD,0.0,0,0.0,0,0.0,0.0,0.43999999999999995,0.0
2024-02-10,XRP-USD,0.0,0,0.0,0,0.0,0.0,0.48,0.0
2024-02-11,XRP-USD,0.0,0,0.0,0,0.0,0.0,0.41999999999999993,0.0
2024-02-12,XRP-USD,0.0,0,0.0,0,0.0,0.0,0.3999999999999999,0.0
2024-02-13,XRP-USD,0.0,0,0.0,0,0.0,0.0,0.5800000000000001,0.0
2024-02-14,XRP-USD,0.0,0,0.0,0,0.0,0.0,0.48,0.0
2024-02-15,XRP-USD,0.0,0,0.0,0,0.0,0.0,0.43999999999999995,0.0
2024-02-16,XRP-USD,0.0,0,0.0,0,0.0,0.0,0.43999999999999995,0.0
2024-02-17,XRP-USD,0.0,0,0.0,0,0.0,0.0,0.52,0.0
2024-02-18,XRP-USD,0.0,0,0.0,0,0.0,0.0,0.43999999999999995,0.0
2024-02-19,XRP-USD,0.0,0,0.0,0,0.0,0.0,0.5,0.0
2024-02-20,XRP-USD,0.0,0,0.0,0,0.0,0.0,0.43999999999999995,0.0
2024-02-21,XRP-USD,0.0,0,0.0,0,0.0,0.0,0.56,0.0
2024-02-22,XRP-USD,0.0,0,0.0,0,0.0,0.0,0.48,0.0
2024-02-23,XRP-USD,0.0,0,0.0,0,0.0,0.0,0.52,0.0
2024-02-24,XRP-USD,0.0,0,0.0,0,0.0,0.0,0.43999999999999995,0.0
2024-02-25,XRP-USD,0.0,0,0.0,0,0.0,0.0,0.48,0.0
2024-02-26,XRP-USD,0.0,0,0.0,0,0.0,0.0,0.43999999999999995,0.0
2024-02-27,XRP-USD,0.0,0,0.0,0,0.0,0.0,0.5800000000000001,0.0
2024-02-28,XRP-USD,0.0,0,0.0,0,0.0,0.0,0.6399999999999999,0.0
2024-02-29,XRP-USD,0.0,0,0.0,0,0.0,0.0,0.6000000000000001,0.0
2024-03-01,XRP-USD,0.0,0,0.0,0,0.0,0.0,0.6000000000000001,0.0
2024-03-02,XRP-USD,0.0,0,0.0,0,0.0,0.0,0.6000000000000001,0.0
2024-03-03,XRP-USD,0.0,0,0.0,0,0.0,0.0,0.6599999999999999,0.0
2024-03-04,XRP-USD,0.0,0,0.0,0,0.0,0.0,0.6399999999999999,0.0
2024-03-05,XRP-USD,0.0,0,0.0,0,0.0,0.0,0.8,0.0
2024-03-06,XRP-USD,0.0,0,0.0,0,0.0,0.0,0.5,0.0
2024-03-07,XRP-USD,0.0,0,0.0,0,0.0,0.0,0.6399999999999999,0.0
2024-03-08,XRP-USD,0.0,0,0.0,0,0.0,0.0,0.6200000000000001,0.0
2024-03-09,XRP-USD,0.0,0,0.0,0,0.0,0.0,0.6799999999999999,0.0
2024-03-10,XRP-USD,0.0,0,0.0,0,0.0,0.0,0.5800000000000001,0.0
2024-03-11,XRP-USD,0.0,0,0.0,0,0.0,0.0,0.6399999999999999,0.0
2024-03-12,XRP-USD,0.0,0,0.0,0,0.0,0.0,0.6200000000000001,0.0
2024-03-13,XRP-USD,0.0,0,0.0,0,0.0,0.0,0.6200000000000001,0.0
2024-03-14,XRP-USD,0.0,0,0.0,0,0.0,0.0,0.76,0.0
2024-03-15,XRP-USD,0.0,0,0.0,0,0.0,0.0,0.6599999999999999,0.0
2024-03-16,XRP-USD,0.0,0,0.0,0,0.0,0.0,0.6200000000000001,0.0
2024-03-17,XRP-USD,0.0,0,0.0,0,0.0,0.0,0.5800000000000001,0.0
2024-03-18,XRP-USD,0.0,0,0.0,0,0.0,0.0,0.54,0.0
2024-03-19,XRP-USD,0.0,0,0.0,0,0.0,0.0,0.5800000000000001,0.0
2024-03-20,XRP-USD,0.0,0,0.0,0,0.0,0.0,0.48,0.0
2024-03-21,XRP-USD,0.0,0,0.0,0,0.0,0.0,0.56,0.0
2024-03-22,XRP-USD,0.0,0,0.0,0,0.0,0.0,0.5,0.0
2024-03-23,XRP-USD,0.0,0,0.0,0,0.0,0.0,0.45999999999999996,0.0
2024-03-24,XRP-USD,0.0,0,0.0,0,0.0,0.0,0.48,0.0
2024-03-25,XRP-USD,0.0,0,0.0,0,0.0,0.0,0.5,0.0
2024-03-26,XRP-USD,0.0,0,0.0,0,0.0,0.0,0.6200000000000001,0.0
2024-03-27,XRP-USD,0.0,0,0.0,0,0.0,0.0,0.6599999999999999,0.0
2024-03-28,XRP-USD,0.0,0,0.0,0,0.0,0.0,0.6000000000000001,0.0
2024-03-29,XRP-USD,0.0,0,0.0,0,0.0,0.0,0.5800000000000001,0.0
2024-03-30,XRP-USD,0.0,0,0.0,0,0.0,0.0,0.5,0.0
2024-03-31,XRP-USD,0.0,0,0.0,0,0.0,0.0,0.5,0.0
2024-04-01,XRP-USD,0.0,0,0.0,0,0.0,0.0,0.5800000000000001,0.0
2024-04-02,XRP-USD,0.0,0,0.0,0,0.0,0.0,0.5800000000000001,0.0
2024-04-03,XRP-USD,0.0,0,0.0,0,0.0,0.0,0.41999999999999993,0.0
2024-04-04,XRP-USD,0.0,0,0.0,0,0.0,0.0,0.3999999999999999,0.0
2024-04-05,XRP-USD,0.0,0,0.0,0,0.0,0.0,0.5800000000000001,0.0
2024-04-06,XRP-USD,0.0,0,0.0,0,0.0,0.0,0.5,0.0
2024-04-07,XRP-USD,0.0,0,0.0,0,0.0,0.0,0.56,0.0
2024-04-08,XRP-USD,0.0,0,0.0,0,0.0,0.0,0.52,0.0
2024-04-09,XRP-USD,0.0,0,0.0,0,0.0,0.0,0.6000000000000001,0.0
2024-04-10,XRP-USD,0.0,0,0.0,0,0.0,0.0,0.56,0.0
2024-04-11,XRP-USD,0.0,0,0.0,0,0.0,0.0,0.52,0.0
2024-04-12,XRP-USD,0.0,0,0.0,0,0.0,0.0,0.5800000000000001,0.0
2024-04-13,XRP-USD,0.0,0,0.0,0,0.0,0.0,0.43999999999999995,0.0
2024-04-14,XRP-USD,0.0,0,0.0,0,0.0,0.0,0.43999999999999995,0.0
2024-04-15,XRP-USD,0.0,0,0.0,0,0.0,0.0,0.48,0.0
2024-04-16,XRP-USD,0.0,0,0.0,0,0.0,0.0,0.30000000000000004,0.0
2024-04-17,XRP-USD,0.0,0,0.0,0,0.0,0.0,0.3400000000000001,0.0
2024-04-18,XRP-USD,0.0,0,0.0,0,0.0,0.0,0.1399999999999999,0.0
2024-04-19,XRP-USD,0.0,0,0.0,0,0.0,0.0,0.32000000000000006,0.0
2024-04-20,XRP-USD,0.0,0,0.0,0,0.0,0.0,0.32000000000000006,0.0
2024-04-21,XRP-USD,0.0,0,0.0,0,0.0,0.0,0.43999999999999995,0.0
2024-04-22,XRP-USD,0.0,0,0.0,0,0.0,0.0,0.45999999999999996,0.0
2024-04-23,XRP-USD,0.0,0,0.0,0,0.0,0.0,0.41999999999999993,0.0
2024-04-24,XRP-USD,0.0,0,0.0,0,0.0,0.0,0.43999999999999995,0.0
2024-04-25,XRP-USD,0.0,0,0.0,0,0.0,0.0,0.43999999999999995,0.0
2024-04-26,XRP-USD,0.0,0,0.0,0,0.0,0.0,0.3999999999999999,0.0
2024-04-27,XRP-USD,0.0,0,0.0,0,0.0,0.0,0.3400000000000001,0.0
2024-04-28,XRP-USD,0.0,0,0.0,0,0.0,0.0,0.30000000000000004,0.0
2024-04-29,XRP-USD,0.0,0,0.0,0,0.0,0.0,0.3400000000000001,0.0
2024-04-30,XRP-USD,0.0,0,0.0,0,0.0,0.0,0.3400000000000001,0.0
2024-05-01,XRP-USD,0.0,0,0.0,0,0.0,0.0,0.08000000000000007,0.0
2024-05-02,XRP-USD,0.0,0,0.0,0,0.0,0.0,-0.14,0.0
2024-05-03,XRP-USD,0.0,0,0.0,0,0.0,0.0,-0.040000000000000036,0.0
2024-05-04,XRP-USD,0.0,0,0.0,0,0.0,0.0,0.3400000000000001,0.0
2024-05-05,XRP-USD,0.0,0,0.0,0,0.0,0.0,0.3799999999999999,0.0
2024-05-06,XRP-USD,0.0,0,0.0,0,0.0,0.0,0.41999999999999993,0.0
2024-05-07,XRP-USD,0.0,0,0.0,0,0.0,0.0,0.3600000000000001,0.0
2024-05-08,XRP-USD,0.0,0,0.0,0,0.0,0.0,0.28,0.0
2024-05-09,XRP-USD,0.0,0,0.0,0,0.0,0.0,0.10000000000000009,0.0
2024-05-10,XRP-USD,0.0,0,0.0,0,0.0,0.0,0.32000000000000006,0.0
2024-05-11,XRP-USD,0.0,0,0.0,0,0.0,0.0,0.06000000000000005,0.0
2024-05-12,XRP-USD,0.0,0,0.0,0,0.0,0.0,0.1200000000000001,0.0
2024-05-13,XRP-USD,0.0,0,0.0,0,0.0,0.0,0.1399999999999999,0.0
2024-05-14,XRP-USD,0.0,0,0.0,0,0.0,0.0,0.32000000000000006,0.0
2024-05-15,XRP-USD,0.0,0,0.0,0,0.0,0.0,0.28,0.0
2024-05-16,XRP-USD,0.0,0,0.0,0,0.0,0.0,0.3999999999999999,0.0
2024-05-17,XRP-USD,0.0,0,0.0,0,0.0,0.0,0.48,0.0
2024-05-18,XRP-USD,0.0,0,0.0,0,0.0,0.0,0.45999999999999996,0.0
2024-05-19,XRP-USD,0.0,0,0.0,0,0.0,0.0,0.43999999999999995,0.0
2024-05-20,XRP-USD,0.0,0,0.0,0,0.0,0.0,0.3999999999999999,0.0
2024-05-21,XRP-USD,0.0,0,0.0,0,0.0,0.0,0.52,0.0
2024-05-22,XRP-USD,0.0,0,0.0,0,0.0,0.0,0.52,0.0
2024-05-23,XRP-USD,0.0,0,0.0,0,0.0,0.0,0.52,0.0
2024-05-24,XRP-USD,0.0,0,0.0,0,0.0,0.0,0.48,0.0
2024-05-25,XRP-USD,0.0,0,0.0,0,0.0,0.0,0.52,0.0
2024-05-26,XRP-USD,0.0,0,0.0,0,0.0,0.0,0.5,0.0
2024-05-27,XRP-USD,0.0,0,0.0,0,0.0,0.0,0.48,0.0
2024-05-28,XRP-USD,0.0,0,0.0,0,0.0,0.0,0.43999999999999995,0.0
2024-05-29,XRP-USD,0.0,0,0.0,0,0.0,0.0,0.43999999999999995,0.0
2024-05-30,XRP-USD,0.0,0,0.0,0,0.0,0.0,0.45999999999999996,0.0
2024-05-31,XRP-USD,0.0,0,0.0,0,0.0,0.0,0.45999999999999996,0.0
2024-06-01,XRP-USD,0.0,0,0.0,0,0.0,0.0,0.43999999999999995,0.0
2024-06-02,XRP-USD,0.0,0,0.0,0,0.0,0.0,0.45999999999999996,0.0
2024-06-03,XRP-USD,0.0,0,0.0,0,0.0,0.0,0.45999999999999996,0.0
2024-06-04,XRP-USD,0.0,0,0.0,0,0.0,0.0,0.45999999999999996,0.0
2024-06-05,XRP-USD,0.0,0,0.0,0,0.0,0.0,0.5,0.0
2024-06-06,XRP-USD,0.0,0,0.0,0,0.0,0.0,0.56,0.0
2024-06-07,XRP-USD,0.0,0,0.0,0,0.0,0.0,0.54,0.0
2024-06-08,XRP-USD,0.0,0,0.0,0,0.0,0.0,0.43999999999999995,0.0
2024-06-09,XRP-USD,0.0,0,0.0,0,0.0,0.0,0.5,0.0
2024-06-10,XRP-USD,0.0,0,0.0,0,0.0,0.0,0.43999999999999995,0.0
2024-06-11,XRP-USD,0.0,0,0.0,0,0.0,0.0,0.48,0.0
2024-06-12,XRP-USD,0.0,0,0.0,0,0.0,0.0,0.43999999999999995,0.0
2024-06-13,XRP-USD,0.0,0,0.0,0,0.0,0.0,0.3999999999999999,0.0
2024-06-14,XRP-USD,0.0,0,0.0,0,0.0,0.0,0.48,0.0
2024-06-15,XRP-USD,0.0,0,0.0,0,0.0,0.0,0.48,0.0
2024-06-16,XRP-USD,0.0,0,0.0,0,0.0,0.0,0.41999999999999993,0.0
2024-06-17,XRP-USD,0.0,0,0.0,0,0.0,0.0,0.41999999999999993,0.0
2024-06-18,XRP-USD,0.0,0,0.0,0,0.0,0.0,0.48,0.0
2024-06-19,XRP-USD,0.0,0,0.0,0,0.0,0.0,0.28,0.0
2024-06-20,XRP-USD,0.0,0,0.0,0,0.0,0.0,0.19999999999999996,0.0
2024-06-21,XRP-USD,0.0,0,0.0,0,0.0,0.0,0.26,0.0
2024-06-22,XRP-USD,0.0,0,0.0,0,0.0,0.0,0.06000000000000005,0.0
2024-06-23,XRP-USD,0.0,0,0.0,0,0.0,0.0,0.10000000000000009,0.0
2024-06-24,XRP-USD,0.0,0,0.0,0,0.0,0.0,0.020000000000000018,0.0
2024-06-25,XRP-USD,0.0,0,0.0,0,0.0,0.0,-0.4,0.0
2024-06-26,XRP-USD,0.0,0,0.0,0,0.0,0.0,-0.07999999999999996,0.0
2024-06-27,XRP-USD,0.0,0,0.0,0,0.0,0.0,-0.19999999999999996,0.0
2024-06-28,XRP-USD,0.0,0,0.0,0,0.0,0.0,-0.06000000000000005,0.0
2024-06-29,XRP-USD,0.0,0,0.0,0,0.0,0.0,-0.4,0.0
2024-06-30,XRP-USD,0.0,0,0.0,0,0.0,0.0,-0.06000000000000005,0.0
2024-07-01,XRP-USD,0.0,0,0.0,0,0.0,0.0,0.06000000000000005,0.0
2024-07-02,XRP-USD,0.0,0,0.0,0,0.0,0.0,0.020000000000000018,0.0
2024-07-03,XRP-USD,0.0,0,0.0,0,0.0,0.0,0.0,0.0
2024-07-04,XRP-USD,0.0,0,0.0,0,0.0,0.0,-0.12,0.0
2024-07-05,XRP-USD,0.0,0,0.0,0,0.0,0.0,-0.42000000000000004,0.0
2024-07-06,XRP-USD,0.0,0,0.0,0,0.0,0.0,-0.48,0.0
2024-07-07,XRP-USD,0.0,0,0.0,0,0.0,0.0,-0.42000000000000004,0.0
2024-07-08,XRP-USD,0.0,0,0.0,0,0.0,0.0,-0.43999999999999995,0.0
2024-07-09,XRP-USD,0.0,0,0.0,0,0.0,0.0,-0.45999999999999996,0.0
2024-07-10,XRP-USD,0.0,0,0.0,0,0.0,0.0,-0.43999999999999995,0.0
2024-07-11,XRP-USD,0.0,0,0.0,0,0.0,0.0,-0.42000000000000004,0.0
2024-07-12,XRP-USD,0.0,0,0.0,0,0.0,0.0,-0.5,0.0
2024-07-13,XRP-USD,0.0,0,0.0,0,0.0,0.0,-0.5,0.0
2024-07-14,XRP-USD,0.0,0,0.0,0,0.0,0.0,-0.33999999999999997,0.0
2024-07-15,XRP-USD,0.0,0,0.0,0,0.0,0.0,0.040000000000000036,0.0
2024-07-16,XRP-USD,0.0,0,0.0,0,0.0,0.0,0.30000000000000004,0.0
2024-07-17,XRP-USD,0.0,0,0.0,0,0.0,0.0,0.3799999999999999,0.0
2024-07-18,XRP-USD,0.0,0,0.0,0,0.0,0.0,0.21999999999999997,0.0
2024-07-19,XRP-USD,0.0,0,0.0,0,0.0,0.0,0.19999999999999996,0.0
2024-07-20,XRP-USD,0.0,0,0.0,0,0.0,0.0,0.48,0.0
2024-07-21,XRP-USD,0.0,0,0.0,0,0.0,0.0,0.48,0.0
2024-07-22,XRP-USD,0.0,0,0.0,0,0.0,0.0,0.3999999999999999,0.0
2024-07-23,XRP-USD,0.0,0,0.0,0,0.0,0.0,0.41999999999999993,0.0
2024-07-24,XRP-USD,0.0,0,0.0,0,0.0,0.0,0.3799999999999999,0.0
2024-07-25,XRP-USD,0.0,0,0.0,0,0.0,0.0,0.3600000000000001,0.0
2024-07-26,XRP-USD,0.0,0,0.0,0,0.0,0.0,0.3600000000000001,0.0
2024-07-27,XRP-USD,0.0,0,0.0,0,0.0,0.0,0.43999999999999995,0.0
2024-07-28,XRP-USD,0.0,0,0.0,0,0.0,0.0,0.41999999999999993,0.0
2024-07-29,XRP-USD,0.0,0,0.0,0,0.0,0.0,0.48,0.0
2024-07-30,XRP-USD,0.0,0,0.0,0,0.0,0.0,0.3400000000000001,0.0
2024-07-31,XRP-USD,0.0,0,0.0,0,0.0,0.0,0.21999999999999997,0.0
2024-08-01,XRP-USD,0.0,0,0.0,0,0.0,0.0,0.040000000000000036,0.0
2024-08-02,XRP-USD,0.0,0,0.0,0,0.0,0.0,0.1399999999999999,0.0
2024-08-03,XRP-USD,0.0,0,0.0,0,0.0,0.0,-0.26,0.0
2024-08-04,XRP-USD,0.0,0,0.0,0,0.0,0.0,-0.31999999999999995,0.0
2024-08-05,XRP-USD,0.0,0,0.0,0,0.0,0.0,-0.48,0.0
2024-08-06,XRP-USD,0.0,0,0.0,0,0.0,0.0,-0.6599999999999999,0.0
2024-08-07,XRP-USD,0.0,0,0.0,0,0.0,0.0,-0.42000000000000004,0.0
2024-08-08,XRP-USD,0.0,0,0.0,0,0.0,0.0,-0.6,0.0
2024-08-09,XRP-USD,0.0,0,0.0,0,0.0,0.0,-0.040000000000000036,0.0
2024-08-10,XRP-USD,0.0,0,0.0,0,0.0,0.0,-0.19999999999999996,0.0
2024-08-11,XRP-USD,0.0,0,0.0,0,0.0,0.0,-0.21999999999999997,0.0
2024-08-12,XRP-USD,0.0,0,0.0,0,0.0,0.0,-0.5,0.0
2024-08-13,XRP-USD,0.0,0,0.0,0,0.0,0.0,-0.38,0.0
2024-08-14,XRP-USD,0.0,0,0.0,0,0.0,0.0,-0.4,0.0
2024-08-15,XRP-USD,0.0,0,0.0,0,0.0,0.0,-0.42000000000000004,0.0
2024-08-16,XRP-USD,0.0,0,0.0,0,0.0,0.0,-0.45999999999999996,0.0
2024-08-17,XRP-USD,0.0,0,0.0,0,0.0,0.0,-0.5,0.0
2024-08-18,XRP-USD,0.0,0,0.0,0,0.0,0.0,-0.38,0.0
2024-08-19,XRP-USD,0.0,0,0.0,0,0.0,0.0,-0.43999999999999995,0.0
2024-08-20,XRP-USD,0.0,0,0.0,0,0.0,0.0,-0.4,0.0
2024-08-21,XRP-USD,0.0,0,0.0,0,0.0,0.0,-0.48,0.0
2024-08-22,XRP-USD,0.0,0,0.0,0,0.0,0.0,-0.21999999999999997,0.0
2024-08-23,XRP-USD,0.0,0,0.0,0,0.0,0.0,-0.31999999999999995,0.0
2024-08-24,XRP-USD,0.0,0,0.0,0,0.0,0.0,0.1200000000000001,0.0
2024-08-25,XRP-USD,0.0,0,0.0,0,0.0,0.0,0.08000000000000007,0.0
2024-08-26,XRP-USD,0.0,0,0.0,0,0.0,0.0,0.10000000000000009,0.0
2024-08-27,XRP-USD,0.0,0,0.0,0,0.0,0.0,-0.040000000000000036,0.0
2024-08-28,XRP-USD,0.0,0,0.0,0,0.0,0.0,-0.4,0.0
2024-08-29,XRP-USD,0.0,0,0.0,0,0.0,0.0,-0.42000000000000004,0.0
2024-08-30,XRP-USD,0.0,0,0.0,0,0.0,0.0,-0.31999999999999995,0.0
2024-08-31,XRP-USD,0.0,0,0.0,0,0.0,0.0,-0.42000000000000004,0.0
2024-09-01,XRP-USD,0.0,0,0.0,0,0.0,0.0,-0.48,0.0
2024-09-02,XRP-USD,0.0,0,0.0,0,0.0,0.0,-0.48,0.0
2024-09-03,XRP-USD,0.0,0,0.0,0,0.0,0.0,-0.48,0.0
2024-09-04,XRP-USD,0.0,0,0.0,0,0.0,0.0,-0.45999999999999996,0.0
2024-09-05,XRP-USD,0.0,0,0.0,0,0.0,0.0,-0.42000000000000004,0.0
2024-09-06,XRP-USD,0.0,0,0.0,0,0.0,0.0,-0.56,0.0
2024-09-07,XRP-USD,0.0,0,0.0,0,0.0,0.0,-0.54,0.0
2024-09-08,XRP-USD,0.0,0,0.0,0,0.0,0.0,-0.42000000000000004,0.0
2024-09-09,XRP-USD,0.0,0,0.0,0,0.0,0.0,-0.48,0.0
2024-09-10,XRP-USD,0.0,0,0.0,0,0.0,0.0,-0.33999999999999997,0.0
2024-09-11,XRP-USD,0.0,0,0.0,0,0.0,0.0,-0.26,0.0
2024-09-12,XRP-USD,0.0,0,0.0,0,0.0,0.0,-0.38,0.0
2024-09-13,XRP-USD,0.0,0,0.0,0,0.0,0.0,-0.36,0.0
2024-09-14,XRP-USD,0.0,0,0.0,0,0.0,0.0,0.0,0.0
2024-09-15,XRP-USD,0.0,0,0.0,0,0.0,0.0,0.020000000000000018,0.0
2024-09-16,XRP-USD,0.0,0,0.0,0,0.0,0.0,-0.21999999999999997,0.0
2024-09-17,XRP-USD,0.0,0,0.0,0,0.0,0.0,-0.33999999999999997,0.0
2024-09-18,XRP-USD,0.0,0,0.0,0,0.0,0.0,-0.09999999999999998,0.0
2024-09-19,XRP-USD,0.0,0,0.0,0,0.0,0.0,-0.020000000000000018,0.0
2024-09-20,XRP-USD,0.0,0,0.0,0,0.0,0.0,0.08000000000000007,0.0
2024-09-21,XRP-USD,0.0,0,0.0,0,0.0,0.0,0.08000000000000007,0.0
2024-09-22,XRP-USD,0.0,0,0.0,0,0.0,0.0,0.040000000000000036,0.0
2024-09-23,XRP-USD,0.0,0,0.0,0,0.0,0.0,0.0,0.0
2024-09-24,XRP-USD,0.0,0,0.0,0,0.0,0.0,0.08000000000000007,0.0
2024-09-25,XRP-USD,0.0,0,0.0,0,0.0,0.0,0.17999999999999994,0.0
2024-09-26,XRP-USD,0.0,0,0.0,0,0.0,0.0,0.0,0.0
2024-09-27,XRP-USD,0.0,0,0.0,0,0.0,0.0,0.21999999999999997,0.0
2024-09-28,XRP-USD,0.0,0,0.0,0,0.0,0.0,0.28,0.0
2024-09-29,XRP-USD,0.0,0,0.0,0,0.0,0.0,0.26,0.0
2024-09-30,XRP-USD,0.0,0,0.0,0,0.0,0.0,0.21999999999999997,0.0
2024-10-01,XRP-USD,0.0,0,0.0,0,0.0,0.0,0.0,0.0
2024-10-02,XRP-USD,0.0,0,0.0,0,0.0,0.0,-0.16000000000000003,0.0
2024-10-03,XRP-USD,0.0,0,0.0,0,0.0,0.0,-0.26,0.0
2024-10-04,XRP-USD,0.0,0,0.0,0,0.0,0.0,-0.18000000000000005,0.0
2024-10-05,XRP-USD,0.0,0,0.0,0,0.0,0.0,-0.020000000000000018,0.0
2024-10-06,XRP-USD,0.0,0,0.0,0,0.0,0.0,0.0,0.0
2024-10-07,XRP-USD,0.0,0,0.0,0,0.0,0.0,0.0,0.0
2024-10-08,XRP-USD,0.0,0,0.0,0,0.0,0.0,-0.020000000000000018,0.0
2024-10-09,XRP-USD,0.0,0,0.0,0,0.0,0.0,-0.020000000000000018,0.0
2024-10-10,XRP-USD,0.0,0,0.0,0,0.0,0.0,-0.21999999999999997,0.0
2024-10-11,XRP-USD,0.0,0,0.0,0,0.0,0.0,-0.36,0.0
2024-10-12,XRP-USD,0.0,0,0.0,0,0.0,0.0,-0.020000000000000018,0.0
2024-10-13,XRP-USD,0.0,0,0.0,0,0.0,0.0,0.0,0.0
2024-10-14,XRP-USD,0.0,0,0.0,0,0.0,0.0,-0.040000000000000036,0.0
2024-10-15,XRP-USD,0.0,0,0.0,0,0.0,0.0,0.30000000000000004,0.0
2024-10-16,XRP-USD,0.0,0,0.0,0,0.0,0.0,0.45999999999999996,0.0
2024-10-17,XRP-USD,0.0,0,0.0,0,0.0,0.0,0.41999999999999993,0.0
2024-10-18,XRP-USD,0.0,0,0.0,0,0.0,0.0,0.45999999999999996,0.0
2024-10-19,XRP-USD,0.0,0,0.0,0,0.0,0.0,0.43999999999999995,0.0
2024-10-20,XRP-USD,0.0,0,0.0,0,0.0,0.0,0.45999999999999996,0.0
2024-10-21,XRP-USD,0.0,0,0.0,0,0.0,0.0,0.43999999999999995,0.0
2024-10-22,XRP-USD,0.0,0,0.0,0,0.0,0.0,0.3999999999999999,0.0
2024-10-23,XRP-USD,0.0,0,0.0,0,0.0,0.0,0.41999999999999993,0.0
2024-10-24,XRP-USD,0.0,0,0.0,0,0.0,0.0,0.3799999999999999,0.0
2024-10-25,XRP-USD,0.0,0,0.0,0,0.0,0.0,0.43999999999999995,0.0
2024-10-26,XRP-USD,0.0,0,0.0,0,0.0,0.0,0.0,0.0
2024-10-27,XRP-USD,0.0,0,0.0,0,0.0,0.0,0.48,0.0
2024-10-28,XRP-USD,0.0,0,0.0,0,0.0,0.0,0.43999999999999995,0.0
2024-10-29,XRP-USD,0.0,0,0.0,0,0.0,0.0,0.43999999999999995,0.0
2024-10-30,XRP-USD,0.0,0,0.0,0,0.0,0.0,0.54,0.0
2024-10-31,XRP-USD,0.0,0,0.0,0,0.0,0.0,0.54,0.0
2024-11-01,XRP-USD,0.0,0,0.0,0,0.0,0.0,0.5,0.0
2024-11-02,XRP-USD,0.0,0,0.0,0,0.0,0.0,0.43999999999999995,0.0
2024-11-03,XRP-USD,0.0,0,0.0,0,0.0,0.0,0.48,0.0
2024-11-04,XRP-USD,0.0,0,0.0,0,0.0,0.0,0.3999999999999999,0.0
2024-11-05,XRP-USD,0.0,0,0.0,0,0.0,0.0,0.3999999999999999,0.0
2024-11-06,XRP-USD,0.0,0,0.0,0,0.0,0.0,0.3999999999999999,0.0
2024-11-07,XRP-USD,0.0,0,0.0,0,0.0,0.0,0.54,0.0
2024-11-08,XRP-USD,0.0,0,0.0,0,0.0,0.0,0.5,0.0
2024-11-09,XRP-USD,0.0,0,0.0,0,0.0,0.0,0.5,0.0
2024-11-10,XRP-USD,0.0,0,0.0,0,0.0,0.0,0.56,0.0
2024-11-11,XRP-USD,0.0,0,0.0,0,0.0,0.0,0.52,0.0
2024-11-12,XRP-USD,0.0,0,0.0,0,0.0,0.0,0.6000000000000001,0.0
2024-11-13,XRP-USD,0.0,0,0.0,0,0.0,0.0,0.6799999999999999,0.0
2024-11-14,XRP-USD,0.0,0,0.0,0,0.0,0.0,0.76,0.0
2024-11-15,XRP-USD,0.0,0,0.0,0,0.0,0.0,0.6000000000000001,0.0
2024-11-16,XRP-USD,0.0,0,0.0,0,0.0,0.0,0.72,0.0
2024-11-17,XRP-USD,0.0,0,0.0,0,0.0,0.0,0.8,0.0
2024-11-18,XRP-USD,0.0,0,0.0,0,0.0,0.0,0.6599999999999999,0.0
2024-11-19,XRP-USD,0.0,0,0.0,0,0.0,0.0,0.8,0.0
2024-11-20,XRP-USD,0.0,0,0.0,0,0.0,0.0,0.6599999999999999,0.0
2024-11-21,XRP-USD,0.0,0,0.0,0,0.0,0.0,0.6399999999999999,0.0
2024-11-22,XRP-USD,0.0,0,0.0,0,0.0,0.0,0.8799999999999999,0.0
2024-11-23,XRP-USD,0.0,0,0.0,0,0.0,0.0,0.8600000000000001,0.0
2024-11-24,XRP-USD,0.0,0,0.0,0,0.0,0.0,0.6000000000000001,0.0
2024-11-25,XRP-USD,0.0,0,0.0,0,0.0,0.0,0.6399999999999999,0.0
2024-11-26,XRP-USD,0.0,0,0.0,0,0.0,0.0,0.5800000000000001,0.0
2024-11-27,XRP-USD,0.0,0,0.0,0,0.0,0.0,0.5,0.0
2024-11-28,XRP-USD,0.0,0,0.0,0,0.0,0.0,0.54,0.0
2024-11-29,XRP-USD,0.0,0,0.0,0,0.0,0.0,0.56,0.0
2024-11-30,XRP-USD,0.0,0,0.0,0,0.0,0.0,0.6799999999999999,0.0
2024-12-01,XRP-USD,0.0,0,0.0,0,0.0,0.0,0.6200000000000001,0.0
2024-12-02,XRP-USD,0.0,0,0.0,0,0.0,0.0,0.6000000000000001,0.0
2024-12-03,XRP-USD,0.0,0,0.0,0,0.0,0.0,0.52,0.0
2024-12-04,XRP-USD,0.0,0,0.0,0,0.0,0.0,0.56,0.0
2024-12-05,XRP-USD,0.0,0,0.0,0,0.0,0.0,0.6799999999999999,0.0
2024-12-06,XRP-USD,0.0,0,0.0,0,0.0,0.0,0.43999999999999995,0.0
2024-12-07,XRP-USD,0.0,0,0.0,0,0.0,0.0,0.5,0.0
2024-12-08,XRP-USD,0.0,0,0.0,0,0.0,0.0,0.5800000000000001,0.0
2024-12-09,XRP-USD,0.0,0,0.0,0,0.0,0.0,0.56,0.0
2024-12-10,XRP-USD,0.0,0,0.0,0,0.0,0.0,0.56,0.0
2024-12-11,XRP-USD,0.0,0,0.0,0,0.0,0.0,0.48,0.0
2024-12-12,XRP-USD,0.0,0,0.0,0,0.0,0.0,0.6599999999999999,0.0
2024-12-13,XRP-USD,0.0,0,0.0,0,0.0,0.0,0.52,0.0
2024-12-14,XRP-USD,0.0,0,0.0,0,0.0,0.0,0.6599999999999999,0.0
2024-12-15,XRP-USD,0.0,0,0.0,0,0.0,0.0,0.6000000000000001,0.0
2024-12-16,XRP-USD,0.0,0,0.0,0,0.0,0.0,0.6599999999999999,0.0
2024-12-17,XRP-USD,0.0,0,0.0,0,0.0,0.0,0.74,0.0
2024-12-18,XRP-USD,0.0,0,0.0,0,0.0,0.0,0.6200000000000001,0.0
2024-12-19,XRP-USD,0.0,0,0.0,0,0.0,0.0,0.5,0.0
2024-12-20,XRP-USD,0.0,0,0.0,0,0.0,0.0,0.48,0.0
2024-12-21,XRP-USD,0.0,0,0.0,0,0.0,0.0,0.45999999999999996,0.0
2024-12-22,XRP-USD,0.0,0,0.0,0,0.0,0.0,0.45999999999999996,0.0
2024-12-23,XRP-USD,0.0,0,0.0,0,0.0,0.0,0.3999999999999999,0.0
2024-12-24,XRP-USD,0.0,0,0.0,0,0.0,0.0,0.45999999999999996,0.0
2024-12-25,XRP-USD,0.0,0,0.0,0,0.0,0.0,0.45999999999999996,0.0
2024-12-26,XRP-USD,0.0,0,0.0,0,0.0,0.0,0.5800000000000001,0.0
2024-12-27,XRP-USD,0.0,0,0.0,0,0.0,0.0,0.48,0.0
2024-12-28,XRP-USD,0.0,0,0.0,0,0.0,0.0,0.43999999999999995,0.0
2024-12-29,XRP-USD,0.0,0,0.0,0,0.0,0.0,0.45999999999999996,0.0
2024-12-30,XRP-USD,0.0,0,0.0,0,0.0,0.0,0.30000000000000004,0.0
2024-12-31,XRP-USD,0.0,0,0.0,0,0.0,0.0,0.28,0.0
